  0
SECTION
  2
HEADER
  9
$ANGBASE
  50
0.0
  9
$ANGDIR
  70
1
  9
$MEASUREMENT
  70
0
  0
ENDSEC
  0
SECTION
  2
TABLES
  0
TABLE
  2
LTYPE
  70
4
  0
LTYPE
  5
40F
  2
CONTINUOUS
  70
0
  3
Solid line
  72
65
  73
0
  40
0.0
  0
LTYPE
  5
410
  2
DASHDOT
 70
0
  3
Dash Dot ____ _ ____ _
 72
65
 73
4
 40
2.0
 49
1.25
 49
-0.25
 49
0.25
 49
-0.25
  0
LTYPE
  5
411
  2
DASHED
 70
0
  3
Dashed __ __ __ __ __
 72
65
 73
2
 40
0.75
 49
0.5
 49
-0.25
  0
LTYPE
  5
43B
  2
DOTTED
 70
0
  3
Dotted .  .  .  .
 72
65
 73
2
 40
0.2
 49
0.0
 49
-0.2
  0
ENDTAB
  0
TABLE
  2
STYLE
  70
4
  0
STYLE
  2
KICAD
  70
0
  40
0
  41
1
  42
1
  50
0
  71
0
  3
isocp.shx
  0
STYLE
  2
KICADB
  70
0
  40
0
  41
1
  42
1
  50
0
  71
0
  3
isocp.shx
  0
STYLE
  2
KICADI
  70
0
  40
0
  41
1
  42
1
  50
15
  71
0
  3
isocp.shx
  0
STYLE
  2
KICADBI
  70
0
  40
0
  41
1
  42
1
  50
15
  71
0
  3
isocp.shx
  0
ENDTAB
  0
TABLE
  2
LAYER
  70
1
  0
LAYER
  2
BLACK
  70
0
  62
7
  6
CONTINUOUS
  0
ENDTAB
  0
ENDSEC
  0
SECTION
  2
ENTITIES
0
LINE
8
BLACK
6
CONTINUOUS
10
0.9595467322834645
20
0.2902316535433071
11
0.9603614173228346
21
0.2894170078740158
0
LINE
8
BLACK
6
CONTINUOUS
10
0.9603614173228346
20
0.2894170078740158
11
0.9606178740157481
21
0.2887977952755905
0
LINE
8
BLACK
6
CONTINUOUS
10
0.9606178740157481
20
0.2887977952755905
11
0.9608022834645669
21
0.2883525984251968
0
LINE
8
BLACK
6
CONTINUOUS
10
0.9608022834645669
20
0.2883525984251968
11
0.9608590157480315
21
0.2877765354330709
0
LINE
8
BLACK
6
CONTINUOUS
10
0.9608590157480315
20
0.2877765354330709
11
0.9608590157480315
21
0.2634046062992126
0
LINE
8
BLACK
6
CONTINUOUS
10
0.9608590157480315
20
0.2634046062992126
11
0.9608022834645669
21
0.2628285433070866
0
LINE
8
BLACK
6
CONTINUOUS
10
0.9608022834645669
20
0.2628285433070866
11
0.9603613779527559
21
0.2617641338582677
0
LINE
8
BLACK
6
CONTINUOUS
10
0.9603613779527559
20
0.2617641338582677
11
0.9595467322834645
21
0.2609494881889764
0
LINE
8
BLACK
6
CONTINUOUS
10
0.9595467322834645
20
0.2609494881889764
11
0.9584823228346456
21
0.2605085826771654
0
LINE
8
BLACK
6
CONTINUOUS
10
0.9584823228346456
20
0.2605085826771654
11
0.9573301968503937
21
0.2605085826771654
0
LINE
8
BLACK
6
CONTINUOUS
10
0.9573301968503937
20
0.2605085826771654
11
0.9562657874015748
21
0.2609494881889764
0
LINE
8
BLACK
6
CONTINUOUS
10
0.9562657874015748
20
0.2609494881889764
11
0.9554511417322834
21
0.2617641338582677
0
LINE
8
BLACK
6
CONTINUOUS
10
0.9554511417322834
20
0.2617641338582677
11
0.9550102362204724
21
0.2628285433070866
0
LINE
8
BLACK
6
CONTINUOUS
10
0.9550102362204724
20
0.2628285433070866
11
0.9549535039370078
21
0.2634046062992126
0
LINE
8
BLACK
6
CONTINUOUS
10
0.9549535039370078
20
0.2634046062992126
11
0.9549535039370078
21
0.2806479921259842
0
LINE
8
BLACK
6
CONTINUOUS
10
0.9549535039370078
20
0.2806479921259842
11
0.9374969685039369
21
0.2631914566929134
0
LINE
8
BLACK
6
CONTINUOUS
10
0.9374969685039369
20
0.2631914566929134
11
0.9370495275590551
21
0.262824251968504
0
LINE
8
BLACK
6
CONTINUOUS
10
0.9370495275590551
20
0.262824251968504
11
0.9369514566929134
21
0.2627836614173228
0
LINE
8
BLACK
6
CONTINUOUS
10
0.9369514566929134
20
0.2627836614173228
11
0.9368713385826771
21
0.2627141338582677
0
LINE
8
BLACK
6
CONTINUOUS
10
0.9368713385826771
20
0.2627141338582677
11
0.9363427952755905
21
0.2624781496062992
0
LINE
8
BLACK
6
CONTINUOUS
10
0.9363427952755905
20
0.2624781496062992
11
0.9307185039370078
21
0.2606033858267717
0
LINE
8
BLACK
6
CONTINUOUS
10
0.9307185039370078
20
0.2606033858267717
11
0.9304329133858268
21
0.2605384645669291
0
LINE
8
BLACK
6
CONTINUOUS
10
0.9304329133858268
20
0.2605384645669291
11
0.9303608267716535
21
0.2605085826771654
0
LINE
8
BLACK
6
CONTINUOUS
10
0.9303608267716535
20
0.2605085826771654
11
0.9302562992125984
21
0.2604983070866141
0
LINE
8
BLACK
6
CONTINUOUS
10
0.9302562992125984
20
0.2604983070866141
11
0.9301540551181102
21
0.2604750393700787
0
LINE
8
BLACK
6
CONTINUOUS
10
0.9301540551181102
20
0.2604750393700787
11
0.9300762992125984
21
0.2604805905511811
0
LINE
8
BLACK
6
CONTINUOUS
10
0.9300762992125984
20
0.2604805905511811
11
0.9297847637795276
21
0.2604518503937008
0
LINE
8
BLACK
6
CONTINUOUS
10
0.9297847637795276
20
0.2604518503937008
11
0.9260352362204725
21
0.2604518503937008
0
LINE
8
BLACK
6
CONTINUOUS
10
0.9260352362204725
20
0.2604518503937008
11
0.9254591732283465
21
0.2605085826771654
0
LINE
8
BLACK
6
CONTINUOUS
10
0.9254591732283465
20
0.2605085826771654
11
0.9253611811023622
21
0.2605491732283465
0
LINE
8
BLACK
6
CONTINUOUS
10
0.9253611811023622
20
0.2605491732283465
11
0.9252553149606298
21
0.2605566929133858
0
LINE
8
BLACK
6
CONTINUOUS
10
0.9252553149606298
20
0.2605566929133858
11
0.9247147244094488
21
0.2607635826771654
0
LINE
8
BLACK
6
CONTINUOUS
10
0.9247147244094488
20
0.2607635826771654
11
0.9209651968503937
21
0.2626383464566929
0
LINE
8
BLACK
6
CONTINUOUS
10
0.9209651968503937
20
0.2626383464566929
11
0.9207171653543307
21
0.2627944488188976
0
LINE
8
BLACK
6
CONTINUOUS
10
0.9207171653543307
20
0.2627944488188976
11
0.9206452362204725
21
0.262824251968504
0
LINE
8
BLACK
6
CONTINUOUS
10
0.9206452362204725
20
0.262824251968504
11
0.9205642519685039
21
0.262890748031496
0
LINE
8
BLACK
6
CONTINUOUS
10
0.9205642519685039
20
0.262890748031496
11
0.92047531496063
21
0.2629466929133858
0
LINE
8
BLACK
6
CONTINUOUS
10
0.92047531496063
20
0.2629466929133858
11
0.9204241338582677
21
0.2630057086614173
0
LINE
8
BLACK
6
CONTINUOUS
10
0.9204241338582677
20
0.2630057086614173
11
0.9201977952755905
21
0.2631914566929134
0
LINE
8
BLACK
6
CONTINUOUS
10
0.9201977952755905
20
0.2631914566929134
11
0.918323031496063
21
0.2650662204724409
0
LINE
8
BLACK
6
CONTINUOUS
10
0.918323031496063
20
0.2650662204724409
11
0.9181372440944882
21
0.2652925984251969
0
LINE
8
BLACK
6
CONTINUOUS
10
0.9181372440944882
20
0.2652925984251969
11
0.9180782677165354
21
0.2653437401574803
0
LINE
8
BLACK
6
CONTINUOUS
10
0.9180782677165354
20
0.2653437401574803
11
0.9180222834645669
21
0.265432716535433
0
LINE
8
BLACK
6
CONTINUOUS
10
0.9180222834645669
20
0.265432716535433
11
0.9179558267716535
21
0.2655136614173229
0
LINE
8
BLACK
6
CONTINUOUS
10
0.9179558267716535
20
0.2655136614173229
11
0.9179259842519685
21
0.2655856299212598
0
LINE
8
BLACK
6
CONTINUOUS
10
0.9179259842519685
20
0.2655856299212598
11
0.9177699212598425
21
0.2658336220472441
0
LINE
8
BLACK
6
CONTINUOUS
10
0.9177699212598425
20
0.2658336220472441
11
0.9158951574803149
21
0.2695831496062992
0
LINE
8
BLACK
6
CONTINUOUS
10
0.9158951574803149
20
0.2695831496062992
11
0.9156882677165354
21
0.2701237795275591
0
LINE
8
BLACK
6
CONTINUOUS
10
0.9156882677165354
20
0.2701237795275591
11
0.915680748031496
21
0.2702296062992126
0
LINE
8
BLACK
6
CONTINUOUS
10
0.915680748031496
20
0.2702296062992126
11
0.9156401574803149
21
0.2703275984251968
0
LINE
8
BLACK
6
CONTINUOUS
10
0.9156401574803149
20
0.2703275984251968
11
0.9155834251968503
21
0.2709036614173228
0
LINE
8
BLACK
6
CONTINUOUS
10
0.9155834251968503
20
0.2709036614173228
11
0.9155834251968503
21
0.2802774803149606
0
LINE
8
BLACK
6
CONTINUOUS
10
0.9155834251968503
20
0.2802774803149606
11
0.9156401574803149
21
0.2808535433070866
0
LINE
8
BLACK
6
CONTINUOUS
10
0.9156401574803149
20
0.2808535433070866
11
0.915680748031496
21
0.2809515748031496
0
LINE
8
BLACK
6
CONTINUOUS
10
0.915680748031496
20
0.2809515748031496
11
0.9156882677165354
21
0.2810573622047244
0
LINE
8
BLACK
6
CONTINUOUS
10
0.9156882677165354
20
0.2810573622047244
11
0.9158951574803149
21
0.2815979921259842
0
LINE
8
BLACK
6
CONTINUOUS
10
0.9158951574803149
20
0.2815979921259842
11
0.9177699212598425
21
0.2853475196850394
0
LINE
8
BLACK
6
CONTINUOUS
10
0.9177699212598425
20
0.2853475196850394
11
0.9179259842519685
21
0.2855955511811024
0
LINE
8
BLACK
6
CONTINUOUS
10
0.9179259842519685
20
0.2855955511811024
11
0.9179558267716535
21
0.2856674803149606
0
LINE
8
BLACK
6
CONTINUOUS
10
0.9179558267716535
20
0.2856674803149606
11
0.9180222834645669
21
0.2857484645669292
0
LINE
8
BLACK
6
CONTINUOUS
10
0.9180222834645669
20
0.2857484645669292
11
0.9180782677165354
21
0.2858374015748031
0
LINE
8
BLACK
6
CONTINUOUS
10
0.9180782677165354
20
0.2858374015748031
11
0.9181372440944882
21
0.2858885826771653
0
LINE
8
BLACK
6
CONTINUOUS
10
0.9181372440944882
20
0.2858885826771653
11
0.918323031496063
21
0.2861149212598425
0
LINE
8
BLACK
6
CONTINUOUS
10
0.918323031496063
20
0.2861149212598425
11
0.9201977952755905
21
0.2879896850393701
0
LINE
8
BLACK
6
CONTINUOUS
10
0.9201977952755905
20
0.2879896850393701
11
0.9206452362204725
21
0.2883568897637795
0
LINE
8
BLACK
6
CONTINUOUS
10
0.9206452362204725
20
0.2883568897637795
11
0.9217096456692914
21
0.2887977952755905
0
LINE
8
BLACK
6
CONTINUOUS
10
0.9217096456692914
20
0.2887977952755905
11
0.9228617322834646
21
0.2887977952755905
0
LINE
8
BLACK
6
CONTINUOUS
10
0.9228617322834646
20
0.2887977952755905
11
0.9239261417322835
21
0.2883568897637795
0
LINE
8
BLACK
6
CONTINUOUS
10
0.9239261417322835
20
0.2883568897637795
11
0.9247408267716535
21
0.2875422047244094
0
LINE
8
BLACK
6
CONTINUOUS
10
0.9247408267716535
20
0.2875422047244094
11
0.9251817322834646
21
0.2864777952755905
0
LINE
8
BLACK
6
CONTINUOUS
10
0.9251817322834646
20
0.2864777952755905
11
0.9251817322834646
21
0.2853257086614173
0
LINE
8
BLACK
6
CONTINUOUS
10
0.9251817322834646
20
0.2853257086614173
11
0.9247408267716535
21
0.2842612992125984
0
LINE
8
BLACK
6
CONTINUOUS
10
0.9247408267716535
20
0.2842612992125984
11
0.924373622047244
21
0.2838138582677165
0
LINE
8
BLACK
6
CONTINUOUS
10
0.924373622047244
20
0.2838138582677165
11
0.9228376771653544
21
0.2822779133858268
0
LINE
8
BLACK
6
CONTINUOUS
10
0.9228376771653544
20
0.2822779133858268
11
0.921488937007874
21
0.2795804330708661
0
LINE
8
BLACK
6
CONTINUOUS
10
0.921488937007874
20
0.2795804330708661
11
0.921488937007874
21
0.2716007086614173
0
LINE
8
BLACK
6
CONTINUOUS
10
0.921488937007874
20
0.2716007086614173
11
0.9228376771653544
21
0.2689032283464567
0
LINE
8
BLACK
6
CONTINUOUS
10
0.9228376771653544
20
0.2689032283464567
11
0.9240348031496063
21
0.2677061023622047
0
LINE
8
BLACK
6
CONTINUOUS
10
0.9240348031496063
20
0.2677061023622047
11
0.9267322834645669
21
0.2663573622047244
0
LINE
8
BLACK
6
CONTINUOUS
10
0.9267322834645669
20
0.2663573622047244
11
0.9293056299212599
21
0.2663573622047244
0
LINE
8
BLACK
6
CONTINUOUS
10
0.9293056299212599
20
0.2663573622047244
11
0.9338140157480315
21
0.2678601968503937
0
LINE
8
BLACK
6
CONTINUOUS
10
0.9338140157480315
20
0.2678601968503937
11
0.9558183464566929
21
0.2898644488188976
0
LINE
8
BLACK
6
CONTINUOUS
10
0.9558183464566929
20
0.2898644488188976
11
0.9562657874015748
21
0.2902316929133858
0
LINE
8
BLACK
6
CONTINUOUS
10
0.9562657874015748
20
0.2902316929133858
11
0.9570184251968503
21
0.2905434645669291
0
LINE
8
BLACK
6
CONTINUOUS
10
0.9570184251968503
20
0.2905434645669291
11
0.9573301968503937
21
0.2906725590551181
0
LINE
8
BLACK
6
CONTINUOUS
10
0.9573301968503937
20
0.2906725590551181
11
0.9584823228346456
21
0.2906725590551181
0
LINE
8
BLACK
6
CONTINUOUS
10
0.9584823228346456
20
0.2906725590551181
11
0.9595467322834645
21
0.2902316535433071
0
LINE
8
BLACK
6
CONTINUOUS
10
0.9509832283464567
20
0.328167874015748
11
0.9510812204724409
21
0.3281272834645669
0
LINE
8
BLACK
6
CONTINUOUS
10
0.9510812204724409
20
0.3281272834645669
11
0.9511870472440944
21
0.3281197637795276
0
LINE
8
BLACK
6
CONTINUOUS
10
0.9511870472440944
20
0.3281197637795276
11
0.9517276771653543
21
0.327912874015748
0
LINE
8
BLACK
6
CONTINUOUS
10
0.9517276771653543
20
0.327912874015748
11
0.9554772047244094
21
0.3260381102362205
0
LINE
8
BLACK
6
CONTINUOUS
10
0.9554772047244094
20
0.3260381102362205
11
0.9557250787401574
21
0.3258820866141732
0
LINE
8
BLACK
6
CONTINUOUS
10
0.9557250787401574
20
0.3258820866141732
11
0.9557971259842519
21
0.3258522440944882
0
LINE
8
BLACK
6
CONTINUOUS
10
0.9557971259842519
20
0.3258522440944882
11
0.9558781496062992
21
0.3257857480314961
0
LINE
8
BLACK
6
CONTINUOUS
10
0.9558781496062992
20
0.3257857480314961
11
0.9559670866141732
21
0.3257297637795276
0
LINE
8
BLACK
6
CONTINUOUS
10
0.9559670866141732
20
0.3257297637795276
11
0.9560182283464567
21
0.3256707874015748
0
LINE
8
BLACK
6
CONTINUOUS
10
0.9560182283464567
20
0.3256707874015748
11
0.9562445669291338
21
0.3254850393700787
0
LINE
8
BLACK
6
CONTINUOUS
10
0.9562445669291338
20
0.3254850393700787
11
0.9581193700787402
21
0.3236102755905512
0
LINE
8
BLACK
6
CONTINUOUS
10
0.9581193700787402
20
0.3236102755905512
11
0.9583051181102362
21
0.323383937007874
0
LINE
8
BLACK
6
CONTINUOUS
10
0.9583051181102362
20
0.323383937007874
11
0.9583641732283464
21
0.3233327165354331
0
LINE
8
BLACK
6
CONTINUOUS
10
0.9583641732283464
20
0.3233327165354331
11
0.9584201574803149
21
0.3232437795275591
0
LINE
8
BLACK
6
CONTINUOUS
10
0.9584201574803149
20
0.3232437795275591
11
0.9584866141732283
21
0.3231627952755906
0
LINE
8
BLACK
6
CONTINUOUS
10
0.9584866141732283
20
0.3231627952755906
11
0.9585164173228347
21
0.3230908661417323
0
LINE
8
BLACK
6
CONTINUOUS
10
0.9585164173228347
20
0.3230908661417323
11
0.9586725196850393
21
0.3228428346456693
0
LINE
8
BLACK
6
CONTINUOUS
10
0.9586725196850393
20
0.3228428346456693
11
0.9605472834645669
21
0.3190933070866142
0
LINE
8
BLACK
6
CONTINUOUS
10
0.9605472834645669
20
0.3190933070866142
11
0.9607541732283464
21
0.318552716535433
0
LINE
8
BLACK
6
CONTINUOUS
10
0.9607541732283464
20
0.318552716535433
11
0.9607616929133858
21
0.3184468503937008
0
LINE
8
BLACK
6
CONTINUOUS
10
0.9607616929133858
20
0.3184468503937008
11
0.9608022834645669
21
0.3183488582677165
0
LINE
8
BLACK
6
CONTINUOUS
10
0.9608022834645669
20
0.3183488582677165
11
0.9608590157480315
21
0.3177727952755905
0
LINE
8
BLACK
6
CONTINUOUS
10
0.9608590157480315
20
0.3177727952755905
11
0.9608590157480315
21
0.3102737401574803
0
LINE
8
BLACK
6
CONTINUOUS
10
0.9608590157480315
20
0.3102737401574803
11
0.9608022834645669
21
0.3096976771653543
0
LINE
8
BLACK
6
CONTINUOUS
10
0.9608022834645669
20
0.3096976771653543
11
0.9607616929133858
21
0.3095997244094488
0
LINE
8
BLACK
6
CONTINUOUS
10
0.9607616929133858
20
0.3095997244094488
11
0.9607541732283464
21
0.3094938188976378
0
LINE
8
BLACK
6
CONTINUOUS
10
0.9607541732283464
20
0.3094938188976378
11
0.9605472834645669
21
0.3089532283464567
0
LINE
8
BLACK
6
CONTINUOUS
10
0.9605472834645669
20
0.3089532283464567
11
0.9586725196850393
21
0.3052037007874016
0
LINE
8
BLACK
6
CONTINUOUS
10
0.9586725196850393
20
0.3052037007874016
11
0.9585164173228347
21
0.3049557086614173
0
LINE
8
BLACK
6
CONTINUOUS
10
0.9585164173228347
20
0.3049557086614173
11
0.9584866141732283
21
0.3048837401574803
0
LINE
8
BLACK
6
CONTINUOUS
10
0.9584866141732283
20
0.3048837401574803
11
0.9584201574803149
21
0.3048027952755906
0
LINE
8
BLACK
6
CONTINUOUS
10
0.9584201574803149
20
0.3048027952755906
11
0.9583641732283464
21
0.3047138188976378
0
LINE
8
BLACK
6
CONTINUOUS
10
0.9583641732283464
20
0.3047138188976378
11
0.9583051181102362
21
0.3046626377952756
0
LINE
8
BLACK
6
CONTINUOUS
10
0.9583051181102362
20
0.3046626377952756
11
0.9581193700787402
21
0.3044362598425197
0
LINE
8
BLACK
6
CONTINUOUS
10
0.9581193700787402
20
0.3044362598425197
11
0.9562445669291338
21
0.3025614960629921
0
LINE
8
BLACK
6
CONTINUOUS
10
0.9562445669291338
20
0.3025614960629921
11
0.9560182283464567
21
0.3023757874015748
0
LINE
8
BLACK
6
CONTINUOUS
10
0.9560182283464567
20
0.3023757874015748
11
0.9559670866141732
21
0.3023167716535433
0
LINE
8
BLACK
6
CONTINUOUS
10
0.9559670866141732
20
0.3023167716535433
11
0.9558781496062992
21
0.3022608267716536
0
LINE
8
BLACK
6
CONTINUOUS
10
0.9558781496062992
20
0.3022608267716536
11
0.9557971259842519
21
0.3021942913385827
0
LINE
8
BLACK
6
CONTINUOUS
10
0.9557971259842519
20
0.3021942913385827
11
0.9557250787401574
21
0.3021644881889763
0
LINE
8
BLACK
6
CONTINUOUS
10
0.9557250787401574
20
0.3021644881889763
11
0.9554772047244094
21
0.3020084251968504
0
LINE
8
BLACK
6
CONTINUOUS
10
0.9554772047244094
20
0.3020084251968504
11
0.9517276771653543
21
0.3001336614173228
0
LINE
8
BLACK
6
CONTINUOUS
10
0.9517276771653543
20
0.3001336614173228
11
0.9511870472440944
21
0.2999267716535433
0
LINE
8
BLACK
6
CONTINUOUS
10
0.9511870472440944
20
0.2999267716535433
11
0.9510812204724409
21
0.2999192913385827
0
LINE
8
BLACK
6
CONTINUOUS
10
0.9510812204724409
20
0.2999192913385827
11
0.9509832283464567
21
0.2998786614173228
0
LINE
8
BLACK
6
CONTINUOUS
10
0.9509832283464567
20
0.2998786614173228
11
0.9504071653543307
21
0.2998219291338582
0
LINE
8
BLACK
6
CONTINUOUS
10
0.9504071653543307
20
0.2998219291338582
11
0.9185361811023622
21
0.2998219291338582
0
LINE
8
BLACK
6
CONTINUOUS
10
0.9185361811023622
20
0.2998219291338582
11
0.9179601181102361
21
0.2998786614173228
0
LINE
8
BLACK
6
CONTINUOUS
10
0.9179601181102361
20
0.2998786614173228
11
0.9168957086614173
21
0.3003195669291339
0
LINE
8
BLACK
6
CONTINUOUS
10
0.9168957086614173
20
0.3003195669291339
11
0.916081062992126
21
0.3011342125984252
0
LINE
8
BLACK
6
CONTINUOUS
10
0.916081062992126
20
0.3011342125984252
11
0.9156401574803149
21
0.3021986220472441
0
LINE
8
BLACK
6
CONTINUOUS
10
0.9156401574803149
20
0.3021986220472441
11
0.9156401574803149
21
0.303350748031496
0
LINE
8
BLACK
6
CONTINUOUS
10
0.9156401574803149
20
0.303350748031496
11
0.916081062992126
21
0.3044151574803149
0
LINE
8
BLACK
6
CONTINUOUS
10
0.916081062992126
20
0.3044151574803149
11
0.9168957086614173
21
0.3052298031496063
0
LINE
8
BLACK
6
CONTINUOUS
10
0.9168957086614173
20
0.3052298031496063
11
0.9179601181102361
21
0.3056707086614173
0
LINE
8
BLACK
6
CONTINUOUS
10
0.9179601181102361
20
0.3056707086614173
11
0.9185361811023622
21
0.3057274409448819
0
LINE
8
BLACK
6
CONTINUOUS
10
0.9185361811023622
20
0.3057274409448819
11
0.9497101181102362
21
0.3057274409448819
0
LINE
8
BLACK
6
CONTINUOUS
10
0.9497101181102362
20
0.3057274409448819
11
0.9524075984251968
21
0.3070762204724409
0
LINE
8
BLACK
6
CONTINUOUS
10
0.9524075984251968
20
0.3070762204724409
11
0.9536047637795275
21
0.3082733464566929
0
LINE
8
BLACK
6
CONTINUOUS
10
0.9536047637795275
20
0.3082733464566929
11
0.9549535039370078
21
0.3109707874015748
0
LINE
8
BLACK
6
CONTINUOUS
10
0.9549535039370078
20
0.3109707874015748
11
0.9549535039370078
21
0.3170757480314961
0
LINE
8
BLACK
6
CONTINUOUS
10
0.9549535039370078
20
0.3170757480314961
11
0.9536047637795275
21
0.3197732283464567
0
LINE
8
BLACK
6
CONTINUOUS
10
0.9536047637795275
20
0.3197732283464567
11
0.9524075984251968
21
0.3209703543307086
0
LINE
8
BLACK
6
CONTINUOUS
10
0.9524075984251968
20
0.3209703543307086
11
0.9497101181102362
21
0.322319094488189
0
LINE
8
BLACK
6
CONTINUOUS
10
0.9497101181102362
20
0.322319094488189
11
0.9185361811023622
21
0.322319094488189
0
LINE
8
BLACK
6
CONTINUOUS
10
0.9185361811023622
20
0.322319094488189
11
0.9179601181102361
21
0.3223758267716536
0
LINE
8
BLACK
6
CONTINUOUS
10
0.9179601181102361
20
0.3223758267716536
11
0.9168957086614173
21
0.3228167322834646
0
LINE
8
BLACK
6
CONTINUOUS
10
0.9168957086614173
20
0.3228167322834646
11
0.916081062992126
21
0.3236313779527559
0
LINE
8
BLACK
6
CONTINUOUS
10
0.916081062992126
20
0.3236313779527559
11
0.9156401574803149
21
0.3246957874015748
0
LINE
8
BLACK
6
CONTINUOUS
10
0.9156401574803149
20
0.3246957874015748
11
0.9156401574803149
21
0.3258479133858267
0
LINE
8
BLACK
6
CONTINUOUS
10
0.9156401574803149
20
0.3258479133858267
11
0.916081062992126
21
0.3269123228346457
0
LINE
8
BLACK
6
CONTINUOUS
10
0.916081062992126
20
0.3269123228346457
11
0.9168957086614173
21
0.327726968503937
0
LINE
8
BLACK
6
CONTINUOUS
10
0.9168957086614173
20
0.327726968503937
11
0.9179601181102361
21
0.328167874015748
0
LINE
8
BLACK
6
CONTINUOUS
10
0.9179601181102361
20
0.328167874015748
11
0.9185361811023622
21
0.3282246062992126
0
LINE
8
BLACK
6
CONTINUOUS
10
0.9185361811023622
20
0.3282246062992126
11
0.9504071653543307
21
0.3282246062992126
0
LINE
8
BLACK
6
CONTINUOUS
10
0.9504071653543307
20
0.3282246062992126
11
0.9509832283464567
21
0.328167874015748
0
LINE
8
BLACK
6
CONTINUOUS
10
1.1395722047244095
20
0.4959131496062992
11
1.1406375590551181
21
0.4948477952755905
0
LINE
8
BLACK
6
CONTINUOUS
10
1.1406375590551181
20
0.4948477952755905
11
1.1407874015748032
21
0.4940944881889764
0
LINE
8
BLACK
6
CONTINUOUS
10
1.1407874015748032
20
0.4940944881889764
11
1.1407874015748032
21
0.1358267716535433
0
LINE
8
BLACK
6
CONTINUOUS
10
1.1407874015748032
20
0.1358267716535433
11
1.1406375590551181
21
0.1350734645669291
0
LINE
8
BLACK
6
CONTINUOUS
10
1.1406375590551181
20
0.1350734645669291
11
1.1402108661417323
21
0.134434842519685
0
LINE
8
BLACK
6
CONTINUOUS
10
1.1402108661417323
20
0.134434842519685
11
1.1008407480314961
21
0.0950647637795276
0
LINE
8
BLACK
6
CONTINUOUS
10
1.1008407480314961
20
0.0950647637795276
11
1.100202125984252
21
0.094638031496063
0
LINE
8
BLACK
6
CONTINUOUS
10
1.100202125984252
20
0.094638031496063
11
1.0994488188976377
21
0.094488188976378
0
LINE
8
BLACK
6
CONTINUOUS
10
1.0994488188976377
20
0.094488188976378
11
0.7411811023622047
21
0.094488188976378
0
LINE
8
BLACK
6
CONTINUOUS
10
0.7411811023622047
20
0.094488188976378
11
0.7404277952755906
21
0.094638031496063
0
LINE
8
BLACK
6
CONTINUOUS
10
0.7404277952755906
20
0.094638031496063
11
0.7393624409448819
21
0.0957033858267717
0
LINE
8
BLACK
6
CONTINUOUS
10
0.7393624409448819
20
0.0957033858267717
11
0.7392125984251968
21
0.0964566929133858
0
LINE
8
BLACK
6
CONTINUOUS
10
0.7392125984251968
20
0.0964566929133858
11
0.7392125984251968
21
0.4940944881889764
0
LINE
8
BLACK
6
CONTINUOUS
10
0.7392125984251968
20
0.4940944881889764
11
0.7393624409448819
21
0.4948477952755905
0
LINE
8
BLACK
6
CONTINUOUS
10
0.7393624409448819
20
0.4948477952755905
11
0.7404277952755906
21
0.4959131496062992
0
LINE
8
BLACK
6
CONTINUOUS
10
0.7404277952755906
20
0.4959131496062992
11
0.7411811023622047
21
0.4960629921259843
0
LINE
8
BLACK
6
CONTINUOUS
10
0.7411811023622047
20
0.4960629921259843
11
1.1388188976377953
21
0.4960629921259843
0
LINE
8
BLACK
6
CONTINUOUS
10
1.1388188976377953
20
0.4960629921259843
11
1.1395722047244095
21
0.4959131496062992
0
LINE
8
BLACK
6
CONTINUOUS
10
0.7431496062992126
20
0.4921259842519685
11
0.7431496062992126
21
0.0984251968503937
0
LINE
8
BLACK
6
CONTINUOUS
10
0.7431496062992126
20
0.0984251968503937
11
1.0986334645669291
21
0.0984251968503937
0
LINE
8
BLACK
6
CONTINUOUS
10
1.0986334645669291
20
0.0984251968503937
11
1.1368503937007874
21
0.1366421653543307
0
LINE
8
BLACK
6
CONTINUOUS
10
1.1368503937007874
20
0.1366421653543307
11
1.1368503937007874
21
0.4921259842519685
0
LINE
8
BLACK
6
CONTINUOUS
10
1.1368503937007874
20
0.4921259842519685
11
0.7431496062992126
21
0.4921259842519685
0
LINE
8
BLACK
6
CONTINUOUS
10
0.7213577559055118
20
0.1271270472440945
11
0.7221724409448819
21
0.1263124015748031
0
LINE
8
BLACK
6
CONTINUOUS
10
0.7221724409448819
20
0.1263124015748031
11
0.7224288976377953
21
0.125693188976378
0
LINE
8
BLACK
6
CONTINUOUS
10
0.7224288976377953
20
0.125693188976378
11
0.7226133070866142
21
0.1252479921259843
0
LINE
8
BLACK
6
CONTINUOUS
10
0.7226133070866142
20
0.1252479921259843
11
0.7226700393700787
21
0.1246719291338583
0
LINE
8
BLACK
6
CONTINUOUS
10
0.7226700393700787
20
0.1246719291338583
11
0.7226700393700787
21
0.1003
0
LINE
8
BLACK
6
CONTINUOUS
10
0.7226700393700787
20
0.1003
11
0.7226133070866142
21
0.099723937007874
0
LINE
8
BLACK
6
CONTINUOUS
10
0.7226133070866142
20
0.099723937007874
11
0.7221724015748031
21
0.0986595275590551
0
LINE
8
BLACK
6
CONTINUOUS
10
0.7221724015748031
20
0.0986595275590551
11
0.7213577559055118
21
0.0978448818897638
0
LINE
8
BLACK
6
CONTINUOUS
10
0.7213577559055118
20
0.0978448818897638
11
0.7202933464566929
21
0.0974039763779528
0
LINE
8
BLACK
6
CONTINUOUS
10
0.7202933464566929
20
0.0974039763779528
11
0.7191412204724409
21
0.0974039763779528
0
LINE
8
BLACK
6
CONTINUOUS
10
0.7191412204724409
20
0.0974039763779528
11
0.7180768110236221
21
0.0978448818897638
0
LINE
8
BLACK
6
CONTINUOUS
10
0.7180768110236221
20
0.0978448818897638
11
0.7172621653543307
21
0.0986595275590551
0
LINE
8
BLACK
6
CONTINUOUS
10
0.7172621653543307
20
0.0986595275590551
11
0.7168212598425197
21
0.099723937007874
0
LINE
8
BLACK
6
CONTINUOUS
10
0.7168212598425197
20
0.099723937007874
11
0.7167645275590551
21
0.1003
0
LINE
8
BLACK
6
CONTINUOUS
10
0.7167645275590551
20
0.1003
11
0.7167645275590551
21
0.1175433858267717
0
LINE
8
BLACK
6
CONTINUOUS
10
0.7167645275590551
20
0.1175433858267717
11
0.6993079921259843
21
0.1000868503937008
0
LINE
8
BLACK
6
CONTINUOUS
10
0.6993079921259843
20
0.1000868503937008
11
0.6988605511811024
21
0.0997196456692913
0
LINE
8
BLACK
6
CONTINUOUS
10
0.6988605511811024
20
0.0997196456692913
11
0.6987624803149606
21
0.0996790551181102
0
LINE
8
BLACK
6
CONTINUOUS
10
0.6987624803149606
20
0.0996790551181102
11
0.6986823622047243
21
0.0996095275590551
0
LINE
8
BLACK
6
CONTINUOUS
10
0.6986823622047243
20
0.0996095275590551
11
0.6981538188976378
21
0.0993735433070866
0
LINE
8
BLACK
6
CONTINUOUS
10
0.6981538188976378
20
0.0993735433070866
11
0.6925295275590551
21
0.0974987795275591
0
LINE
8
BLACK
6
CONTINUOUS
10
0.6925295275590551
20
0.0974987795275591
11
0.692243937007874
21
0.0974338582677165
0
LINE
8
BLACK
6
CONTINUOUS
10
0.692243937007874
20
0.0974338582677165
11
0.6921718503937008
21
0.0974039763779528
0
LINE
8
BLACK
6
CONTINUOUS
10
0.6921718503937008
20
0.0974039763779528
11
0.6920673228346457
21
0.0973937007874016
0
LINE
8
BLACK
6
CONTINUOUS
10
0.6920673228346457
20
0.0973937007874016
11
0.6919650787401574
21
0.0973704330708661
0
LINE
8
BLACK
6
CONTINUOUS
10
0.6919650787401574
20
0.0973704330708661
11
0.6918873228346456
21
0.0973759842519685
0
LINE
8
BLACK
6
CONTINUOUS
10
0.6918873228346456
20
0.0973759842519685
11
0.6915957874015748
21
0.0973472440944882
0
LINE
8
BLACK
6
CONTINUOUS
10
0.6915957874015748
20
0.0973472440944882
11
0.6878462598425197
21
0.0973472440944882
0
LINE
8
BLACK
6
CONTINUOUS
10
0.6878462598425197
20
0.0973472440944882
11
0.6872701968503937
21
0.0974039763779528
0
LINE
8
BLACK
6
CONTINUOUS
10
0.6872701968503937
20
0.0974039763779528
11
0.6871722047244094
21
0.0974445669291338
0
LINE
8
BLACK
6
CONTINUOUS
10
0.6871722047244094
20
0.0974445669291338
11
0.6870663385826772
21
0.0974520866141732
0
LINE
8
BLACK
6
CONTINUOUS
10
0.6870663385826772
20
0.0974520866141732
11
0.686525748031496
21
0.0976589763779527
0
LINE
8
BLACK
6
CONTINUOUS
10
0.686525748031496
20
0.0976589763779527
11
0.6827762204724409
21
0.0995337401574803
0
LINE
8
BLACK
6
CONTINUOUS
10
0.6827762204724409
20
0.0995337401574803
11
0.6825281889763779
21
0.099689842519685
0
LINE
8
BLACK
6
CONTINUOUS
10
0.6825281889763779
20
0.099689842519685
11
0.6824562598425197
21
0.0997196456692913
0
LINE
8
BLACK
6
CONTINUOUS
10
0.6824562598425197
20
0.0997196456692913
11
0.6823752755905511
21
0.0997861417322835
0
LINE
8
BLACK
6
CONTINUOUS
10
0.6823752755905511
20
0.0997861417322835
11
0.6822863385826772
21
0.0998420866141732
0
LINE
8
BLACK
6
CONTINUOUS
10
0.6822863385826772
20
0.0998420866141732
11
0.6822351574803149
21
0.0999011023622047
0
LINE
8
BLACK
6
CONTINUOUS
10
0.6822351574803149
20
0.0999011023622047
11
0.6820088188976378
21
0.1000868503937008
0
LINE
8
BLACK
6
CONTINUOUS
10
0.6820088188976378
20
0.1000868503937008
11
0.6801340551181102
21
0.1019616141732283
0
LINE
8
BLACK
6
CONTINUOUS
10
0.6801340551181102
20
0.1019616141732283
11
0.6799482677165354
21
0.1021879921259843
0
LINE
8
BLACK
6
CONTINUOUS
10
0.6799482677165354
20
0.1021879921259843
11
0.6798892913385827
21
0.1022391338582677
0
LINE
8
BLACK
6
CONTINUOUS
10
0.6798892913385827
20
0.1022391338582677
11
0.6798333070866142
21
0.1023281102362205
0
LINE
8
BLACK
6
CONTINUOUS
10
0.6798333070866142
20
0.1023281102362205
11
0.6797668503937008
21
0.1024090551181102
0
LINE
8
BLACK
6
CONTINUOUS
10
0.6797668503937008
20
0.1024090551181102
11
0.6797370078740157
21
0.1024810236220472
0
LINE
8
BLACK
6
CONTINUOUS
10
0.6797370078740157
20
0.1024810236220472
11
0.6795809448818898
21
0.1027290157480315
0
LINE
8
BLACK
6
CONTINUOUS
10
0.6795809448818898
20
0.1027290157480315
11
0.6777061811023621
21
0.1064785433070866
0
LINE
8
BLACK
6
CONTINUOUS
10
0.6777061811023621
20
0.1064785433070866
11
0.6774992913385827
21
0.1070191732283464
0
LINE
8
BLACK
6
CONTINUOUS
10
0.6774992913385827
20
0.1070191732283464
11
0.6774917716535432
21
0.107125
0
LINE
8
BLACK
6
CONTINUOUS
10
0.6774917716535432
20
0.107125
11
0.6774511811023622
21
0.1072229921259843
0
LINE
8
BLACK
6
CONTINUOUS
10
0.6774511811023622
20
0.1072229921259843
11
0.6773944488188977
21
0.1077990551181102
0
LINE
8
BLACK
6
CONTINUOUS
10
0.6773944488188977
20
0.1077990551181102
11
0.6773944488188977
21
0.117172874015748
0
LINE
8
BLACK
6
CONTINUOUS
10
0.6773944488188977
20
0.117172874015748
11
0.6774511811023622
21
0.117748937007874
0
LINE
8
BLACK
6
CONTINUOUS
10
0.6774511811023622
20
0.117748937007874
11
0.6774917716535432
21
0.117846968503937
0
LINE
8
BLACK
6
CONTINUOUS
10
0.6774917716535432
20
0.117846968503937
11
0.6774992913385827
21
0.1179527559055118
0
LINE
8
BLACK
6
CONTINUOUS
10
0.6774992913385827
20
0.1179527559055118
11
0.6777061811023621
21
0.1184933858267717
0
LINE
8
BLACK
6
CONTINUOUS
10
0.6777061811023621
20
0.1184933858267717
11
0.6795809448818898
21
0.1222429133858268
0
LINE
8
BLACK
6
CONTINUOUS
10
0.6795809448818898
20
0.1222429133858268
11
0.6797370078740157
21
0.1224909448818898
0
LINE
8
BLACK
6
CONTINUOUS
10
0.6797370078740157
20
0.1224909448818898
11
0.6797668503937008
21
0.122562874015748
0
LINE
8
BLACK
6
CONTINUOUS
10
0.6797668503937008
20
0.122562874015748
11
0.6798333070866142
21
0.1226438582677165
0
LINE
8
BLACK
6
CONTINUOUS
10
0.6798333070866142
20
0.1226438582677165
11
0.6798892913385827
21
0.1227327952755905
0
LINE
8
BLACK
6
CONTINUOUS
10
0.6798892913385827
20
0.1227327952755905
11
0.6799482677165354
21
0.1227839763779528
0
LINE
8
BLACK
6
CONTINUOUS
10
0.6799482677165354
20
0.1227839763779528
11
0.6801340551181102
21
0.1230103149606299
0
LINE
8
BLACK
6
CONTINUOUS
10
0.6801340551181102
20
0.1230103149606299
11
0.6820088188976378
21
0.1248850787401575
0
LINE
8
BLACK
6
CONTINUOUS
10
0.6820088188976378
20
0.1248850787401575
11
0.6824562598425197
21
0.1252522834645669
0
LINE
8
BLACK
6
CONTINUOUS
10
0.6824562598425197
20
0.1252522834645669
11
0.6835206692913386
21
0.125693188976378
0
LINE
8
BLACK
6
CONTINUOUS
10
0.6835206692913386
20
0.125693188976378
11
0.6846727559055118
21
0.125693188976378
0
LINE
8
BLACK
6
CONTINUOUS
10
0.6846727559055118
20
0.125693188976378
11
0.6857371653543307
21
0.1252522834645669
0
LINE
8
BLACK
6
CONTINUOUS
10
0.6857371653543307
20
0.1252522834645669
11
0.6865518503937008
21
0.1244375984251968
0
LINE
8
BLACK
6
CONTINUOUS
10
0.6865518503937008
20
0.1244375984251968
11
0.6869927559055118
21
0.1233731889763779
0
LINE
8
BLACK
6
CONTINUOUS
10
0.6869927559055118
20
0.1233731889763779
11
0.6869927559055118
21
0.1222211023622047
0
LINE
8
BLACK
6
CONTINUOUS
10
0.6869927559055118
20
0.1222211023622047
11
0.6865518503937008
21
0.1211566929133858
0
LINE
8
BLACK
6
CONTINUOUS
10
0.6865518503937008
20
0.1211566929133858
11
0.6861846456692913
21
0.1207092519685039
0
LINE
8
BLACK
6
CONTINUOUS
10
0.6861846456692913
20
0.1207092519685039
11
0.6846487007874016
21
0.1191733070866142
0
LINE
8
BLACK
6
CONTINUOUS
10
0.6846487007874016
20
0.1191733070866142
11
0.6832999606299213
21
0.1164758267716535
0
LINE
8
BLACK
6
CONTINUOUS
10
0.6832999606299213
20
0.1164758267716535
11
0.6832999606299213
21
0.1084961023622047
0
LINE
8
BLACK
6
CONTINUOUS
10
0.6832999606299213
20
0.1084961023622047
11
0.6846487007874016
21
0.1057986220472441
0
LINE
8
BLACK
6
CONTINUOUS
10
0.6846487007874016
20
0.1057986220472441
11
0.6858458267716535
21
0.1046014960629921
0
LINE
8
BLACK
6
CONTINUOUS
10
0.6858458267716535
20
0.1046014960629921
11
0.6885433070866142
21
0.1032527559055118
0
LINE
8
BLACK
6
CONTINUOUS
10
0.6885433070866142
20
0.1032527559055118
11
0.6911166535433071
21
0.1032527559055118
0
LINE
8
BLACK
6
CONTINUOUS
10
0.6911166535433071
20
0.1032527559055118
11
0.6956250393700787
21
0.1047555905511811
0
LINE
8
BLACK
6
CONTINUOUS
10
0.6956250393700787
20
0.1047555905511811
11
0.7176293700787402
21
0.126759842519685
0
LINE
8
BLACK
6
CONTINUOUS
10
0.7176293700787402
20
0.126759842519685
11
0.7180768110236221
21
0.1271270866141732
0
LINE
8
BLACK
6
CONTINUOUS
10
0.7180768110236221
20
0.1271270866141732
11
0.7188294488188977
21
0.1274388582677165
0
LINE
8
BLACK
6
CONTINUOUS
10
0.7188294488188977
20
0.1274388582677165
11
0.7191412204724409
21
0.1275679527559055
0
LINE
8
BLACK
6
CONTINUOUS
10
0.7191412204724409
20
0.1275679527559055
11
0.7202933464566929
21
0.1275679527559055
0
LINE
8
BLACK
6
CONTINUOUS
10
0.7202933464566929
20
0.1275679527559055
11
0.7213577559055118
21
0.1271270472440945
0
LINE
8
BLACK
6
CONTINUOUS
10
0.1085646456692913
20
0.2943739763779528
11
0.109595157480315
21
0.2938587007874016
0
LINE
8
BLACK
6
CONTINUOUS
10
0.109595157480315
20
0.2938587007874016
11
0.11035
21
0.2929883464566929
0
LINE
8
BLACK
6
CONTINUOUS
10
0.11035
20
0.2929883464566929
11
0.1107143307086614
21
0.2918953543307087
0
LINE
8
BLACK
6
CONTINUOUS
10
0.1107143307086614
20
0.2918953543307087
11
0.1106326771653543
21
0.2907461417322835
0
LINE
8
BLACK
6
CONTINUOUS
10
0.1106326771653543
20
0.2907461417322835
11
0.1104257874015748
21
0.2902055511811024
0
LINE
8
BLACK
6
CONTINUOUS
10
0.1104257874015748
20
0.2902055511811024
11
0.1085510236220472
21
0.2864560236220473
0
LINE
8
BLACK
6
CONTINUOUS
10
0.1085510236220472
20
0.2864560236220473
11
0.108395
21
0.2862082283464567
0
LINE
8
BLACK
6
CONTINUOUS
10
0.108395
20
0.2862082283464567
11
0.108365157480315
21
0.286136062992126
0
LINE
8
BLACK
6
CONTINUOUS
10
0.108365157480315
20
0.286136062992126
11
0.1082985433070866
21
0.2860549212598425
0
LINE
8
BLACK
6
CONTINUOUS
10
0.1082985433070866
20
0.2860549212598425
11
0.1082426771653543
21
0.2859661417322835
0
LINE
8
BLACK
6
CONTINUOUS
10
0.1082426771653543
20
0.2859661417322835
11
0.1081837401574803
21
0.2859150393700787
0
LINE
8
BLACK
6
CONTINUOUS
10
0.1081837401574803
20
0.2859150393700787
11
0.1079979133858268
21
0.2856886220472441
0
LINE
8
BLACK
6
CONTINUOUS
10
0.1079979133858268
20
0.2856886220472441
11
0.1055395275590551
21
0.2832302362204724
0
LINE
8
BLACK
6
CONTINUOUS
10
0.1055395275590551
20
0.2832302362204724
11
0.1329535039370079
21
0.2832302362204724
0
LINE
8
BLACK
6
CONTINUOUS
10
0.1329535039370079
20
0.2832302362204724
11
0.1329535039370079
21
0.291526062992126
0
LINE
8
BLACK
6
CONTINUOUS
10
0.1329535039370079
20
0.291526062992126
11
0.1330102362204724
21
0.2921021259842519
0
LINE
8
BLACK
6
CONTINUOUS
10
0.1330102362204724
20
0.2921021259842519
11
0.1334511417322835
21
0.2931665354330709
0
LINE
8
BLACK
6
CONTINUOUS
10
0.1334511417322835
20
0.2931665354330709
11
0.1342657874015748
21
0.2939811811023622
0
LINE
8
BLACK
6
CONTINUOUS
10
0.1342657874015748
20
0.2939811811023622
11
0.1353301968503937
21
0.2944220866141732
0
LINE
8
BLACK
6
CONTINUOUS
10
0.1353301968503937
20
0.2944220866141732
11
0.1364823228346457
21
0.2944220866141732
0
LINE
8
BLACK
6
CONTINUOUS
10
0.1364823228346457
20
0.2944220866141732
11
0.1375467322834646
21
0.2939811811023622
0
LINE
8
BLACK
6
CONTINUOUS
10
0.1375467322834646
20
0.2939811811023622
11
0.1383613779527559
21
0.2931665354330709
0
LINE
8
BLACK
6
CONTINUOUS
10
0.1383613779527559
20
0.2931665354330709
11
0.1388022834645669
21
0.2921021259842519
0
LINE
8
BLACK
6
CONTINUOUS
10
0.1388022834645669
20
0.2921021259842519
11
0.1388590157480315
21
0.291526062992126
0
LINE
8
BLACK
6
CONTINUOUS
10
0.1388590157480315
20
0.291526062992126
11
0.1388590157480315
21
0.2690288976377953
0
LINE
8
BLACK
6
CONTINUOUS
10
0.1388590157480315
20
0.2690288976377953
11
0.1388022834645669
21
0.2684528346456693
0
LINE
8
BLACK
6
CONTINUOUS
10
0.1388022834645669
20
0.2684528346456693
11
0.1383613779527559
21
0.2673884251968504
0
LINE
8
BLACK
6
CONTINUOUS
10
0.1383613779527559
20
0.2673884251968504
11
0.1375467322834646
21
0.2665737795275591
0
LINE
8
BLACK
6
CONTINUOUS
10
0.1375467322834646
20
0.2665737795275591
11
0.1364823228346457
21
0.266132874015748
0
LINE
8
BLACK
6
CONTINUOUS
10
0.1364823228346457
20
0.266132874015748
11
0.1353301968503937
21
0.266132874015748
0
LINE
8
BLACK
6
CONTINUOUS
10
0.1353301968503937
20
0.266132874015748
11
0.1342657874015748
21
0.2665737795275591
0
LINE
8
BLACK
6
CONTINUOUS
10
0.1342657874015748
20
0.2665737795275591
11
0.1334511417322835
21
0.2673884251968504
0
LINE
8
BLACK
6
CONTINUOUS
10
0.1334511417322835
20
0.2673884251968504
11
0.1330102362204724
21
0.2684528346456693
0
LINE
8
BLACK
6
CONTINUOUS
10
0.1330102362204724
20
0.2684528346456693
11
0.1329535039370079
21
0.2690288976377953
0
LINE
8
BLACK
6
CONTINUOUS
10
0.1329535039370079
20
0.2690288976377953
11
0.1329535039370079
21
0.2773247244094488
0
LINE
8
BLACK
6
CONTINUOUS
10
0.1329535039370079
20
0.2773247244094488
11
0.0965361811023622
21
0.2773247244094488
0
LINE
8
BLACK
6
CONTINUOUS
10
0.0965361811023622
20
0.2773247244094488
11
0.096534094488189
21
0.2773249606299212
0
LINE
8
BLACK
6
CONTINUOUS
10
0.096534094488189
20
0.2773249606299212
11
0.0965330708661417
21
0.2773247244094488
0
LINE
8
BLACK
6
CONTINUOUS
10
0.0965330708661417
20
0.2773247244094488
11
0.0965300393700787
21
0.2773253543307087
0
LINE
8
BLACK
6
CONTINUOUS
10
0.0965300393700787
20
0.2773253543307087
11
0.0959601181102362
21
0.2773814566929134
0
LINE
8
BLACK
6
CONTINUOUS
10
0.0959601181102362
20
0.2773814566929134
11
0.09569
21
0.2774933464566929
0
LINE
8
BLACK
6
CONTINUOUS
10
0.09569
20
0.2774933464566929
11
0.0954033858267716
21
0.2775506692913386
0
LINE
8
BLACK
6
CONTINUOUS
10
0.0954033858267716
20
0.2775506692913386
11
0.0951629921259843
21
0.2777116535433071
0
LINE
8
BLACK
6
CONTINUOUS
10
0.0951629921259843
20
0.2777116535433071
11
0.0948957086614173
21
0.2778223622047244
0
LINE
8
BLACK
6
CONTINUOUS
10
0.0948957086614173
20
0.2778223622047244
11
0.0946889763779528
21
0.278029094488189
0
LINE
8
BLACK
6
CONTINUOUS
10
0.0946889763779528
20
0.278029094488189
11
0.0944461023622047
21
0.2781917322834646
0
LINE
8
BLACK
6
CONTINUOUS
10
0.0944461023622047
20
0.2781917322834646
11
0.0942855905511811
21
0.2784324803149607
0
LINE
8
BLACK
6
CONTINUOUS
10
0.0942855905511811
20
0.2784324803149607
11
0.094081062992126
21
0.2786370078740157
0
LINE
8
BLACK
6
CONTINUOUS
10
0.094081062992126
20
0.2786370078740157
11
0.0939691732283465
21
0.2789071259842519
0
LINE
8
BLACK
6
CONTINUOUS
10
0.0939691732283465
20
0.2789071259842519
11
0.0938070078740157
21
0.2791503543307087
0
LINE
8
BLACK
6
CONTINUOUS
10
0.0938070078740157
20
0.2791503543307087
11
0.0937508661417323
21
0.2794341732283465
0
LINE
8
BLACK
6
CONTINUOUS
10
0.0937508661417323
20
0.2794341732283465
11
0.093640157480315
21
0.2797014173228347
0
LINE
8
BLACK
6
CONTINUOUS
10
0.093640157480315
20
0.2797014173228347
11
0.093640157480315
21
0.2799938188976378
0
LINE
8
BLACK
6
CONTINUOUS
10
0.093640157480315
20
0.2799938188976378
11
0.0935834251968504
21
0.2802805905511811
0
LINE
8
BLACK
6
CONTINUOUS
10
0.0935834251968504
20
0.2802805905511811
11
0.093640157480315
21
0.2805642519685039
0
LINE
8
BLACK
6
CONTINUOUS
10
0.093640157480315
20
0.2805642519685039
11
0.093640157480315
21
0.2808535433070866
0
LINE
8
BLACK
6
CONTINUOUS
10
0.093640157480315
20
0.2808535433070866
11
0.0937520078740157
21
0.2811236614173228
0
LINE
8
BLACK
6
CONTINUOUS
10
0.0937520078740157
20
0.2811236614173228
11
0.0938093700787402
21
0.2814102755905512
0
LINE
8
BLACK
6
CONTINUOUS
10
0.0938093700787402
20
0.2814102755905512
11
0.0939703149606299
21
0.2816506692913386
0
LINE
8
BLACK
6
CONTINUOUS
10
0.0939703149606299
20
0.2816506692913386
11
0.094081062992126
21
0.2819179527559055
0
LINE
8
BLACK
6
CONTINUOUS
10
0.094081062992126
20
0.2819179527559055
11
0.0942877559055118
21
0.28212468503937
0
LINE
8
BLACK
6
CONTINUOUS
10
0.0942877559055118
20
0.28212468503937
11
0.0944504330708661
21
0.2823675590551181
0
LINE
8
BLACK
6
CONTINUOUS
10
0.0944504330708661
20
0.2823675590551181
11
0.0948936614173228
21
0.2827305905511811
0
LINE
8
BLACK
6
CONTINUOUS
10
0.0948936614173228
20
0.2827305905511811
11
0.0948957086614173
21
0.2827325984251968
0
LINE
8
BLACK
6
CONTINUOUS
10
0.0948957086614173
20
0.2827325984251968
11
0.0948965748031496
21
0.2827329921259842
0
LINE
8
BLACK
6
CONTINUOUS
10
0.0948965748031496
20
0.2827329921259842
11
0.0948982677165354
21
0.2827343307086614
0
LINE
8
BLACK
6
CONTINUOUS
10
0.0948982677165354
20
0.2827343307086614
11
0.1002792913385827
21
0.2863216929133858
0
LINE
8
BLACK
6
CONTINUOUS
10
0.1002792913385827
20
0.2863216929133858
11
0.1034832677165354
21
0.2895256299212599
0
LINE
8
BLACK
6
CONTINUOUS
10
0.1034832677165354
20
0.2895256299212599
11
0.1051437401574803
21
0.2928465748031496
0
LINE
8
BLACK
6
CONTINUOUS
10
0.1051437401574803
20
0.2928465748031496
11
0.1054520866141732
21
0.2933364566929134
0
LINE
8
BLACK
6
CONTINUOUS
10
0.1054520866141732
20
0.2933364566929134
11
0.1063224803149606
21
0.2940912992125984
0
LINE
8
BLACK
6
CONTINUOUS
10
0.1063224803149606
20
0.2940912992125984
11
0.1074154330708661
21
0.2944556299212598
0
LINE
8
BLACK
6
CONTINUOUS
10
0.1074154330708661
20
0.2944556299212598
11
0.1085646456692913
21
0.2943739763779528
0
LINE
8
BLACK
6
CONTINUOUS
10
0.1375467322834646
20
0.3258522047244095
11
0.1383613779527559
21
0.3250375590551181
0
LINE
8
BLACK
6
CONTINUOUS
10
0.1383613779527559
20
0.3250375590551181
11
0.1388022834645669
21
0.3239731496062992
0
LINE
8
BLACK
6
CONTINUOUS
10
0.1388022834645669
20
0.3239731496062992
11
0.1388590157480315
21
0.3233970866141732
0
LINE
8
BLACK
6
CONTINUOUS
10
0.1388590157480315
20
0.3233970866141732
11
0.1388590157480315
21
0.3196475590551181
0
LINE
8
BLACK
6
CONTINUOUS
10
0.1388590157480315
20
0.3196475590551181
11
0.1388302755905512
21
0.3193559842519685
0
LINE
8
BLACK
6
CONTINUOUS
10
0.1388302755905512
20
0.3193559842519685
11
0.1388358267716535
21
0.3192782283464567
0
LINE
8
BLACK
6
CONTINUOUS
10
0.1388358267716535
20
0.3192782283464567
11
0.1388125590551181
21
0.3191759842519685
0
LINE
8
BLACK
6
CONTINUOUS
10
0.1388125590551181
20
0.3191759842519685
11
0.1388022834645669
21
0.3190714960629921
0
LINE
8
BLACK
6
CONTINUOUS
10
0.1388022834645669
20
0.3190714960629921
11
0.1387724015748031
21
0.3189994488188976
0
LINE
8
BLACK
6
CONTINUOUS
10
0.1387724015748031
20
0.3189994488188976
11
0.1387074803149606
21
0.318713779527559
0
LINE
8
BLACK
6
CONTINUOUS
10
0.1387074803149606
20
0.318713779527559
11
0.1368327165354331
21
0.3130895275590551
0
LINE
8
BLACK
6
CONTINUOUS
10
0.1368327165354331
20
0.3130895275590551
11
0.1365967322834646
21
0.3125609448818897
0
LINE
8
BLACK
6
CONTINUOUS
10
0.1365967322834646
20
0.3125609448818897
11
0.1365272440944882
21
0.3124808661417323
0
LINE
8
BLACK
6
CONTINUOUS
10
0.1365272440944882
20
0.3124808661417323
11
0.1364866535433071
21
0.3123827952755905
0
LINE
8
BLACK
6
CONTINUOUS
10
0.1364866535433071
20
0.3123827952755905
11
0.1361194094488189
21
0.3119353543307087
0
LINE
8
BLACK
6
CONTINUOUS
10
0.1361194094488189
20
0.3119353543307087
11
0.132369842519685
21
0.3081858267716535
0
LINE
8
BLACK
6
CONTINUOUS
10
0.132369842519685
20
0.3081858267716535
11
0.1319223622047244
21
0.3078185826771653
0
LINE
8
BLACK
6
CONTINUOUS
10
0.1319223622047244
20
0.3078185826771653
11
0.1318242913385827
21
0.3077779921259842
0
LINE
8
BLACK
6
CONTINUOUS
10
0.1318242913385827
20
0.3077779921259842
11
0.1317442125984252
21
0.3077085039370079
0
LINE
8
BLACK
6
CONTINUOUS
10
0.1317442125984252
20
0.3077085039370079
11
0.1312156692913386
21
0.3074725196850394
0
LINE
8
BLACK
6
CONTINUOUS
10
0.1312156692913386
20
0.3074725196850394
11
0.1255913779527559
21
0.3055977559055118
0
LINE
8
BLACK
6
CONTINUOUS
10
0.1255913779527559
20
0.3055977559055118
11
0.1253057874015748
21
0.3055328346456693
0
LINE
8
BLACK
6
CONTINUOUS
10
0.1253057874015748
20
0.3055328346456693
11
0.1252337007874016
21
0.3055029527559055
0
LINE
8
BLACK
6
CONTINUOUS
10
0.1252337007874016
20
0.3055029527559055
11
0.1251291732283465
21
0.3054926771653543
0
LINE
8
BLACK
6
CONTINUOUS
10
0.1251291732283465
20
0.3054926771653543
11
0.1250269291338583
21
0.3054694094488189
0
LINE
8
BLACK
6
CONTINUOUS
10
0.1250269291338583
20
0.3054694094488189
11
0.1249491732283464
21
0.3054749606299212
0
LINE
8
BLACK
6
CONTINUOUS
10
0.1249491732283464
20
0.3054749606299212
11
0.1246576377952756
21
0.3054462204724409
0
LINE
8
BLACK
6
CONTINUOUS
10
0.1246576377952756
20
0.3054462204724409
11
0.0965361811023622
21
0.3054462204724409
0
LINE
8
BLACK
6
CONTINUOUS
10
0.0965361811023622
20
0.3054462204724409
11
0.0959601181102362
21
0.3055029527559055
0
LINE
8
BLACK
6
CONTINUOUS
10
0.0959601181102362
20
0.3055029527559055
11
0.0948957086614173
21
0.3059438582677165
0
LINE
8
BLACK
6
CONTINUOUS
10
0.0948957086614173
20
0.3059438582677165
11
0.094081062992126
21
0.3067585039370079
0
LINE
8
BLACK
6
CONTINUOUS
10
0.094081062992126
20
0.3067585039370079
11
0.093640157480315
21
0.3078229133858268
0
LINE
8
BLACK
6
CONTINUOUS
10
0.093640157480315
20
0.3078229133858268
11
0.093640157480315
21
0.3089750393700788
0
LINE
8
BLACK
6
CONTINUOUS
10
0.093640157480315
20
0.3089750393700788
11
0.094081062992126
21
0.3100394488188976
0
LINE
8
BLACK
6
CONTINUOUS
10
0.094081062992126
20
0.3100394488188976
11
0.0948957086614173
21
0.310854094488189
0
LINE
8
BLACK
6
CONTINUOUS
10
0.0948957086614173
20
0.310854094488189
11
0.0959601181102362
21
0.311295
0
LINE
8
BLACK
6
CONTINUOUS
10
0.0959601181102362
20
0.311295
11
0.0965361811023622
21
0.3113517322834646
0
LINE
8
BLACK
6
CONTINUOUS
10
0.0965361811023622
20
0.3113517322834646
11
0.1241785039370079
21
0.3113517322834646
0
LINE
8
BLACK
6
CONTINUOUS
10
0.1241785039370079
20
0.3113517322834646
11
0.1286868897637795
21
0.3128545669291338
0
LINE
8
BLACK
6
CONTINUOUS
10
0.1286868897637795
20
0.3128545669291338
11
0.1314507086614173
21
0.3156183464566929
0
LINE
8
BLACK
6
CONTINUOUS
10
0.1314507086614173
20
0.3156183464566929
11
0.1329535039370079
21
0.3201266929133858
0
LINE
8
BLACK
6
CONTINUOUS
10
0.1329535039370079
20
0.3201266929133858
11
0.1329535039370079
21
0.3233970866141732
0
LINE
8
BLACK
6
CONTINUOUS
10
0.1329535039370079
20
0.3233970866141732
11
0.1330102362204724
21
0.3239731496062992
0
LINE
8
BLACK
6
CONTINUOUS
10
0.1330102362204724
20
0.3239731496062992
11
0.1334511417322835
21
0.3250375590551181
0
LINE
8
BLACK
6
CONTINUOUS
10
0.1334511417322835
20
0.3250375590551181
11
0.1342657874015748
21
0.3258522047244095
0
LINE
8
BLACK
6
CONTINUOUS
10
0.1342657874015748
20
0.3258522047244095
11
0.1353301968503937
21
0.3262931102362205
0
LINE
8
BLACK
6
CONTINUOUS
10
0.1353301968503937
20
0.3262931102362205
11
0.1364823228346457
21
0.3262931102362205
0
LINE
8
BLACK
6
CONTINUOUS
10
0.1364823228346457
20
0.3262931102362205
11
0.1375467322834646
21
0.3258522047244095
0
LINE
8
BLACK
6
CONTINUOUS
10
0.1817454330708661
20
0.4594958267716535
11
0.1828107874015748
21
0.4584304724409449
0
LINE
8
BLACK
6
CONTINUOUS
10
0.1828107874015748
20
0.4584304724409449
11
0.1829606299212598
21
0.4576771653543307
0
LINE
8
BLACK
6
CONTINUOUS
10
0.1829606299212598
20
0.4576771653543307
11
0.1829606299212598
21
0.1328740157480315
0
LINE
8
BLACK
6
CONTINUOUS
10
0.1829606299212598
20
0.1328740157480315
11
0.1828107874015748
21
0.1321207086614173
0
LINE
8
BLACK
6
CONTINUOUS
10
0.1828107874015748
20
0.1321207086614173
11
0.1817454330708661
21
0.1310553543307087
0
LINE
8
BLACK
6
CONTINUOUS
10
0.1817454330708661
20
0.1310553543307087
11
0.180992125984252
21
0.1309055118110236
0
LINE
8
BLACK
6
CONTINUOUS
10
0.180992125984252
20
0.1309055118110236
11
0.0215433070866142
21
0.1309055118110236
0
LINE
8
BLACK
6
CONTINUOUS
10
0.0215433070866142
20
0.1309055118110236
11
0.02079
21
0.1310553543307087
0
LINE
8
BLACK
6
CONTINUOUS
10
0.02079
20
0.1310553543307087
11
0.0197246456692913
21
0.1321207086614173
0
LINE
8
BLACK
6
CONTINUOUS
10
0.0197246456692913
20
0.1321207086614173
11
0.0195748031496063
21
0.1328740157480315
0
LINE
8
BLACK
6
CONTINUOUS
10
0.0195748031496063
20
0.1328740157480315
11
0.0195748031496063
21
0.4576771653543307
0
LINE
8
BLACK
6
CONTINUOUS
10
0.0195748031496063
20
0.4576771653543307
11
0.0197246456692913
21
0.4584304724409449
0
LINE
8
BLACK
6
CONTINUOUS
10
0.0197246456692913
20
0.4584304724409449
11
0.02079
21
0.4594958267716535
0
LINE
8
BLACK
6
CONTINUOUS
10
0.02079
20
0.4594958267716535
11
0.0215433070866142
21
0.4596456692913386
0
LINE
8
BLACK
6
CONTINUOUS
10
0.0215433070866142
20
0.4596456692913386
11
0.180992125984252
21
0.4596456692913386
0
LINE
8
BLACK
6
CONTINUOUS
10
0.180992125984252
20
0.4596456692913386
11
0.1817454330708661
21
0.4594958267716535
0
LINE
8
BLACK
6
CONTINUOUS
10
0.023511811023622
20
0.4557086614173228
11
0.023511811023622
21
0.1348425196850394
0
LINE
8
BLACK
6
CONTINUOUS
10
0.023511811023622
20
0.1348425196850394
11
0.1790236220472441
21
0.1348425196850394
0
LINE
8
BLACK
6
CONTINUOUS
10
0.1790236220472441
20
0.1348425196850394
11
0.1790236220472441
21
0.2007527165354331
0
LINE
8
BLACK
6
CONTINUOUS
10
0.1790236220472441
20
0.2007527165354331
11
0.1520167322834646
21
0.2198494094488189
0
LINE
8
BLACK
6
CONTINUOUS
10
0.1520167322834646
20
0.2198494094488189
11
0.1514881889763779
21
0.2204066929133858
0
LINE
8
BLACK
6
CONTINUOUS
10
0.1514881889763779
20
0.2204066929133858
11
0.1514304330708661
21
0.2207431102362205
0
LINE
8
BLACK
6
CONTINUOUS
10
0.1514304330708661
20
0.2207431102362205
11
0.1512334251968504
21
0.2210217716535433
0
LINE
8
BLACK
6
CONTINUOUS
10
0.1512334251968504
20
0.2210217716535433
11
0.151308031496063
21
0.2214566929133858
0
LINE
8
BLACK
6
CONTINUOUS
10
0.151308031496063
20
0.2214566929133858
11
0.1512334251968504
21
0.2218916141732283
0
LINE
8
BLACK
6
CONTINUOUS
10
0.1512334251968504
20
0.2218916141732283
11
0.1514304330708661
21
0.2221703149606299
0
LINE
8
BLACK
6
CONTINUOUS
10
0.1514304330708661
20
0.2221703149606299
11
0.1514881889763779
21
0.2225066929133858
0
LINE
8
BLACK
6
CONTINUOUS
10
0.1514881889763779
20
0.2225066929133858
11
0.1520167322834646
21
0.2230639763779527
0
LINE
8
BLACK
6
CONTINUOUS
10
0.1520167322834646
20
0.2230639763779527
11
0.1790236220472441
21
0.2421607086614173
0
LINE
8
BLACK
6
CONTINUOUS
10
0.1790236220472441
20
0.2421607086614173
11
0.1790236220472441
21
0.4557086614173228
0
LINE
8
BLACK
6
CONTINUOUS
10
0.1790236220472441
20
0.4557086614173228
11
0.023511811023622
21
0.4557086614173228
0
LINE
8
BLACK
6
CONTINUOUS
10
0.1565628346456693
20
0.2214566929133858
11
0.1790236220472441
21
0.2055745669291339
0
LINE
8
BLACK
6
CONTINUOUS
10
0.1790236220472441
20
0.2055745669291339
11
0.1790236220472441
21
0.2373388582677165
0
LINE
8
BLACK
6
CONTINUOUS
10
0.1790236220472441
20
0.2373388582677165
11
0.1565628346456693
21
0.2214566929133858
0
LINE
8
BLACK
6
CONTINUOUS
10
0.65925468503937
20
0.1877561811023622
11
0.6593029921259842
21
0.1877166535433071
0
LINE
8
BLACK
6
CONTINUOUS
10
0.6593029921259842
20
0.1877166535433071
11
0.6593654330708661
21
0.1877166535433071
0
LINE
8
BLACK
6
CONTINUOUS
10
0.6593654330708661
20
0.1877166535433071
11
0.6596463779527559
21
0.1874357086614173
0
LINE
8
BLACK
6
CONTINUOUS
10
0.6596463779527559
20
0.1874357086614173
11
0.6599542913385826
21
0.187183779527559
0
LINE
8
BLACK
6
CONTINUOUS
10
0.6599542913385826
20
0.187183779527559
11
0.6599605118110236
21
0.1871215748031496
0
LINE
8
BLACK
6
CONTINUOUS
10
0.6599605118110236
20
0.1871215748031496
11
0.66000468503937
21
0.1870774015748032
0
LINE
8
BLACK
6
CONTINUOUS
10
0.66000468503937
20
0.1870774015748032
11
0.66000468503937
21
0.1866797244094488
0
LINE
8
BLACK
6
CONTINUOUS
10
0.66000468503937
20
0.1866797244094488
11
0.6600442519685039
21
0.1862842519685039
0
LINE
8
BLACK
6
CONTINUOUS
10
0.6600442519685039
20
0.1862842519685039
11
0.66000468503937
21
0.1862359448818898
0
LINE
8
BLACK
6
CONTINUOUS
10
0.66000468503937
20
0.1862359448818898
11
0.6600047244094488
21
0.1861735039370079
0
LINE
8
BLACK
6
CONTINUOUS
10
0.6600047244094488
20
0.1861735039370079
11
0.6597487007874016
21
0.1857902755905512
0
LINE
8
BLACK
6
CONTINUOUS
10
0.6597487007874016
20
0.1857902755905512
11
0.6591342913385827
21
0.1851758661417323
0
LINE
8
BLACK
6
CONTINUOUS
10
0.6591342913385827
20
0.1851758661417323
11
0.6585948031496063
21
0.1840968503937008
0
LINE
8
BLACK
6
CONTINUOUS
10
0.6585948031496063
20
0.1840968503937008
11
0.6585948031496063
21
0.1809050393700787
0
LINE
8
BLACK
6
CONTINUOUS
10
0.6585948031496063
20
0.1809050393700787
11
0.6591342913385827
21
0.179826062992126
0
LINE
8
BLACK
6
CONTINUOUS
10
0.6591342913385827
20
0.179826062992126
11
0.6596131889763779
21
0.1793471653543307
0
LINE
8
BLACK
6
CONTINUOUS
10
0.6596131889763779
20
0.1793471653543307
11
0.6606921653543307
21
0.1788076771653543
0
LINE
8
BLACK
6
CONTINUOUS
10
0.6606921653543307
20
0.1788076771653543
11
0.6638840551181102
21
0.1788076771653543
0
LINE
8
BLACK
6
CONTINUOUS
10
0.6638840551181102
20
0.1788076771653543
11
0.6649630708661417
21
0.1793472047244094
0
LINE
8
BLACK
6
CONTINUOUS
10
0.6649630708661417
20
0.1793472047244094
11
0.6654418503937007
21
0.1798259842519685
0
LINE
8
BLACK
6
CONTINUOUS
10
0.6654418503937007
20
0.1798259842519685
11
0.6659813779527559
21
0.180905
0
LINE
8
BLACK
6
CONTINUOUS
10
0.6659813779527559
20
0.180905
11
0.6659813779527559
21
0.1840969291338583
0
LINE
8
BLACK
6
CONTINUOUS
10
0.6659813779527559
20
0.1840969291338583
11
0.6654418503937007
21
0.1851759448818898
0
LINE
8
BLACK
6
CONTINUOUS
10
0.6654418503937007
20
0.1851759448818898
11
0.6648275196850394
21
0.1857902755905512
0
LINE
8
BLACK
6
CONTINUOUS
10
0.6648275196850394
20
0.1857902755905512
11
0.6645714960629922
21
0.1861734645669291
0
LINE
8
BLACK
6
CONTINUOUS
10
0.6645714960629922
20
0.1861734645669291
11
0.6645714960629922
21
0.1870774015748032
0
LINE
8
BLACK
6
CONTINUOUS
10
0.6645714960629922
20
0.1870774015748032
11
0.6652107086614173
21
0.1877166141732284
0
LINE
8
BLACK
6
CONTINUOUS
10
0.6652107086614173
20
0.1877166141732284
11
0.6661146456692913
21
0.1877166141732284
0
LINE
8
BLACK
6
CONTINUOUS
10
0.6661146456692913
20
0.1877166141732284
11
0.6664978346456693
21
0.1874605905511811
0
LINE
8
BLACK
6
CONTINUOUS
10
0.6664978346456693
20
0.1874605905511811
11
0.6672477559055118
21
0.1867106692913386
0
LINE
8
BLACK
6
CONTINUOUS
10
0.6672477559055118
20
0.1867106692913386
11
0.6673528740157481
21
0.1865533464566929
0
LINE
8
BLACK
6
CONTINUOUS
10
0.6673528740157481
20
0.1865533464566929
11
0.6674690157480315
21
0.1864037007874016
0
LINE
8
BLACK
6
CONTINUOUS
10
0.6674690157480315
20
0.1864037007874016
11
0.6682188976377953
21
0.1849038976377953
0
LINE
8
BLACK
6
CONTINUOUS
10
0.6682188976377953
20
0.1849038976377953
11
0.6682344881889763
21
0.1848468897637795
0
LINE
8
BLACK
6
CONTINUOUS
10
0.6682344881889763
20
0.1848468897637795
11
0.6682536614173228
21
0.1848277165354331
0
LINE
8
BLACK
6
CONTINUOUS
10
0.6682536614173228
20
0.1848277165354331
11
0.6682905905511811
21
0.1846419291338583
0
LINE
8
BLACK
6
CONTINUOUS
10
0.6682905905511811
20
0.1846419291338583
11
0.6683405905511811
21
0.1844594094488189
0
LINE
8
BLACK
6
CONTINUOUS
10
0.6683405905511811
20
0.1844594094488189
11
0.6683320078740157
21
0.184433779527559
0
LINE
8
BLACK
6
CONTINUOUS
10
0.6683320078740157
20
0.184433779527559
11
0.6683435826771653
21
0.1843757086614173
0
LINE
8
BLACK
6
CONTINUOUS
10
0.6683435826771653
20
0.1843757086614173
11
0.6683435826771653
21
0.1806261811023622
0
LINE
8
BLACK
6
CONTINUOUS
10
0.6683435826771653
20
0.1806261811023622
11
0.6683320078740157
21
0.1805681496062992
0
LINE
8
BLACK
6
CONTINUOUS
10
0.6683320078740157
20
0.1805681496062992
11
0.6683405905511811
21
0.1805424803149606
0
LINE
8
BLACK
6
CONTINUOUS
10
0.6683405905511811
20
0.1805424803149606
11
0.6682905905511811
21
0.18036
0
LINE
8
BLACK
6
CONTINUOUS
10
0.6682905905511811
20
0.18036
11
0.6682536614173228
21
0.1801741732283464
0
LINE
8
BLACK
6
CONTINUOUS
10
0.6682536614173228
20
0.1801741732283464
11
0.6682344881889763
21
0.1801550393700787
0
LINE
8
BLACK
6
CONTINUOUS
10
0.6682344881889763
20
0.1801550393700787
11
0.6682188976377953
21
0.1800979921259842
0
LINE
8
BLACK
6
CONTINUOUS
10
0.6682188976377953
20
0.1800979921259842
11
0.6674690157480315
21
0.1785981889763779
0
LINE
8
BLACK
6
CONTINUOUS
10
0.6674690157480315
20
0.1785981889763779
11
0.6673528740157481
21
0.1784485826771653
0
LINE
8
BLACK
6
CONTINUOUS
10
0.6673528740157481
20
0.1784485826771653
11
0.6672477559055118
21
0.1782912204724409
0
LINE
8
BLACK
6
CONTINUOUS
10
0.6672477559055118
20
0.1782912204724409
11
0.6664978346456693
21
0.1775412992125984
0
LINE
8
BLACK
6
CONTINUOUS
10
0.6664978346456693
20
0.1775412992125984
11
0.6663404724409449
21
0.177436220472441
0
LINE
8
BLACK
6
CONTINUOUS
10
0.6663404724409449
20
0.177436220472441
11
0.6661908661417323
21
0.1773200393700787
0
LINE
8
BLACK
6
CONTINUOUS
10
0.6661908661417323
20
0.1773200393700787
11
0.664691062992126
21
0.176570157480315
0
LINE
8
BLACK
6
CONTINUOUS
10
0.664691062992126
20
0.176570157480315
11
0.6646340157480315
21
0.1765545669291338
0
LINE
8
BLACK
6
CONTINUOUS
10
0.6646340157480315
20
0.1765545669291338
11
0.6646148818897638
21
0.1765353937007874
0
LINE
8
BLACK
6
CONTINUOUS
10
0.6646148818897638
20
0.1765353937007874
11
0.6644290551181102
21
0.1764984645669291
0
LINE
8
BLACK
6
CONTINUOUS
10
0.6644290551181102
20
0.1764984645669291
11
0.6642465748031496
21
0.1764484645669291
0
LINE
8
BLACK
6
CONTINUOUS
10
0.6642465748031496
20
0.1764484645669291
11
0.664220905511811
21
0.1764570472440945
0
LINE
8
BLACK
6
CONTINUOUS
10
0.664220905511811
20
0.1764570472440945
11
0.664162874015748
21
0.1764454724409449
0
LINE
8
BLACK
6
CONTINUOUS
10
0.664162874015748
20
0.1764454724409449
11
0.6604133464566929
21
0.1764454724409449
0
LINE
8
BLACK
6
CONTINUOUS
10
0.6604133464566929
20
0.1764454724409449
11
0.6603552755905512
21
0.1764570472440945
0
LINE
8
BLACK
6
CONTINUOUS
10
0.6603552755905512
20
0.1764570472440945
11
0.6603296456692913
21
0.1764484645669291
0
LINE
8
BLACK
6
CONTINUOUS
10
0.6603296456692913
20
0.1764484645669291
11
0.660147125984252
21
0.1764984645669291
0
LINE
8
BLACK
6
CONTINUOUS
10
0.660147125984252
20
0.1764984645669291
11
0.6599613385826771
21
0.1765353937007874
0
LINE
8
BLACK
6
CONTINUOUS
10
0.6599613385826771
20
0.1765353937007874
11
0.6599421653543307
21
0.1765545669291338
0
LINE
8
BLACK
6
CONTINUOUS
10
0.6599421653543307
20
0.1765545669291338
11
0.659885157480315
21
0.176570157480315
0
LINE
8
BLACK
6
CONTINUOUS
10
0.659885157480315
20
0.176570157480315
11
0.6583853149606299
21
0.1773200393700787
0
LINE
8
BLACK
6
CONTINUOUS
10
0.6583853149606299
20
0.1773200393700787
11
0.6582356692913386
21
0.1774361811023622
0
LINE
8
BLACK
6
CONTINUOUS
10
0.6582356692913386
20
0.1774361811023622
11
0.6580783070866142
21
0.1775413385826771
0
LINE
8
BLACK
6
CONTINUOUS
10
0.6580783070866142
20
0.1775413385826771
11
0.6573284251968504
21
0.1782912204724409
0
LINE
8
BLACK
6
CONTINUOUS
10
0.6573284251968504
20
0.1782912204724409
11
0.6572232283464566
21
0.1784487007874016
0
LINE
8
BLACK
6
CONTINUOUS
10
0.6572232283464566
20
0.1784487007874016
11
0.6571072047244094
21
0.1785981496062992
0
LINE
8
BLACK
6
CONTINUOUS
10
0.6571072047244094
20
0.1785981496062992
11
0.6563572834645669
21
0.1800979527559055
0
LINE
8
BLACK
6
CONTINUOUS
10
0.6563572834645669
20
0.1800979527559055
11
0.6563416535433071
21
0.1801550393700787
0
LINE
8
BLACK
6
CONTINUOUS
10
0.6563416535433071
20
0.1801550393700787
11
0.6563225196850394
21
0.1801741732283464
0
LINE
8
BLACK
6
CONTINUOUS
10
0.6563225196850394
20
0.1801741732283464
11
0.6562855511811023
21
0.1803599606299213
0
LINE
8
BLACK
6
CONTINUOUS
10
0.6562855511811023
20
0.1803599606299213
11
0.6562355905511811
21
0.1805424803149606
0
LINE
8
BLACK
6
CONTINUOUS
10
0.6562355905511811
20
0.1805424803149606
11
0.6562441338582677
21
0.1805681496062992
0
LINE
8
BLACK
6
CONTINUOUS
10
0.6562441338582677
20
0.1805681496062992
11
0.6562325984251969
21
0.1806261811023622
0
LINE
8
BLACK
6
CONTINUOUS
10
0.6562325984251969
20
0.1806261811023622
11
0.6562325984251969
21
0.1843757086614173
0
LINE
8
BLACK
6
CONTINUOUS
10
0.6562325984251969
20
0.1843757086614173
11
0.6562441338582677
21
0.184433779527559
0
LINE
8
BLACK
6
CONTINUOUS
10
0.6562441338582677
20
0.184433779527559
11
0.6562355905511811
21
0.1844594094488189
0
LINE
8
BLACK
6
CONTINUOUS
10
0.6562355905511811
20
0.1844594094488189
11
0.6562855511811023
21
0.184641968503937
0
LINE
8
BLACK
6
CONTINUOUS
10
0.6562855511811023
20
0.184641968503937
11
0.6563225196850394
21
0.1848277165354331
0
LINE
8
BLACK
6
CONTINUOUS
10
0.6563225196850394
20
0.1848277165354331
11
0.6563416535433071
21
0.1848468897637795
0
LINE
8
BLACK
6
CONTINUOUS
10
0.6563416535433071
20
0.1848468897637795
11
0.6563572834645669
21
0.184903937007874
0
LINE
8
BLACK
6
CONTINUOUS
10
0.6563572834645669
20
0.184903937007874
11
0.6565040551181103
21
0.1851975196850394
0
LINE
8
BLACK
6
CONTINUOUS
10
0.6565040551181103
20
0.1851975196850394
11
0.6525955511811024
21
0.1848066535433071
0
LINE
8
BLACK
6
CONTINUOUS
10
0.6525955511811024
20
0.1848066535433071
11
0.6525955511811024
21
0.1783764566929134
0
LINE
8
BLACK
6
CONTINUOUS
10
0.6525955511811024
20
0.1783764566929134
11
0.6525056299212598
21
0.1779244488188976
0
LINE
8
BLACK
6
CONTINUOUS
10
0.6525056299212598
20
0.1779244488188976
11
0.6518664566929133
21
0.1772852755905512
0
LINE
8
BLACK
6
CONTINUOUS
10
0.6518664566929133
20
0.1772852755905512
11
0.6509624409448819
21
0.1772852755905512
0
LINE
8
BLACK
6
CONTINUOUS
10
0.6509624409448819
20
0.1772852755905512
11
0.6503232677165354
21
0.1779244488188976
0
LINE
8
BLACK
6
CONTINUOUS
10
0.6503232677165354
20
0.1779244488188976
11
0.650233346456693
21
0.1783764566929134
0
LINE
8
BLACK
6
CONTINUOUS
10
0.650233346456693
20
0.1783764566929134
11
0.650233346456693
21
0.1858755118110236
0
LINE
8
BLACK
6
CONTINUOUS
10
0.650233346456693
20
0.1858755118110236
11
0.6502895275590551
21
0.1861581102362205
0
LINE
8
BLACK
6
CONTINUOUS
10
0.6502895275590551
20
0.1861581102362205
11
0.6502837007874016
21
0.1862166929133858
0
LINE
8
BLACK
6
CONTINUOUS
10
0.6502837007874016
20
0.1862166929133858
11
0.650306811023622
21
0.186245
0
LINE
8
BLACK
6
CONTINUOUS
10
0.650306811023622
20
0.186245
11
0.6503232677165354
21
0.1863275196850394
0
LINE
8
BLACK
6
CONTINUOUS
10
0.6503232677165354
20
0.1863275196850394
11
0.6506043307086614
21
0.1866086220472441
0
LINE
8
BLACK
6
CONTINUOUS
10
0.6506043307086614
20
0.1866086220472441
11
0.6508561023622047
21
0.1869162992125984
0
LINE
8
BLACK
6
CONTINUOUS
10
0.6508561023622047
20
0.1869162992125984
11
0.6509365748031496
21
0.1869408661417323
0
LINE
8
BLACK
6
CONTINUOUS
10
0.6509365748031496
20
0.1869408661417323
11
0.6509624409448819
21
0.1869666929133858
0
LINE
8
BLACK
6
CONTINUOUS
10
0.6509624409448819
20
0.1869666929133858
11
0.6510213385826772
21
0.1869666929133858
0
LINE
8
BLACK
6
CONTINUOUS
10
0.6510213385826772
20
0.1869666929133858
11
0.6512969291338583
21
0.1870507480314961
0
LINE
8
BLACK
6
CONTINUOUS
10
0.6512969291338583
20
0.1870507480314961
11
0.6587959842519685
21
0.1878006692913386
0
LINE
8
BLACK
6
CONTINUOUS
10
0.6587959842519685
20
0.1878006692913386
11
0.65925468503937
21
0.1877561811023622
0
LINE
8
BLACK
6
CONTINUOUS
10
0.6605553149606299
20
0.2035263385826772
11
0.6606998031496063
21
0.2035192913385827
0
LINE
8
BLACK
6
CONTINUOUS
10
0.6606998031496063
20
0.2035192913385827
11
0.6636994094488189
21
0.2027693700787402
0
LINE
8
BLACK
6
CONTINUOUS
10
0.6636994094488189
20
0.2027693700787402
11
0.6638163385826772
21
0.2027141338582677
0
LINE
8
BLACK
6
CONTINUOUS
10
0.6638163385826772
20
0.2027141338582677
11
0.6639411417322835
21
0.2026799606299212
0
LINE
8
BLACK
6
CONTINUOUS
10
0.6639411417322835
20
0.2026799606299212
11
0.6654409448818898
21
0.2019300787401575
0
LINE
8
BLACK
6
CONTINUOUS
10
0.6654409448818898
20
0.2019300787401575
11
0.6655904330708661
21
0.2018140551181102
0
LINE
8
BLACK
6
CONTINUOUS
10
0.6655904330708661
20
0.2018140551181102
11
0.6657479133858267
21
0.2017088188976378
0
LINE
8
BLACK
6
CONTINUOUS
10
0.6657479133858267
20
0.2017088188976378
11
0.6672477559055118
21
0.2002090551181102
0
LINE
8
BLACK
6
CONTINUOUS
10
0.6672477559055118
20
0.2002090551181102
11
0.6672806299212598
21
0.200159842519685
0
LINE
8
BLACK
6
CONTINUOUS
10
0.6672806299212598
20
0.200159842519685
11
0.667304842519685
21
0.2001477165354331
0
LINE
8
BLACK
6
CONTINUOUS
10
0.667304842519685
20
0.2001477165354331
11
0.6673986220472441
21
0.1999832283464567
0
LINE
8
BLACK
6
CONTINUOUS
10
0.6673986220472441
20
0.1999832283464567
11
0.667503779527559
21
0.1998258267716535
0
LINE
8
BLACK
6
CONTINUOUS
10
0.667503779527559
20
0.1998258267716535
11
0.667503779527559
21
0.1997988188976378
0
LINE
8
BLACK
6
CONTINUOUS
10
0.667503779527559
20
0.1997988188976378
11
0.6675331102362204
21
0.1997473622047244
0
LINE
8
BLACK
6
CONTINUOUS
10
0.6675331102362204
20
0.1997473622047244
11
0.6682829921259842
21
0.1974975984251968
0
LINE
8
BLACK
6
CONTINUOUS
10
0.6682829921259842
20
0.1974975984251968
11
0.6683066141732283
21
0.1973098031496063
0
LINE
8
BLACK
6
CONTINUOUS
10
0.6683066141732283
20
0.1973098031496063
11
0.6683435826771653
21
0.1971241338582677
0
LINE
8
BLACK
6
CONTINUOUS
10
0.6683435826771653
20
0.1971241338582677
11
0.6683435826771653
21
0.1956242913385827
0
LINE
8
BLACK
6
CONTINUOUS
10
0.6683435826771653
20
0.1956242913385827
11
0.6683066535433071
21
0.1954387007874016
0
LINE
8
BLACK
6
CONTINUOUS
10
0.6683066535433071
20
0.1954387007874016
11
0.6682829921259842
21
0.1952507874015748
0
LINE
8
BLACK
6
CONTINUOUS
10
0.6682829921259842
20
0.1952507874015748
11
0.6675331102362204
21
0.1930011023622047
0
LINE
8
BLACK
6
CONTINUOUS
10
0.6675331102362204
20
0.1930011023622047
11
0.6675038188976378
21
0.1929497637795275
0
LINE
8
BLACK
6
CONTINUOUS
10
0.6675038188976378
20
0.1929497637795275
11
0.6675038188976378
21
0.1929226377952756
0
LINE
8
BLACK
6
CONTINUOUS
10
0.6675038188976378
20
0.1929226377952756
11
0.6673985433070866
21
0.1927651574803149
0
LINE
8
BLACK
6
CONTINUOUS
10
0.6673985433070866
20
0.1927651574803149
11
0.667304842519685
21
0.1926007480314961
0
LINE
8
BLACK
6
CONTINUOUS
10
0.667304842519685
20
0.1926007480314961
11
0.6672805905511811
21
0.1925886614173228
0
LINE
8
BLACK
6
CONTINUOUS
10
0.6672805905511811
20
0.1925886614173228
11
0.6672477559055118
21
0.1925394488188976
0
LINE
8
BLACK
6
CONTINUOUS
10
0.6672477559055118
20
0.1925394488188976
11
0.6664978346456693
21
0.1917895275590551
0
LINE
8
BLACK
6
CONTINUOUS
10
0.6664978346456693
20
0.1917895275590551
11
0.6661146456692913
21
0.1915335039370079
0
LINE
8
BLACK
6
CONTINUOUS
10
0.6661146456692913
20
0.1915335039370079
11
0.6652107086614173
21
0.1915335039370079
0
LINE
8
BLACK
6
CONTINUOUS
10
0.6652107086614173
20
0.1915335039370079
11
0.6645714960629922
21
0.1921727165354331
0
LINE
8
BLACK
6
CONTINUOUS
10
0.6645714960629922
20
0.1921727165354331
11
0.6645714960629922
21
0.1930766535433071
0
LINE
8
BLACK
6
CONTINUOUS
10
0.6645714960629922
20
0.1930766535433071
11
0.6648275196850394
21
0.193459842519685
0
LINE
8
BLACK
6
CONTINUOUS
10
0.6648275196850394
20
0.193459842519685
11
0.6653801968503937
21
0.1940125590551181
0
LINE
8
BLACK
6
CONTINUOUS
10
0.6653801968503937
20
0.1940125590551181
11
0.6659813779527559
21
0.1958160236220473
0
LINE
8
BLACK
6
CONTINUOUS
10
0.6659813779527559
20
0.1958160236220473
11
0.6659813779527559
21
0.1969324409448819
0
LINE
8
BLACK
6
CONTINUOUS
10
0.6659813779527559
20
0.1969324409448819
11
0.6653801968503937
21
0.198735905511811
0
LINE
8
BLACK
6
CONTINUOUS
10
0.6653801968503937
20
0.198735905511811
11
0.6642131496062992
21
0.1999029527559055
0
LINE
8
BLACK
6
CONTINUOUS
10
0.6642131496062992
20
0.1999029527559055
11
0.6630006692913386
21
0.2005092125984252
0
LINE
8
BLACK
6
CONTINUOUS
10
0.6630006692913386
20
0.2005092125984252
11
0.6602679921259842
21
0.2011923622047244
0
LINE
8
BLACK
6
CONTINUOUS
10
0.6602679921259842
20
0.2011923622047244
11
0.6583089763779527
21
0.2011923622047244
0
LINE
8
BLACK
6
CONTINUOUS
10
0.6583089763779527
20
0.2011923622047244
11
0.6555762204724409
21
0.2005091732283465
0
LINE
8
BLACK
6
CONTINUOUS
10
0.6555762204724409
20
0.2005091732283465
11
0.6543638188976377
21
0.1999029921259843
0
LINE
8
BLACK
6
CONTINUOUS
10
0.6543638188976377
20
0.1999029921259843
11
0.653196653543307
21
0.1987358661417323
0
LINE
8
BLACK
6
CONTINUOUS
10
0.653196653543307
20
0.1987358661417323
11
0.6525955511811024
21
0.1969325196850394
0
LINE
8
BLACK
6
CONTINUOUS
10
0.6525955511811024
20
0.1969325196850394
11
0.6525955511811024
21
0.1958159448818897
0
LINE
8
BLACK
6
CONTINUOUS
10
0.6525955511811024
20
0.1958159448818897
11
0.653196653543307
21
0.1940126771653543
0
LINE
8
BLACK
6
CONTINUOUS
10
0.653196653543307
20
0.1940126771653543
11
0.6537494488188976
21
0.193459842519685
0
LINE
8
BLACK
6
CONTINUOUS
10
0.6537494488188976
20
0.193459842519685
11
0.6540054724409449
21
0.1930766141732284
0
LINE
8
BLACK
6
CONTINUOUS
10
0.6540054724409449
20
0.1930766141732284
11
0.6540054330708661
21
0.1921727165354331
0
LINE
8
BLACK
6
CONTINUOUS
10
0.6540054330708661
20
0.1921727165354331
11
0.6533661811023622
21
0.1915334645669291
0
LINE
8
BLACK
6
CONTINUOUS
10
0.6533661811023622
20
0.1915334645669291
11
0.6524622440944882
21
0.1915335039370079
0
LINE
8
BLACK
6
CONTINUOUS
10
0.6524622440944882
20
0.1915335039370079
11
0.6520790551181103
21
0.1917895669291338
0
LINE
8
BLACK
6
CONTINUOUS
10
0.6520790551181103
20
0.1917895669291338
11
0.6513291732283465
21
0.1925394488188976
0
LINE
8
BLACK
6
CONTINUOUS
10
0.6513291732283465
20
0.1925394488188976
11
0.6512962598425197
21
0.1925887007874016
0
LINE
8
BLACK
6
CONTINUOUS
10
0.6512962598425197
20
0.1925887007874016
11
0.651272125984252
21
0.1926007480314961
0
LINE
8
BLACK
6
CONTINUOUS
10
0.651272125984252
20
0.1926007480314961
11
0.6511785039370078
21
0.192765
0
LINE
8
BLACK
6
CONTINUOUS
10
0.6511785039370078
20
0.192765
11
0.6510731496062993
21
0.1929226771653543
0
LINE
8
BLACK
6
CONTINUOUS
10
0.6510731496062993
20
0.1929226771653543
11
0.6510731496062993
21
0.1929498031496063
0
LINE
8
BLACK
6
CONTINUOUS
10
0.6510731496062993
20
0.1929498031496063
11
0.6510438976377952
21
0.1930011023622047
0
LINE
8
BLACK
6
CONTINUOUS
10
0.6510438976377952
20
0.1930011023622047
11
0.6502939763779527
21
0.1952507874015748
0
LINE
8
BLACK
6
CONTINUOUS
10
0.6502939763779527
20
0.1952507874015748
11
0.6502703149606299
21
0.1954384251968504
0
LINE
8
BLACK
6
CONTINUOUS
10
0.6502703149606299
20
0.1954384251968504
11
0.650233346456693
21
0.1956242913385827
0
LINE
8
BLACK
6
CONTINUOUS
10
0.650233346456693
20
0.1956242913385827
11
0.650233346456693
21
0.1971241338582677
0
LINE
8
BLACK
6
CONTINUOUS
10
0.650233346456693
20
0.1971241338582677
11
0.6502703149606299
21
0.1973100393700787
0
LINE
8
BLACK
6
CONTINUOUS
10
0.6502703149606299
20
0.1973100393700787
11
0.6502939763779527
21
0.1974976377952756
0
LINE
8
BLACK
6
CONTINUOUS
10
0.6502939763779527
20
0.1974976377952756
11
0.6510438976377952
21
0.1997473622047244
0
LINE
8
BLACK
6
CONTINUOUS
10
0.6510438976377952
20
0.1997473622047244
11
0.6510731889763779
21
0.1997987795275591
0
LINE
8
BLACK
6
CONTINUOUS
10
0.6510731889763779
20
0.1997987795275591
11
0.6510731889763779
21
0.1998258267716535
0
LINE
8
BLACK
6
CONTINUOUS
10
0.6510731889763779
20
0.1998258267716535
11
0.6511783464566929
21
0.1999832677165354
0
LINE
8
BLACK
6
CONTINUOUS
10
0.6511783464566929
20
0.1999832677165354
11
0.651272125984252
21
0.2001477165354331
0
LINE
8
BLACK
6
CONTINUOUS
10
0.651272125984252
20
0.2001477165354331
11
0.6512963385826771
21
0.200159842519685
0
LINE
8
BLACK
6
CONTINUOUS
10
0.6512963385826771
20
0.200159842519685
11
0.6513292125984251
21
0.2002090157480315
0
LINE
8
BLACK
6
CONTINUOUS
10
0.6513292125984251
20
0.2002090157480315
11
0.6528289763779528
21
0.2017088188976378
0
LINE
8
BLACK
6
CONTINUOUS
10
0.6528289763779528
20
0.2017088188976378
11
0.6529863385826772
21
0.2018139763779528
0
LINE
8
BLACK
6
CONTINUOUS
10
0.6529863385826772
20
0.2018139763779528
11
0.6531359842519685
21
0.2019300787401575
0
LINE
8
BLACK
6
CONTINUOUS
10
0.6531359842519685
20
0.2019300787401575
11
0.6546357874015748
21
0.2026799606299212
0
LINE
8
BLACK
6
CONTINUOUS
10
0.6546357874015748
20
0.2026799606299212
11
0.6547605511811023
21
0.2027141338582677
0
LINE
8
BLACK
6
CONTINUOUS
10
0.6547605511811023
20
0.2027141338582677
11
0.6548775196850394
21
0.2027693700787402
0
LINE
8
BLACK
6
CONTINUOUS
10
0.6548775196850394
20
0.2027693700787402
11
0.6578771653543307
21
0.2035192913385827
0
LINE
8
BLACK
6
CONTINUOUS
10
0.6578771653543307
20
0.2035192913385827
11
0.6580216141732284
21
0.2035263385826772
0
LINE
8
BLACK
6
CONTINUOUS
10
0.6580216141732284
20
0.2035263385826772
11
0.6581636220472441
21
0.2035545669291338
0
LINE
8
BLACK
6
CONTINUOUS
10
0.6581636220472441
20
0.2035545669291338
11
0.6604133464566929
21
0.2035545669291338
0
LINE
8
BLACK
6
CONTINUOUS
10
0.6604133464566929
20
0.2035545669291338
11
0.6605553149606299
21
0.2035263385826772
0
LINE
8
BLACK
6
CONTINUOUS
10
0.6765013385826771
20
0.2233147244094488
11
0.6775666929133858
21
0.2222493700787402
0
LINE
8
BLACK
6
CONTINUOUS
10
0.6775666929133858
20
0.2222493700787402
11
0.6777165354330709
21
0.221496062992126
0
LINE
8
BLACK
6
CONTINUOUS
10
0.6777165354330709
20
0.221496062992126
11
0.6777165354330709
21
0.1615091732283465
0
LINE
8
BLACK
6
CONTINUOUS
10
0.6777165354330709
20
0.1615091732283465
11
0.6778920866141732
21
0.1619329527559055
0
LINE
8
BLACK
6
CONTINUOUS
10
0.6778920866141732
20
0.1619329527559055
11
0.6787067322834646
21
0.1627475984251968
0
LINE
8
BLACK
6
CONTINUOUS
10
0.6787067322834646
20
0.1627475984251968
11
0.6797711417322835
21
0.1631885039370079
0
LINE
8
BLACK
6
CONTINUOUS
10
0.6797711417322835
20
0.1631885039370079
11
0.6803472047244095
21
0.1632452362204724
0
LINE
8
BLACK
6
CONTINUOUS
10
0.6803472047244095
20
0.1632452362204724
11
0.7197172834645669
21
0.1632452362204724
0
LINE
8
BLACK
6
CONTINUOUS
10
0.7197172834645669
20
0.1632452362204724
11
0.7202933464566929
21
0.1631885039370079
0
LINE
8
BLACK
6
CONTINUOUS
10
0.7202933464566929
20
0.1631885039370079
11
0.7213577559055118
21
0.1627475984251968
0
LINE
8
BLACK
6
CONTINUOUS
10
0.7213577559055118
20
0.1627475984251968
11
0.7221724015748031
21
0.1619329527559055
0
LINE
8
BLACK
6
CONTINUOUS
10
0.7221724015748031
20
0.1619329527559055
11
0.7226133070866142
21
0.1608685433070866
0
LINE
8
BLACK
6
CONTINUOUS
10
0.7226133070866142
20
0.1608685433070866
11
0.7226133070866142
21
0.1597164173228346
0
LINE
8
BLACK
6
CONTINUOUS
10
0.7226133070866142
20
0.1597164173228346
11
0.7221724015748031
21
0.1586520078740157
0
LINE
8
BLACK
6
CONTINUOUS
10
0.7221724015748031
20
0.1586520078740157
11
0.7213577559055118
21
0.1578373622047244
0
LINE
8
BLACK
6
CONTINUOUS
10
0.7213577559055118
20
0.1578373622047244
11
0.7202933464566929
21
0.1573964566929134
0
LINE
8
BLACK
6
CONTINUOUS
10
0.7202933464566929
20
0.1573964566929134
11
0.7197172834645669
21
0.1573397244094488
0
LINE
8
BLACK
6
CONTINUOUS
10
0.7197172834645669
20
0.1573397244094488
11
0.7039223622047244
21
0.1573397244094488
0
LINE
8
BLACK
6
CONTINUOUS
10
0.7039223622047244
20
0.1573397244094488
11
0.7039223622047244
21
0.152456062992126
0
LINE
8
BLACK
6
CONTINUOUS
10
0.7039223622047244
20
0.152456062992126
11
0.7214105905511811
21
0.1402142913385827
0
LINE
8
BLACK
6
CONTINUOUS
10
0.7214105905511811
20
0.1402142913385827
11
0.7218499606299212
21
0.1398374803149606
0
LINE
8
BLACK
6
CONTINUOUS
10
0.7218499606299212
20
0.1398374803149606
11
0.7224691338582677
21
0.1388658661417323
0
LINE
8
BLACK
6
CONTINUOUS
10
0.7224691338582677
20
0.1388658661417323
11
0.7226693700787401
21
0.1377313385826772
0
LINE
8
BLACK
6
CONTINUOUS
10
0.7226693700787401
20
0.1377313385826772
11
0.722420157480315
21
0.1366064960629921
0
LINE
8
BLACK
6
CONTINUOUS
10
0.722420157480315
20
0.1366064960629921
11
0.7217594488188976
21
0.1356626377952756
0
LINE
8
BLACK
6
CONTINUOUS
10
0.7217594488188976
20
0.1356626377952756
11
0.7207878740157481
21
0.1350434645669291
0
LINE
8
BLACK
6
CONTINUOUS
10
0.7207878740157481
20
0.1350434645669291
11
0.7196533070866141
21
0.1348432677165354
0
LINE
8
BLACK
6
CONTINUOUS
10
0.7196533070866141
20
0.1348432677165354
11
0.7185284645669291
21
0.1350924409448819
0
LINE
8
BLACK
6
CONTINUOUS
10
0.7185284645669291
20
0.1350924409448819
11
0.7180240157480314
21
0.1353762992125984
0
LINE
8
BLACK
6
CONTINUOUS
10
0.7180240157480314
20
0.1353762992125984
11
0.703918031496063
21
0.1452504724409449
0
LINE
8
BLACK
6
CONTINUOUS
10
0.703918031496063
20
0.1452504724409449
11
0.7038656299212598
21
0.1447183070866142
0
LINE
8
BLACK
6
CONTINUOUS
10
0.7038656299212598
20
0.1447183070866142
11
0.7038250393700787
21
0.1446203543307087
0
LINE
8
BLACK
6
CONTINUOUS
10
0.7038250393700787
20
0.1446203543307087
11
0.7038175196850394
21
0.1445144488188976
0
LINE
8
BLACK
6
CONTINUOUS
10
0.7038175196850394
20
0.1445144488188976
11
0.7036106299212598
21
0.1439738582677165
0
LINE
8
BLACK
6
CONTINUOUS
10
0.7036106299212598
20
0.1439738582677165
11
0.7017358661417322
21
0.1402243307086614
0
LINE
8
BLACK
6
CONTINUOUS
10
0.7017358661417322
20
0.1402243307086614
11
0.7015797637795276
21
0.1399763385826772
0
LINE
8
BLACK
6
CONTINUOUS
10
0.7015797637795276
20
0.1399763385826772
11
0.7015499606299213
21
0.1399043700787402
0
LINE
8
BLACK
6
CONTINUOUS
10
0.7015499606299213
20
0.1399043700787402
11
0.7014834645669291
21
0.1398234251968504
0
LINE
8
BLACK
6
CONTINUOUS
10
0.7014834645669291
20
0.1398234251968504
11
0.7014275196850394
21
0.1397344488188976
0
LINE
8
BLACK
6
CONTINUOUS
10
0.7014275196850394
20
0.1397344488188976
11
0.7013685039370079
21
0.1396833070866142
0
LINE
8
BLACK
6
CONTINUOUS
10
0.7013685039370079
20
0.1396833070866142
11
0.7011827559055118
21
0.1394569291338583
0
LINE
8
BLACK
6
CONTINUOUS
10
0.7011827559055118
20
0.1394569291338583
11
0.6993079921259843
21
0.1375821653543307
0
LINE
8
BLACK
6
CONTINUOUS
10
0.6993079921259843
20
0.1375821653543307
11
0.6990816141732283
21
0.1373964173228346
0
LINE
8
BLACK
6
CONTINUOUS
10
0.6990816141732283
20
0.1373964173228346
11
0.6990304724409449
21
0.1373374015748031
0
LINE
8
BLACK
6
CONTINUOUS
10
0.6990304724409449
20
0.1373374015748031
11
0.6989414960629922
21
0.1372814566929134
0
LINE
8
BLACK
6
CONTINUOUS
10
0.6989414960629922
20
0.1372814566929134
11
0.6988605511811024
21
0.1372149606299213
0
LINE
8
BLACK
6
CONTINUOUS
10
0.6988605511811024
20
0.1372149606299213
11
0.6987885826771654
21
0.137185157480315
0
LINE
8
BLACK
6
CONTINUOUS
10
0.6987885826771654
20
0.137185157480315
11
0.6985405905511811
21
0.1370290551181102
0
LINE
8
BLACK
6
CONTINUOUS
10
0.6985405905511811
20
0.1370290551181102
11
0.694791062992126
21
0.1351542913385827
0
LINE
8
BLACK
6
CONTINUOUS
10
0.694791062992126
20
0.1351542913385827
11
0.6942504330708661
21
0.1349474015748031
0
LINE
8
BLACK
6
CONTINUOUS
10
0.6942504330708661
20
0.1349474015748031
11
0.6941446062992126
21
0.1349399212598425
0
LINE
8
BLACK
6
CONTINUOUS
10
0.6941446062992126
20
0.1349399212598425
11
0.6940466141732283
21
0.1348992913385827
0
LINE
8
BLACK
6
CONTINUOUS
10
0.6940466141732283
20
0.1348992913385827
11
0.6934705511811023
21
0.1348425590551181
0
LINE
8
BLACK
6
CONTINUOUS
10
0.6934705511811023
20
0.1348425590551181
11
0.6878462598425197
21
0.1348425590551181
0
LINE
8
BLACK
6
CONTINUOUS
10
0.6878462598425197
20
0.1348425590551181
11
0.6872701968503937
21
0.1348992913385827
0
LINE
8
BLACK
6
CONTINUOUS
10
0.6872701968503937
20
0.1348992913385827
11
0.6871722047244094
21
0.1349398818897638
0
LINE
8
BLACK
6
CONTINUOUS
10
0.6871722047244094
20
0.1349398818897638
11
0.6870663385826772
21
0.1349474015748031
0
LINE
8
BLACK
6
CONTINUOUS
10
0.6870663385826772
20
0.1349474015748031
11
0.686525748031496
21
0.1351542913385827
0
LINE
8
BLACK
6
CONTINUOUS
10
0.686525748031496
20
0.1351542913385827
11
0.6827762204724409
21
0.1370290551181102
0
LINE
8
BLACK
6
CONTINUOUS
10
0.6827762204724409
20
0.1370290551181102
11
0.6825281889763779
21
0.137185157480315
0
LINE
8
BLACK
6
CONTINUOUS
10
0.6825281889763779
20
0.137185157480315
11
0.6824562598425197
21
0.1372149606299213
0
LINE
8
BLACK
6
CONTINUOUS
10
0.6824562598425197
20
0.1372149606299213
11
0.6823752755905511
21
0.1372814566929134
0
LINE
8
BLACK
6
CONTINUOUS
10
0.6823752755905511
20
0.1372814566929134
11
0.6822863385826772
21
0.1373374015748031
0
LINE
8
BLACK
6
CONTINUOUS
10
0.6822863385826772
20
0.1373374015748031
11
0.6822351574803149
21
0.1373964173228346
0
LINE
8
BLACK
6
CONTINUOUS
10
0.6822351574803149
20
0.1373964173228346
11
0.6820088188976378
21
0.1375821653543307
0
LINE
8
BLACK
6
CONTINUOUS
10
0.6820088188976378
20
0.1375821653543307
11
0.6801340551181102
21
0.1394569291338583
0
LINE
8
BLACK
6
CONTINUOUS
10
0.6801340551181102
20
0.1394569291338583
11
0.6799482677165354
21
0.1396833070866142
0
LINE
8
BLACK
6
CONTINUOUS
10
0.6799482677165354
20
0.1396833070866142
11
0.6798892913385827
21
0.1397344488188976
0
LINE
8
BLACK
6
CONTINUOUS
10
0.6798892913385827
20
0.1397344488188976
11
0.6798333070866142
21
0.1398234251968504
0
LINE
8
BLACK
6
CONTINUOUS
10
0.6798333070866142
20
0.1398234251968504
11
0.6797668503937008
21
0.1399043700787402
0
LINE
8
BLACK
6
CONTINUOUS
10
0.6797668503937008
20
0.1399043700787402
11
0.6797370078740157
21
0.1399763385826772
0
LINE
8
BLACK
6
CONTINUOUS
10
0.6797370078740157
20
0.1399763385826772
11
0.6795809448818898
21
0.1402243307086614
0
LINE
8
BLACK
6
CONTINUOUS
10
0.6795809448818898
20
0.1402243307086614
11
0.6777061811023621
21
0.1439738582677165
0
LINE
8
BLACK
6
CONTINUOUS
10
0.6777061811023621
20
0.1439738582677165
11
0.6774992913385827
21
0.1445144881889764
0
LINE
8
BLACK
6
CONTINUOUS
10
0.6774992913385827
20
0.1445144881889764
11
0.6774917716535432
21
0.1446203149606299
0
LINE
8
BLACK
6
CONTINUOUS
10
0.6774917716535432
20
0.1446203149606299
11
0.6774511811023622
21
0.1447183070866142
0
LINE
8
BLACK
6
CONTINUOUS
10
0.6774511811023622
20
0.1447183070866142
11
0.6773944488188977
21
0.1452943700787402
0
LINE
8
BLACK
6
CONTINUOUS
10
0.6773944488188977
20
0.1452943700787402
11
0.6773944488188977
21
0.1575783858267716
0
LINE
8
BLACK
6
CONTINUOUS
10
0.6773944488188977
20
0.1575783858267716
11
0.6765013385826771
21
0.1566852755905512
0
LINE
8
BLACK
6
CONTINUOUS
10
0.6765013385826771
20
0.1566852755905512
11
0.675748031496063
21
0.1565354330708661
0
LINE
8
BLACK
6
CONTINUOUS
10
0.675748031496063
20
0.1565354330708661
11
0.644251968503937
21
0.1565354330708661
0
LINE
8
BLACK
6
CONTINUOUS
10
0.644251968503937
20
0.1565354330708661
11
0.6434986614173228
21
0.1566852755905512
0
LINE
8
BLACK
6
CONTINUOUS
10
0.6434986614173228
20
0.1566852755905512
11
0.6424333070866142
21
0.1577506299212598
0
LINE
8
BLACK
6
CONTINUOUS
10
0.6424333070866142
20
0.1577506299212598
11
0.6422834645669291
21
0.158503937007874
0
LINE
8
BLACK
6
CONTINUOUS
10
0.6422834645669291
20
0.158503937007874
11
0.6422834645669291
21
0.221496062992126
0
LINE
8
BLACK
6
CONTINUOUS
10
0.6422834645669291
20
0.221496062992126
11
0.6424333070866142
21
0.2222493700787402
0
LINE
8
BLACK
6
CONTINUOUS
10
0.6424333070866142
20
0.2222493700787402
11
0.6434986614173228
21
0.2233147244094488
0
LINE
8
BLACK
6
CONTINUOUS
10
0.6434986614173228
20
0.2233147244094488
11
0.644251968503937
21
0.2234645669291339
0
LINE
8
BLACK
6
CONTINUOUS
10
0.644251968503937
20
0.2234645669291339
11
0.675748031496063
21
0.2234645669291339
0
LINE
8
BLACK
6
CONTINUOUS
10
0.675748031496063
20
0.2234645669291339
11
0.6765013385826771
21
0.2233147244094488
0
LINE
8
BLACK
6
CONTINUOUS
10
0.6832999606299213
20
0.1459914173228346
11
0.6846487007874016
21
0.143293937007874
0
LINE
8
BLACK
6
CONTINUOUS
10
0.6846487007874016
20
0.143293937007874
11
0.6858458267716535
21
0.142096811023622
0
LINE
8
BLACK
6
CONTINUOUS
10
0.6858458267716535
20
0.142096811023622
11
0.6885433070866142
21
0.1407480708661417
0
LINE
8
BLACK
6
CONTINUOUS
10
0.6885433070866142
20
0.1407480708661417
11
0.6927735039370079
21
0.1407480708661417
0
LINE
8
BLACK
6
CONTINUOUS
10
0.6927735039370079
20
0.1407480708661417
11
0.6954709842519685
21
0.142096811023622
0
LINE
8
BLACK
6
CONTINUOUS
10
0.6954709842519685
20
0.142096811023622
11
0.6966681102362204
21
0.143293937007874
0
LINE
8
BLACK
6
CONTINUOUS
10
0.6966681102362204
20
0.143293937007874
11
0.6980168503937008
21
0.1459914173228346
0
LINE
8
BLACK
6
CONTINUOUS
10
0.6980168503937008
20
0.1459914173228346
11
0.6980168503937008
21
0.1573397244094488
0
LINE
8
BLACK
6
CONTINUOUS
10
0.6980168503937008
20
0.1573397244094488
11
0.6832999606299213
21
0.1573397244094488
0
LINE
8
BLACK
6
CONTINUOUS
10
0.6832999606299213
20
0.1573397244094488
11
0.6832999606299213
21
0.1459914173228346
0
LINE
8
BLACK
6
CONTINUOUS
10
0.6462204724409448
20
0.2195275590551181
11
0.6462204724409448
21
0.1604724409448819
0
LINE
8
BLACK
6
CONTINUOUS
10
0.6462204724409448
20
0.1604724409448819
11
0.6737795275590551
21
0.1604724409448819
0
LINE
8
BLACK
6
CONTINUOUS
10
0.6737795275590551
20
0.1604724409448819
11
0.6737795275590551
21
0.2195275590551181
0
LINE
8
BLACK
6
CONTINUOUS
10
0.6737795275590551
20
0.2195275590551181
11
0.6462204724409448
21
0.2195275590551181
0
LINE
8
BLACK
6
CONTINUOUS
10
0.7063596062992126
20
0.2114914960629921
11
0.7071742519685039
21
0.2106768503937008
0
LINE
8
BLACK
6
CONTINUOUS
10
0.7071742519685039
20
0.2106768503937008
11
0.7076151574803149
21
0.2096124409448819
0
LINE
8
BLACK
6
CONTINUOUS
10
0.7076151574803149
20
0.2096124409448819
11
0.7076718897637795
21
0.2090363779527559
0
LINE
8
BLACK
6
CONTINUOUS
10
0.7076718897637795
20
0.2090363779527559
11
0.7076718897637795
21
0.1790401181102362
0
LINE
8
BLACK
6
CONTINUOUS
10
0.7076718897637795
20
0.1790401181102362
11
0.7076151574803149
21
0.1784640551181102
0
LINE
8
BLACK
6
CONTINUOUS
10
0.7076151574803149
20
0.1784640551181102
11
0.7071742519685039
21
0.1773996456692913
0
LINE
8
BLACK
6
CONTINUOUS
10
0.7071742519685039
20
0.1773996456692913
11
0.7063596062992126
21
0.176585
0
LINE
8
BLACK
6
CONTINUOUS
10
0.7063596062992126
20
0.176585
11
0.7052951968503937
21
0.176144094488189
0
LINE
8
BLACK
6
CONTINUOUS
10
0.7052951968503937
20
0.176144094488189
11
0.7041430708661417
21
0.176144094488189
0
LINE
8
BLACK
6
CONTINUOUS
10
0.7041430708661417
20
0.176144094488189
11
0.7030786614173228
21
0.176585
0
LINE
8
BLACK
6
CONTINUOUS
10
0.7030786614173228
20
0.176585
11
0.7022640157480314
21
0.1773996456692913
0
LINE
8
BLACK
6
CONTINUOUS
10
0.7022640157480314
20
0.1773996456692913
11
0.7018231102362205
21
0.1784640551181102
0
LINE
8
BLACK
6
CONTINUOUS
10
0.7018231102362205
20
0.1784640551181102
11
0.7017663779527559
21
0.1790401181102362
0
LINE
8
BLACK
6
CONTINUOUS
10
0.7017663779527559
20
0.1790401181102362
11
0.7017663779527559
21
0.2090363779527559
0
LINE
8
BLACK
6
CONTINUOUS
10
0.7017663779527559
20
0.2090363779527559
11
0.7018231102362205
21
0.2096124409448819
0
LINE
8
BLACK
6
CONTINUOUS
10
0.7018231102362205
20
0.2096124409448819
11
0.7022640157480314
21
0.2106768503937008
0
LINE
8
BLACK
6
CONTINUOUS
10
0.7022640157480314
20
0.2106768503937008
11
0.7030786614173228
21
0.2114914960629921
0
LINE
8
BLACK
6
CONTINUOUS
10
0.7030786614173228
20
0.2114914960629921
11
0.7041430708661417
21
0.2119324015748031
0
LINE
8
BLACK
6
CONTINUOUS
10
0.7041430708661417
20
0.2119324015748031
11
0.7052951968503937
21
0.2119324015748031
0
LINE
8
BLACK
6
CONTINUOUS
10
0.7052951968503937
20
0.2119324015748031
11
0.7063596062992126
21
0.2114914960629921
0
LINE
8
BLACK
6
CONTINUOUS
10
0.4671707480314961
20
0.2087205511811024
11
0.4673651574803149
21
0.2087205511811024
0
LINE
8
BLACK
6
CONTINUOUS
10
0.4673651574803149
20
0.2087205511811024
11
0.4675595669291339
21
0.2085261417322835
0
LINE
8
BLACK
6
CONTINUOUS
10
0.4675595669291339
20
0.2085261417322835
11
0.4678053937007874
21
0.2084032283464567
0
LINE
8
BLACK
6
CONTINUOUS
10
0.4678053937007874
20
0.2084032283464567
11
0.4678668503937008
21
0.2082188582677165
0
LINE
8
BLACK
6
CONTINUOUS
10
0.4678668503937008
20
0.2082188582677165
11
0.4680043307086614
21
0.2080813779527559
0
LINE
8
BLACK
6
CONTINUOUS
10
0.4680043307086614
20
0.2080813779527559
11
0.4680942519685039
21
0.2076293700787402
0
LINE
8
BLACK
6
CONTINUOUS
10
0.4680942519685039
20
0.2076293700787402
11
0.4680942519685039
21
0.2013114173228346
0
LINE
8
BLACK
6
CONTINUOUS
10
0.4680942519685039
20
0.2013114173228346
11
0.4721624803149606
21
0.2013114173228346
0
LINE
8
BLACK
6
CONTINUOUS
10
0.4721624803149606
20
0.2013114173228346
11
0.4726144881889764
21
0.2012214960629921
0
LINE
8
BLACK
6
CONTINUOUS
10
0.4726144881889764
20
0.2012214960629921
11
0.4732536614173228
21
0.2005823228346457
0
LINE
8
BLACK
6
CONTINUOUS
10
0.4732536614173228
20
0.2005823228346457
11
0.4732536614173228
21
0.1996783070866142
0
LINE
8
BLACK
6
CONTINUOUS
10
0.4732536614173228
20
0.1996783070866142
11
0.4726144881889764
21
0.1990391338582677
0
LINE
8
BLACK
6
CONTINUOUS
10
0.4726144881889764
20
0.1990391338582677
11
0.4721624803149606
21
0.1989492125984252
0
LINE
8
BLACK
6
CONTINUOUS
10
0.4721624803149606
20
0.1989492125984252
11
0.4680942519685039
21
0.1989492125984252
0
LINE
8
BLACK
6
CONTINUOUS
10
0.4680942519685039
20
0.1989492125984252
11
0.4680942519685039
21
0.1978805905511811
0
LINE
8
BLACK
6
CONTINUOUS
10
0.4680942519685039
20
0.1978805905511811
11
0.4680043307086614
21
0.1974285826771653
0
LINE
8
BLACK
6
CONTINUOUS
10
0.4680043307086614
20
0.1974285826771653
11
0.4673651574803149
21
0.1967894094488189
0
LINE
8
BLACK
6
CONTINUOUS
10
0.4673651574803149
20
0.1967894094488189
11
0.4664611417322835
21
0.1967894094488189
0
LINE
8
BLACK
6
CONTINUOUS
10
0.4664611417322835
20
0.1967894094488189
11
0.465821968503937
21
0.1974285826771653
0
LINE
8
BLACK
6
CONTINUOUS
10
0.465821968503937
20
0.1974285826771653
11
0.4657320472440945
21
0.1978805905511811
0
LINE
8
BLACK
6
CONTINUOUS
10
0.4657320472440945
20
0.1978805905511811
11
0.4657320472440945
21
0.1989492125984252
0
LINE
8
BLACK
6
CONTINUOUS
10
0.4657320472440945
20
0.1989492125984252
11
0.461663779527559
21
0.1989492125984252
0
LINE
8
BLACK
6
CONTINUOUS
10
0.461663779527559
20
0.1989492125984252
11
0.4612117716535433
21
0.1990391338582677
0
LINE
8
BLACK
6
CONTINUOUS
10
0.4612117716535433
20
0.1990391338582677
11
0.4605725984251968
21
0.1996783070866142
0
LINE
8
BLACK
6
CONTINUOUS
10
0.4605725984251968
20
0.1996783070866142
11
0.4605725984251968
21
0.2005823228346457
0
LINE
8
BLACK
6
CONTINUOUS
10
0.4605725984251968
20
0.2005823228346457
11
0.4612117716535433
21
0.2012214960629921
0
LINE
8
BLACK
6
CONTINUOUS
10
0.4612117716535433
20
0.2012214960629921
11
0.461663779527559
21
0.2013114173228346
0
LINE
8
BLACK
6
CONTINUOUS
10
0.461663779527559
20
0.2013114173228346
11
0.4657320472440945
21
0.2013114173228346
0
LINE
8
BLACK
6
CONTINUOUS
10
0.4657320472440945
20
0.2013114173228346
11
0.4657320472440945
21
0.2059907086614173
0
LINE
8
BLACK
6
CONTINUOUS
10
0.4657320472440945
20
0.2059907086614173
11
0.4560380708661417
21
0.2027593700787401
0
LINE
8
BLACK
6
CONTINUOUS
10
0.4560380708661417
20
0.2027593700787401
11
0.4555808267716535
21
0.2027017322834646
0
LINE
8
BLACK
6
CONTINUOUS
10
0.4555808267716535
20
0.2027017322834646
11
0.4547723228346456
21
0.2031059842519685
0
LINE
8
BLACK
6
CONTINUOUS
10
0.4547723228346456
20
0.2031059842519685
11
0.4544864566929134
21
0.2039635826771654
0
LINE
8
BLACK
6
CONTINUOUS
10
0.4544864566929134
20
0.2039635826771654
11
0.4548907086614173
21
0.2047720866141732
0
LINE
8
BLACK
6
CONTINUOUS
10
0.4548907086614173
20
0.2047720866141732
11
0.455291062992126
21
0.2050003149606299
0
LINE
8
BLACK
6
CONTINUOUS
10
0.455291062992126
20
0.2050003149606299
11
0.4665396456692913
21
0.208749842519685
0
LINE
8
BLACK
6
CONTINUOUS
10
0.4665396456692913
20
0.208749842519685
11
0.4669968897637795
21
0.2088074803149606
0
LINE
8
BLACK
6
CONTINUOUS
10
0.4669968897637795
20
0.2088074803149606
11
0.4671707480314961
21
0.2087205511811024
0
LINE
8
BLACK
6
CONTINUOUS
10
0.4655553149606299
20
0.2245302755905512
11
0.4656998031496063
21
0.2245232283464567
0
LINE
8
BLACK
6
CONTINUOUS
10
0.4656998031496063
20
0.2245232283464567
11
0.4686994094488189
21
0.2237733070866142
0
LINE
8
BLACK
6
CONTINUOUS
10
0.4686994094488189
20
0.2237733070866142
11
0.4688163385826771
21
0.2237180708661417
0
LINE
8
BLACK
6
CONTINUOUS
10
0.4688163385826771
20
0.2237180708661417
11
0.4689411417322835
21
0.2236838976377953
0
LINE
8
BLACK
6
CONTINUOUS
10
0.4689411417322835
20
0.2236838976377953
11
0.4704409448818898
21
0.2229340157480315
0
LINE
8
BLACK
6
CONTINUOUS
10
0.4704409448818898
20
0.2229340157480315
11
0.4705904330708661
21
0.2228179921259842
0
LINE
8
BLACK
6
CONTINUOUS
10
0.4705904330708661
20
0.2228179921259842
11
0.4707479133858268
21
0.2227127559055118
0
LINE
8
BLACK
6
CONTINUOUS
10
0.4707479133858268
20
0.2227127559055118
11
0.4722477559055118
21
0.2212129921259842
0
LINE
8
BLACK
6
CONTINUOUS
10
0.4722477559055118
20
0.2212129921259842
11
0.4722806299212599
21
0.2211637795275591
0
LINE
8
BLACK
6
CONTINUOUS
10
0.4722806299212599
20
0.2211637795275591
11
0.472304842519685
21
0.2211516535433071
0
LINE
8
BLACK
6
CONTINUOUS
10
0.472304842519685
20
0.2211516535433071
11
0.4723986220472441
21
0.2209871653543307
0
LINE
8
BLACK
6
CONTINUOUS
10
0.4723986220472441
20
0.2209871653543307
11
0.4725037795275591
21
0.2208297637795276
0
LINE
8
BLACK
6
CONTINUOUS
10
0.4725037795275591
20
0.2208297637795276
11
0.4725037795275591
21
0.2208027559055118
0
LINE
8
BLACK
6
CONTINUOUS
10
0.4725037795275591
20
0.2208027559055118
11
0.4725331102362205
21
0.2207512992125984
0
LINE
8
BLACK
6
CONTINUOUS
10
0.4725331102362205
20
0.2207512992125984
11
0.4732829921259842
21
0.2185015354330709
0
LINE
8
BLACK
6
CONTINUOUS
10
0.4732829921259842
20
0.2185015354330709
11
0.4733066141732283
21
0.2183137401574803
0
LINE
8
BLACK
6
CONTINUOUS
10
0.4733066141732283
20
0.2183137401574803
11
0.4733435826771654
21
0.2181280708661417
0
LINE
8
BLACK
6
CONTINUOUS
10
0.4733435826771654
20
0.2181280708661417
11
0.4733435826771654
21
0.2166282283464567
0
LINE
8
BLACK
6
CONTINUOUS
10
0.4733435826771654
20
0.2166282283464567
11
0.4733066535433071
21
0.2164426377952756
0
LINE
8
BLACK
6
CONTINUOUS
10
0.4733066535433071
20
0.2164426377952756
11
0.4732829921259842
21
0.2162547244094488
0
LINE
8
BLACK
6
CONTINUOUS
10
0.4732829921259842
20
0.2162547244094488
11
0.4725331102362205
21
0.2140050393700787
0
LINE
8
BLACK
6
CONTINUOUS
10
0.4725331102362205
20
0.2140050393700787
11
0.4725038188976378
21
0.2139537007874016
0
LINE
8
BLACK
6
CONTINUOUS
10
0.4725038188976378
20
0.2139537007874016
11
0.4725038188976378
21
0.2139265748031496
0
LINE
8
BLACK
6
CONTINUOUS
10
0.4725038188976378
20
0.2139265748031496
11
0.4723985433070866
21
0.213769094488189
0
LINE
8
BLACK
6
CONTINUOUS
10
0.4723985433070866
20
0.213769094488189
11
0.472304842519685
21
0.2136046850393701
0
LINE
8
BLACK
6
CONTINUOUS
10
0.472304842519685
20
0.2136046850393701
11
0.4722805905511811
21
0.2135925984251968
0
LINE
8
BLACK
6
CONTINUOUS
10
0.4722805905511811
20
0.2135925984251968
11
0.4722477559055118
21
0.2135433858267717
0
LINE
8
BLACK
6
CONTINUOUS
10
0.4722477559055118
20
0.2135433858267717
11
0.4714978346456693
21
0.2127934645669291
0
LINE
8
BLACK
6
CONTINUOUS
10
0.4714978346456693
20
0.2127934645669291
11
0.4711146456692913
21
0.2125374409448819
0
LINE
8
BLACK
6
CONTINUOUS
10
0.4711146456692913
20
0.2125374409448819
11
0.4702107086614173
21
0.2125374409448819
0
LINE
8
BLACK
6
CONTINUOUS
10
0.4702107086614173
20
0.2125374409448819
11
0.4695714960629921
21
0.2131766535433071
0
LINE
8
BLACK
6
CONTINUOUS
10
0.4695714960629921
20
0.2131766535433071
11
0.4695714960629921
21
0.2140805905511811
0
LINE
8
BLACK
6
CONTINUOUS
10
0.4695714960629921
20
0.2140805905511811
11
0.4698275196850394
21
0.214463779527559
0
LINE
8
BLACK
6
CONTINUOUS
10
0.4698275196850394
20
0.214463779527559
11
0.4703801968503937
21
0.2150164960629921
0
LINE
8
BLACK
6
CONTINUOUS
10
0.4703801968503937
20
0.2150164960629921
11
0.4709813779527559
21
0.2168199606299213
0
LINE
8
BLACK
6
CONTINUOUS
10
0.4709813779527559
20
0.2168199606299213
11
0.4709813779527559
21
0.2179363779527559
0
LINE
8
BLACK
6
CONTINUOUS
10
0.4709813779527559
20
0.2179363779527559
11
0.4703801968503937
21
0.219739842519685
0
LINE
8
BLACK
6
CONTINUOUS
10
0.4703801968503937
20
0.219739842519685
11
0.4692131496062992
21
0.2209068897637795
0
LINE
8
BLACK
6
CONTINUOUS
10
0.4692131496062992
20
0.2209068897637795
11
0.4680006692913385
21
0.2215131496062992
0
LINE
8
BLACK
6
CONTINUOUS
10
0.4680006692913385
20
0.2215131496062992
11
0.4652679921259842
21
0.2221962992125984
0
LINE
8
BLACK
6
CONTINUOUS
10
0.4652679921259842
20
0.2221962992125984
11
0.4633089763779528
21
0.2221962992125984
0
LINE
8
BLACK
6
CONTINUOUS
10
0.4633089763779528
20
0.2221962992125984
11
0.460576220472441
21
0.2215131102362205
0
LINE
8
BLACK
6
CONTINUOUS
10
0.460576220472441
20
0.2215131102362205
11
0.4593638188976378
21
0.2209069291338583
0
LINE
8
BLACK
6
CONTINUOUS
10
0.4593638188976378
20
0.2209069291338583
11
0.4581966535433071
21
0.2197398031496063
0
LINE
8
BLACK
6
CONTINUOUS
10
0.4581966535433071
20
0.2197398031496063
11
0.4575955511811023
21
0.2179364566929134
0
LINE
8
BLACK
6
CONTINUOUS
10
0.4575955511811023
20
0.2179364566929134
11
0.4575955511811023
21
0.2168198818897638
0
LINE
8
BLACK
6
CONTINUOUS
10
0.4575955511811023
20
0.2168198818897638
11
0.4581966535433071
21
0.2150166141732283
0
LINE
8
BLACK
6
CONTINUOUS
10
0.4581966535433071
20
0.2150166141732283
11
0.4587494488188976
21
0.214463779527559
0
LINE
8
BLACK
6
CONTINUOUS
10
0.4587494488188976
20
0.214463779527559
11
0.4590054724409449
21
0.2140805511811024
0
LINE
8
BLACK
6
CONTINUOUS
10
0.4590054724409449
20
0.2140805511811024
11
0.4590054330708661
21
0.2131766535433071
0
LINE
8
BLACK
6
CONTINUOUS
10
0.4590054330708661
20
0.2131766535433071
11
0.4583661811023622
21
0.2125374015748031
0
LINE
8
BLACK
6
CONTINUOUS
10
0.4583661811023622
20
0.2125374015748031
11
0.4574622440944882
21
0.2125374409448819
0
LINE
8
BLACK
6
CONTINUOUS
10
0.4574622440944882
20
0.2125374409448819
11
0.4570790551181102
21
0.2127935039370079
0
LINE
8
BLACK
6
CONTINUOUS
10
0.4570790551181102
20
0.2127935039370079
11
0.4563291732283464
21
0.2135433858267717
0
LINE
8
BLACK
6
CONTINUOUS
10
0.4563291732283464
20
0.2135433858267717
11
0.4562962598425196
21
0.2135926377952756
0
LINE
8
BLACK
6
CONTINUOUS
10
0.4562962598425196
20
0.2135926377952756
11
0.4562721259842519
21
0.2136046850393701
0
LINE
8
BLACK
6
CONTINUOUS
10
0.4562721259842519
20
0.2136046850393701
11
0.4561785039370079
21
0.213768937007874
0
LINE
8
BLACK
6
CONTINUOUS
10
0.4561785039370079
20
0.213768937007874
11
0.4560731496062992
21
0.2139266141732283
0
LINE
8
BLACK
6
CONTINUOUS
10
0.4560731496062992
20
0.2139266141732283
11
0.4560731496062992
21
0.2139537401574803
0
LINE
8
BLACK
6
CONTINUOUS
10
0.4560731496062992
20
0.2139537401574803
11
0.4560438976377953
21
0.2140050393700787
0
LINE
8
BLACK
6
CONTINUOUS
10
0.4560438976377953
20
0.2140050393700787
11
0.4552939763779528
21
0.2162547244094488
0
LINE
8
BLACK
6
CONTINUOUS
10
0.4552939763779528
20
0.2162547244094488
11
0.4552703149606299
21
0.2164423622047244
0
LINE
8
BLACK
6
CONTINUOUS
10
0.4552703149606299
20
0.2164423622047244
11
0.4552333464566929
21
0.2166282283464567
0
LINE
8
BLACK
6
CONTINUOUS
10
0.4552333464566929
20
0.2166282283464567
11
0.4552333464566929
21
0.2181280708661417
0
LINE
8
BLACK
6
CONTINUOUS
10
0.4552333464566929
20
0.2181280708661417
11
0.4552703149606299
21
0.2183139763779527
0
LINE
8
BLACK
6
CONTINUOUS
10
0.4552703149606299
20
0.2183139763779527
11
0.4552939763779528
21
0.2185015748031496
0
LINE
8
BLACK
6
CONTINUOUS
10
0.4552939763779528
20
0.2185015748031496
11
0.4560438976377953
21
0.2207512992125984
0
LINE
8
BLACK
6
CONTINUOUS
10
0.4560438976377953
20
0.2207512992125984
11
0.4560731889763779
21
0.2208027165354331
0
LINE
8
BLACK
6
CONTINUOUS
10
0.4560731889763779
20
0.2208027165354331
11
0.4560731889763779
21
0.2208297637795276
0
LINE
8
BLACK
6
CONTINUOUS
10
0.4560731889763779
20
0.2208297637795276
11
0.4561783464566929
21
0.2209872047244094
0
LINE
8
BLACK
6
CONTINUOUS
10
0.4561783464566929
20
0.2209872047244094
11
0.4562721259842519
21
0.2211516535433071
0
LINE
8
BLACK
6
CONTINUOUS
10
0.4562721259842519
20
0.2211516535433071
11
0.4562963385826772
21
0.2211637795275591
0
LINE
8
BLACK
6
CONTINUOUS
10
0.4562963385826772
20
0.2211637795275591
11
0.4563292125984252
21
0.2212129527559055
0
LINE
8
BLACK
6
CONTINUOUS
10
0.4563292125984252
20
0.2212129527559055
11
0.4578289763779527
21
0.2227127559055118
0
LINE
8
BLACK
6
CONTINUOUS
10
0.4578289763779527
20
0.2227127559055118
11
0.4579863385826772
21
0.2228179133858268
0
LINE
8
BLACK
6
CONTINUOUS
10
0.4579863385826772
20
0.2228179133858268
11
0.4581359842519685
21
0.2229340157480315
0
LINE
8
BLACK
6
CONTINUOUS
10
0.4581359842519685
20
0.2229340157480315
11
0.4596357874015748
21
0.2236838976377953
0
LINE
8
BLACK
6
CONTINUOUS
10
0.4596357874015748
20
0.2236838976377953
11
0.4597605511811024
21
0.2237180708661417
0
LINE
8
BLACK
6
CONTINUOUS
10
0.4597605511811024
20
0.2237180708661417
11
0.4598775196850394
21
0.2237733070866142
0
LINE
8
BLACK
6
CONTINUOUS
10
0.4598775196850394
20
0.2237733070866142
11
0.4628771653543307
21
0.2245232283464567
0
LINE
8
BLACK
6
CONTINUOUS
10
0.4628771653543307
20
0.2245232283464567
11
0.4630216141732283
21
0.2245302755905512
0
LINE
8
BLACK
6
CONTINUOUS
10
0.4630216141732283
20
0.2245302755905512
11
0.4631636220472441
21
0.2245585039370079
0
LINE
8
BLACK
6
CONTINUOUS
10
0.4631636220472441
20
0.2245585039370079
11
0.4654133464566929
21
0.2245585039370079
0
LINE
8
BLACK
6
CONTINUOUS
10
0.4654133464566929
20
0.2245585039370079
11
0.4655553149606299
21
0.2245302755905512
0
LINE
8
BLACK
6
CONTINUOUS
10
0.4815013385826771
20
0.2443186614173228
11
0.4825666929133858
21
0.2432533070866142
0
LINE
8
BLACK
6
CONTINUOUS
10
0.4825666929133858
20
0.2432533070866142
11
0.4827165354330709
21
0.2425
0
LINE
8
BLACK
6
CONTINUOUS
10
0.4827165354330709
20
0.2425
11
0.4827165354330709
21
0.179507874015748
0
LINE
8
BLACK
6
CONTINUOUS
10
0.4827165354330709
20
0.179507874015748
11
0.4825666929133858
21
0.1787545669291339
0
LINE
8
BLACK
6
CONTINUOUS
10
0.4825666929133858
20
0.1787545669291339
11
0.4815013385826771
21
0.1776892125984252
0
LINE
8
BLACK
6
CONTINUOUS
10
0.4815013385826771
20
0.1776892125984252
11
0.480748031496063
21
0.1775393700787402
0
LINE
8
BLACK
6
CONTINUOUS
10
0.480748031496063
20
0.1775393700787402
11
0.449251968503937
21
0.1775393700787402
0
LINE
8
BLACK
6
CONTINUOUS
10
0.449251968503937
20
0.1775393700787402
11
0.4484986614173228
21
0.1776892125984252
0
LINE
8
BLACK
6
CONTINUOUS
10
0.4484986614173228
20
0.1776892125984252
11
0.4474333070866142
21
0.1787545669291339
0
LINE
8
BLACK
6
CONTINUOUS
10
0.4474333070866142
20
0.1787545669291339
11
0.4472834645669291
21
0.179507874015748
0
LINE
8
BLACK
6
CONTINUOUS
10
0.4472834645669291
20
0.179507874015748
11
0.4472834645669291
21
0.2425
0
LINE
8
BLACK
6
CONTINUOUS
10
0.4472834645669291
20
0.2425
11
0.4474333070866142
21
0.2432533070866142
0
LINE
8
BLACK
6
CONTINUOUS
10
0.4474333070866142
20
0.2432533070866142
11
0.4484986614173228
21
0.2443186614173228
0
LINE
8
BLACK
6
CONTINUOUS
10
0.4484986614173228
20
0.2443186614173228
11
0.449251968503937
21
0.2444685039370079
0
LINE
8
BLACK
6
CONTINUOUS
10
0.449251968503937
20
0.2444685039370079
11
0.480748031496063
21
0.2444685039370079
0
LINE
8
BLACK
6
CONTINUOUS
10
0.480748031496063
20
0.2444685039370079
11
0.4815013385826771
21
0.2443186614173228
0
LINE
8
BLACK
6
CONTINUOUS
10
0.4512204724409449
20
0.2405314960629921
11
0.4512204724409449
21
0.1814763779527559
0
LINE
8
BLACK
6
CONTINUOUS
10
0.4512204724409449
20
0.1814763779527559
11
0.4787795275590551
21
0.1814763779527559
0
LINE
8
BLACK
6
CONTINUOUS
10
0.4787795275590551
20
0.1814763779527559
11
0.4787795275590551
21
0.2405314960629921
0
LINE
8
BLACK
6
CONTINUOUS
10
0.4787795275590551
20
0.2405314960629921
11
0.4512204724409449
21
0.2405314960629921
0
LINE
8
BLACK
6
CONTINUOUS
10
0.3518154330708662
20
0.252095905511811
11
0.3526144094488189
21
0.2512969291338583
0
LINE
8
BLACK
6
CONTINUOUS
10
0.3526144094488189
20
0.2512969291338583
11
0.3526144094488189
21
0.2501669291338582
0
LINE
8
BLACK
6
CONTINUOUS
10
0.3526144094488189
20
0.2501669291338582
11
0.3518154330708662
21
0.2493679527559055
0
LINE
8
BLACK
6
CONTINUOUS
10
0.3518154330708662
20
0.2493679527559055
11
0.3512504330708661
21
0.2492555511811023
0
LINE
8
BLACK
6
CONTINUOUS
10
0.3512504330708661
20
0.2492555511811023
11
0.3423180708661417
21
0.2492555511811023
0
LINE
8
BLACK
6
CONTINUOUS
10
0.3423180708661417
20
0.2492555511811023
11
0.3467372440944882
21
0.2442050787401575
0
LINE
8
BLACK
6
CONTINUOUS
10
0.3467372440944882
20
0.2442050787401575
11
0.3469466929133858
21
0.2438412992125984
0
LINE
8
BLACK
6
CONTINUOUS
10
0.3469466929133858
20
0.2438412992125984
11
0.3469901181102362
21
0.243797874015748
0
LINE
8
BLACK
6
CONTINUOUS
10
0.3469901181102362
20
0.243797874015748
11
0.3469901181102362
21
0.243765905511811
0
LINE
8
BLACK
6
CONTINUOUS
10
0.3469901181102362
20
0.243765905511811
11
0.3470246850393701
21
0.2437058661417323
0
LINE
8
BLACK
6
CONTINUOUS
10
0.3470246850393701
20
0.2437058661417323
11
0.3469901181102362
21
0.2431873622047244
0
LINE
8
BLACK
6
CONTINUOUS
10
0.3469901181102362
20
0.2431873622047244
11
0.3469901181102362
21
0.242667874015748
0
LINE
8
BLACK
6
CONTINUOUS
10
0.3469901181102362
20
0.242667874015748
11
0.3469529921259842
21
0.2426307874015748
0
LINE
8
BLACK
6
CONTINUOUS
10
0.3469529921259842
20
0.2426307874015748
11
0.3469495275590551
21
0.2425784251968504
0
LINE
8
BLACK
6
CONTINUOUS
10
0.3469495275590551
20
0.2425784251968504
11
0.3465586614173228
21
0.2422364173228346
0
LINE
8
BLACK
6
CONTINUOUS
10
0.3465586614173228
20
0.2422364173228346
11
0.3461911417322834
21
0.2418688976377953
0
LINE
8
BLACK
6
CONTINUOUS
10
0.3461911417322834
20
0.2418688976377953
11
0.3461231889763779
21
0.2418553937007874
0
LINE
8
BLACK
6
CONTINUOUS
10
0.3461231889763779
20
0.2418553937007874
11
0.3460991338582677
21
0.2418343307086614
0
LINE
8
BLACK
6
CONTINUOUS
10
0.3460991338582677
20
0.2418343307086614
11
0.346037874015748
21
0.2418384251968504
0
LINE
8
BLACK
6
CONTINUOUS
10
0.346037874015748
20
0.2418384251968504
11
0.3456261417322835
21
0.2417564960629921
0
LINE
8
BLACK
6
CONTINUOUS
10
0.3456261417322835
20
0.2417564960629921
11
0.3431625196850394
21
0.2417564960629921
0
LINE
8
BLACK
6
CONTINUOUS
10
0.3431625196850394
20
0.2417564960629921
11
0.3418137401574803
21
0.241082125984252
0
LINE
8
BLACK
6
CONTINUOUS
10
0.3418137401574803
20
0.241082125984252
11
0.3412151968503937
21
0.2404835433070866
0
LINE
8
BLACK
6
CONTINUOUS
10
0.3412151968503937
20
0.2404835433070866
11
0.3405408267716535
21
0.2391348031496063
0
LINE
8
BLACK
6
CONTINUOUS
10
0.3405408267716535
20
0.2391348031496063
11
0.3405408267716535
21
0.235145
0
LINE
8
BLACK
6
CONTINUOUS
10
0.3405408267716535
20
0.235145
11
0.3412152362204725
21
0.2337961811023622
0
LINE
8
BLACK
6
CONTINUOUS
10
0.3412152362204725
20
0.2337961811023622
11
0.341813779527559
21
0.2331975984251969
0
LINE
8
BLACK
6
CONTINUOUS
10
0.341813779527559
20
0.2331975984251969
11
0.3431624803149606
21
0.2325232677165354
0
LINE
8
BLACK
6
CONTINUOUS
10
0.3431624803149606
20
0.2325232677165354
11
0.3480897637795276
21
0.2325232677165354
0
LINE
8
BLACK
6
CONTINUOUS
10
0.3480897637795276
20
0.2325232677165354
11
0.3494384251968504
21
0.2331976377952756
0
LINE
8
BLACK
6
CONTINUOUS
10
0.3494384251968504
20
0.2331976377952756
11
0.3502064566929134
21
0.2339655905511811
0
LINE
8
BLACK
6
CONTINUOUS
10
0.3502064566929134
20
0.2339655905511811
11
0.3506854724409449
21
0.2342856299212598
0
LINE
8
BLACK
6
CONTINUOUS
10
0.3506854724409449
20
0.2342856299212598
11
0.3518153937007874
21
0.2342856299212598
0
LINE
8
BLACK
6
CONTINUOUS
10
0.3518153937007874
20
0.2342856299212598
11
0.3526144094488189
21
0.2334866141732283
0
LINE
8
BLACK
6
CONTINUOUS
10
0.3526144094488189
20
0.2334866141732283
11
0.3526144094488189
21
0.2323566929133858
0
LINE
8
BLACK
6
CONTINUOUS
10
0.3526144094488189
20
0.2323566929133858
11
0.3522943700787401
21
0.2318776771653543
0
LINE
8
BLACK
6
CONTINUOUS
10
0.3522943700787401
20
0.2318776771653543
11
0.3513570078740157
21
0.2309402755905512
0
LINE
8
BLACK
6
CONTINUOUS
10
0.3513570078740157
20
0.2309402755905512
11
0.35116
21
0.2308087007874016
0
LINE
8
BLACK
6
CONTINUOUS
10
0.35116
20
0.2308087007874016
11
0.3509732677165354
21
0.2306637401574803
0
LINE
8
BLACK
6
CONTINUOUS
10
0.3509732677165354
20
0.2306637401574803
11
0.3490985039370079
21
0.2297263779527559
0
LINE
8
BLACK
6
CONTINUOUS
10
0.3490985039370079
20
0.2297263779527559
11
0.3490272047244095
21
0.2297068897637795
0
LINE
8
BLACK
6
CONTINUOUS
10
0.3490272047244095
20
0.2297068897637795
11
0.3490032677165354
21
0.2296829133858268
0
LINE
8
BLACK
6
CONTINUOUS
10
0.3490032677165354
20
0.2296829133858268
11
0.348770905511811
21
0.2296367322834646
0
LINE
8
BLACK
6
CONTINUOUS
10
0.348770905511811
20
0.2296367322834646
11
0.348542874015748
21
0.2295742519685039
0
LINE
8
BLACK
6
CONTINUOUS
10
0.348542874015748
20
0.2295742519685039
11
0.3485107874015748
21
0.2295849606299213
0
LINE
8
BLACK
6
CONTINUOUS
10
0.3485107874015748
20
0.2295849606299213
11
0.3484382677165354
21
0.2295705118110236
0
LINE
8
BLACK
6
CONTINUOUS
10
0.3484382677165354
20
0.2295705118110236
11
0.3428139763779527
21
0.2295705118110236
0
LINE
8
BLACK
6
CONTINUOUS
10
0.3428139763779527
20
0.2295705118110236
11
0.3427413779527559
21
0.2295849606299213
0
LINE
8
BLACK
6
CONTINUOUS
10
0.3427413779527559
20
0.2295849606299213
11
0.3427093307086614
21
0.2295742519685039
0
LINE
8
BLACK
6
CONTINUOUS
10
0.3427093307086614
20
0.2295742519685039
11
0.3424811417322834
21
0.2296367322834646
0
LINE
8
BLACK
6
CONTINUOUS
10
0.3424811417322834
20
0.2296367322834646
11
0.3422489763779528
21
0.2296829133858268
0
LINE
8
BLACK
6
CONTINUOUS
10
0.3422489763779528
20
0.2296829133858268
11
0.3422250393700788
21
0.2297068503937008
0
LINE
8
BLACK
6
CONTINUOUS
10
0.3422250393700788
20
0.2297068503937008
11
0.3421537007874016
21
0.2297263779527559
0
LINE
8
BLACK
6
CONTINUOUS
10
0.3421537007874016
20
0.2297263779527559
11
0.3402789763779527
21
0.2306637401574803
0
LINE
8
BLACK
6
CONTINUOUS
10
0.3402789763779527
20
0.2306637401574803
11
0.3400920866141732
21
0.230808779527559
0
LINE
8
BLACK
6
CONTINUOUS
10
0.3400920866141732
20
0.230808779527559
11
0.3398952362204724
21
0.2309403149606299
0
LINE
8
BLACK
6
CONTINUOUS
10
0.3398952362204724
20
0.2309403149606299
11
0.338957874015748
21
0.2318777165354331
0
LINE
8
BLACK
6
CONTINUOUS
10
0.338957874015748
20
0.2318777165354331
11
0.3388264173228346
21
0.2320744488188976
0
LINE
8
BLACK
6
CONTINUOUS
10
0.3388264173228346
20
0.2320744488188976
11
0.3386813385826772
21
0.2322613779527559
0
LINE
8
BLACK
6
CONTINUOUS
10
0.3386813385826772
20
0.2322613779527559
11
0.337743937007874
21
0.2341361417322834
0
LINE
8
BLACK
6
CONTINUOUS
10
0.337743937007874
20
0.2341361417322834
11
0.3377243700787402
21
0.2342075196850394
0
LINE
8
BLACK
6
CONTINUOUS
10
0.3377243700787402
20
0.2342075196850394
11
0.3377004724409449
21
0.2342314173228346
0
LINE
8
BLACK
6
CONTINUOUS
10
0.3377004724409449
20
0.2342314173228346
11
0.3376542519685039
21
0.2344636220472441
0
LINE
8
BLACK
6
CONTINUOUS
10
0.3376542519685039
20
0.2344636220472441
11
0.337591811023622
21
0.2346917716535433
0
LINE
8
BLACK
6
CONTINUOUS
10
0.337591811023622
20
0.2346917716535433
11
0.3376024803149606
21
0.2347238976377953
0
LINE
8
BLACK
6
CONTINUOUS
10
0.3376024803149606
20
0.2347238976377953
11
0.3375880708661417
21
0.2347964173228346
0
LINE
8
BLACK
6
CONTINUOUS
10
0.3375880708661417
20
0.2347964173228346
11
0.3375880708661417
21
0.2394833464566929
0
LINE
8
BLACK
6
CONTINUOUS
10
0.3375880708661417
20
0.2394833464566929
11
0.3376024803149606
21
0.239555905511811
0
LINE
8
BLACK
6
CONTINUOUS
10
0.3376024803149606
20
0.239555905511811
11
0.337591811023622
21
0.2395879921259843
0
LINE
8
BLACK
6
CONTINUOUS
10
0.337591811023622
20
0.2395879921259843
11
0.3376542519685039
21
0.2398161811023622
0
LINE
8
BLACK
6
CONTINUOUS
10
0.3376542519685039
20
0.2398161811023622
11
0.3377004724409449
21
0.2400483464566929
0
LINE
8
BLACK
6
CONTINUOUS
10
0.3377004724409449
20
0.2400483464566929
11
0.3377243700787402
21
0.2400722834645669
0
LINE
8
BLACK
6
CONTINUOUS
10
0.3377243700787402
20
0.2400722834645669
11
0.337743937007874
21
0.2401436220472441
0
LINE
8
BLACK
6
CONTINUOUS
10
0.337743937007874
20
0.2401436220472441
11
0.3386813385826772
21
0.2420183858267717
0
LINE
8
BLACK
6
CONTINUOUS
10
0.3386813385826772
20
0.2420183858267717
11
0.3388263385826771
21
0.2422052755905512
0
LINE
8
BLACK
6
CONTINUOUS
10
0.3388263385826771
20
0.2422052755905512
11
0.338957874015748
21
0.2424020866141732
0
LINE
8
BLACK
6
CONTINUOUS
10
0.338957874015748
20
0.2424020866141732
11
0.3398952362204724
21
0.2433394094488189
0
LINE
8
BLACK
6
CONTINUOUS
10
0.3398952362204724
20
0.2433394094488189
11
0.3400918503937008
21
0.2434707874015748
0
LINE
8
BLACK
6
CONTINUOUS
10
0.3400918503937008
20
0.2434707874015748
11
0.340278937007874
21
0.2436159842519685
0
LINE
8
BLACK
6
CONTINUOUS
10
0.340278937007874
20
0.2436159842519685
11
0.3421537007874016
21
0.2445533858267716
0
LINE
8
BLACK
6
CONTINUOUS
10
0.3421537007874016
20
0.2445533858267716
11
0.3422250393700788
21
0.2445729527559055
0
LINE
8
BLACK
6
CONTINUOUS
10
0.3422250393700788
20
0.2445729527559055
11
0.3422489763779528
21
0.2445968503937008
0
LINE
8
BLACK
6
CONTINUOUS
10
0.3422489763779528
20
0.2445968503937008
11
0.3424379921259842
21
0.2446344881889764
0
LINE
8
BLACK
6
CONTINUOUS
10
0.3424379921259842
20
0.2446344881889764
11
0.3379533464566929
21
0.2497597244094488
0
LINE
8
BLACK
6
CONTINUOUS
10
0.3379533464566929
20
0.2497597244094488
11
0.3377438582677165
21
0.2501235433070866
0
LINE
8
BLACK
6
CONTINUOUS
10
0.3377438582677165
20
0.2501235433070866
11
0.3377004724409449
21
0.2501669291338582
0
LINE
8
BLACK
6
CONTINUOUS
10
0.3377004724409449
20
0.2501669291338582
11
0.3377004724409449
21
0.250198937007874
0
LINE
8
BLACK
6
CONTINUOUS
10
0.3377004724409449
20
0.250198937007874
11
0.337665905511811
21
0.250258937007874
0
LINE
8
BLACK
6
CONTINUOUS
10
0.337665905511811
20
0.250258937007874
11
0.3377004724409449
21
0.2507774803149606
0
LINE
8
BLACK
6
CONTINUOUS
10
0.3377004724409449
20
0.2507774803149606
11
0.3377004724409449
21
0.2512969291338583
0
LINE
8
BLACK
6
CONTINUOUS
10
0.3377004724409449
20
0.2512969291338583
11
0.3377375590551181
21
0.2513340551181102
0
LINE
8
BLACK
6
CONTINUOUS
10
0.3377375590551181
20
0.2513340551181102
11
0.337741062992126
21
0.2513863779527559
0
LINE
8
BLACK
6
CONTINUOUS
10
0.337741062992126
20
0.2513863779527559
11
0.3381319291338583
21
0.2517283858267717
0
LINE
8
BLACK
6
CONTINUOUS
10
0.3381319291338583
20
0.2517283858267717
11
0.3384994488188977
21
0.252095905511811
0
LINE
8
BLACK
6
CONTINUOUS
10
0.3384994488188977
20
0.252095905511811
11
0.3385673622047244
21
0.2521094488188976
0
LINE
8
BLACK
6
CONTINUOUS
10
0.3385673622047244
20
0.2521094488188976
11
0.3385914566929134
21
0.2521304724409449
0
LINE
8
BLACK
6
CONTINUOUS
10
0.3385914566929134
20
0.2521304724409449
11
0.3386526771653543
21
0.2521264173228346
0
LINE
8
BLACK
6
CONTINUOUS
10
0.3386526771653543
20
0.2521264173228346
11
0.3390644488188976
21
0.2522083070866142
0
LINE
8
BLACK
6
CONTINUOUS
10
0.3390644488188976
20
0.2522083070866142
11
0.3512504330708661
21
0.2522083070866142
0
LINE
8
BLACK
6
CONTINUOUS
10
0.3512504330708661
20
0.2522083070866142
11
0.3518154330708662
21
0.252095905511811
0
LINE
8
BLACK
6
CONTINUOUS
10
0.3601135039370079
20
0.2512969291338583
11
0.360225905511811
21
0.2507319291338583
0
LINE
8
BLACK
6
CONTINUOUS
10
0.360225905511811
20
0.2507319291338583
11
0.360225905511811
21
0.2351449212598425
0
LINE
8
BLACK
6
CONTINUOUS
10
0.360225905511811
20
0.2351449212598425
11
0.3609002362204725
21
0.2337962598425197
0
LINE
8
BLACK
6
CONTINUOUS
10
0.3609002362204725
20
0.2337962598425197
11
0.3614988582677165
21
0.2331975984251969
0
LINE
8
BLACK
6
CONTINUOUS
10
0.3614988582677165
20
0.2331975984251969
11
0.3628475590551181
21
0.2325232677165354
0
LINE
8
BLACK
6
CONTINUOUS
10
0.3628475590551181
20
0.2325232677165354
11
0.3659000787401575
21
0.2325232677165354
0
LINE
8
BLACK
6
CONTINUOUS
10
0.3659000787401575
20
0.2325232677165354
11
0.367248779527559
21
0.2331976377952756
0
LINE
8
BLACK
6
CONTINUOUS
10
0.367248779527559
20
0.2331976377952756
11
0.3678472834645669
21
0.2337961811023622
0
LINE
8
BLACK
6
CONTINUOUS
10
0.3678472834645669
20
0.2337961811023622
11
0.3685217322834646
21
0.235145
0
LINE
8
BLACK
6
CONTINUOUS
10
0.3685217322834646
20
0.235145
11
0.3685217322834646
21
0.2507319291338583
0
LINE
8
BLACK
6
CONTINUOUS
10
0.3685217322834646
20
0.2507319291338583
11
0.3686341338582677
21
0.2512969291338583
0
LINE
8
BLACK
6
CONTINUOUS
10
0.3686341338582677
20
0.2512969291338583
11
0.3694331102362204
21
0.252095905511811
0
LINE
8
BLACK
6
CONTINUOUS
10
0.3694331102362204
20
0.252095905511811
11
0.3705631102362205
21
0.252095905511811
0
LINE
8
BLACK
6
CONTINUOUS
10
0.3705631102362205
20
0.252095905511811
11
0.3713620866141732
21
0.2512969291338583
0
LINE
8
BLACK
6
CONTINUOUS
10
0.3713620866141732
20
0.2512969291338583
11
0.3714744881889764
21
0.2507319291338583
0
LINE
8
BLACK
6
CONTINUOUS
10
0.3714744881889764
20
0.2507319291338583
11
0.3714744881889764
21
0.2347964173228346
0
LINE
8
BLACK
6
CONTINUOUS
10
0.3714744881889764
20
0.2347964173228346
11
0.3714600393700787
21
0.2347238976377953
0
LINE
8
BLACK
6
CONTINUOUS
10
0.3714600393700787
20
0.2347238976377953
11
0.371470748031496
21
0.2346917716535433
0
LINE
8
BLACK
6
CONTINUOUS
10
0.371470748031496
20
0.2346917716535433
11
0.3714082677165354
21
0.2344636220472441
0
LINE
8
BLACK
6
CONTINUOUS
10
0.3714082677165354
20
0.2344636220472441
11
0.3713620866141732
21
0.2342314173228346
0
LINE
8
BLACK
6
CONTINUOUS
10
0.3713620866141732
20
0.2342314173228346
11
0.3713381496062992
21
0.2342075196850394
0
LINE
8
BLACK
6
CONTINUOUS
10
0.3713381496062992
20
0.2342075196850394
11
0.3713186220472441
21
0.2341361417322834
0
LINE
8
BLACK
6
CONTINUOUS
10
0.3713186220472441
20
0.2341361417322834
11
0.3703812204724409
21
0.2322613779527559
0
LINE
8
BLACK
6
CONTINUOUS
10
0.3703812204724409
20
0.2322613779527559
11
0.3702361023622047
21
0.2320744488188976
0
LINE
8
BLACK
6
CONTINUOUS
10
0.3702361023622047
20
0.2320744488188976
11
0.3701046850393701
21
0.2318777165354331
0
LINE
8
BLACK
6
CONTINUOUS
10
0.3701046850393701
20
0.2318777165354331
11
0.3691673228346457
21
0.2309403149606299
0
LINE
8
BLACK
6
CONTINUOUS
10
0.3691673228346457
20
0.2309403149606299
11
0.3689704330708661
21
0.230808779527559
0
LINE
8
BLACK
6
CONTINUOUS
10
0.3689704330708661
20
0.230808779527559
11
0.3687835826771653
21
0.2306637401574803
0
LINE
8
BLACK
6
CONTINUOUS
10
0.3687835826771653
20
0.2306637401574803
11
0.3669088188976378
21
0.2297263779527559
0
LINE
8
BLACK
6
CONTINUOUS
10
0.3669088188976378
20
0.2297263779527559
11
0.3668375196850394
21
0.2297068897637795
0
LINE
8
BLACK
6
CONTINUOUS
10
0.3668375196850394
20
0.2297068897637795
11
0.3668135826771654
21
0.2296829133858268
0
LINE
8
BLACK
6
CONTINUOUS
10
0.3668135826771654
20
0.2296829133858268
11
0.366581220472441
21
0.2296367322834646
0
LINE
8
BLACK
6
CONTINUOUS
10
0.366581220472441
20
0.2296367322834646
11
0.3663531889763779
21
0.2295742519685039
0
LINE
8
BLACK
6
CONTINUOUS
10
0.3663531889763779
20
0.2295742519685039
11
0.3663211023622047
21
0.2295849606299213
0
LINE
8
BLACK
6
CONTINUOUS
10
0.3663211023622047
20
0.2295849606299213
11
0.3662485826771654
21
0.2295705118110236
0
LINE
8
BLACK
6
CONTINUOUS
10
0.3662485826771654
20
0.2295705118110236
11
0.3624990551181102
21
0.2295705118110236
0
LINE
8
BLACK
6
CONTINUOUS
10
0.3624990551181102
20
0.2295705118110236
11
0.3624264566929134
21
0.2295849606299213
0
LINE
8
BLACK
6
CONTINUOUS
10
0.3624264566929134
20
0.2295849606299213
11
0.3623944094488189
21
0.2295742519685039
0
LINE
8
BLACK
6
CONTINUOUS
10
0.3623944094488189
20
0.2295742519685039
11
0.362166220472441
21
0.2296367322834646
0
LINE
8
BLACK
6
CONTINUOUS
10
0.362166220472441
20
0.2296367322834646
11
0.3619340551181102
21
0.2296829133858268
0
LINE
8
BLACK
6
CONTINUOUS
10
0.3619340551181102
20
0.2296829133858268
11
0.3619101181102362
21
0.2297068503937008
0
LINE
8
BLACK
6
CONTINUOUS
10
0.3619101181102362
20
0.2297068503937008
11
0.3618387795275591
21
0.2297263779527559
0
LINE
8
BLACK
6
CONTINUOUS
10
0.3618387795275591
20
0.2297263779527559
11
0.3599640551181102
21
0.2306637401574803
0
LINE
8
BLACK
6
CONTINUOUS
10
0.3599640551181102
20
0.2306637401574803
11
0.3597770472440945
21
0.2308088582677165
0
LINE
8
BLACK
6
CONTINUOUS
10
0.3597770472440945
20
0.2308088582677165
11
0.3595803149606299
21
0.2309403149606299
0
LINE
8
BLACK
6
CONTINUOUS
10
0.3595803149606299
20
0.2309403149606299
11
0.3586429133858268
21
0.2318776771653543
0
LINE
8
BLACK
6
CONTINUOUS
10
0.3586429133858268
20
0.2318776771653543
11
0.3585112992125984
21
0.2320746850393701
0
LINE
8
BLACK
6
CONTINUOUS
10
0.3585112992125984
20
0.2320746850393701
11
0.3583663779527559
21
0.2322614173228346
0
LINE
8
BLACK
6
CONTINUOUS
10
0.3583663779527559
20
0.2322614173228346
11
0.3574290157480315
21
0.2341361811023622
0
LINE
8
BLACK
6
CONTINUOUS
10
0.3574290157480315
20
0.2341361811023622
11
0.3574094881889764
21
0.2342074803149606
0
LINE
8
BLACK
6
CONTINUOUS
10
0.3574094881889764
20
0.2342074803149606
11
0.3573855511811024
21
0.2342314173228346
0
LINE
8
BLACK
6
CONTINUOUS
10
0.3573855511811024
20
0.2342314173228346
11
0.3573393307086614
21
0.2344637795275591
0
LINE
8
BLACK
6
CONTINUOUS
10
0.3573393307086614
20
0.2344637795275591
11
0.3572768897637795
21
0.234691811023622
0
LINE
8
BLACK
6
CONTINUOUS
10
0.3572768897637795
20
0.234691811023622
11
0.3572875590551181
21
0.2347238976377953
0
LINE
8
BLACK
6
CONTINUOUS
10
0.3572875590551181
20
0.2347238976377953
11
0.3572731496062992
21
0.2347964173228346
0
LINE
8
BLACK
6
CONTINUOUS
10
0.3572731496062992
20
0.2347964173228346
11
0.3572731496062992
21
0.2507319291338583
0
LINE
8
BLACK
6
CONTINUOUS
10
0.3572731496062992
20
0.2507319291338583
11
0.3573855511811024
21
0.2512969291338583
0
LINE
8
BLACK
6
CONTINUOUS
10
0.3573855511811024
20
0.2512969291338583
11
0.3581845275590551
21
0.252095905511811
0
LINE
8
BLACK
6
CONTINUOUS
10
0.3581845275590551
20
0.252095905511811
11
0.3593145275590551
21
0.252095905511811
0
LINE
8
BLACK
6
CONTINUOUS
10
0.3593145275590551
20
0.252095905511811
11
0.3601135039370079
21
0.2512969291338583
0
LINE
8
BLACK
6
CONTINUOUS
10
0.4167769291338583
20
0.2772517322834646
11
0.4178422834645669
21
0.2761863779527559
0
LINE
8
BLACK
6
CONTINUOUS
10
0.4178422834645669
20
0.2761863779527559
11
0.4179921259842519
21
0.2754330708661417
0
LINE
8
BLACK
6
CONTINUOUS
10
0.4179921259842519
20
0.2754330708661417
11
0.4179921259842519
21
0.2301574803149606
0
LINE
8
BLACK
6
CONTINUOUS
10
0.4179921259842519
20
0.2301574803149606
11
0.4178422834645669
21
0.2294041732283464
0
LINE
8
BLACK
6
CONTINUOUS
10
0.4178422834645669
20
0.2294041732283464
11
0.4174155511811024
21
0.2287655511811024
0
LINE
8
BLACK
6
CONTINUOUS
10
0.4174155511811024
20
0.2287655511811024
11
0.391825
21
0.203175
0
LINE
8
BLACK
6
CONTINUOUS
10
0.391825
20
0.203175
11
0.3911863779527559
21
0.2027482677165354
0
LINE
8
BLACK
6
CONTINUOUS
10
0.3911863779527559
20
0.2027482677165354
11
0.3904330708661417
21
0.2025984251968504
0
LINE
8
BLACK
6
CONTINUOUS
10
0.3904330708661417
20
0.2025984251968504
11
0.2939763779527559
21
0.2025984251968504
0
LINE
8
BLACK
6
CONTINUOUS
10
0.2939763779527559
20
0.2025984251968504
11
0.2932230708661417
21
0.2027482677165354
0
LINE
8
BLACK
6
CONTINUOUS
10
0.2932230708661417
20
0.2027482677165354
11
0.292157716535433
21
0.2038136220472441
0
LINE
8
BLACK
6
CONTINUOUS
10
0.292157716535433
20
0.2038136220472441
11
0.292007874015748
21
0.2045669291338583
0
LINE
8
BLACK
6
CONTINUOUS
10
0.292007874015748
20
0.2045669291338583
11
0.292007874015748
21
0.2754330708661417
0
LINE
8
BLACK
6
CONTINUOUS
10
0.292007874015748
20
0.2754330708661417
11
0.292157716535433
21
0.2761863779527559
0
LINE
8
BLACK
6
CONTINUOUS
10
0.292157716535433
20
0.2761863779527559
11
0.2932230708661417
21
0.2772517322834646
0
LINE
8
BLACK
6
CONTINUOUS
10
0.2932230708661417
20
0.2772517322834646
11
0.2939763779527559
21
0.2774015748031496
0
LINE
8
BLACK
6
CONTINUOUS
10
0.2939763779527559
20
0.2774015748031496
11
0.4160236220472441
21
0.2774015748031496
0
LINE
8
BLACK
6
CONTINUOUS
10
0.4160236220472441
20
0.2774015748031496
11
0.4167769291338583
21
0.2772517322834646
0
LINE
8
BLACK
6
CONTINUOUS
10
0.2959448818897638
20
0.2734645669291338
11
0.2959448818897638
21
0.2065354330708661
0
LINE
8
BLACK
6
CONTINUOUS
10
0.2959448818897638
20
0.2065354330708661
11
0.3896177165354331
21
0.2065354330708661
0
LINE
8
BLACK
6
CONTINUOUS
10
0.3896177165354331
20
0.2065354330708661
11
0.4140551181102362
21
0.2309728346456693
0
LINE
8
BLACK
6
CONTINUOUS
10
0.4140551181102362
20
0.2309728346456693
11
0.4140551181102362
21
0.2734645669291338
0
LINE
8
BLACK
6
CONTINUOUS
10
0.4140551181102362
20
0.2734645669291338
11
0.2959448818897638
21
0.2734645669291338
0
LINE
8
BLACK
6
CONTINUOUS
10
0.7202933464566929
20
0.2513024803149606
11
0.7213577559055118
21
0.2508615748031496
0
LINE
8
BLACK
6
CONTINUOUS
10
0.7213577559055118
20
0.2508615748031496
11
0.7221724015748031
21
0.2500469291338583
0
LINE
8
BLACK
6
CONTINUOUS
10
0.7221724015748031
20
0.2500469291338583
11
0.7226133070866142
21
0.2489825196850394
0
LINE
8
BLACK
6
CONTINUOUS
10
0.7226133070866142
20
0.2489825196850394
11
0.7226700393700787
21
0.2484064566929134
0
LINE
8
BLACK
6
CONTINUOUS
10
0.7226700393700787
20
0.2484064566929134
11
0.7226700393700787
21
0.2390326377952756
0
LINE
8
BLACK
6
CONTINUOUS
10
0.7226700393700787
20
0.2390326377952756
11
0.7226412992125985
21
0.238741062992126
0
LINE
8
BLACK
6
CONTINUOUS
10
0.7226412992125985
20
0.238741062992126
11
0.7226468503937008
21
0.2386633070866142
0
LINE
8
BLACK
6
CONTINUOUS
10
0.7226468503937008
20
0.2386633070866142
11
0.7226235826771653
21
0.238561062992126
0
LINE
8
BLACK
6
CONTINUOUS
10
0.7226235826771653
20
0.238561062992126
11
0.7226133070866142
21
0.2384565748031496
0
LINE
8
BLACK
6
CONTINUOUS
10
0.7226133070866142
20
0.2384565748031496
11
0.7225834251968504
21
0.2383845275590551
0
LINE
8
BLACK
6
CONTINUOUS
10
0.7225834251968504
20
0.2383845275590551
11
0.7225185039370079
21
0.2380988582677165
0
LINE
8
BLACK
6
CONTINUOUS
10
0.7225185039370079
20
0.2380988582677165
11
0.7206437401574803
21
0.2324746062992126
0
LINE
8
BLACK
6
CONTINUOUS
10
0.7206437401574803
20
0.2324746062992126
11
0.7204077559055118
21
0.2319460236220472
0
LINE
8
BLACK
6
CONTINUOUS
10
0.7204077559055118
20
0.2319460236220472
11
0.7203382677165354
21
0.2318659448818897
0
LINE
8
BLACK
6
CONTINUOUS
10
0.7203382677165354
20
0.2318659448818897
11
0.7202976771653543
21
0.231767874015748
0
LINE
8
BLACK
6
CONTINUOUS
10
0.7202976771653543
20
0.231767874015748
11
0.7199304330708661
21
0.2313204330708661
0
LINE
8
BLACK
6
CONTINUOUS
10
0.7199304330708661
20
0.2313204330708661
11
0.7161808661417323
21
0.227570905511811
0
LINE
8
BLACK
6
CONTINUOUS
10
0.7161808661417323
20
0.227570905511811
11
0.7159544881889763
21
0.227385157480315
0
LINE
8
BLACK
6
CONTINUOUS
10
0.7159544881889763
20
0.227385157480315
11
0.7159033464566928
21
0.2273261417322835
0
LINE
8
BLACK
6
CONTINUOUS
10
0.7159033464566928
20
0.2273261417322835
11
0.7158144094488189
21
0.2272701968503937
0
LINE
8
BLACK
6
CONTINUOUS
10
0.7158144094488189
20
0.2272701968503937
11
0.7157333858267716
21
0.2272036614173228
0
LINE
8
BLACK
6
CONTINUOUS
10
0.7157333858267716
20
0.2272036614173228
11
0.7156613385826771
21
0.2271738582677165
0
LINE
8
BLACK
6
CONTINUOUS
10
0.7156613385826771
20
0.2271738582677165
11
0.7154134645669291
21
0.2270177952755905
0
LINE
8
BLACK
6
CONTINUOUS
10
0.7154134645669291
20
0.2270177952755905
11
0.711663937007874
21
0.225143031496063
0
LINE
8
BLACK
6
CONTINUOUS
10
0.711663937007874
20
0.225143031496063
11
0.711621811023622
21
0.2251269291338583
0
LINE
8
BLACK
6
CONTINUOUS
10
0.711621811023622
20
0.2251269291338583
11
0.71160468503937
21
0.2251142125984252
0
LINE
8
BLACK
6
CONTINUOUS
10
0.71160468503937
20
0.2251142125984252
11
0.711362716535433
21
0.2250277952755906
0
LINE
8
BLACK
6
CONTINUOUS
10
0.711362716535433
20
0.2250277952755906
11
0.7111233070866142
21
0.2249361417322835
0
LINE
8
BLACK
6
CONTINUOUS
10
0.7111233070866142
20
0.2249361417322835
11
0.7111020472440944
21
0.2249346456692913
0
LINE
8
BLACK
6
CONTINUOUS
10
0.7111020472440944
20
0.2249346456692913
11
0.7110595669291339
21
0.2249194488188976
0
LINE
8
BLACK
6
CONTINUOUS
10
0.7110595669291339
20
0.2249194488188976
11
0.7035605118110236
21
0.2230446850393701
0
LINE
8
BLACK
6
CONTINUOUS
10
0.7035605118110236
20
0.2230446850393701
11
0.7034606299212598
21
0.2230299212598425
0
LINE
8
BLACK
6
CONTINUOUS
10
0.7034606299212598
20
0.2230299212598425
11
0.7034204330708661
21
0.2230132677165354
0
LINE
8
BLACK
6
CONTINUOUS
10
0.7034204330708661
20
0.2230132677165354
11
0.7032033858267717
21
0.2229919291338583
0
LINE
8
BLACK
6
CONTINUOUS
10
0.7032033858267717
20
0.2229919291338583
11
0.7029879133858268
21
0.2229600393700787
0
LINE
8
BLACK
6
CONTINUOUS
10
0.7029879133858268
20
0.2229600393700787
11
0.7029448818897638
21
0.2229664566929134
0
LINE
8
BLACK
6
CONTINUOUS
10
0.7029448818897638
20
0.2229664566929134
11
0.7028443700787401
21
0.2229565354330709
0
LINE
8
BLACK
6
CONTINUOUS
10
0.7028443700787401
20
0.2229565354330709
11
0.6972200787401575
21
0.2229565354330709
0
LINE
8
BLACK
6
CONTINUOUS
10
0.6972200787401575
20
0.2229565354330709
11
0.6971195275590552
21
0.2229664566929134
0
LINE
8
BLACK
6
CONTINUOUS
10
0.6971195275590552
20
0.2229664566929134
11
0.6970765354330708
21
0.2229600393700787
0
LINE
8
BLACK
6
CONTINUOUS
10
0.6970765354330708
20
0.2229600393700787
11
0.6968610236220473
21
0.2229919291338583
0
LINE
8
BLACK
6
CONTINUOUS
10
0.6968610236220473
20
0.2229919291338583
11
0.6966440157480315
21
0.2230132677165354
0
LINE
8
BLACK
6
CONTINUOUS
10
0.6966440157480315
20
0.2230132677165354
11
0.696603779527559
21
0.2230299212598425
0
LINE
8
BLACK
6
CONTINUOUS
10
0.696603779527559
20
0.2230299212598425
11
0.6965039370078741
21
0.2230446850393701
0
LINE
8
BLACK
6
CONTINUOUS
10
0.6965039370078741
20
0.2230446850393701
11
0.6890048818897637
21
0.2249194488188976
0
LINE
8
BLACK
6
CONTINUOUS
10
0.6890048818897637
20
0.2249194488188976
11
0.6889623622047244
21
0.2249346456692913
0
LINE
8
BLACK
6
CONTINUOUS
10
0.6889623622047244
20
0.2249346456692913
11
0.6889411023622047
21
0.2249361417322835
0
LINE
8
BLACK
6
CONTINUOUS
10
0.6889411023622047
20
0.2249361417322835
11
0.6887013385826771
21
0.2250279133858268
0
LINE
8
BLACK
6
CONTINUOUS
10
0.6887013385826771
20
0.2250279133858268
11
0.6884597637795276
21
0.2251142125984252
0
LINE
8
BLACK
6
CONTINUOUS
10
0.6884597637795276
20
0.2251142125984252
11
0.6884425984251968
21
0.2251269291338583
0
LINE
8
BLACK
6
CONTINUOUS
10
0.6884425984251968
20
0.2251269291338583
11
0.6884005118110236
21
0.225143031496063
0
LINE
8
BLACK
6
CONTINUOUS
10
0.6884005118110236
20
0.225143031496063
11
0.6846509842519685
21
0.2270177952755905
0
LINE
8
BLACK
6
CONTINUOUS
10
0.6846509842519685
20
0.2270177952755905
11
0.6844031496062992
21
0.2271738188976378
0
LINE
8
BLACK
6
CONTINUOUS
10
0.6844031496062992
20
0.2271738188976378
11
0.6843310236220472
21
0.2272036614173228
0
LINE
8
BLACK
6
CONTINUOUS
10
0.6843310236220472
20
0.2272036614173228
11
0.684249842519685
21
0.2272702755905512
0
LINE
8
BLACK
6
CONTINUOUS
10
0.684249842519685
20
0.2272702755905512
11
0.6841611023622047
21
0.2273261417322835
0
LINE
8
BLACK
6
CONTINUOUS
10
0.6841611023622047
20
0.2273261417322835
11
0.6841099606299212
21
0.2273850787401575
0
LINE
8
BLACK
6
CONTINUOUS
10
0.6841099606299212
20
0.2273850787401575
11
0.6838835826771653
21
0.227570905511811
0
LINE
8
BLACK
6
CONTINUOUS
10
0.6838835826771653
20
0.227570905511811
11
0.6801340551181102
21
0.2313204330708661
0
LINE
8
BLACK
6
CONTINUOUS
10
0.6801340551181102
20
0.2313204330708661
11
0.6797668503937008
21
0.231767874015748
0
LINE
8
BLACK
6
CONTINUOUS
10
0.6797668503937008
20
0.231767874015748
11
0.6797262204724409
21
0.2318659448818897
0
LINE
8
BLACK
6
CONTINUOUS
10
0.6797262204724409
20
0.2318659448818897
11
0.6796567322834646
21
0.231946062992126
0
LINE
8
BLACK
6
CONTINUOUS
10
0.6796567322834646
20
0.231946062992126
11
0.6794207480314961
21
0.2324746062992126
0
LINE
8
BLACK
6
CONTINUOUS
10
0.6794207480314961
20
0.2324746062992126
11
0.6775459842519684
21
0.2380988976377953
0
LINE
8
BLACK
6
CONTINUOUS
10
0.6775459842519684
20
0.2380988976377953
11
0.6774810236220472
21
0.2383844881889764
0
LINE
8
BLACK
6
CONTINUOUS
10
0.6774810236220472
20
0.2383844881889764
11
0.6774511811023622
21
0.2384565748031496
0
LINE
8
BLACK
6
CONTINUOUS
10
0.6774511811023622
20
0.2384565748031496
11
0.6774408661417323
21
0.2385611023622047
0
LINE
8
BLACK
6
CONTINUOUS
10
0.6774408661417323
20
0.2385611023622047
11
0.6774176377952755
21
0.2386633464566929
0
LINE
8
BLACK
6
CONTINUOUS
10
0.6774176377952755
20
0.2386633464566929
11
0.6774231496062992
21
0.2387411023622047
0
LINE
8
BLACK
6
CONTINUOUS
10
0.6774231496062992
20
0.2387411023622047
11
0.6773944488188977
21
0.2390326377952756
0
LINE
8
BLACK
6
CONTINUOUS
10
0.6773944488188977
20
0.2390326377952756
11
0.6773944488188977
21
0.2484064566929134
0
LINE
8
BLACK
6
CONTINUOUS
10
0.6773944488188977
20
0.2484064566929134
11
0.6774511811023622
21
0.2489825196850394
0
LINE
8
BLACK
6
CONTINUOUS
10
0.6774511811023622
20
0.2489825196850394
11
0.6778920866141732
21
0.2500469291338583
0
LINE
8
BLACK
6
CONTINUOUS
10
0.6778920866141732
20
0.2500469291338583
11
0.6787067322834646
21
0.2508615748031496
0
LINE
8
BLACK
6
CONTINUOUS
10
0.6787067322834646
20
0.2508615748031496
11
0.6797711417322835
21
0.2513024803149606
0
LINE
8
BLACK
6
CONTINUOUS
10
0.6797711417322835
20
0.2513024803149606
11
0.6803472047244095
21
0.2513592125984252
0
LINE
8
BLACK
6
CONTINUOUS
10
0.6803472047244095
20
0.2513592125984252
11
0.7197172834645669
21
0.2513592125984252
0
LINE
8
BLACK
6
CONTINUOUS
10
0.7197172834645669
20
0.2513592125984252
11
0.7202933464566929
21
0.2513024803149606
0
LINE
8
BLACK
6
CONTINUOUS
10
0.6832999606299213
20
0.239511811023622
11
0.6848027559055118
21
0.2350033858267717
0
LINE
8
BLACK
6
CONTINUOUS
10
0.6848027559055118
20
0.2350033858267717
11
0.6877205905511811
21
0.2320855511811024
0
LINE
8
BLACK
6
CONTINUOUS
10
0.6877205905511811
20
0.2320855511811024
11
0.6907515748031496
21
0.2305700787401575
0
LINE
8
BLACK
6
CONTINUOUS
10
0.6907515748031496
20
0.2305700787401575
11
0.6975836220472441
21
0.2288620472440945
0
LINE
8
BLACK
6
CONTINUOUS
10
0.6975836220472441
20
0.2288620472440945
11
0.7024808267716536
21
0.2288620472440945
0
LINE
8
BLACK
6
CONTINUOUS
10
0.7024808267716536
20
0.2288620472440945
11
0.7093128740157481
21
0.2305700787401575
0
LINE
8
BLACK
6
CONTINUOUS
10
0.7093128740157481
20
0.2305700787401575
11
0.7123438582677165
21
0.2320855905511811
0
LINE
8
BLACK
6
CONTINUOUS
10
0.7123438582677165
20
0.2320855905511811
11
0.7152617322834646
21
0.2350034251968504
0
LINE
8
BLACK
6
CONTINUOUS
10
0.7152617322834646
20
0.2350034251968504
11
0.7167645275590551
21
0.2395117716535433
0
LINE
8
BLACK
6
CONTINUOUS
10
0.7167645275590551
20
0.2395117716535433
11
0.7167645275590551
21
0.2454537007874016
0
LINE
8
BLACK
6
CONTINUOUS
10
0.7167645275590551
20
0.2454537007874016
11
0.6832999606299213
21
0.2454537007874016
0
LINE
8
BLACK
6
CONTINUOUS
10
0.6832999606299213
20
0.2454537007874016
11
0.6832999606299213
21
0.239511811023622
0
LINE
8
BLACK
6
CONTINUOUS
10
0.7063596062992126
20
0.2996054724409449
11
0.7071742519685039
21
0.2987908267716535
0
LINE
8
BLACK
6
CONTINUOUS
10
0.7071742519685039
20
0.2987908267716535
11
0.7076151574803149
21
0.2977264173228346
0
LINE
8
BLACK
6
CONTINUOUS
10
0.7076151574803149
20
0.2977264173228346
11
0.7076718897637795
21
0.2971503543307086
0
LINE
8
BLACK
6
CONTINUOUS
10
0.7076718897637795
20
0.2971503543307086
11
0.7076718897637795
21
0.267154094488189
0
LINE
8
BLACK
6
CONTINUOUS
10
0.7076718897637795
20
0.267154094488189
11
0.7076151574803149
21
0.266578031496063
0
LINE
8
BLACK
6
CONTINUOUS
10
0.7076151574803149
20
0.266578031496063
11
0.7071742519685039
21
0.2655136220472441
0
LINE
8
BLACK
6
CONTINUOUS
10
0.7071742519685039
20
0.2655136220472441
11
0.7063596062992126
21
0.2646989763779528
0
LINE
8
BLACK
6
CONTINUOUS
10
0.7063596062992126
20
0.2646989763779528
11
0.7052951968503937
21
0.2642580708661417
0
LINE
8
BLACK
6
CONTINUOUS
10
0.7052951968503937
20
0.2642580708661417
11
0.7041430708661417
21
0.2642580708661417
0
LINE
8
BLACK
6
CONTINUOUS
10
0.7041430708661417
20
0.2642580708661417
11
0.7030786614173228
21
0.2646989763779528
0
LINE
8
BLACK
6
CONTINUOUS
10
0.7030786614173228
20
0.2646989763779528
11
0.7022640157480314
21
0.2655136220472441
0
LINE
8
BLACK
6
CONTINUOUS
10
0.7022640157480314
20
0.2655136220472441
11
0.7018231102362205
21
0.266578031496063
0
LINE
8
BLACK
6
CONTINUOUS
10
0.7018231102362205
20
0.266578031496063
11
0.7017663779527559
21
0.267154094488189
0
LINE
8
BLACK
6
CONTINUOUS
10
0.7017663779527559
20
0.267154094488189
11
0.7017663779527559
21
0.2971503543307086
0
LINE
8
BLACK
6
CONTINUOUS
10
0.7017663779527559
20
0.2971503543307086
11
0.7018231102362205
21
0.2977264173228346
0
LINE
8
BLACK
6
CONTINUOUS
10
0.7018231102362205
20
0.2977264173228346
11
0.7022640157480314
21
0.2987908267716535
0
LINE
8
BLACK
6
CONTINUOUS
10
0.7022640157480314
20
0.2987908267716535
11
0.7030786614173228
21
0.2996054724409449
0
LINE
8
BLACK
6
CONTINUOUS
10
0.7030786614173228
20
0.2996054724409449
11
0.7041430708661417
21
0.3000463779527559
0
LINE
8
BLACK
6
CONTINUOUS
10
0.7041430708661417
20
0.3000463779527559
11
0.7052951968503937
21
0.3000463779527559
0
LINE
8
BLACK
6
CONTINUOUS
10
0.7052951968503937
20
0.3000463779527559
11
0.7063596062992126
21
0.2996054724409449
0
LINE
8
BLACK
6
CONTINUOUS
10
0.6923756692913385
20
0.3393683464566929
11
0.6934061811023622
21
0.3388530708661417
0
LINE
8
BLACK
6
CONTINUOUS
10
0.6934061811023622
20
0.3388530708661417
11
0.6941610236220472
21
0.337982716535433
0
LINE
8
BLACK
6
CONTINUOUS
10
0.6941610236220472
20
0.337982716535433
11
0.6945253543307086
21
0.3368897244094488
0
LINE
8
BLACK
6
CONTINUOUS
10
0.6945253543307086
20
0.3368897244094488
11
0.6944437007874016
21
0.3357405118110236
0
LINE
8
BLACK
6
CONTINUOUS
10
0.6944437007874016
20
0.3357405118110236
11
0.694236811023622
21
0.3351999212598425
0
LINE
8
BLACK
6
CONTINUOUS
10
0.694236811023622
20
0.3351999212598425
11
0.6923620472440944
21
0.3314503937007874
0
LINE
8
BLACK
6
CONTINUOUS
10
0.6923620472440944
20
0.3314503937007874
11
0.6922060236220472
21
0.3312025984251968
0
LINE
8
BLACK
6
CONTINUOUS
10
0.6922060236220472
20
0.3312025984251968
11
0.6921761811023622
21
0.3311304330708661
0
LINE
8
BLACK
6
CONTINUOUS
10
0.6921761811023622
20
0.3311304330708661
11
0.6921095669291338
21
0.3310492913385827
0
LINE
8
BLACK
6
CONTINUOUS
10
0.6921095669291338
20
0.3310492913385827
11
0.6920537007874016
21
0.3309605118110236
0
LINE
8
BLACK
6
CONTINUOUS
10
0.6920537007874016
20
0.3309605118110236
11
0.6919947637795275
21
0.3309094094488189
0
LINE
8
BLACK
6
CONTINUOUS
10
0.6919947637795275
20
0.3309094094488189
11
0.691808937007874
21
0.3306829921259842
0
LINE
8
BLACK
6
CONTINUOUS
10
0.691808937007874
20
0.3306829921259842
11
0.6893505511811023
21
0.3282246062992126
0
LINE
8
BLACK
6
CONTINUOUS
10
0.6893505511811023
20
0.3282246062992126
11
0.7167645275590551
21
0.3282246062992126
0
LINE
8
BLACK
6
CONTINUOUS
10
0.7167645275590551
20
0.3282246062992126
11
0.7167645275590551
21
0.3365204330708662
0
LINE
8
BLACK
6
CONTINUOUS
10
0.7167645275590551
20
0.3365204330708662
11
0.7168212598425197
21
0.3370964960629921
0
LINE
8
BLACK
6
CONTINUOUS
10
0.7168212598425197
20
0.3370964960629921
11
0.7172621653543307
21
0.338160905511811
0
LINE
8
BLACK
6
CONTINUOUS
10
0.7172621653543307
20
0.338160905511811
11
0.7180768110236221
21
0.3389755511811023
0
LINE
8
BLACK
6
CONTINUOUS
10
0.7180768110236221
20
0.3389755511811023
11
0.7191412204724409
21
0.3394164566929134
0
LINE
8
BLACK
6
CONTINUOUS
10
0.7191412204724409
20
0.3394164566929134
11
0.7202933464566929
21
0.3394164566929134
0
LINE
8
BLACK
6
CONTINUOUS
10
0.7202933464566929
20
0.3394164566929134
11
0.7213577559055118
21
0.3389755511811023
0
LINE
8
BLACK
6
CONTINUOUS
10
0.7213577559055118
20
0.3389755511811023
11
0.7221724015748031
21
0.338160905511811
0
LINE
8
BLACK
6
CONTINUOUS
10
0.7221724015748031
20
0.338160905511811
11
0.7226133070866142
21
0.3370964960629921
0
LINE
8
BLACK
6
CONTINUOUS
10
0.7226133070866142
20
0.3370964960629921
11
0.7226700393700787
21
0.3365204330708662
0
LINE
8
BLACK
6
CONTINUOUS
10
0.7226700393700787
20
0.3365204330708662
11
0.7226700393700787
21
0.3140232677165354
0
LINE
8
BLACK
6
CONTINUOUS
10
0.7226700393700787
20
0.3140232677165354
11
0.7226133070866142
21
0.3134472047244095
0
LINE
8
BLACK
6
CONTINUOUS
10
0.7226133070866142
20
0.3134472047244095
11
0.7221724015748031
21
0.3123827952755905
0
LINE
8
BLACK
6
CONTINUOUS
10
0.7221724015748031
20
0.3123827952755905
11
0.7213577559055118
21
0.3115681496062992
0
LINE
8
BLACK
6
CONTINUOUS
10
0.7213577559055118
20
0.3115681496062992
11
0.7202933464566929
21
0.3111272440944882
0
LINE
8
BLACK
6
CONTINUOUS
10
0.7202933464566929
20
0.3111272440944882
11
0.7191412204724409
21
0.3111272440944882
0
LINE
8
BLACK
6
CONTINUOUS
10
0.7191412204724409
20
0.3111272440944882
11
0.7180768110236221
21
0.3115681496062992
0
LINE
8
BLACK
6
CONTINUOUS
10
0.7180768110236221
20
0.3115681496062992
11
0.7172621653543307
21
0.3123827952755905
0
LINE
8
BLACK
6
CONTINUOUS
10
0.7172621653543307
20
0.3123827952755905
11
0.7168212598425197
21
0.3134472047244095
0
LINE
8
BLACK
6
CONTINUOUS
10
0.7168212598425197
20
0.3134472047244095
11
0.7167645275590551
21
0.3140232677165354
0
LINE
8
BLACK
6
CONTINUOUS
10
0.7167645275590551
20
0.3140232677165354
11
0.7167645275590551
21
0.322319094488189
0
LINE
8
BLACK
6
CONTINUOUS
10
0.7167645275590551
20
0.322319094488189
11
0.6803472047244095
21
0.322319094488189
0
LINE
8
BLACK
6
CONTINUOUS
10
0.6803472047244095
20
0.322319094488189
11
0.6803451181102362
21
0.3223193307086614
0
LINE
8
BLACK
6
CONTINUOUS
10
0.6803451181102362
20
0.3223193307086614
11
0.680344094488189
21
0.322319094488189
0
LINE
8
BLACK
6
CONTINUOUS
10
0.680344094488189
20
0.322319094488189
11
0.6803410629921259
21
0.3223197244094488
0
LINE
8
BLACK
6
CONTINUOUS
10
0.6803410629921259
20
0.3223197244094488
11
0.6797711417322835
21
0.3223758267716536
0
LINE
8
BLACK
6
CONTINUOUS
10
0.6797711417322835
20
0.3223758267716536
11
0.6795010236220472
21
0.3224877165354331
0
LINE
8
BLACK
6
CONTINUOUS
10
0.6795010236220472
20
0.3224877165354331
11
0.6792144094488188
21
0.3225450393700787
0
LINE
8
BLACK
6
CONTINUOUS
10
0.6792144094488188
20
0.3225450393700787
11
0.6789740157480315
21
0.3227060236220473
0
LINE
8
BLACK
6
CONTINUOUS
10
0.6789740157480315
20
0.3227060236220473
11
0.6787067322834646
21
0.3228167322834646
0
LINE
8
BLACK
6
CONTINUOUS
10
0.6787067322834646
20
0.3228167322834646
11
0.6785
21
0.3230234645669292
0
LINE
8
BLACK
6
CONTINUOUS
10
0.6785
20
0.3230234645669292
11
0.6782571259842519
21
0.3231861023622047
0
LINE
8
BLACK
6
CONTINUOUS
10
0.6782571259842519
20
0.3231861023622047
11
0.6780966141732283
21
0.3234268503937008
0
LINE
8
BLACK
6
CONTINUOUS
10
0.6780966141732283
20
0.3234268503937008
11
0.6778920866141732
21
0.3236313779527559
0
LINE
8
BLACK
6
CONTINUOUS
10
0.6778920866141732
20
0.3236313779527559
11
0.6777801968503937
21
0.3239014960629921
0
LINE
8
BLACK
6
CONTINUOUS
10
0.6777801968503937
20
0.3239014960629921
11
0.6776180314960629
21
0.3241447244094488
0
LINE
8
BLACK
6
CONTINUOUS
10
0.6776180314960629
20
0.3241447244094488
11
0.6775618897637795
21
0.3244285433070866
0
LINE
8
BLACK
6
CONTINUOUS
10
0.6775618897637795
20
0.3244285433070866
11
0.6774511811023622
21
0.3246957874015748
0
LINE
8
BLACK
6
CONTINUOUS
10
0.6774511811023622
20
0.3246957874015748
11
0.6774511811023622
21
0.3249881889763779
0
LINE
8
BLACK
6
CONTINUOUS
10
0.6774511811023622
20
0.3249881889763779
11
0.6773944488188977
21
0.3252749606299212
0
LINE
8
BLACK
6
CONTINUOUS
10
0.6773944488188977
20
0.3252749606299212
11
0.6774511811023622
21
0.3255586220472441
0
LINE
8
BLACK
6
CONTINUOUS
10
0.6774511811023622
20
0.3255586220472441
11
0.6774511811023622
21
0.3258479133858267
0
LINE
8
BLACK
6
CONTINUOUS
10
0.6774511811023622
20
0.3258479133858267
11
0.677563031496063
21
0.326118031496063
0
LINE
8
BLACK
6
CONTINUOUS
10
0.677563031496063
20
0.326118031496063
11
0.6776203937007874
21
0.3264046456692913
0
LINE
8
BLACK
6
CONTINUOUS
10
0.6776203937007874
20
0.3264046456692913
11
0.6777813385826772
21
0.3266450393700787
0
LINE
8
BLACK
6
CONTINUOUS
10
0.6777813385826772
20
0.3266450393700787
11
0.6778920866141732
21
0.3269123228346457
0
LINE
8
BLACK
6
CONTINUOUS
10
0.6778920866141732
20
0.3269123228346457
11
0.678098779527559
21
0.3271190551181102
0
LINE
8
BLACK
6
CONTINUOUS
10
0.678098779527559
20
0.3271190551181102
11
0.6782614566929134
21
0.3273619291338583
0
LINE
8
BLACK
6
CONTINUOUS
10
0.6782614566929134
20
0.3273619291338583
11
0.6787046850393701
21
0.3277249606299212
0
LINE
8
BLACK
6
CONTINUOUS
10
0.6787046850393701
20
0.3277249606299212
11
0.6787067322834646
21
0.327726968503937
0
LINE
8
BLACK
6
CONTINUOUS
10
0.6787067322834646
20
0.327726968503937
11
0.6787075984251968
21
0.3277273622047244
0
LINE
8
BLACK
6
CONTINUOUS
10
0.6787075984251968
20
0.3277273622047244
11
0.6787092913385827
21
0.3277287007874016
0
LINE
8
BLACK
6
CONTINUOUS
10
0.6787092913385827
20
0.3277287007874016
11
0.6840903149606299
21
0.331316062992126
0
LINE
8
BLACK
6
CONTINUOUS
10
0.6840903149606299
20
0.331316062992126
11
0.6872942913385827
21
0.33452
0
LINE
8
BLACK
6
CONTINUOUS
10
0.6872942913385827
20
0.33452
11
0.6889547637795276
21
0.3378409448818898
0
LINE
8
BLACK
6
CONTINUOUS
10
0.6889547637795276
20
0.3378409448818898
11
0.6892631102362204
21
0.3383308267716535
0
LINE
8
BLACK
6
CONTINUOUS
10
0.6892631102362204
20
0.3383308267716535
11
0.6901335039370079
21
0.3390856692913386
0
LINE
8
BLACK
6
CONTINUOUS
10
0.6901335039370079
20
0.3390856692913386
11
0.6912264566929134
21
0.33945
0
LINE
8
BLACK
6
CONTINUOUS
10
0.6912264566929134
20
0.33945
11
0.6923756692913385
21
0.3393683464566929
0
LINE
8
BLACK
6
CONTINUOUS
10
0.397664094488189
20
0.3722188976377953
11
0.3984787401574803
21
0.3714042519685039
0
LINE
8
BLACK
6
CONTINUOUS
10
0.3984787401574803
20
0.3714042519685039
11
0.3989196456692913
21
0.370339842519685
0
LINE
8
BLACK
6
CONTINUOUS
10
0.3989196456692913
20
0.370339842519685
11
0.3989763779527559
21
0.3697637795275591
0
LINE
8
BLACK
6
CONTINUOUS
10
0.3989763779527559
20
0.3697637795275591
11
0.3989763779527559
21
0.3327165354330708
0
LINE
8
BLACK
6
CONTINUOUS
10
0.3989763779527559
20
0.3327165354330708
11
0.4530708661417323
21
0.3327165354330708
0
LINE
8
BLACK
6
CONTINUOUS
10
0.4530708661417323
20
0.3327165354330708
11
0.4530708661417323
21
0.3697637795275591
0
LINE
8
BLACK
6
CONTINUOUS
10
0.4530708661417323
20
0.3697637795275591
11
0.4531275984251968
21
0.370339842519685
0
LINE
8
BLACK
6
CONTINUOUS
10
0.4531275984251968
20
0.370339842519685
11
0.4535685039370079
21
0.3714042519685039
0
LINE
8
BLACK
6
CONTINUOUS
10
0.4535685039370079
20
0.3714042519685039
11
0.4543831496062992
21
0.3722188976377953
0
LINE
8
BLACK
6
CONTINUOUS
10
0.4543831496062992
20
0.3722188976377953
11
0.4554475590551181
21
0.3726598031496063
0
LINE
8
BLACK
6
CONTINUOUS
10
0.4554475590551181
20
0.3726598031496063
11
0.4565996850393701
21
0.3726598031496063
0
LINE
8
BLACK
6
CONTINUOUS
10
0.4565996850393701
20
0.3726598031496063
11
0.457664094488189
21
0.3722188976377953
0
LINE
8
BLACK
6
CONTINUOUS
10
0.457664094488189
20
0.3722188976377953
11
0.4584787401574803
21
0.3714042519685039
0
LINE
8
BLACK
6
CONTINUOUS
10
0.4584787401574803
20
0.3714042519685039
11
0.4589196456692913
21
0.370339842519685
0
LINE
8
BLACK
6
CONTINUOUS
10
0.4589196456692913
20
0.370339842519685
11
0.4589763779527559
21
0.3697637795275591
0
LINE
8
BLACK
6
CONTINUOUS
10
0.4589763779527559
20
0.3697637795275591
11
0.4589763779527559
21
0.329763779527559
0
LINE
8
BLACK
6
CONTINUOUS
10
0.4589763779527559
20
0.329763779527559
11
0.4589196456692913
21
0.3291877165354331
0
LINE
8
BLACK
6
CONTINUOUS
10
0.4589196456692913
20
0.3291877165354331
11
0.4584787401574803
21
0.3281233070866142
0
LINE
8
BLACK
6
CONTINUOUS
10
0.4584787401574803
20
0.3281233070866142
11
0.457664094488189
21
0.3273086614173228
0
LINE
8
BLACK
6
CONTINUOUS
10
0.457664094488189
20
0.3273086614173228
11
0.4565996850393701
21
0.3268677559055118
0
LINE
8
BLACK
6
CONTINUOUS
10
0.4565996850393701
20
0.3268677559055118
11
0.4560236220472441
21
0.3268110236220472
0
LINE
8
BLACK
6
CONTINUOUS
10
0.4560236220472441
20
0.3268110236220472
11
0.3960236220472441
21
0.3268110236220472
0
LINE
8
BLACK
6
CONTINUOUS
10
0.3960236220472441
20
0.3268110236220472
11
0.3954475590551181
21
0.3268677559055118
0
LINE
8
BLACK
6
CONTINUOUS
10
0.3954475590551181
20
0.3268677559055118
11
0.3943831496062992
21
0.3273086614173228
0
LINE
8
BLACK
6
CONTINUOUS
10
0.3943831496062992
20
0.3273086614173228
11
0.3935685039370079
21
0.3281233070866142
0
LINE
8
BLACK
6
CONTINUOUS
10
0.3935685039370079
20
0.3281233070866142
11
0.3931275984251968
21
0.3291877165354331
0
LINE
8
BLACK
6
CONTINUOUS
10
0.3931275984251968
20
0.3291877165354331
11
0.3930708661417323
21
0.329763779527559
0
LINE
8
BLACK
6
CONTINUOUS
10
0.3930708661417323
20
0.329763779527559
11
0.3930708661417323
21
0.3697637795275591
0
LINE
8
BLACK
6
CONTINUOUS
10
0.3930708661417323
20
0.3697637795275591
11
0.3931275984251968
21
0.370339842519685
0
LINE
8
BLACK
6
CONTINUOUS
10
0.3931275984251968
20
0.370339842519685
11
0.3935685039370079
21
0.3714042519685039
0
LINE
8
BLACK
6
CONTINUOUS
10
0.3935685039370079
20
0.3714042519685039
11
0.3943831496062992
21
0.3722188976377953
0
LINE
8
BLACK
6
CONTINUOUS
10
0.3943831496062992
20
0.3722188976377953
11
0.3954475590551181
21
0.3726598031496063
0
LINE
8
BLACK
6
CONTINUOUS
10
0.3954475590551181
20
0.3726598031496063
11
0.39659968503937
21
0.3726598031496063
0
LINE
8
BLACK
6
CONTINUOUS
10
0.39659968503937
20
0.3726598031496063
11
0.397664094488189
21
0.3722188976377953
0
LINE
8
BLACK
6
CONTINUOUS
10
0.7066964173228346
20
0.3769117716535433
11
0.7071699606299212
21
0.3769117716535433
0
LINE
8
BLACK
6
CONTINUOUS
10
0.7071699606299212
20
0.3769117716535433
11
0.707268031496063
21
0.3768711417322835
0
LINE
8
BLACK
6
CONTINUOUS
10
0.707268031496063
20
0.3768711417322835
11
0.7073737795275591
21
0.3768636220472441
0
LINE
8
BLACK
6
CONTINUOUS
10
0.7073737795275591
20
0.3768636220472441
11
0.7077968897637795
21
0.3766520866141732
0
LINE
8
BLACK
6
CONTINUOUS
10
0.7077968897637795
20
0.3766520866141732
11
0.7082343700787401
21
0.3764708661417323
0
LINE
8
BLACK
6
CONTINUOUS
10
0.7082343700787401
20
0.3764708661417323
11
0.7083093700787402
21
0.3763958661417323
0
LINE
8
BLACK
6
CONTINUOUS
10
0.7083093700787402
20
0.3763958661417323
11
0.7084042519685039
21
0.3763484251968504
0
LINE
8
BLACK
6
CONTINUOUS
10
0.7084042519685039
20
0.3763484251968504
11
0.7087142519685039
21
0.3759909842519685
0
LINE
8
BLACK
6
CONTINUOUS
10
0.7087142519685039
20
0.3759909842519685
11
0.7090490157480315
21
0.375656220472441
0
LINE
8
BLACK
6
CONTINUOUS
10
0.7090490157480315
20
0.375656220472441
11
0.7090896062992126
21
0.3755581889763779
0
LINE
8
BLACK
6
CONTINUOUS
10
0.7090896062992126
20
0.3755581889763779
11
0.7091591338582677
21
0.375478031496063
0
LINE
8
BLACK
6
CONTINUOUS
10
0.7091591338582677
20
0.375478031496063
11
0.7093087401574802
21
0.3750292125984252
0
LINE
8
BLACK
6
CONTINUOUS
10
0.7093087401574802
20
0.3750292125984252
11
0.7094899212598424
21
0.374591811023622
0
LINE
8
BLACK
6
CONTINUOUS
10
0.7094899212598424
20
0.374591811023622
11
0.7095047244094488
21
0.3744411811023622
0
LINE
8
BLACK
6
CONTINUOUS
10
0.7095047244094488
20
0.3744411811023622
11
0.7095234645669292
21
0.3743850393700787
0
LINE
8
BLACK
6
CONTINUOUS
10
0.7095234645669292
20
0.3743850393700787
11
0.7095179133858267
21
0.3743073228346457
0
LINE
8
BLACK
6
CONTINUOUS
10
0.7095179133858267
20
0.3743073228346457
11
0.709546653543307
21
0.3740157480314961
0
LINE
8
BLACK
6
CONTINUOUS
10
0.709546653543307
20
0.3740157480314961
11
0.709546653543307
21
0.3582208661417323
0
LINE
8
BLACK
6
CONTINUOUS
10
0.709546653543307
20
0.3582208661417323
11
0.7197172834645669
21
0.3582208661417323
0
LINE
8
BLACK
6
CONTINUOUS
10
0.7197172834645669
20
0.3582208661417323
11
0.7202933464566929
21
0.3581641338582677
0
LINE
8
BLACK
6
CONTINUOUS
10
0.7202933464566929
20
0.3581641338582677
11
0.7213577559055118
21
0.3577232283464567
0
LINE
8
BLACK
6
CONTINUOUS
10
0.7213577559055118
20
0.3577232283464567
11
0.7221724015748031
21
0.3569085826771654
0
LINE
8
BLACK
6
CONTINUOUS
10
0.7221724015748031
20
0.3569085826771654
11
0.7226133070866142
21
0.3558441732283464
0
LINE
8
BLACK
6
CONTINUOUS
10
0.7226133070866142
20
0.3558441732283464
11
0.7226133070866142
21
0.3546920472440945
0
LINE
8
BLACK
6
CONTINUOUS
10
0.7226133070866142
20
0.3546920472440945
11
0.7221724015748031
21
0.3536276377952756
0
LINE
8
BLACK
6
CONTINUOUS
10
0.7221724015748031
20
0.3536276377952756
11
0.7213577559055118
21
0.3528129921259843
0
LINE
8
BLACK
6
CONTINUOUS
10
0.7213577559055118
20
0.3528129921259843
11
0.7202933464566929
21
0.3523720866141732
0
LINE
8
BLACK
6
CONTINUOUS
10
0.7202933464566929
20
0.3523720866141732
11
0.7197172834645669
21
0.3523153543307087
0
LINE
8
BLACK
6
CONTINUOUS
10
0.7197172834645669
20
0.3523153543307087
11
0.709546653543307
21
0.3523153543307087
0
LINE
8
BLACK
6
CONTINUOUS
10
0.709546653543307
20
0.3523153543307087
11
0.709546653543307
21
0.3496438188976378
0
LINE
8
BLACK
6
CONTINUOUS
10
0.709546653543307
20
0.3496438188976378
11
0.7094899212598424
21
0.3490677559055118
0
LINE
8
BLACK
6
CONTINUOUS
10
0.7094899212598424
20
0.3490677559055118
11
0.7090490157480315
21
0.3480033464566929
0
LINE
8
BLACK
6
CONTINUOUS
10
0.7090490157480315
20
0.3480033464566929
11
0.7082343700787401
21
0.3471887007874015
0
LINE
8
BLACK
6
CONTINUOUS
10
0.7082343700787401
20
0.3471887007874015
11
0.7071699606299212
21
0.3467477952755905
0
LINE
8
BLACK
6
CONTINUOUS
10
0.7071699606299212
20
0.3467477952755905
11
0.7060178346456693
21
0.3467477952755905
0
LINE
8
BLACK
6
CONTINUOUS
10
0.7060178346456693
20
0.3467477952755905
11
0.7049534251968503
21
0.3471887007874015
0
LINE
8
BLACK
6
CONTINUOUS
10
0.7049534251968503
20
0.3471887007874015
11
0.704138779527559
21
0.3480033464566929
0
LINE
8
BLACK
6
CONTINUOUS
10
0.704138779527559
20
0.3480033464566929
11
0.703697874015748
21
0.3490677559055118
0
LINE
8
BLACK
6
CONTINUOUS
10
0.703697874015748
20
0.3490677559055118
11
0.7036411417322834
21
0.3496438188976378
0
LINE
8
BLACK
6
CONTINUOUS
10
0.7036411417322834
20
0.3496438188976378
11
0.7036411417322834
21
0.3523153543307087
0
LINE
8
BLACK
6
CONTINUOUS
10
0.7036411417322834
20
0.3523153543307087
11
0.6934705511811023
21
0.3523153543307087
0
LINE
8
BLACK
6
CONTINUOUS
10
0.6934705511811023
20
0.3523153543307087
11
0.6928944881889764
21
0.3523720866141732
0
LINE
8
BLACK
6
CONTINUOUS
10
0.6928944881889764
20
0.3523720866141732
11
0.6918300787401575
21
0.3528129921259843
0
LINE
8
BLACK
6
CONTINUOUS
10
0.6918300787401575
20
0.3528129921259843
11
0.6910154330708661
21
0.3536276377952756
0
LINE
8
BLACK
6
CONTINUOUS
10
0.6910154330708661
20
0.3536276377952756
11
0.6905745275590551
21
0.3546920472440945
0
LINE
8
BLACK
6
CONTINUOUS
10
0.6905745275590551
20
0.3546920472440945
11
0.6905745275590551
21
0.3558441732283464
0
LINE
8
BLACK
6
CONTINUOUS
10
0.6905745275590551
20
0.3558441732283464
11
0.6910154330708661
21
0.3569085826771654
0
LINE
8
BLACK
6
CONTINUOUS
10
0.6910154330708661
20
0.3569085826771654
11
0.6918300787401575
21
0.3577232283464567
0
LINE
8
BLACK
6
CONTINUOUS
10
0.6918300787401575
20
0.3577232283464567
11
0.6928944881889764
21
0.3581641338582677
0
LINE
8
BLACK
6
CONTINUOUS
10
0.6928944881889764
20
0.3581641338582677
11
0.6934705511811023
21
0.3582208661417323
0
LINE
8
BLACK
6
CONTINUOUS
10
0.6934705511811023
20
0.3582208661417323
11
0.7036411417322834
21
0.3582208661417323
0
LINE
8
BLACK
6
CONTINUOUS
10
0.7036411417322834
20
0.3582208661417323
11
0.7036411417322834
21
0.3699190551181102
0
LINE
8
BLACK
6
CONTINUOUS
10
0.7036411417322834
20
0.3699190551181102
11
0.6794061811023622
21
0.3618407086614173
0
LINE
8
BLACK
6
CONTINUOUS
10
0.6794061811023622
20
0.3618407086614173
11
0.6788417322834646
21
0.3617123622047244
0
LINE
8
BLACK
6
CONTINUOUS
10
0.6788417322834646
20
0.3617123622047244
11
0.6776925196850394
21
0.3617940551181102
0
LINE
8
BLACK
6
CONTINUOUS
10
0.6776925196850394
20
0.3617940551181102
11
0.6766620866141733
21
0.3623092519685039
0
LINE
8
BLACK
6
CONTINUOUS
10
0.6766620866141733
20
0.3623092519685039
11
0.6759072047244095
21
0.3631796062992126
0
LINE
8
BLACK
6
CONTINUOUS
10
0.6759072047244095
20
0.3631796062992126
11
0.675542874015748
21
0.3642726377952756
0
LINE
8
BLACK
6
CONTINUOUS
10
0.675542874015748
20
0.3642726377952756
11
0.6756245669291339
21
0.3654218503937008
0
LINE
8
BLACK
6
CONTINUOUS
10
0.6756245669291339
20
0.3654218503937008
11
0.6761397637795276
21
0.3664522834645669
0
LINE
8
BLACK
6
CONTINUOUS
10
0.6761397637795276
20
0.3664522834645669
11
0.6770101181102363
21
0.3672071653543307
0
LINE
8
BLACK
6
CONTINUOUS
10
0.6770101181102363
20
0.3672071653543307
11
0.6775387007874015
21
0.3674431496062992
0
LINE
8
BLACK
6
CONTINUOUS
10
0.6775387007874015
20
0.3674431496062992
11
0.7056601181102362
21
0.376816968503937
0
LINE
8
BLACK
6
CONTINUOUS
10
0.7056601181102362
20
0.376816968503937
11
0.705945748031496
21
0.3768819291338583
0
LINE
8
BLACK
6
CONTINUOUS
10
0.705945748031496
20
0.3768819291338583
11
0.7060178346456693
21
0.3769117716535433
0
LINE
8
BLACK
6
CONTINUOUS
10
0.7060178346456693
20
0.3769117716535433
11
0.7060770472440945
21
0.3769117716535433
0
LINE
8
BLACK
6
CONTINUOUS
10
0.7060770472440945
20
0.3769117716535433
11
0.7062245669291338
21
0.3769453149606299
0
LINE
8
BLACK
6
CONTINUOUS
10
0.7062245669291338
20
0.3769453149606299
11
0.7066964173228346
21
0.3769117716535433
0
LINE
8
BLACK
6
CONTINUOUS
10
0.2889715354330709
20
0.3851945275590551
11
0.2892574015748031
21
0.3843370078740158
0
LINE
8
BLACK
6
CONTINUOUS
10
0.2892574015748031
20
0.3843370078740158
11
0.2891356692913385
21
0.3838925196850393
0
LINE
8
BLACK
6
CONTINUOUS
10
0.2891356692913385
20
0.3838925196850393
11
0.2883857480314961
21
0.3823926771653543
0
LINE
8
BLACK
6
CONTINUOUS
10
0.2883857480314961
20
0.3823926771653543
11
0.2882696062992126
21
0.3822431102362205
0
LINE
8
BLACK
6
CONTINUOUS
10
0.2882696062992126
20
0.3822431102362205
11
0.2881644881889764
21
0.3820857086614173
0
LINE
8
BLACK
6
CONTINUOUS
10
0.2881644881889764
20
0.3820857086614173
11
0.2871811023622047
21
0.3811023622047244
0
LINE
8
BLACK
6
CONTINUOUS
10
0.2871811023622047
20
0.3811023622047244
11
0.2981467322834646
21
0.3811023622047244
0
LINE
8
BLACK
6
CONTINUOUS
10
0.2981467322834646
20
0.3811023622047244
11
0.2981467322834646
21
0.3844207086614173
0
LINE
8
BLACK
6
CONTINUOUS
10
0.2981467322834646
20
0.3844207086614173
11
0.2982366535433071
21
0.384872716535433
0
LINE
8
BLACK
6
CONTINUOUS
10
0.2982366535433071
20
0.384872716535433
11
0.2988758267716535
21
0.3855118897637795
0
LINE
8
BLACK
6
CONTINUOUS
10
0.2988758267716535
20
0.3855118897637795
11
0.299779842519685
21
0.3855118897637795
0
LINE
8
BLACK
6
CONTINUOUS
10
0.299779842519685
20
0.3855118897637795
11
0.3004190157480315
21
0.384872716535433
0
LINE
8
BLACK
6
CONTINUOUS
10
0.3004190157480315
20
0.384872716535433
11
0.300508937007874
21
0.3844207086614173
0
LINE
8
BLACK
6
CONTINUOUS
10
0.300508937007874
20
0.3844207086614173
11
0.300508937007874
21
0.3754218503937008
0
LINE
8
BLACK
6
CONTINUOUS
10
0.300508937007874
20
0.3754218503937008
11
0.3004190157480315
21
0.374969842519685
0
LINE
8
BLACK
6
CONTINUOUS
10
0.3004190157480315
20
0.374969842519685
11
0.299779842519685
21
0.3743306692913386
0
LINE
8
BLACK
6
CONTINUOUS
10
0.299779842519685
20
0.3743306692913386
11
0.2988758267716535
21
0.3743306692913386
0
LINE
8
BLACK
6
CONTINUOUS
10
0.2988758267716535
20
0.3743306692913386
11
0.2982366535433071
21
0.374969842519685
0
LINE
8
BLACK
6
CONTINUOUS
10
0.2982366535433071
20
0.374969842519685
11
0.2981467322834646
21
0.3754218503937008
0
LINE
8
BLACK
6
CONTINUOUS
10
0.2981467322834646
20
0.3754218503937008
11
0.2981467322834646
21
0.378740157480315
0
LINE
8
BLACK
6
CONTINUOUS
10
0.2981467322834646
20
0.378740157480315
11
0.2835798031496063
21
0.378740157480315
0
LINE
8
BLACK
6
CONTINUOUS
10
0.2835798031496063
20
0.378740157480315
11
0.2831277952755906
21
0.3788300787401574
0
LINE
8
BLACK
6
CONTINUOUS
10
0.2831277952755906
20
0.3788300787401574
11
0.283041811023622
21
0.378916062992126
0
LINE
8
BLACK
6
CONTINUOUS
10
0.283041811023622
20
0.378916062992126
11
0.2829226377952756
21
0.3789398818897638
0
LINE
8
BLACK
6
CONTINUOUS
10
0.2829226377952756
20
0.3789398818897638
11
0.2827318503937008
21
0.3792260236220472
0
LINE
8
BLACK
6
CONTINUOUS
10
0.2827318503937008
20
0.3792260236220472
11
0.2824886220472441
21
0.379469251968504
0
LINE
8
BLACK
6
CONTINUOUS
10
0.2824886220472441
20
0.379469251968504
11
0.2824886220472441
21
0.3795908661417323
0
LINE
8
BLACK
6
CONTINUOUS
10
0.2824886220472441
20
0.3795908661417323
11
0.2824211417322834
21
0.3796920472440945
0
LINE
8
BLACK
6
CONTINUOUS
10
0.2824211417322834
20
0.3796920472440945
11
0.2824886220472441
21
0.3800294488188976
0
LINE
8
BLACK
6
CONTINUOUS
10
0.2824886220472441
20
0.3800294488188976
11
0.2824886220472441
21
0.3803732677165354
0
LINE
8
BLACK
6
CONTINUOUS
10
0.2824886220472441
20
0.3803732677165354
11
0.2825745669291339
21
0.3804592519685039
0
LINE
8
BLACK
6
CONTINUOUS
10
0.2825745669291339
20
0.3804592519685039
11
0.2825984251968504
21
0.3805784251968504
0
LINE
8
BLACK
6
CONTINUOUS
10
0.2825984251968504
20
0.3805784251968504
11
0.2829246456692913
21
0.3809039763779528
0
LINE
8
BLACK
6
CONTINUOUS
10
0.2829246456692913
20
0.3809039763779528
11
0.2850771259842519
21
0.3823390551181102
0
LINE
8
BLACK
6
CONTINUOUS
10
0.2850771259842519
20
0.3823390551181102
11
0.2863586220472441
21
0.3836205511811023
0
LINE
8
BLACK
6
CONTINUOUS
10
0.2863586220472441
20
0.3836205511811023
11
0.2870228346456693
21
0.384948937007874
0
LINE
8
BLACK
6
CONTINUOUS
10
0.2870228346456693
20
0.384948937007874
11
0.2873054330708661
21
0.3853129921259842
0
LINE
8
BLACK
6
CONTINUOUS
10
0.2873054330708661
20
0.3853129921259842
11
0.2881629527559055
21
0.3855988582677165
0
LINE
8
BLACK
6
CONTINUOUS
10
0.2881629527559055
20
0.3855988582677165
11
0.2889715354330709
21
0.3851945275590551
0
LINE
8
BLACK
6
CONTINUOUS
10
0.3086666929133858
20
0.42111
11
0.3097320472440945
21
0.4200446456692913
0
LINE
8
BLACK
6
CONTINUOUS
10
0.3097320472440945
20
0.4200446456692913
11
0.3098818897637795
21
0.4192913385826771
0
LINE
8
BLACK
6
CONTINUOUS
10
0.3098818897637795
20
0.4192913385826771
11
0.3098818897637795
21
0.4128777559055118
0
LINE
8
BLACK
6
CONTINUOUS
10
0.3098818897637795
20
0.4128777559055118
11
0.3309377559055118
21
0.4128777559055118
0
LINE
8
BLACK
6
CONTINUOUS
10
0.3309377559055118
20
0.4128777559055118
11
0.3315138188976378
21
0.4128210236220473
0
LINE
8
BLACK
6
CONTINUOUS
10
0.3315138188976378
20
0.4128210236220473
11
0.3325782283464567
21
0.4123801181102362
0
LINE
8
BLACK
6
CONTINUOUS
10
0.3325782283464567
20
0.4123801181102362
11
0.333392874015748
21
0.4115654724409449
0
LINE
8
BLACK
6
CONTINUOUS
10
0.333392874015748
20
0.4115654724409449
11
0.333833779527559
21
0.410501062992126
0
LINE
8
BLACK
6
CONTINUOUS
10
0.333833779527559
20
0.410501062992126
11
0.3338905118110236
21
0.409925
0
LINE
8
BLACK
6
CONTINUOUS
10
0.3338905118110236
20
0.409925
11
0.3338905118110236
21
0.4005511811023622
0
LINE
8
BLACK
6
CONTINUOUS
10
0.3338905118110236
20
0.4005511811023622
11
0.3338617716535433
21
0.4002596062992126
0
LINE
8
BLACK
6
CONTINUOUS
10
0.3338617716535433
20
0.4002596062992126
11
0.3338673228346457
21
0.4001818503937008
0
LINE
8
BLACK
6
CONTINUOUS
10
0.3338673228346457
20
0.4001818503937008
11
0.3338440551181102
21
0.4000796062992126
0
LINE
8
BLACK
6
CONTINUOUS
10
0.3338440551181102
20
0.4000796062992126
11
0.333833779527559
21
0.3999751181102362
0
LINE
8
BLACK
6
CONTINUOUS
10
0.333833779527559
20
0.3999751181102362
11
0.3338038976377953
21
0.3999030708661417
0
LINE
8
BLACK
6
CONTINUOUS
10
0.3338038976377953
20
0.3999030708661417
11
0.3337389763779527
21
0.3996174015748031
0
LINE
8
BLACK
6
CONTINUOUS
10
0.3337389763779527
20
0.3996174015748031
11
0.3318642125984252
21
0.3939931496062992
0
LINE
8
BLACK
6
CONTINUOUS
10
0.3318642125984252
20
0.3939931496062992
11
0.3316282283464567
21
0.3934645669291338
0
LINE
8
BLACK
6
CONTINUOUS
10
0.3316282283464567
20
0.3934645669291338
11
0.3315587401574803
21
0.3933844881889764
0
LINE
8
BLACK
6
CONTINUOUS
10
0.3315587401574803
20
0.3933844881889764
11
0.3315181496062992
21
0.3932864173228346
0
LINE
8
BLACK
6
CONTINUOUS
10
0.3315181496062992
20
0.3932864173228346
11
0.331150905511811
21
0.3928389763779527
0
LINE
8
BLACK
6
CONTINUOUS
10
0.331150905511811
20
0.3928389763779527
11
0.3274013385826772
21
0.3890894488188976
0
LINE
8
BLACK
6
CONTINUOUS
10
0.3274013385826772
20
0.3890894488188976
11
0.3271749606299212
21
0.3889037007874016
0
LINE
8
BLACK
6
CONTINUOUS
10
0.3271749606299212
20
0.3889037007874016
11
0.3271238188976378
21
0.3888446850393701
0
LINE
8
BLACK
6
CONTINUOUS
10
0.3271238188976378
20
0.3888446850393701
11
0.3270348818897638
21
0.3887887401574803
0
LINE
8
BLACK
6
CONTINUOUS
10
0.3270348818897638
20
0.3887887401574803
11
0.3269538582677165
21
0.3887222047244094
0
LINE
8
BLACK
6
CONTINUOUS
10
0.3269538582677165
20
0.3887222047244094
11
0.326881811023622
21
0.3886924015748031
0
LINE
8
BLACK
6
CONTINUOUS
10
0.326881811023622
20
0.3886924015748031
11
0.326633937007874
21
0.3885363385826772
0
LINE
8
BLACK
6
CONTINUOUS
10
0.326633937007874
20
0.3885363385826772
11
0.3228844094488189
21
0.3866615748031496
0
LINE
8
BLACK
6
CONTINUOUS
10
0.3228844094488189
20
0.3866615748031496
11
0.3228422834645669
21
0.3866454724409449
0
LINE
8
BLACK
6
CONTINUOUS
10
0.3228422834645669
20
0.3866454724409449
11
0.3228251574803149
21
0.3866327559055118
0
LINE
8
BLACK
6
CONTINUOUS
10
0.3228251574803149
20
0.3866327559055118
11
0.3225831889763779
21
0.3865463385826772
0
LINE
8
BLACK
6
CONTINUOUS
10
0.3225831889763779
20
0.3865463385826772
11
0.322343779527559
21
0.3864546850393701
0
LINE
8
BLACK
6
CONTINUOUS
10
0.322343779527559
20
0.3864546850393701
11
0.3223225196850394
21
0.3864531889763779
0
LINE
8
BLACK
6
CONTINUOUS
10
0.3223225196850394
20
0.3864531889763779
11
0.3222800393700787
21
0.3864379921259842
0
LINE
8
BLACK
6
CONTINUOUS
10
0.3222800393700787
20
0.3864379921259842
11
0.3147809842519685
21
0.3845632283464567
0
LINE
8
BLACK
6
CONTINUOUS
10
0.3147809842519685
20
0.3845632283464567
11
0.3146811023622047
21
0.3845484645669291
0
LINE
8
BLACK
6
CONTINUOUS
10
0.3146811023622047
20
0.3845484645669291
11
0.314640905511811
21
0.384531811023622
0
LINE
8
BLACK
6
CONTINUOUS
10
0.314640905511811
20
0.384531811023622
11
0.3144238582677165
21
0.3845104724409449
0
LINE
8
BLACK
6
CONTINUOUS
10
0.3144238582677165
20
0.3845104724409449
11
0.3142083858267716
21
0.3844785826771653
0
LINE
8
BLACK
6
CONTINUOUS
10
0.3142083858267716
20
0.3844785826771653
11
0.3141653543307086
21
0.384485
0
LINE
8
BLACK
6
CONTINUOUS
10
0.3141653543307086
20
0.384485
11
0.314064842519685
21
0.3844750787401575
0
LINE
8
BLACK
6
CONTINUOUS
10
0.314064842519685
20
0.3844750787401575
11
0.3098818897637795
21
0.3844750787401575
0
LINE
8
BLACK
6
CONTINUOUS
10
0.3098818897637795
20
0.3844750787401575
11
0.3098818897637795
21
0.3641338582677165
0
LINE
8
BLACK
6
CONTINUOUS
10
0.3098818897637795
20
0.3641338582677165
11
0.327985
21
0.3641338582677165
0
LINE
8
BLACK
6
CONTINUOUS
10
0.327985
20
0.3641338582677165
11
0.327985
21
0.3724296850393701
0
LINE
8
BLACK
6
CONTINUOUS
10
0.327985
20
0.3724296850393701
11
0.3280417322834646
21
0.3730057480314961
0
LINE
8
BLACK
6
CONTINUOUS
10
0.3280417322834646
20
0.3730057480314961
11
0.3284826377952756
21
0.374070157480315
0
LINE
8
BLACK
6
CONTINUOUS
10
0.3284826377952756
20
0.374070157480315
11
0.3292972834645669
21
0.3748848031496063
0
LINE
8
BLACK
6
CONTINUOUS
10
0.3292972834645669
20
0.3748848031496063
11
0.3303616929133858
21
0.3753257086614173
0
LINE
8
BLACK
6
CONTINUOUS
10
0.3303616929133858
20
0.3753257086614173
11
0.3315138188976378
21
0.3753257086614173
0
LINE
8
BLACK
6
CONTINUOUS
10
0.3315138188976378
20
0.3753257086614173
11
0.3325782283464567
21
0.3748848031496063
0
LINE
8
BLACK
6
CONTINUOUS
10
0.3325782283464567
20
0.3748848031496063
11
0.333392874015748
21
0.374070157480315
0
LINE
8
BLACK
6
CONTINUOUS
10
0.333392874015748
20
0.374070157480315
11
0.333833779527559
21
0.3730057480314961
0
LINE
8
BLACK
6
CONTINUOUS
10
0.333833779527559
20
0.3730057480314961
11
0.3338905118110236
21
0.3724296850393701
0
LINE
8
BLACK
6
CONTINUOUS
10
0.3338905118110236
20
0.3724296850393701
11
0.3338905118110236
21
0.3499325196850394
0
LINE
8
BLACK
6
CONTINUOUS
10
0.3338905118110236
20
0.3499325196850394
11
0.333833779527559
21
0.3493564566929134
0
LINE
8
BLACK
6
CONTINUOUS
10
0.333833779527559
20
0.3493564566929134
11
0.333392874015748
21
0.3482920472440945
0
LINE
8
BLACK
6
CONTINUOUS
10
0.333392874015748
20
0.3482920472440945
11
0.3325782283464567
21
0.3474774015748032
0
LINE
8
BLACK
6
CONTINUOUS
10
0.3325782283464567
20
0.3474774015748032
11
0.3315138188976378
21
0.3470364960629921
0
LINE
8
BLACK
6
CONTINUOUS
10
0.3315138188976378
20
0.3470364960629921
11
0.3303616929133858
21
0.3470364960629921
0
LINE
8
BLACK
6
CONTINUOUS
10
0.3303616929133858
20
0.3470364960629921
11
0.3292972834645669
21
0.3474774015748032
0
LINE
8
BLACK
6
CONTINUOUS
10
0.3292972834645669
20
0.3474774015748032
11
0.3284826377952756
21
0.3482920472440945
0
LINE
8
BLACK
6
CONTINUOUS
10
0.3284826377952756
20
0.3482920472440945
11
0.3280417322834646
21
0.3493564566929134
0
LINE
8
BLACK
6
CONTINUOUS
10
0.3280417322834646
20
0.3493564566929134
11
0.327985
21
0.3499325196850394
0
LINE
8
BLACK
6
CONTINUOUS
10
0.327985
20
0.3499325196850394
11
0.327985
21
0.3582283464566929
0
LINE
8
BLACK
6
CONTINUOUS
10
0.327985
20
0.3582283464566929
11
0.3098818897637795
21
0.3582283464566929
0
LINE
8
BLACK
6
CONTINUOUS
10
0.3098818897637795
20
0.3582283464566929
11
0.3098818897637795
21
0.3562992125984252
0
LINE
8
BLACK
6
CONTINUOUS
10
0.3098818897637795
20
0.3562992125984252
11
0.3097320472440945
21
0.355545905511811
0
LINE
8
BLACK
6
CONTINUOUS
10
0.3097320472440945
20
0.355545905511811
11
0.3086666929133858
21
0.3544805511811023
0
LINE
8
BLACK
6
CONTINUOUS
10
0.3086666929133858
20
0.3544805511811023
11
0.3079133858267716
21
0.3543307086614173
0
LINE
8
BLACK
6
CONTINUOUS
10
0.3079133858267716
20
0.3543307086614173
11
0.2764173228346457
21
0.3543307086614173
0
LINE
8
BLACK
6
CONTINUOUS
10
0.2764173228346457
20
0.3543307086614173
11
0.2756640157480315
21
0.3544805511811023
0
LINE
8
BLACK
6
CONTINUOUS
10
0.2756640157480315
20
0.3544805511811023
11
0.2745986614173228
21
0.355545905511811
0
LINE
8
BLACK
6
CONTINUOUS
10
0.2745986614173228
20
0.355545905511811
11
0.2744488188976378
21
0.3562992125984252
0
LINE
8
BLACK
6
CONTINUOUS
10
0.2744488188976378
20
0.3562992125984252
11
0.2744488188976378
21
0.4192913385826771
0
LINE
8
BLACK
6
CONTINUOUS
10
0.2744488188976378
20
0.4192913385826771
11
0.2745986614173228
21
0.4200446456692913
0
LINE
8
BLACK
6
CONTINUOUS
10
0.2745986614173228
20
0.4200446456692913
11
0.2756640157480315
21
0.42111
0
LINE
8
BLACK
6
CONTINUOUS
10
0.2756640157480315
20
0.42111
11
0.2764173228346457
21
0.421259842519685
0
LINE
8
BLACK
6
CONTINUOUS
10
0.2764173228346457
20
0.421259842519685
11
0.3079133858267716
21
0.421259842519685
0
LINE
8
BLACK
6
CONTINUOUS
10
0.3079133858267716
20
0.421259842519685
11
0.3086666929133858
21
0.42111
0
LINE
8
BLACK
6
CONTINUOUS
10
0.2783858267716535
20
0.4173228346456693
11
0.2783858267716535
21
0.358267716535433
0
LINE
8
BLACK
6
CONTINUOUS
10
0.2783858267716535
20
0.358267716535433
11
0.2911679921259843
21
0.358267716535433
0
LINE
8
BLACK
6
CONTINUOUS
10
0.2911679921259843
20
0.358267716535433
11
0.2909916141732283
21
0.3582850787401575
0
LINE
8
BLACK
6
CONTINUOUS
10
0.2909916141732283
20
0.3582850787401575
11
0.2907214960629921
21
0.358396968503937
0
LINE
8
BLACK
6
CONTINUOUS
10
0.2907214960629921
20
0.358396968503937
11
0.2904348818897638
21
0.3584542913385826
0
LINE
8
BLACK
6
CONTINUOUS
10
0.2904348818897638
20
0.3584542913385826
11
0.2901944881889764
21
0.3586152755905512
0
LINE
8
BLACK
6
CONTINUOUS
10
0.2901944881889764
20
0.3586152755905512
11
0.2899272047244094
21
0.3587259842519685
0
LINE
8
BLACK
6
CONTINUOUS
10
0.2899272047244094
20
0.3587259842519685
11
0.2897204724409449
21
0.3589327165354331
0
LINE
8
BLACK
6
CONTINUOUS
10
0.2897204724409449
20
0.3589327165354331
11
0.2894775984251968
21
0.3590953543307087
0
LINE
8
BLACK
6
CONTINUOUS
10
0.2894775984251968
20
0.3590953543307087
11
0.2893170866141732
21
0.3593361023622047
0
LINE
8
BLACK
6
CONTINUOUS
10
0.2893170866141732
20
0.3593361023622047
11
0.2891125590551181
21
0.3595406299212598
0
LINE
8
BLACK
6
CONTINUOUS
10
0.2891125590551181
20
0.3595406299212598
11
0.2890006692913386
21
0.359810748031496
0
LINE
8
BLACK
6
CONTINUOUS
10
0.2890006692913386
20
0.359810748031496
11
0.2888385039370079
21
0.3600539763779527
0
LINE
8
BLACK
6
CONTINUOUS
10
0.2888385039370079
20
0.3600539763779527
11
0.2887823622047244
21
0.3603377952755906
0
LINE
8
BLACK
6
CONTINUOUS
10
0.2887823622047244
20
0.3603377952755906
11
0.2886716535433071
21
0.3606050393700787
0
LINE
8
BLACK
6
CONTINUOUS
10
0.2886716535433071
20
0.3606050393700787
11
0.2886716535433071
21
0.3608974409448819
0
LINE
8
BLACK
6
CONTINUOUS
10
0.2886716535433071
20
0.3608974409448819
11
0.2886149212598425
21
0.3611842125984252
0
LINE
8
BLACK
6
CONTINUOUS
10
0.2886149212598425
20
0.3611842125984252
11
0.2886716535433071
21
0.361467874015748
0
LINE
8
BLACK
6
CONTINUOUS
10
0.2886716535433071
20
0.361467874015748
11
0.2886716535433071
21
0.3617571653543307
0
LINE
8
BLACK
6
CONTINUOUS
10
0.2886716535433071
20
0.3617571653543307
11
0.2887835039370079
21
0.3620272834645669
0
LINE
8
BLACK
6
CONTINUOUS
10
0.2887835039370079
20
0.3620272834645669
11
0.2888408661417323
21
0.3623138976377953
0
LINE
8
BLACK
6
CONTINUOUS
10
0.2888408661417323
20
0.3623138976377953
11
0.289001811023622
21
0.3625542913385827
0
LINE
8
BLACK
6
CONTINUOUS
10
0.289001811023622
20
0.3625542913385827
11
0.2891125590551181
21
0.3628215748031496
0
LINE
8
BLACK
6
CONTINUOUS
10
0.2891125590551181
20
0.3628215748031496
11
0.2893192519685039
21
0.3630283070866142
0
LINE
8
BLACK
6
CONTINUOUS
10
0.2893192519685039
20
0.3630283070866142
11
0.2894819291338583
21
0.3632711811023622
0
LINE
8
BLACK
6
CONTINUOUS
10
0.2894819291338583
20
0.3632711811023622
11
0.2899251574803149
21
0.3636342125984252
0
LINE
8
BLACK
6
CONTINUOUS
10
0.2899251574803149
20
0.3636342125984252
11
0.2899272047244094
21
0.3636362204724409
0
LINE
8
BLACK
6
CONTINUOUS
10
0.2899272047244094
20
0.3636362204724409
11
0.2899280708661418
21
0.3636366141732283
0
LINE
8
BLACK
6
CONTINUOUS
10
0.2899280708661418
20
0.3636366141732283
11
0.2899297637795276
21
0.3636379527559055
0
LINE
8
BLACK
6
CONTINUOUS
10
0.2899297637795276
20
0.3636379527559055
11
0.2953107874015748
21
0.3672253149606299
0
LINE
8
BLACK
6
CONTINUOUS
10
0.2953107874015748
20
0.3672253149606299
11
0.2985147637795276
21
0.3704292519685039
0
LINE
8
BLACK
6
CONTINUOUS
10
0.2985147637795276
20
0.3704292519685039
11
0.3001752362204724
21
0.3737501968503937
0
LINE
8
BLACK
6
CONTINUOUS
10
0.3001752362204724
20
0.3737501968503937
11
0.3004835826771654
21
0.3742400787401575
0
LINE
8
BLACK
6
CONTINUOUS
10
0.3004835826771654
20
0.3742400787401575
11
0.3013539763779527
21
0.3749949212598425
0
LINE
8
BLACK
6
CONTINUOUS
10
0.3013539763779527
20
0.3749949212598425
11
0.3024469291338582
21
0.3753592519685039
0
LINE
8
BLACK
6
CONTINUOUS
10
0.3024469291338582
20
0.3753592519685039
11
0.3035961417322834
21
0.3752775984251969
0
LINE
8
BLACK
6
CONTINUOUS
10
0.3035961417322834
20
0.3752775984251969
11
0.3046266535433071
21
0.3747623228346457
0
LINE
8
BLACK
6
CONTINUOUS
10
0.3046266535433071
20
0.3747623228346457
11
0.3053814960629921
21
0.373891968503937
0
LINE
8
BLACK
6
CONTINUOUS
10
0.3053814960629921
20
0.373891968503937
11
0.3057458267716535
21
0.3727989763779527
0
LINE
8
BLACK
6
CONTINUOUS
10
0.3057458267716535
20
0.3727989763779527
11
0.3056641732283464
21
0.3716497637795276
0
LINE
8
BLACK
6
CONTINUOUS
10
0.3056641732283464
20
0.3716497637795276
11
0.3054572834645669
21
0.3711091732283465
0
LINE
8
BLACK
6
CONTINUOUS
10
0.3054572834645669
20
0.3711091732283465
11
0.3035825196850394
21
0.3673596456692914
0
LINE
8
BLACK
6
CONTINUOUS
10
0.3035825196850394
20
0.3673596456692914
11
0.3034264960629921
21
0.3671118503937008
0
LINE
8
BLACK
6
CONTINUOUS
10
0.3034264960629921
20
0.3671118503937008
11
0.3033966535433071
21
0.3670396850393701
0
LINE
8
BLACK
6
CONTINUOUS
10
0.3033966535433071
20
0.3670396850393701
11
0.3033300393700787
21
0.3669585433070866
0
LINE
8
BLACK
6
CONTINUOUS
10
0.3033300393700787
20
0.3669585433070866
11
0.3032741732283464
21
0.3668697637795276
0
LINE
8
BLACK
6
CONTINUOUS
10
0.3032741732283464
20
0.3668697637795276
11
0.3032152362204724
21
0.3668186614173228
0
LINE
8
BLACK
6
CONTINUOUS
10
0.3032152362204724
20
0.3668186614173228
11
0.3030294094488189
21
0.3665922440944882
0
LINE
8
BLACK
6
CONTINUOUS
10
0.3030294094488189
20
0.3665922440944882
11
0.3005710236220472
21
0.3641338582677165
0
LINE
8
BLACK
6
CONTINUOUS
10
0.3005710236220472
20
0.3641338582677165
11
0.3059448818897638
21
0.3641338582677165
0
LINE
8
BLACK
6
CONTINUOUS
10
0.3059448818897638
20
0.3641338582677165
11
0.3059448818897638
21
0.3850081102362204
0
LINE
8
BLACK
6
CONTINUOUS
10
0.3059448818897638
20
0.3850081102362204
11
0.3002253543307086
21
0.3864379921259842
0
LINE
8
BLACK
6
CONTINUOUS
10
0.3002253543307086
20
0.3864379921259842
11
0.3001828346456693
21
0.3864531889763779
0
LINE
8
BLACK
6
CONTINUOUS
10
0.3001828346456693
20
0.3864531889763779
11
0.3001615748031496
21
0.3864546850393701
0
LINE
8
BLACK
6
CONTINUOUS
10
0.3001615748031496
20
0.3864546850393701
11
0.299921811023622
21
0.3865464566929134
0
LINE
8
BLACK
6
CONTINUOUS
10
0.299921811023622
20
0.3865464566929134
11
0.2996802362204724
21
0.3866327559055118
0
LINE
8
BLACK
6
CONTINUOUS
10
0.2996802362204724
20
0.3866327559055118
11
0.2996630708661417
21
0.3866454724409449
0
LINE
8
BLACK
6
CONTINUOUS
10
0.2996630708661417
20
0.3866454724409449
11
0.2996209842519685
21
0.3866615748031496
0
LINE
8
BLACK
6
CONTINUOUS
10
0.2996209842519685
20
0.3866615748031496
11
0.2958714566929134
21
0.3885363385826772
0
LINE
8
BLACK
6
CONTINUOUS
10
0.2958714566929134
20
0.3885363385826772
11
0.2956236220472441
21
0.3886923622047244
0
LINE
8
BLACK
6
CONTINUOUS
10
0.2956236220472441
20
0.3886923622047244
11
0.2955514960629921
21
0.3887222047244094
0
LINE
8
BLACK
6
CONTINUOUS
10
0.2955514960629921
20
0.3887222047244094
11
0.2954703149606299
21
0.3887888188976378
0
LINE
8
BLACK
6
CONTINUOUS
10
0.2954703149606299
20
0.3887888188976378
11
0.2953815748031496
21
0.3888446850393701
0
LINE
8
BLACK
6
CONTINUOUS
10
0.2953815748031496
20
0.3888446850393701
11
0.2953304330708661
21
0.3889036220472441
0
LINE
8
BLACK
6
CONTINUOUS
10
0.2953304330708661
20
0.3889036220472441
11
0.2951040551181102
21
0.3890894488188976
0
LINE
8
BLACK
6
CONTINUOUS
10
0.2951040551181102
20
0.3890894488188976
11
0.2923574803149606
21
0.3918360236220472
0
LINE
8
BLACK
6
CONTINUOUS
10
0.2923574803149606
20
0.3918360236220472
11
0.2921352755905512
21
0.3913915354330709
0
LINE
8
BLACK
6
CONTINUOUS
10
0.2921352755905512
20
0.3913915354330709
11
0.2920192913385827
21
0.3912421653543307
0
LINE
8
BLACK
6
CONTINUOUS
10
0.2920192913385827
20
0.3912421653543307
11
0.2919140551181102
21
0.3910846062992126
0
LINE
8
BLACK
6
CONTINUOUS
10
0.2919140551181102
20
0.3910846062992126
11
0.2911641338582677
21
0.3903347244094488
0
LINE
8
BLACK
6
CONTINUOUS
10
0.2911641338582677
20
0.3903347244094488
11
0.2910069291338583
21
0.3902297244094488
0
LINE
8
BLACK
6
CONTINUOUS
10
0.2910069291338583
20
0.3902297244094488
11
0.2908572047244095
21
0.3901134645669291
0
LINE
8
BLACK
6
CONTINUOUS
10
0.2908572047244095
20
0.3901134645669291
11
0.2893573228346457
21
0.3893635433070866
0
LINE
8
BLACK
6
CONTINUOUS
10
0.2893573228346457
20
0.3893635433070866
11
0.2893002755905512
21
0.3893479527559055
0
LINE
8
BLACK
6
CONTINUOUS
10
0.2893002755905512
20
0.3893479527559055
11
0.2892811417322835
21
0.3893287795275591
0
LINE
8
BLACK
6
CONTINUOUS
10
0.2892811417322835
20
0.3893287795275591
11
0.2890953149606299
21
0.3892918503937008
0
LINE
8
BLACK
6
CONTINUOUS
10
0.2890953149606299
20
0.3892918503937008
11
0.2889128346456693
21
0.3892418503937008
0
LINE
8
BLACK
6
CONTINUOUS
10
0.2889128346456693
20
0.3892418503937008
11
0.2888871653543307
21
0.3892504330708662
0
LINE
8
BLACK
6
CONTINUOUS
10
0.2888871653543307
20
0.3892504330708662
11
0.2888291338582677
21
0.3892388582677165
0
LINE
8
BLACK
6
CONTINUOUS
10
0.2888291338582677
20
0.3892388582677165
11
0.2865794488188976
21
0.3892388582677165
0
LINE
8
BLACK
6
CONTINUOUS
10
0.2865794488188976
20
0.3892388582677165
11
0.2865214566929134
21
0.3892503937007874
0
LINE
8
BLACK
6
CONTINUOUS
10
0.2865214566929134
20
0.3892503937007874
11
0.2864957480314961
21
0.389241811023622
0
LINE
8
BLACK
6
CONTINUOUS
10
0.2864957480314961
20
0.389241811023622
11
0.2863129133858268
21
0.3892918897637795
0
LINE
8
BLACK
6
CONTINUOUS
10
0.2863129133858268
20
0.3892918897637795
11
0.2861274409448819
21
0.3893287795275591
0
LINE
8
BLACK
6
CONTINUOUS
10
0.2861274409448819
20
0.3893287795275591
11
0.2861082677165354
21
0.3893479527559055
0
LINE
8
BLACK
6
CONTINUOUS
10
0.2861082677165354
20
0.3893479527559055
11
0.2860512598425197
21
0.3893635433070866
0
LINE
8
BLACK
6
CONTINUOUS
10
0.2860512598425197
20
0.3893635433070866
11
0.2845514173228346
21
0.3901134645669291
0
LINE
8
BLACK
6
CONTINUOUS
10
0.2845514173228346
20
0.3901134645669291
11
0.2844021653543307
21
0.3902293307086614
0
LINE
8
BLACK
6
CONTINUOUS
10
0.2844021653543307
20
0.3902293307086614
11
0.2842444488188977
21
0.3903346850393701
0
LINE
8
BLACK
6
CONTINUOUS
10
0.2842444488188977
20
0.3903346850393701
11
0.2834945669291338
21
0.3910846062992126
0
LINE
8
BLACK
6
CONTINUOUS
10
0.2834945669291338
20
0.3910846062992126
11
0.2833895275590551
21
0.391241811023622
0
LINE
8
BLACK
6
CONTINUOUS
10
0.2833895275590551
20
0.391241811023622
11
0.2832733070866142
21
0.3913915354330709
0
LINE
8
BLACK
6
CONTINUOUS
10
0.2832733070866142
20
0.3913915354330709
11
0.2825233858267717
21
0.3928913385826772
0
LINE
8
BLACK
6
CONTINUOUS
10
0.2825233858267717
20
0.3928913385826772
11
0.2825077559055118
21
0.3929484251968504
0
LINE
8
BLACK
6
CONTINUOUS
10
0.2825077559055118
20
0.3929484251968504
11
0.2824886220472441
21
0.3929675590551181
0
LINE
8
BLACK
6
CONTINUOUS
10
0.2824886220472441
20
0.3929675590551181
11
0.2824516535433071
21
0.3931533464566929
0
LINE
8
BLACK
6
CONTINUOUS
10
0.2824516535433071
20
0.3931533464566929
11
0.2824016929133858
21
0.3933358661417323
0
LINE
8
BLACK
6
CONTINUOUS
10
0.2824016929133858
20
0.3933358661417323
11
0.2824102362204725
21
0.3933615354330708
0
LINE
8
BLACK
6
CONTINUOUS
10
0.2824102362204725
20
0.3933615354330708
11
0.2823987007874016
21
0.3934195669291338
0
LINE
8
BLACK
6
CONTINUOUS
10
0.2823987007874016
20
0.3934195669291338
11
0.2823987007874016
21
0.3994188188976378
0
LINE
8
BLACK
6
CONTINUOUS
10
0.2823987007874016
20
0.3994188188976378
11
0.2824886220472441
21
0.3998708267716535
0
LINE
8
BLACK
6
CONTINUOUS
10
0.2824886220472441
20
0.3998708267716535
11
0.2831277952755906
21
0.40051
0
LINE
8
BLACK
6
CONTINUOUS
10
0.2831277952755906
20
0.40051
11
0.2835798031496063
21
0.4005999212598425
0
LINE
8
BLACK
6
CONTINUOUS
10
0.2835798031496063
20
0.4005999212598425
11
0.2886149212598425
21
0.4005999212598425
0
LINE
8
BLACK
6
CONTINUOUS
10
0.2886149212598425
20
0.4005999212598425
11
0.2886149212598425
21
0.409925
0
LINE
8
BLACK
6
CONTINUOUS
10
0.2886149212598425
20
0.409925
11
0.2886716535433071
21
0.410501062992126
0
LINE
8
BLACK
6
CONTINUOUS
10
0.2886716535433071
20
0.410501062992126
11
0.2891125590551181
21
0.4115654724409449
0
LINE
8
BLACK
6
CONTINUOUS
10
0.2891125590551181
20
0.4115654724409449
11
0.2899272047244094
21
0.4123801181102362
0
LINE
8
BLACK
6
CONTINUOUS
10
0.2899272047244094
20
0.4123801181102362
11
0.2909916141732283
21
0.4128210236220473
0
LINE
8
BLACK
6
CONTINUOUS
10
0.2909916141732283
20
0.4128210236220473
11
0.2915676771653543
21
0.4128777559055118
0
LINE
8
BLACK
6
CONTINUOUS
10
0.2915676771653543
20
0.4128777559055118
11
0.3059448818897638
21
0.4128777559055118
0
LINE
8
BLACK
6
CONTINUOUS
10
0.3059448818897638
20
0.4128777559055118
11
0.3059448818897638
21
0.4173228346456693
0
LINE
8
BLACK
6
CONTINUOUS
10
0.3059448818897638
20
0.4173228346456693
11
0.2783858267716535
21
0.4173228346456693
0
LINE
8
BLACK
6
CONTINUOUS
10
0.3098818897637795
20
0.3903805905511811
11
0.3137012992125984
21
0.3903805905511811
0
LINE
8
BLACK
6
CONTINUOUS
10
0.3137012992125984
20
0.3903805905511811
11
0.3205333464566929
21
0.3920886220472441
0
LINE
8
BLACK
6
CONTINUOUS
10
0.3205333464566929
20
0.3920886220472441
11
0.3235643307086614
21
0.3936041338582677
0
LINE
8
BLACK
6
CONTINUOUS
10
0.3235643307086614
20
0.3936041338582677
11
0.3264822047244094
21
0.396521968503937
0
LINE
8
BLACK
6
CONTINUOUS
10
0.3264822047244094
20
0.396521968503937
11
0.327985
21
0.4010303149606299
0
LINE
8
BLACK
6
CONTINUOUS
10
0.327985
20
0.4010303149606299
11
0.327985
21
0.4069722440944882
0
LINE
8
BLACK
6
CONTINUOUS
10
0.327985
20
0.4069722440944882
11
0.3098818897637795
21
0.4069722440944882
0
LINE
8
BLACK
6
CONTINUOUS
10
0.3098818897637795
20
0.4069722440944882
11
0.3098818897637795
21
0.3903805905511811
0
LINE
8
BLACK
6
CONTINUOUS
10
0.2945204330708661
20
0.4010303543307087
11
0.2946638976377953
21
0.4005999212598425
0
LINE
8
BLACK
6
CONTINUOUS
10
0.2946638976377953
20
0.4005999212598425
11
0.2993278346456693
21
0.4005999212598425
0
LINE
8
BLACK
6
CONTINUOUS
10
0.2993278346456693
20
0.4005999212598425
11
0.299779842519685
21
0.40051
0
LINE
8
BLACK
6
CONTINUOUS
10
0.299779842519685
20
0.40051
11
0.3004190157480315
21
0.3998708267716535
0
LINE
8
BLACK
6
CONTINUOUS
10
0.3004190157480315
20
0.3998708267716535
11
0.3004190157480315
21
0.398966811023622
0
LINE
8
BLACK
6
CONTINUOUS
10
0.3004190157480315
20
0.398966811023622
11
0.299779842519685
21
0.3983276377952756
0
LINE
8
BLACK
6
CONTINUOUS
10
0.299779842519685
20
0.3983276377952756
11
0.2993278346456693
21
0.3982377165354331
0
LINE
8
BLACK
6
CONTINUOUS
10
0.2993278346456693
20
0.3982377165354331
11
0.2954512992125984
21
0.3982377165354331
0
LINE
8
BLACK
6
CONTINUOUS
10
0.2954512992125984
20
0.3982377165354331
11
0.2960232283464567
21
0.3965219291338583
0
LINE
8
BLACK
6
CONTINUOUS
10
0.2960232283464567
20
0.3965219291338583
11
0.298941062992126
21
0.3936040944881889
0
LINE
8
BLACK
6
CONTINUOUS
10
0.298941062992126
20
0.3936040944881889
11
0.3019720472440945
21
0.3920886220472441
0
LINE
8
BLACK
6
CONTINUOUS
10
0.3019720472440945
20
0.3920886220472441
11
0.3059448818897638
21
0.3910954330708661
0
LINE
8
BLACK
6
CONTINUOUS
10
0.3059448818897638
20
0.3910954330708661
11
0.3059448818897638
21
0.4069722440944882
0
LINE
8
BLACK
6
CONTINUOUS
10
0.3059448818897638
20
0.4069722440944882
11
0.2945204330708661
21
0.4069722440944882
0
LINE
8
BLACK
6
CONTINUOUS
10
0.2945204330708661
20
0.4069722440944882
11
0.2945204330708661
21
0.4010303543307087
0
LINE
8
BLACK
6
CONTINUOUS
10
0.284760905511811
20
0.3936984251968504
11
0.2853003937007874
21
0.3926194094488189
0
LINE
8
BLACK
6
CONTINUOUS
10
0.2853003937007874
20
0.3926194094488189
11
0.285779251968504
21
0.3921405905511811
0
LINE
8
BLACK
6
CONTINUOUS
10
0.285779251968504
20
0.3921405905511811
11
0.2868583070866141
21
0.391601062992126
0
LINE
8
BLACK
6
CONTINUOUS
10
0.2868583070866141
20
0.391601062992126
11
0.2885503149606299
21
0.391601062992126
0
LINE
8
BLACK
6
CONTINUOUS
10
0.2885503149606299
20
0.391601062992126
11
0.2896293307086614
21
0.3921405905511811
0
LINE
8
BLACK
6
CONTINUOUS
10
0.2896293307086614
20
0.3921405905511811
11
0.2901081102362205
21
0.3926194094488189
0
LINE
8
BLACK
6
CONTINUOUS
10
0.2901081102362205
20
0.3926194094488189
11
0.2906476771653543
21
0.3936984645669291
0
LINE
8
BLACK
6
CONTINUOUS
10
0.2906476771653543
20
0.3936984645669291
11
0.2906476771653543
21
0.3939787007874015
0
LINE
8
BLACK
6
CONTINUOUS
10
0.2906476771653543
20
0.3939787007874015
11
0.290641220472441
21
0.3939931496062992
0
LINE
8
BLACK
6
CONTINUOUS
10
0.290641220472441
20
0.3939931496062992
11
0.2892263779527559
21
0.3982377165354331
0
LINE
8
BLACK
6
CONTINUOUS
10
0.2892263779527559
20
0.3982377165354331
11
0.284760905511811
21
0.3982377165354331
0
LINE
8
BLACK
6
CONTINUOUS
10
0.284760905511811
20
0.3982377165354331
11
0.284760905511811
21
0.3936984251968504
0
LINE
8
BLACK
6
CONTINUOUS
10
0.504522716535433
20
0.3812575196850393
11
0.5048085826771653
21
0.3804
0
LINE
8
BLACK
6
CONTINUOUS
10
0.5048085826771653
20
0.3804
11
0.5046868503937008
21
0.3799555118110236
0
LINE
8
BLACK
6
CONTINUOUS
10
0.5046868503937008
20
0.3799555118110236
11
0.5039369291338582
21
0.3784556692913386
0
LINE
8
BLACK
6
CONTINUOUS
10
0.5039369291338582
20
0.3784556692913386
11
0.5038207874015748
21
0.3783061023622047
0
LINE
8
BLACK
6
CONTINUOUS
10
0.5038207874015748
20
0.3783061023622047
11
0.5037156692913386
21
0.3781487007874016
0
LINE
8
BLACK
6
CONTINUOUS
10
0.5037156692913386
20
0.3781487007874016
11
0.5027322834645669
21
0.3771653543307086
0
LINE
8
BLACK
6
CONTINUOUS
10
0.5027322834645669
20
0.3771653543307086
11
0.5136979133858267
21
0.3771653543307086
0
LINE
8
BLACK
6
CONTINUOUS
10
0.5136979133858267
20
0.3771653543307086
11
0.5136979133858267
21
0.3804837007874016
0
LINE
8
BLACK
6
CONTINUOUS
10
0.5136979133858267
20
0.3804837007874016
11
0.5137878346456692
21
0.3809357086614173
0
LINE
8
BLACK
6
CONTINUOUS
10
0.5137878346456692
20
0.3809357086614173
11
0.5144270078740157
21
0.3815748818897638
0
LINE
8
BLACK
6
CONTINUOUS
10
0.5144270078740157
20
0.3815748818897638
11
0.5153310236220472
21
0.3815748818897638
0
LINE
8
BLACK
6
CONTINUOUS
10
0.5153310236220472
20
0.3815748818897638
11
0.5159701968503937
21
0.3809357086614173
0
LINE
8
BLACK
6
CONTINUOUS
10
0.5159701968503937
20
0.3809357086614173
11
0.5160601181102362
21
0.3804837007874016
0
LINE
8
BLACK
6
CONTINUOUS
10
0.5160601181102362
20
0.3804837007874016
11
0.5160601181102362
21
0.3714848425196851
0
LINE
8
BLACK
6
CONTINUOUS
10
0.5160601181102362
20
0.3714848425196851
11
0.5159701968503937
21
0.3710328346456693
0
LINE
8
BLACK
6
CONTINUOUS
10
0.5159701968503937
20
0.3710328346456693
11
0.5153310236220472
21
0.3703936614173228
0
LINE
8
BLACK
6
CONTINUOUS
10
0.5153310236220472
20
0.3703936614173228
11
0.5144270078740157
21
0.3703936614173228
0
LINE
8
BLACK
6
CONTINUOUS
10
0.5144270078740157
20
0.3703936614173228
11
0.5137878346456692
21
0.3710328346456693
0
LINE
8
BLACK
6
CONTINUOUS
10
0.5137878346456692
20
0.3710328346456693
11
0.5136979133858267
21
0.3714848425196851
0
LINE
8
BLACK
6
CONTINUOUS
10
0.5136979133858267
20
0.3714848425196851
11
0.5136979133858267
21
0.3748031496062992
0
LINE
8
BLACK
6
CONTINUOUS
10
0.5136979133858267
20
0.3748031496062992
11
0.4991309842519685
21
0.3748031496062992
0
LINE
8
BLACK
6
CONTINUOUS
10
0.4991309842519685
20
0.3748031496062992
11
0.4986789763779527
21
0.3748930708661417
0
LINE
8
BLACK
6
CONTINUOUS
10
0.4986789763779527
20
0.3748930708661417
11
0.4985929921259842
21
0.3749790551181102
0
LINE
8
BLACK
6
CONTINUOUS
10
0.4985929921259842
20
0.3749790551181102
11
0.4984738188976378
21
0.375002874015748
0
LINE
8
BLACK
6
CONTINUOUS
10
0.4984738188976378
20
0.375002874015748
11
0.498283031496063
21
0.3752890157480315
0
LINE
8
BLACK
6
CONTINUOUS
10
0.498283031496063
20
0.3752890157480315
11
0.4980398031496063
21
0.3755322440944882
0
LINE
8
BLACK
6
CONTINUOUS
10
0.4980398031496063
20
0.3755322440944882
11
0.4980398031496063
21
0.3756538582677165
0
LINE
8
BLACK
6
CONTINUOUS
10
0.4980398031496063
20
0.3756538582677165
11
0.4979723228346457
21
0.3757550393700788
0
LINE
8
BLACK
6
CONTINUOUS
10
0.4979723228346457
20
0.3757550393700788
11
0.4980398031496063
21
0.3760924409448819
0
LINE
8
BLACK
6
CONTINUOUS
10
0.4980398031496063
20
0.3760924409448819
11
0.4980398031496063
21
0.3764362598425197
0
LINE
8
BLACK
6
CONTINUOUS
10
0.4980398031496063
20
0.3764362598425197
11
0.4981257480314961
21
0.3765222440944882
0
LINE
8
BLACK
6
CONTINUOUS
10
0.4981257480314961
20
0.3765222440944882
11
0.4981496062992126
21
0.3766414173228346
0
LINE
8
BLACK
6
CONTINUOUS
10
0.4981496062992126
20
0.3766414173228346
11
0.4984758267716535
21
0.376966968503937
0
LINE
8
BLACK
6
CONTINUOUS
10
0.4984758267716535
20
0.376966968503937
11
0.5006283070866142
21
0.3784020472440945
0
LINE
8
BLACK
6
CONTINUOUS
10
0.5006283070866142
20
0.3784020472440945
11
0.5019098031496063
21
0.3796835433070866
0
LINE
8
BLACK
6
CONTINUOUS
10
0.5019098031496063
20
0.3796835433070866
11
0.5025740157480315
21
0.3810119291338583
0
LINE
8
BLACK
6
CONTINUOUS
10
0.5025740157480315
20
0.3810119291338583
11
0.5028566141732284
21
0.3813759842519685
0
LINE
8
BLACK
6
CONTINUOUS
10
0.5028566141732284
20
0.3813759842519685
11
0.5037141338582677
21
0.3816618503937008
0
LINE
8
BLACK
6
CONTINUOUS
10
0.5037141338582677
20
0.3816618503937008
11
0.504522716535433
21
0.3812575196850393
0
LINE
8
BLACK
6
CONTINUOUS
10
0.5082718503937008
20
0.3973846062992126
11
0.5084163385826772
21
0.3973775590551181
0
LINE
8
BLACK
6
CONTINUOUS
10
0.5084163385826772
20
0.3973775590551181
11
0.5114159448818898
21
0.3966276377952756
0
LINE
8
BLACK
6
CONTINUOUS
10
0.5114159448818898
20
0.3966276377952756
11
0.511532874015748
21
0.3965724015748032
0
LINE
8
BLACK
6
CONTINUOUS
10
0.511532874015748
20
0.3965724015748032
11
0.5116576771653544
21
0.3965382283464567
0
LINE
8
BLACK
6
CONTINUOUS
10
0.5116576771653544
20
0.3965382283464567
11
0.5131574803149607
21
0.3957883464566929
0
LINE
8
BLACK
6
CONTINUOUS
10
0.5131574803149607
20
0.3957883464566929
11
0.513306968503937
21
0.3956723228346457
0
LINE
8
BLACK
6
CONTINUOUS
10
0.513306968503937
20
0.3956723228346457
11
0.5134644488188976
21
0.3955670866141732
0
LINE
8
BLACK
6
CONTINUOUS
10
0.5134644488188976
20
0.3955670866141732
11
0.5149642913385827
21
0.3940673228346457
0
LINE
8
BLACK
6
CONTINUOUS
10
0.5149642913385827
20
0.3940673228346457
11
0.5149971653543307
21
0.3940181102362205
0
LINE
8
BLACK
6
CONTINUOUS
10
0.5149971653543307
20
0.3940181102362205
11
0.5150213779527559
21
0.3940059842519685
0
LINE
8
BLACK
6
CONTINUOUS
10
0.5150213779527559
20
0.3940059842519685
11
0.515115157480315
21
0.3938414960629921
0
LINE
8
BLACK
6
CONTINUOUS
10
0.515115157480315
20
0.3938414960629921
11
0.5152203149606299
21
0.393684094488189
0
LINE
8
BLACK
6
CONTINUOUS
10
0.5152203149606299
20
0.393684094488189
11
0.5152203149606299
21
0.3936570866141732
0
LINE
8
BLACK
6
CONTINUOUS
10
0.5152203149606299
20
0.3936570866141732
11
0.5152496456692913
21
0.3936056299212599
0
LINE
8
BLACK
6
CONTINUOUS
10
0.5152496456692913
20
0.3936056299212599
11
0.5159995275590551
21
0.3913558661417323
0
LINE
8
BLACK
6
CONTINUOUS
10
0.5159995275590551
20
0.3913558661417323
11
0.5160231496062992
21
0.3911680708661417
0
LINE
8
BLACK
6
CONTINUOUS
10
0.5160231496062992
20
0.3911680708661417
11
0.5160601181102362
21
0.3909824015748031
0
LINE
8
BLACK
6
CONTINUOUS
10
0.5160601181102362
20
0.3909824015748031
11
0.5160601181102362
21
0.3894825590551181
0
LINE
8
BLACK
6
CONTINUOUS
10
0.5160601181102362
20
0.3894825590551181
11
0.5160231889763779
21
0.389296968503937
0
LINE
8
BLACK
6
CONTINUOUS
10
0.5160231889763779
20
0.389296968503937
11
0.5159995275590551
21
0.3891090551181102
0
LINE
8
BLACK
6
CONTINUOUS
10
0.5159995275590551
20
0.3891090551181102
11
0.5152496456692913
21
0.3868593700787402
0
LINE
8
BLACK
6
CONTINUOUS
10
0.5152496456692913
20
0.3868593700787402
11
0.5152203543307087
21
0.386808031496063
0
LINE
8
BLACK
6
CONTINUOUS
10
0.5152203543307087
20
0.386808031496063
11
0.5152203543307087
21
0.386780905511811
0
LINE
8
BLACK
6
CONTINUOUS
10
0.5152203543307087
20
0.386780905511811
11
0.5151150787401575
21
0.3866234251968504
0
LINE
8
BLACK
6
CONTINUOUS
10
0.5151150787401575
20
0.3866234251968504
11
0.5150213779527559
21
0.3864590157480315
0
LINE
8
BLACK
6
CONTINUOUS
10
0.5150213779527559
20
0.3864590157480315
11
0.514997125984252
21
0.3864469291338583
0
LINE
8
BLACK
6
CONTINUOUS
10
0.514997125984252
20
0.3864469291338583
11
0.5149642913385827
21
0.3863977165354331
0
LINE
8
BLACK
6
CONTINUOUS
10
0.5149642913385827
20
0.3863977165354331
11
0.5142143700787402
21
0.3856477952755906
0
LINE
8
BLACK
6
CONTINUOUS
10
0.5142143700787402
20
0.3856477952755906
11
0.5138311811023621
21
0.3853917716535433
0
LINE
8
BLACK
6
CONTINUOUS
10
0.5138311811023621
20
0.3853917716535433
11
0.5129272440944882
21
0.3853917716535433
0
LINE
8
BLACK
6
CONTINUOUS
10
0.5129272440944882
20
0.3853917716535433
11
0.5122880314960629
21
0.3860309842519685
0
LINE
8
BLACK
6
CONTINUOUS
10
0.5122880314960629
20
0.3860309842519685
11
0.5122880314960629
21
0.3869349212598425
0
LINE
8
BLACK
6
CONTINUOUS
10
0.5122880314960629
20
0.3869349212598425
11
0.5125440551181102
21
0.3873181102362205
0
LINE
8
BLACK
6
CONTINUOUS
10
0.5125440551181102
20
0.3873181102362205
11
0.5130967322834645
21
0.3878708267716535
0
LINE
8
BLACK
6
CONTINUOUS
10
0.5130967322834645
20
0.3878708267716535
11
0.5136979133858267
21
0.3896742913385827
0
LINE
8
BLACK
6
CONTINUOUS
10
0.5136979133858267
20
0.3896742913385827
11
0.5136979133858267
21
0.3907907086614173
0
LINE
8
BLACK
6
CONTINUOUS
10
0.5136979133858267
20
0.3907907086614173
11
0.5130967322834645
21
0.3925941732283464
0
LINE
8
BLACK
6
CONTINUOUS
10
0.5130967322834645
20
0.3925941732283464
11
0.5119296850393701
21
0.3937612204724409
0
LINE
8
BLACK
6
CONTINUOUS
10
0.5119296850393701
20
0.3937612204724409
11
0.5107172047244094
21
0.3943674803149606
0
LINE
8
BLACK
6
CONTINUOUS
10
0.5107172047244094
20
0.3943674803149606
11
0.5079845275590551
21
0.3950506299212598
0
LINE
8
BLACK
6
CONTINUOUS
10
0.5079845275590551
20
0.3950506299212598
11
0.5060255118110236
21
0.3950506299212598
0
LINE
8
BLACK
6
CONTINUOUS
10
0.5060255118110236
20
0.3950506299212598
11
0.5032927559055118
21
0.3943674409448819
0
LINE
8
BLACK
6
CONTINUOUS
10
0.5032927559055118
20
0.3943674409448819
11
0.5020803543307086
21
0.3937612598425197
0
LINE
8
BLACK
6
CONTINUOUS
10
0.5020803543307086
20
0.3937612598425197
11
0.5009131889763779
21
0.3925941338582677
0
LINE
8
BLACK
6
CONTINUOUS
10
0.5009131889763779
20
0.3925941338582677
11
0.5003120866141733
21
0.3907907874015748
0
LINE
8
BLACK
6
CONTINUOUS
10
0.5003120866141733
20
0.3907907874015748
11
0.5003120866141733
21
0.3896742125984252
0
LINE
8
BLACK
6
CONTINUOUS
10
0.5003120866141733
20
0.3896742125984252
11
0.5009131889763779
21
0.3878709448818898
0
LINE
8
BLACK
6
CONTINUOUS
10
0.5009131889763779
20
0.3878709448818898
11
0.5014659842519685
21
0.3873181102362205
0
LINE
8
BLACK
6
CONTINUOUS
10
0.5014659842519685
20
0.3873181102362205
11
0.5017220078740158
21
0.3869348818897638
0
LINE
8
BLACK
6
CONTINUOUS
10
0.5017220078740158
20
0.3869348818897638
11
0.501721968503937
21
0.3860309842519685
0
LINE
8
BLACK
6
CONTINUOUS
10
0.501721968503937
20
0.3860309842519685
11
0.501082716535433
21
0.3853917322834646
0
LINE
8
BLACK
6
CONTINUOUS
10
0.501082716535433
20
0.3853917322834646
11
0.5001787795275591
21
0.3853917716535433
0
LINE
8
BLACK
6
CONTINUOUS
10
0.5001787795275591
20
0.3853917716535433
11
0.4997955905511811
21
0.3856478346456693
0
LINE
8
BLACK
6
CONTINUOUS
10
0.4997955905511811
20
0.3856478346456693
11
0.4990457086614173
21
0.3863977165354331
0
LINE
8
BLACK
6
CONTINUOUS
10
0.4990457086614173
20
0.3863977165354331
11
0.4990127952755906
21
0.386446968503937
0
LINE
8
BLACK
6
CONTINUOUS
10
0.4990127952755906
20
0.386446968503937
11
0.4989886614173228
21
0.3864590157480315
0
LINE
8
BLACK
6
CONTINUOUS
10
0.4989886614173228
20
0.3864590157480315
11
0.4988950393700787
21
0.3866232677165354
0
LINE
8
BLACK
6
CONTINUOUS
10
0.4988950393700787
20
0.3866232677165354
11
0.49878968503937
21
0.3867809448818897
0
LINE
8
BLACK
6
CONTINUOUS
10
0.49878968503937
20
0.3867809448818897
11
0.49878968503937
21
0.3868080708661417
0
LINE
8
BLACK
6
CONTINUOUS
10
0.49878968503937
20
0.3868080708661417
11
0.4987604330708661
21
0.3868593700787402
0
LINE
8
BLACK
6
CONTINUOUS
10
0.4987604330708661
20
0.3868593700787402
11
0.4980105118110236
21
0.3891090551181102
0
LINE
8
BLACK
6
CONTINUOUS
10
0.4980105118110236
20
0.3891090551181102
11
0.4979868503937008
21
0.3892966929133858
0
LINE
8
BLACK
6
CONTINUOUS
10
0.4979868503937008
20
0.3892966929133858
11
0.4979498818897637
21
0.3894825590551181
0
LINE
8
BLACK
6
CONTINUOUS
10
0.4979498818897637
20
0.3894825590551181
11
0.4979498818897637
21
0.3909824015748031
0
LINE
8
BLACK
6
CONTINUOUS
10
0.4979498818897637
20
0.3909824015748031
11
0.4979868503937008
21
0.3911683070866142
0
LINE
8
BLACK
6
CONTINUOUS
10
0.4979868503937008
20
0.3911683070866142
11
0.4980105118110236
21
0.391355905511811
0
LINE
8
BLACK
6
CONTINUOUS
10
0.4980105118110236
20
0.391355905511811
11
0.4987604330708661
21
0.3936056299212599
0
LINE
8
BLACK
6
CONTINUOUS
10
0.4987604330708661
20
0.3936056299212599
11
0.4987897244094488
21
0.3936570472440945
0
LINE
8
BLACK
6
CONTINUOUS
10
0.4987897244094488
20
0.3936570472440945
11
0.4987897244094488
21
0.393684094488189
0
LINE
8
BLACK
6
CONTINUOUS
10
0.4987897244094488
20
0.393684094488189
11
0.4988948818897638
21
0.3938415354330709
0
LINE
8
BLACK
6
CONTINUOUS
10
0.4988948818897638
20
0.3938415354330709
11
0.4989886614173228
21
0.3940059842519685
0
LINE
8
BLACK
6
CONTINUOUS
10
0.4989886614173228
20
0.3940059842519685
11
0.499012874015748
21
0.3940181102362205
0
LINE
8
BLACK
6
CONTINUOUS
10
0.499012874015748
20
0.3940181102362205
11
0.499045748031496
21
0.3940672834645669
0
LINE
8
BLACK
6
CONTINUOUS
10
0.499045748031496
20
0.3940672834645669
11
0.5005455118110236
21
0.3955670866141732
0
LINE
8
BLACK
6
CONTINUOUS
10
0.5005455118110236
20
0.3955670866141732
11
0.500702874015748
21
0.3956722440944882
0
LINE
8
BLACK
6
CONTINUOUS
10
0.500702874015748
20
0.3956722440944882
11
0.5008525196850394
21
0.3957883464566929
0
LINE
8
BLACK
6
CONTINUOUS
10
0.5008525196850394
20
0.3957883464566929
11
0.5023523228346457
21
0.3965382283464567
0
LINE
8
BLACK
6
CONTINUOUS
10
0.5023523228346457
20
0.3965382283464567
11
0.5024770866141732
21
0.3965724015748032
0
LINE
8
BLACK
6
CONTINUOUS
10
0.5024770866141732
20
0.3965724015748032
11
0.5025940551181102
21
0.3966276377952756
0
LINE
8
BLACK
6
CONTINUOUS
10
0.5025940551181102
20
0.3966276377952756
11
0.5055937007874015
21
0.3973775590551181
0
LINE
8
BLACK
6
CONTINUOUS
10
0.5055937007874015
20
0.3973775590551181
11
0.5057381496062991
21
0.3973846062992126
0
LINE
8
BLACK
6
CONTINUOUS
10
0.5057381496062991
20
0.3973846062992126
11
0.5058801574803149
21
0.3974128346456693
0
LINE
8
BLACK
6
CONTINUOUS
10
0.5058801574803149
20
0.3974128346456693
11
0.5081298818897637
21
0.3974128346456693
0
LINE
8
BLACK
6
CONTINUOUS
10
0.5081298818897637
20
0.3974128346456693
11
0.5082718503937008
21
0.3973846062992126
0
LINE
8
BLACK
6
CONTINUOUS
10
0.524217874015748
20
0.4171729921259842
11
0.5252832283464567
21
0.4161076377952756
0
LINE
8
BLACK
6
CONTINUOUS
10
0.5252832283464567
20
0.4161076377952756
11
0.5254330708661418
21
0.4153543307086614
0
LINE
8
BLACK
6
CONTINUOUS
10
0.5254330708661418
20
0.4153543307086614
11
0.5254330708661418
21
0.3523622047244094
0
LINE
8
BLACK
6
CONTINUOUS
10
0.5254330708661418
20
0.3523622047244094
11
0.5252832283464567
21
0.3516088976377953
0
LINE
8
BLACK
6
CONTINUOUS
10
0.5252832283464567
20
0.3516088976377953
11
0.524217874015748
21
0.3505435433070866
0
LINE
8
BLACK
6
CONTINUOUS
10
0.524217874015748
20
0.3505435433070866
11
0.5234645669291339
21
0.3503937007874016
0
LINE
8
BLACK
6
CONTINUOUS
10
0.5234645669291339
20
0.3503937007874016
11
0.4919685039370079
21
0.3503937007874016
0
LINE
8
BLACK
6
CONTINUOUS
10
0.4919685039370079
20
0.3503937007874016
11
0.4912151968503937
21
0.3505435433070866
0
LINE
8
BLACK
6
CONTINUOUS
10
0.4912151968503937
20
0.3505435433070866
11
0.490149842519685
21
0.3516088976377953
0
LINE
8
BLACK
6
CONTINUOUS
10
0.490149842519685
20
0.3516088976377953
11
0.49
21
0.3523622047244094
0
LINE
8
BLACK
6
CONTINUOUS
10
0.49
20
0.3523622047244094
11
0.49
21
0.4153543307086614
0
LINE
8
BLACK
6
CONTINUOUS
10
0.49
20
0.4153543307086614
11
0.490149842519685
21
0.4161076377952756
0
LINE
8
BLACK
6
CONTINUOUS
10
0.490149842519685
20
0.4161076377952756
11
0.4912151968503937
21
0.4171729921259842
0
LINE
8
BLACK
6
CONTINUOUS
10
0.4912151968503937
20
0.4171729921259842
11
0.4919685039370079
21
0.4173228346456693
0
LINE
8
BLACK
6
CONTINUOUS
10
0.4919685039370079
20
0.4173228346456693
11
0.5234645669291339
21
0.4173228346456693
0
LINE
8
BLACK
6
CONTINUOUS
10
0.5234645669291339
20
0.4173228346456693
11
0.524217874015748
21
0.4171729921259842
0
LINE
8
BLACK
6
CONTINUOUS
10
0.4939370078740157
20
0.4133858267716535
11
0.4939370078740157
21
0.3543307086614173
0
LINE
8
BLACK
6
CONTINUOUS
10
0.4939370078740157
20
0.3543307086614173
11
0.5214960629921259
21
0.3543307086614173
0
LINE
8
BLACK
6
CONTINUOUS
10
0.5214960629921259
20
0.3543307086614173
11
0.5214960629921259
21
0.4133858267716535
0
LINE
8
BLACK
6
CONTINUOUS
10
0.5214960629921259
20
0.4133858267716535
11
0.4939370078740157
21
0.4133858267716535
0
LINE
8
BLACK
6
CONTINUOUS
10
0.5813051968503937
20
0.3752792519685039
11
0.5814496850393701
21
0.3752722047244094
0
LINE
8
BLACK
6
CONTINUOUS
10
0.5814496850393701
20
0.3752722047244094
11
0.5844493307086615
21
0.3745222834645669
0
LINE
8
BLACK
6
CONTINUOUS
10
0.5844493307086615
20
0.3745222834645669
11
0.5845662598425196
21
0.3744670472440945
0
LINE
8
BLACK
6
CONTINUOUS
10
0.5845662598425196
20
0.3744670472440945
11
0.5846910629921259
21
0.374432874015748
0
LINE
8
BLACK
6
CONTINUOUS
10
0.5846910629921259
20
0.374432874015748
11
0.5861908661417323
21
0.3736829921259843
0
LINE
8
BLACK
6
CONTINUOUS
10
0.5861908661417323
20
0.3736829921259843
11
0.5863404724409449
21
0.3735668503937008
0
LINE
8
BLACK
6
CONTINUOUS
10
0.5863404724409449
20
0.3735668503937008
11
0.5864978346456693
21
0.3734617322834646
0
LINE
8
BLACK
6
CONTINUOUS
10
0.5864978346456693
20
0.3734617322834646
11
0.5872477559055118
21
0.3727118110236221
0
LINE
8
BLACK
6
CONTINUOUS
10
0.5872477559055118
20
0.3727118110236221
11
0.587352874015748
21
0.3725544881889764
0
LINE
8
BLACK
6
CONTINUOUS
10
0.587352874015748
20
0.3725544881889764
11
0.5874690157480315
21
0.372404842519685
0
LINE
8
BLACK
6
CONTINUOUS
10
0.5874690157480315
20
0.372404842519685
11
0.5882188976377952
21
0.3709050393700787
0
LINE
8
BLACK
6
CONTINUOUS
10
0.5882188976377952
20
0.3709050393700787
11
0.5882344881889764
21
0.370848031496063
0
LINE
8
BLACK
6
CONTINUOUS
10
0.5882344881889764
20
0.370848031496063
11
0.5882536614173228
21
0.3708288582677166
0
LINE
8
BLACK
6
CONTINUOUS
10
0.5882536614173228
20
0.3708288582677166
11
0.588290590551181
21
0.3706430708661417
0
LINE
8
BLACK
6
CONTINUOUS
10
0.588290590551181
20
0.3706430708661417
11
0.588340590551181
21
0.3704605511811023
0
LINE
8
BLACK
6
CONTINUOUS
10
0.588340590551181
20
0.3704605511811023
11
0.5883320078740157
21
0.3704349212598425
0
LINE
8
BLACK
6
CONTINUOUS
10
0.5883320078740157
20
0.3704349212598425
11
0.5883435826771654
21
0.3703768503937008
0
LINE
8
BLACK
6
CONTINUOUS
10
0.5883435826771654
20
0.3703768503937008
11
0.5883435826771654
21
0.3688770472440945
0
LINE
8
BLACK
6
CONTINUOUS
10
0.5883435826771654
20
0.3688770472440945
11
0.5883320078740157
21
0.3688190157480315
0
LINE
8
BLACK
6
CONTINUOUS
10
0.5883320078740157
20
0.3688190157480315
11
0.588340590551181
21
0.3687933464566929
0
LINE
8
BLACK
6
CONTINUOUS
10
0.588340590551181
20
0.3687933464566929
11
0.588290590551181
21
0.3686108661417323
0
LINE
8
BLACK
6
CONTINUOUS
10
0.588290590551181
20
0.3686108661417323
11
0.5882536614173228
21
0.3684250393700788
0
LINE
8
BLACK
6
CONTINUOUS
10
0.5882536614173228
20
0.3684250393700788
11
0.5882344881889764
21
0.368405905511811
0
LINE
8
BLACK
6
CONTINUOUS
10
0.5882344881889764
20
0.368405905511811
11
0.5882188976377952
21
0.3683488582677165
0
LINE
8
BLACK
6
CONTINUOUS
10
0.5882188976377952
20
0.3683488582677165
11
0.5874690157480315
21
0.3668490157480315
0
LINE
8
BLACK
6
CONTINUOUS
10
0.5874690157480315
20
0.3668490157480315
11
0.587352874015748
21
0.3666994094488189
0
LINE
8
BLACK
6
CONTINUOUS
10
0.587352874015748
20
0.3666994094488189
11
0.5872477165354331
21
0.3665420078740158
0
LINE
8
BLACK
6
CONTINUOUS
10
0.5872477165354331
20
0.3665420078740158
11
0.5864978346456693
21
0.365792125984252
0
LINE
8
BLACK
6
CONTINUOUS
10
0.5864978346456693
20
0.365792125984252
11
0.5863403543307086
21
0.365686968503937
0
LINE
8
BLACK
6
CONTINUOUS
10
0.5863403543307086
20
0.365686968503937
11
0.586190905511811
21
0.365570905511811
0
LINE
8
BLACK
6
CONTINUOUS
10
0.586190905511811
20
0.365570905511811
11
0.5846911023622047
21
0.3648209842519685
0
LINE
8
BLACK
6
CONTINUOUS
10
0.5846911023622047
20
0.3648209842519685
11
0.5845662204724409
21
0.364786811023622
0
LINE
8
BLACK
6
CONTINUOUS
10
0.5845662204724409
20
0.364786811023622
11
0.5844493307086615
21
0.3647315748031496
0
LINE
8
BLACK
6
CONTINUOUS
10
0.5844493307086615
20
0.3647315748031496
11
0.5814496850393701
21
0.3639816929133858
0
LINE
8
BLACK
6
CONTINUOUS
10
0.5814496850393701
20
0.3639816929133858
11
0.5813051968503937
21
0.3639746850393701
0
LINE
8
BLACK
6
CONTINUOUS
10
0.5813051968503937
20
0.3639746850393701
11
0.5811632283464567
21
0.3639464173228346
0
LINE
8
BLACK
6
CONTINUOUS
10
0.5811632283464567
20
0.3639464173228346
11
0.5774137007874015
21
0.3639464173228346
0
LINE
8
BLACK
6
CONTINUOUS
10
0.5774137007874015
20
0.3639464173228346
11
0.5772716929133858
21
0.3639746850393701
0
LINE
8
BLACK
6
CONTINUOUS
10
0.5772716929133858
20
0.3639746850393701
11
0.5771272440944881
21
0.3639816929133858
0
LINE
8
BLACK
6
CONTINUOUS
10
0.5771272440944881
20
0.3639816929133858
11
0.5741276377952755
21
0.3647315748031496
0
LINE
8
BLACK
6
CONTINUOUS
10
0.5741276377952755
20
0.3647315748031496
11
0.5740107480314961
21
0.364786811023622
0
LINE
8
BLACK
6
CONTINUOUS
10
0.5740107480314961
20
0.364786811023622
11
0.573885905511811
21
0.3648209842519685
0
LINE
8
BLACK
6
CONTINUOUS
10
0.573885905511811
20
0.3648209842519685
11
0.572386062992126
21
0.365570905511811
0
LINE
8
BLACK
6
CONTINUOUS
10
0.572386062992126
20
0.365570905511811
11
0.572236811023622
21
0.3656867716535433
0
LINE
8
BLACK
6
CONTINUOUS
10
0.572236811023622
20
0.3656867716535433
11
0.5720790944881889
21
0.365792125984252
0
LINE
8
BLACK
6
CONTINUOUS
10
0.5720790944881889
20
0.365792125984252
11
0.5713292125984252
21
0.3665420472440945
0
LINE
8
BLACK
6
CONTINUOUS
10
0.5713292125984252
20
0.3665420472440945
11
0.5712241732283464
21
0.3666992519685039
0
LINE
8
BLACK
6
CONTINUOUS
10
0.5712241732283464
20
0.3666992519685039
11
0.5711079527559055
21
0.3668489763779528
0
LINE
8
BLACK
6
CONTINUOUS
10
0.5711079527559055
20
0.3668489763779528
11
0.570358031496063
21
0.3683488582677165
0
LINE
8
BLACK
6
CONTINUOUS
10
0.570358031496063
20
0.3683488582677165
11
0.5703424015748031
21
0.368405905511811
0
LINE
8
BLACK
6
CONTINUOUS
10
0.5703424015748031
20
0.368405905511811
11
0.5703232677165354
21
0.3684250393700788
0
LINE
8
BLACK
6
CONTINUOUS
10
0.5703232677165354
20
0.3684250393700788
11
0.5702862992125984
21
0.3686108661417323
0
LINE
8
BLACK
6
CONTINUOUS
10
0.5702862992125984
20
0.3686108661417323
11
0.5702363385826772
21
0.3687933464566929
0
LINE
8
BLACK
6
CONTINUOUS
10
0.5702363385826772
20
0.3687933464566929
11
0.5702448818897637
21
0.3688190157480315
0
LINE
8
BLACK
6
CONTINUOUS
10
0.5702448818897637
20
0.3688190157480315
11
0.5702333464566929
21
0.3688770472440945
0
LINE
8
BLACK
6
CONTINUOUS
10
0.5702333464566929
20
0.3688770472440945
11
0.5702333464566929
21
0.3703768503937008
0
LINE
8
BLACK
6
CONTINUOUS
10
0.5702333464566929
20
0.3703768503937008
11
0.5702448818897637
21
0.3704349212598425
0
LINE
8
BLACK
6
CONTINUOUS
10
0.5702448818897637
20
0.3704349212598425
11
0.5702363385826772
21
0.3704605511811023
0
LINE
8
BLACK
6
CONTINUOUS
10
0.5702363385826772
20
0.3704605511811023
11
0.5702862992125984
21
0.3706431102362205
0
LINE
8
BLACK
6
CONTINUOUS
10
0.5702862992125984
20
0.3706431102362205
11
0.5703232677165354
21
0.3708288582677166
0
LINE
8
BLACK
6
CONTINUOUS
10
0.5703232677165354
20
0.3708288582677166
11
0.5703424015748031
21
0.370848031496063
0
LINE
8
BLACK
6
CONTINUOUS
10
0.5703424015748031
20
0.370848031496063
11
0.570358031496063
21
0.3709050787401575
0
LINE
8
BLACK
6
CONTINUOUS
10
0.570358031496063
20
0.3709050787401575
11
0.5711079527559055
21
0.3724048818897638
0
LINE
8
BLACK
6
CONTINUOUS
10
0.5711079527559055
20
0.3724048818897638
11
0.5712239763779527
21
0.3725543700787401
0
LINE
8
BLACK
6
CONTINUOUS
10
0.5712239763779527
20
0.3725543700787401
11
0.5713291732283464
21
0.3727118110236221
0
LINE
8
BLACK
6
CONTINUOUS
10
0.5713291732283464
20
0.3727118110236221
11
0.5720790551181102
21
0.3734616929133858
0
LINE
8
BLACK
6
CONTINUOUS
10
0.5720790551181102
20
0.3734616929133858
11
0.5722364173228346
21
0.3735668897637795
0
LINE
8
BLACK
6
CONTINUOUS
10
0.5722364173228346
20
0.3735668897637795
11
0.572386062992126
21
0.3736829921259843
0
LINE
8
BLACK
6
CONTINUOUS
10
0.572386062992126
20
0.3736829921259843
11
0.573885905511811
21
0.374432874015748
0
LINE
8
BLACK
6
CONTINUOUS
10
0.573885905511811
20
0.374432874015748
11
0.5740106692913386
21
0.3744670472440945
0
LINE
8
BLACK
6
CONTINUOUS
10
0.5740106692913386
20
0.3744670472440945
11
0.5741276377952755
21
0.3745222834645669
0
LINE
8
BLACK
6
CONTINUOUS
10
0.5741276377952755
20
0.3745222834645669
11
0.5771272440944881
21
0.3752722047244094
0
LINE
8
BLACK
6
CONTINUOUS
10
0.5771272440944881
20
0.3752722047244094
11
0.5772716929133858
21
0.3752792519685039
0
LINE
8
BLACK
6
CONTINUOUS
10
0.5772716929133858
20
0.3752792519685039
11
0.5774137007874015
21
0.3753074803149606
0
LINE
8
BLACK
6
CONTINUOUS
10
0.5774137007874015
20
0.3753074803149606
11
0.5811632283464567
21
0.3753074803149606
0
LINE
8
BLACK
6
CONTINUOUS
10
0.5811632283464567
20
0.3753074803149606
11
0.5813051968503937
21
0.3752792519685039
0
LINE
8
BLACK
6
CONTINUOUS
10
0.5748263385826772
20
0.3722620866141732
11
0.573613937007874
21
0.371655905511811
0
LINE
8
BLACK
6
CONTINUOUS
10
0.573613937007874
20
0.371655905511811
11
0.5731350393700787
21
0.3711770078740158
0
LINE
8
BLACK
6
CONTINUOUS
10
0.5731350393700787
20
0.3711770078740158
11
0.5725955511811024
21
0.3700979921259843
0
LINE
8
BLACK
6
CONTINUOUS
10
0.5725955511811024
20
0.3700979921259843
11
0.5725955511811024
21
0.3691558661417323
0
LINE
8
BLACK
6
CONTINUOUS
10
0.5725955511811024
20
0.3691558661417323
11
0.5731350393700787
21
0.3680768503937008
0
LINE
8
BLACK
6
CONTINUOUS
10
0.5731350393700787
20
0.3680768503937008
11
0.5736138976377952
21
0.367598031496063
0
LINE
8
BLACK
6
CONTINUOUS
10
0.5736138976377952
20
0.367598031496063
11
0.5748264173228347
21
0.3669917716535433
0
LINE
8
BLACK
6
CONTINUOUS
10
0.5748264173228347
20
0.3669917716535433
11
0.5775590551181102
21
0.3663086220472441
0
LINE
8
BLACK
6
CONTINUOUS
10
0.5775590551181102
20
0.3663086220472441
11
0.581017874015748
21
0.3663086220472441
0
LINE
8
BLACK
6
CONTINUOUS
10
0.581017874015748
20
0.3663086220472441
11
0.5837505118110236
21
0.3669917716535433
0
LINE
8
BLACK
6
CONTINUOUS
10
0.5837505118110236
20
0.3669917716535433
11
0.5849629921259842
21
0.367598031496063
0
LINE
8
BLACK
6
CONTINUOUS
10
0.5849629921259842
20
0.367598031496063
11
0.5854418897637795
21
0.3680769291338583
0
LINE
8
BLACK
6
CONTINUOUS
10
0.5854418897637795
20
0.3680769291338583
11
0.5859813779527558
21
0.3691558661417323
0
LINE
8
BLACK
6
CONTINUOUS
10
0.5859813779527558
20
0.3691558661417323
11
0.5859813779527558
21
0.3700980708661417
0
LINE
8
BLACK
6
CONTINUOUS
10
0.5859813779527558
20
0.3700980708661417
11
0.5854418503937008
21
0.3711770866141732
0
LINE
8
BLACK
6
CONTINUOUS
10
0.5854418503937008
20
0.3711770866141732
11
0.5849630708661417
21
0.3716558661417323
0
LINE
8
BLACK
6
CONTINUOUS
10
0.5849630708661417
20
0.3716558661417323
11
0.5837505905511811
21
0.3722620866141732
0
LINE
8
BLACK
6
CONTINUOUS
10
0.5837505905511811
20
0.3722620866141732
11
0.581017874015748
21
0.3729452755905512
0
LINE
8
BLACK
6
CONTINUOUS
10
0.581017874015748
20
0.3729452755905512
11
0.5775590551181102
21
0.3729452755905512
0
LINE
8
BLACK
6
CONTINUOUS
10
0.5775590551181102
20
0.3729452755905512
11
0.5748263385826772
21
0.3722620866141732
0
LINE
8
BLACK
6
CONTINUOUS
10
0.5768061811023621
20
0.3898983070866142
11
0.5770920472440945
21
0.3890407874015748
0
LINE
8
BLACK
6
CONTINUOUS
10
0.5770920472440945
20
0.3890407874015748
11
0.5769703149606299
21
0.3885962992125984
0
LINE
8
BLACK
6
CONTINUOUS
10
0.5769703149606299
20
0.3885962992125984
11
0.5762203937007874
21
0.3870964566929134
0
LINE
8
BLACK
6
CONTINUOUS
10
0.5762203937007874
20
0.3870964566929134
11
0.5761042519685039
21
0.3869468897637795
0
LINE
8
BLACK
6
CONTINUOUS
10
0.5761042519685039
20
0.3869468897637795
11
0.5759991338582677
21
0.3867894881889763
0
LINE
8
BLACK
6
CONTINUOUS
10
0.5759991338582677
20
0.3867894881889763
11
0.575015748031496
21
0.3858061417322834
0
LINE
8
BLACK
6
CONTINUOUS
10
0.575015748031496
20
0.3858061417322834
11
0.5859813779527558
21
0.3858061417322834
0
LINE
8
BLACK
6
CONTINUOUS
10
0.5859813779527558
20
0.3858061417322834
11
0.5859813779527558
21
0.3891244881889764
0
LINE
8
BLACK
6
CONTINUOUS
10
0.5859813779527558
20
0.3891244881889764
11
0.5860712992125984
21
0.3895764960629921
0
LINE
8
BLACK
6
CONTINUOUS
10
0.5860712992125984
20
0.3895764960629921
11
0.5867104724409449
21
0.3902156692913386
0
LINE
8
BLACK
6
CONTINUOUS
10
0.5867104724409449
20
0.3902156692913386
11
0.5876144881889763
21
0.3902156692913386
0
LINE
8
BLACK
6
CONTINUOUS
10
0.5876144881889763
20
0.3902156692913386
11
0.5882536614173228
21
0.3895764960629921
0
LINE
8
BLACK
6
CONTINUOUS
10
0.5882536614173228
20
0.3895764960629921
11
0.5883435826771654
21
0.3891244881889764
0
LINE
8
BLACK
6
CONTINUOUS
10
0.5883435826771654
20
0.3891244881889764
11
0.5883435826771654
21
0.3801256299212598
0
LINE
8
BLACK
6
CONTINUOUS
10
0.5883435826771654
20
0.3801256299212598
11
0.5882536614173228
21
0.3796736220472441
0
LINE
8
BLACK
6
CONTINUOUS
10
0.5882536614173228
20
0.3796736220472441
11
0.5876144881889763
21
0.3790344488188976
0
LINE
8
BLACK
6
CONTINUOUS
10
0.5876144881889763
20
0.3790344488188976
11
0.5867104724409449
21
0.3790344488188976
0
LINE
8
BLACK
6
CONTINUOUS
10
0.5867104724409449
20
0.3790344488188976
11
0.5860712992125984
21
0.3796736220472441
0
LINE
8
BLACK
6
CONTINUOUS
10
0.5860712992125984
20
0.3796736220472441
11
0.5859813779527558
21
0.3801256299212598
0
LINE
8
BLACK
6
CONTINUOUS
10
0.5859813779527558
20
0.3801256299212598
11
0.5859813779527558
21
0.383443937007874
0
LINE
8
BLACK
6
CONTINUOUS
10
0.5859813779527558
20
0.383443937007874
11
0.5714144488188976
21
0.383443937007874
0
LINE
8
BLACK
6
CONTINUOUS
10
0.5714144488188976
20
0.383443937007874
11
0.5709624409448819
21
0.3835338582677165
0
LINE
8
BLACK
6
CONTINUOUS
10
0.5709624409448819
20
0.3835338582677165
11
0.5708764566929134
21
0.383619842519685
0
LINE
8
BLACK
6
CONTINUOUS
10
0.5708764566929134
20
0.383619842519685
11
0.5707572834645669
21
0.3836436614173228
0
LINE
8
BLACK
6
CONTINUOUS
10
0.5707572834645669
20
0.3836436614173228
11
0.5705664960629921
21
0.3839298031496063
0
LINE
8
BLACK
6
CONTINUOUS
10
0.5705664960629921
20
0.3839298031496063
11
0.5703232677165354
21
0.384173031496063
0
LINE
8
BLACK
6
CONTINUOUS
10
0.5703232677165354
20
0.384173031496063
11
0.5703232677165354
21
0.3842946456692913
0
LINE
8
BLACK
6
CONTINUOUS
10
0.5703232677165354
20
0.3842946456692913
11
0.5702557874015748
21
0.3843958267716535
0
LINE
8
BLACK
6
CONTINUOUS
10
0.5702557874015748
20
0.3843958267716535
11
0.5703232677165354
21
0.3847332283464567
0
LINE
8
BLACK
6
CONTINUOUS
10
0.5703232677165354
20
0.3847332283464567
11
0.5703232677165354
21
0.3850770472440945
0
LINE
8
BLACK
6
CONTINUOUS
10
0.5703232677165354
20
0.3850770472440945
11
0.5704092125984251
21
0.385163031496063
0
LINE
8
BLACK
6
CONTINUOUS
10
0.5704092125984251
20
0.385163031496063
11
0.5704330708661417
21
0.3852822047244094
0
LINE
8
BLACK
6
CONTINUOUS
10
0.5704330708661417
20
0.3852822047244094
11
0.5707592913385827
21
0.3856077559055118
0
LINE
8
BLACK
6
CONTINUOUS
10
0.5707592913385827
20
0.3856077559055118
11
0.5729117716535433
21
0.3870428346456693
0
LINE
8
BLACK
6
CONTINUOUS
10
0.5729117716535433
20
0.3870428346456693
11
0.5741932677165354
21
0.3883243307086614
0
LINE
8
BLACK
6
CONTINUOUS
10
0.5741932677165354
20
0.3883243307086614
11
0.5748574803149606
21
0.389652716535433
0
LINE
8
BLACK
6
CONTINUOUS
10
0.5748574803149606
20
0.389652716535433
11
0.5751400787401575
21
0.3900167716535433
0
LINE
8
BLACK
6
CONTINUOUS
10
0.5751400787401575
20
0.3900167716535433
11
0.5759975984251968
21
0.3903026377952756
0
LINE
8
BLACK
6
CONTINUOUS
10
0.5759975984251968
20
0.3903026377952756
11
0.5768061811023621
21
0.3898983070866142
0
LINE
8
BLACK
6
CONTINUOUS
10
0.5876144881889763
20
0.405213779527559
11
0.5882536614173228
21
0.4045746062992126
0
LINE
8
BLACK
6
CONTINUOUS
10
0.5882536614173228
20
0.4045746062992126
11
0.5882536614173228
21
0.4036705905511811
0
LINE
8
BLACK
6
CONTINUOUS
10
0.5882536614173228
20
0.4036705905511811
11
0.5876144881889763
21
0.4030314173228347
0
LINE
8
BLACK
6
CONTINUOUS
10
0.5876144881889763
20
0.4030314173228347
11
0.5871624803149607
21
0.4029414960629921
0
LINE
8
BLACK
6
CONTINUOUS
10
0.5871624803149607
20
0.4029414960629921
11
0.5808445275590551
21
0.4029414960629921
0
LINE
8
BLACK
6
CONTINUOUS
10
0.5808445275590551
20
0.4029414960629921
11
0.5808445275590551
21
0.400988031496063
0
LINE
8
BLACK
6
CONTINUOUS
10
0.5808445275590551
20
0.400988031496063
11
0.5878397637795275
21
0.3960913385826771
0
LINE
8
BLACK
6
CONTINUOUS
10
0.5878397637795275
20
0.3960913385826771
11
0.5881585039370079
21
0.3957584645669291
0
LINE
8
BLACK
6
CONTINUOUS
10
0.5881585039370079
20
0.3957584645669291
11
0.5883155905511811
21
0.3948683070866142
0
LINE
8
BLACK
6
CONTINUOUS
10
0.5883155905511811
20
0.3948683070866142
11
0.5877972047244094
21
0.394127716535433
0
LINE
8
BLACK
6
CONTINUOUS
10
0.5877972047244094
20
0.394127716535433
11
0.5869070078740157
21
0.3939706299212598
0
LINE
8
BLACK
6
CONTINUOUS
10
0.5869070078740157
20
0.3939706299212598
11
0.5864851574803149
21
0.3941561417322835
0
LINE
8
BLACK
6
CONTINUOUS
10
0.5864851574803149
20
0.3941561417322835
11
0.5808412204724409
21
0.3981068897637795
0
LINE
8
BLACK
6
CONTINUOUS
10
0.5808412204724409
20
0.3981068897637795
11
0.5808329921259843
21
0.3980653937007874
0
LINE
8
BLACK
6
CONTINUOUS
10
0.5808329921259843
20
0.3980653937007874
11
0.5808415748031496
21
0.3980396456692913
0
LINE
8
BLACK
6
CONTINUOUS
10
0.5808415748031496
20
0.3980396456692913
11
0.5807914960629921
21
0.3978568503937008
0
LINE
8
BLACK
6
CONTINUOUS
10
0.5807914960629921
20
0.3978568503937008
11
0.5807546062992126
21
0.3976713385826772
0
LINE
8
BLACK
6
CONTINUOUS
10
0.5807546062992126
20
0.3976713385826772
11
0.5807354330708662
21
0.3976522047244094
0
LINE
8
BLACK
6
CONTINUOUS
10
0.5807354330708662
20
0.3976522047244094
11
0.580719842519685
21
0.3975951574803149
0
LINE
8
BLACK
6
CONTINUOUS
10
0.580719842519685
20
0.3975951574803149
11
0.5799699212598425
21
0.3960953149606299
0
LINE
8
BLACK
6
CONTINUOUS
10
0.5799699212598425
20
0.3960953149606299
11
0.579853937007874
21
0.3959459448818898
0
LINE
8
BLACK
6
CONTINUOUS
10
0.579853937007874
20
0.3959459448818898
11
0.5797487007874016
21
0.3957883858267717
0
LINE
8
BLACK
6
CONTINUOUS
10
0.5797487007874016
20
0.3957883858267717
11
0.5789987795275591
21
0.3950385039370078
0
LINE
8
BLACK
6
CONTINUOUS
10
0.5789987795275591
20
0.3950385039370078
11
0.5788415748031496
21
0.3949335039370079
0
LINE
8
BLACK
6
CONTINUOUS
10
0.5788415748031496
20
0.3949335039370079
11
0.5786918503937007
21
0.3948172440944882
0
LINE
8
BLACK
6
CONTINUOUS
10
0.5786918503937007
20
0.3948172440944882
11
0.5771919685039369
21
0.3940673228346457
0
LINE
8
BLACK
6
CONTINUOUS
10
0.5771919685039369
20
0.3940673228346457
11
0.5771349212598426
21
0.3940517322834646
0
LINE
8
BLACK
6
CONTINUOUS
10
0.5771349212598426
20
0.3940517322834646
11
0.5771157874015748
21
0.3940325590551181
0
LINE
8
BLACK
6
CONTINUOUS
10
0.5771157874015748
20
0.3940325590551181
11
0.5769299606299213
21
0.3939956299212599
0
LINE
8
BLACK
6
CONTINUOUS
10
0.5769299606299213
20
0.3939956299212599
11
0.5767474803149606
21
0.3939456299212598
0
LINE
8
BLACK
6
CONTINUOUS
10
0.5767474803149606
20
0.3939456299212598
11
0.5767218110236221
21
0.3939542125984252
0
LINE
8
BLACK
6
CONTINUOUS
10
0.5767218110236221
20
0.3939542125984252
11
0.5766637795275591
21
0.3939426377952756
0
LINE
8
BLACK
6
CONTINUOUS
10
0.5766637795275591
20
0.3939426377952756
11
0.5744140944881889
21
0.3939426377952756
0
LINE
8
BLACK
6
CONTINUOUS
10
0.5744140944881889
20
0.3939426377952756
11
0.5743561023622047
21
0.3939541732283465
0
LINE
8
BLACK
6
CONTINUOUS
10
0.5743561023622047
20
0.3939541732283465
11
0.5743303937007874
21
0.3939455905511811
0
LINE
8
BLACK
6
CONTINUOUS
10
0.5743303937007874
20
0.3939455905511811
11
0.5741475590551181
21
0.3939956692913386
0
LINE
8
BLACK
6
CONTINUOUS
10
0.5741475590551181
20
0.3939956692913386
11
0.5739620866141733
21
0.3940325590551181
0
LINE
8
BLACK
6
CONTINUOUS
10
0.5739620866141733
20
0.3940325590551181
11
0.5739429133858268
21
0.3940517322834646
0
LINE
8
BLACK
6
CONTINUOUS
10
0.5739429133858268
20
0.3940517322834646
11
0.573885905511811
21
0.3940673228346457
0
LINE
8
BLACK
6
CONTINUOUS
10
0.573885905511811
20
0.3940673228346457
11
0.572386062992126
21
0.3948172440944882
0
LINE
8
BLACK
6
CONTINUOUS
10
0.572386062992126
20
0.3948172440944882
11
0.572236811023622
21
0.3949331102362205
0
LINE
8
BLACK
6
CONTINUOUS
10
0.572236811023622
20
0.3949331102362205
11
0.5720790944881889
21
0.3950384645669291
0
LINE
8
BLACK
6
CONTINUOUS
10
0.5720790944881889
20
0.3950384645669291
11
0.5713292125984252
21
0.3957883858267717
0
LINE
8
BLACK
6
CONTINUOUS
10
0.5713292125984252
20
0.3957883858267717
11
0.5712241732283464
21
0.3959455905511811
0
LINE
8
BLACK
6
CONTINUOUS
10
0.5712241732283464
20
0.3959455905511811
11
0.5711079527559055
21
0.3960953149606299
0
LINE
8
BLACK
6
CONTINUOUS
10
0.5711079527559055
20
0.3960953149606299
11
0.570358031496063
21
0.3975951181102362
0
LINE
8
BLACK
6
CONTINUOUS
10
0.570358031496063
20
0.3975951181102362
11
0.5703424015748031
21
0.3976522047244094
0
LINE
8
BLACK
6
CONTINUOUS
10
0.5703424015748031
20
0.3976522047244094
11
0.5703232677165354
21
0.3976713385826772
0
LINE
8
BLACK
6
CONTINUOUS
10
0.5703232677165354
20
0.3976713385826772
11
0.5702862992125984
21
0.3978571259842519
0
LINE
8
BLACK
6
CONTINUOUS
10
0.5702862992125984
20
0.3978571259842519
11
0.5702363385826772
21
0.3980396456692913
0
LINE
8
BLACK
6
CONTINUOUS
10
0.5702363385826772
20
0.3980396456692913
11
0.5702448818897637
21
0.3980653149606299
0
LINE
8
BLACK
6
CONTINUOUS
10
0.5702448818897637
20
0.3980653149606299
11
0.5702333464566929
21
0.3981233464566929
0
LINE
8
BLACK
6
CONTINUOUS
10
0.5702333464566929
20
0.3981233464566929
11
0.5702333464566929
21
0.4041225984251968
0
LINE
8
BLACK
6
CONTINUOUS
10
0.5702333464566929
20
0.4041225984251968
11
0.5703232677165354
21
0.4045746062992126
0
LINE
8
BLACK
6
CONTINUOUS
10
0.5703232677165354
20
0.4045746062992126
11
0.5709624409448819
21
0.405213779527559
0
LINE
8
BLACK
6
CONTINUOUS
10
0.5709624409448819
20
0.405213779527559
11
0.5714144488188976
21
0.4053037007874016
0
LINE
8
BLACK
6
CONTINUOUS
10
0.5714144488188976
20
0.4053037007874016
11
0.5871624803149607
21
0.4053037007874016
0
LINE
8
BLACK
6
CONTINUOUS
10
0.5871624803149607
20
0.4053037007874016
11
0.5876144881889763
21
0.405213779527559
0
LINE
8
BLACK
6
CONTINUOUS
10
0.5725955511811024
20
0.3984022047244095
11
0.5731350393700787
21
0.3973231889763779
0
LINE
8
BLACK
6
CONTINUOUS
10
0.5731350393700787
20
0.3973231889763779
11
0.5736138976377952
21
0.3968443700787401
0
LINE
8
BLACK
6
CONTINUOUS
10
0.5736138976377952
20
0.3968443700787401
11
0.5746929527559055
21
0.396304842519685
0
LINE
8
BLACK
6
CONTINUOUS
10
0.5746929527559055
20
0.396304842519685
11
0.5763849606299213
21
0.396304842519685
0
LINE
8
BLACK
6
CONTINUOUS
10
0.5763849606299213
20
0.396304842519685
11
0.5774639763779528
21
0.3968443700787401
0
LINE
8
BLACK
6
CONTINUOUS
10
0.5774639763779528
20
0.3968443700787401
11
0.5779427559055118
21
0.3973231889763779
0
LINE
8
BLACK
6
CONTINUOUS
10
0.5779427559055118
20
0.3973231889763779
11
0.5784823228346456
21
0.3984022440944882
0
LINE
8
BLACK
6
CONTINUOUS
10
0.5784823228346456
20
0.3984022440944882
11
0.5784823228346456
21
0.4029414960629921
0
LINE
8
BLACK
6
CONTINUOUS
10
0.5784823228346456
20
0.4029414960629921
11
0.5725955511811024
21
0.4029414960629921
0
LINE
8
BLACK
6
CONTINUOUS
10
0.5725955511811024
20
0.4029414960629921
11
0.5725955511811024
21
0.3984022047244095
0
LINE
8
BLACK
6
CONTINUOUS
10
0.5965013385826772
20
0.4183147244094488
11
0.5975666929133858
21
0.4172493700787401
0
LINE
8
BLACK
6
CONTINUOUS
10
0.5975666929133858
20
0.4172493700787401
11
0.5977165354330709
21
0.416496062992126
0
LINE
8
BLACK
6
CONTINUOUS
10
0.5977165354330709
20
0.416496062992126
11
0.5977165354330709
21
0.353503937007874
0
LINE
8
BLACK
6
CONTINUOUS
10
0.5977165354330709
20
0.353503937007874
11
0.5975666929133858
21
0.3527506299212598
0
LINE
8
BLACK
6
CONTINUOUS
10
0.5975666929133858
20
0.3527506299212598
11
0.5965013385826772
21
0.3516852755905512
0
LINE
8
BLACK
6
CONTINUOUS
10
0.5965013385826772
20
0.3516852755905512
11
0.5957480314960629
21
0.3515354330708662
0
LINE
8
BLACK
6
CONTINUOUS
10
0.5957480314960629
20
0.3515354330708662
11
0.564251968503937
21
0.3515354330708662
0
LINE
8
BLACK
6
CONTINUOUS
10
0.564251968503937
20
0.3515354330708662
11
0.5634986614173229
21
0.3516852755905512
0
LINE
8
BLACK
6
CONTINUOUS
10
0.5634986614173229
20
0.3516852755905512
11
0.5624333070866142
21
0.3527506299212598
0
LINE
8
BLACK
6
CONTINUOUS
10
0.5624333070866142
20
0.3527506299212598
11
0.5622834645669291
21
0.353503937007874
0
LINE
8
BLACK
6
CONTINUOUS
10
0.5622834645669291
20
0.353503937007874
11
0.5622834645669291
21
0.416496062992126
0
LINE
8
BLACK
6
CONTINUOUS
10
0.5622834645669291
20
0.416496062992126
11
0.5624333070866142
21
0.4172493700787401
0
LINE
8
BLACK
6
CONTINUOUS
10
0.5624333070866142
20
0.4172493700787401
11
0.5634986614173229
21
0.4183147244094488
0
LINE
8
BLACK
6
CONTINUOUS
10
0.5634986614173229
20
0.4183147244094488
11
0.564251968503937
21
0.4184645669291339
0
LINE
8
BLACK
6
CONTINUOUS
10
0.564251968503937
20
0.4184645669291339
11
0.5957480314960629
21
0.4184645669291339
0
LINE
8
BLACK
6
CONTINUOUS
10
0.5957480314960629
20
0.4184645669291339
11
0.5965013385826772
21
0.4183147244094488
0
LINE
8
BLACK
6
CONTINUOUS
10
0.5662204724409449
20
0.4145275590551181
11
0.5662204724409449
21
0.3554724409448819
0
LINE
8
BLACK
6
CONTINUOUS
10
0.5662204724409449
20
0.3554724409448819
11
0.5937795275590551
21
0.3554724409448819
0
LINE
8
BLACK
6
CONTINUOUS
10
0.5937795275590551
20
0.3554724409448819
11
0.5937795275590551
21
0.4145275590551181
0
LINE
8
BLACK
6
CONTINUOUS
10
0.5937795275590551
20
0.4145275590551181
11
0.5662204724409449
21
0.4145275590551181
0
LINE
8
BLACK
6
CONTINUOUS
10
0.6475056299212598
20
0.3828273622047244
11
0.6475955511811023
21
0.3823753543307086
0
LINE
8
BLACK
6
CONTINUOUS
10
0.6475955511811023
20
0.3823753543307086
11
0.6475955511811023
21
0.3752294488188976
0
LINE
8
BLACK
6
CONTINUOUS
10
0.6475955511811023
20
0.3752294488188976
11
0.6516359448818897
21
0.3787647637795276
0
LINE
8
BLACK
6
CONTINUOUS
10
0.6516359448818897
20
0.3787647637795276
11
0.6519269685039369
21
0.3789324015748031
0
LINE
8
BLACK
6
CONTINUOUS
10
0.6519269685039369
20
0.3789324015748031
11
0.6519616929133858
21
0.3789670866141732
0
LINE
8
BLACK
6
CONTINUOUS
10
0.6519616929133858
20
0.3789670866141732
11
0.6519872440944882
21
0.3789670866141732
0
LINE
8
BLACK
6
CONTINUOUS
10
0.6519872440944882
20
0.3789670866141732
11
0.6520353149606299
21
0.3789947637795276
0
LINE
8
BLACK
6
CONTINUOUS
10
0.6520353149606299
20
0.3789947637795276
11
0.6524505511811024
21
0.3789670866141732
0
LINE
8
BLACK
6
CONTINUOUS
10
0.6524505511811024
20
0.3789670866141732
11
0.6528657086614174
21
0.3789670866141732
0
LINE
8
BLACK
6
CONTINUOUS
10
0.6528657086614174
20
0.3789670866141732
11
0.6528953543307087
21
0.3789374409448819
0
LINE
8
BLACK
6
CONTINUOUS
10
0.6528953543307087
20
0.3789374409448819
11
0.6529372440944882
21
0.3789346456692913
0
LINE
8
BLACK
6
CONTINUOUS
10
0.6529372440944882
20
0.3789346456692913
11
0.653210905511811
21
0.3786218897637795
0
LINE
8
BLACK
6
CONTINUOUS
10
0.653210905511811
20
0.3786218897637795
11
0.6535048818897637
21
0.3783279133858268
0
LINE
8
BLACK
6
CONTINUOUS
10
0.6535048818897637
20
0.3783279133858268
11
0.6535156692913385
21
0.3782735826771653
0
LINE
8
BLACK
6
CONTINUOUS
10
0.6535156692913385
20
0.3782735826771653
11
0.6535325590551181
21
0.3782542913385827
0
LINE
8
BLACK
6
CONTINUOUS
10
0.6535325590551181
20
0.3782542913385827
11
0.653529251968504
21
0.3782052362204724
0
LINE
8
BLACK
6
CONTINUOUS
10
0.653529251968504
20
0.3782052362204724
11
0.6535948031496063
21
0.377875905511811
0
LINE
8
BLACK
6
CONTINUOUS
10
0.6535948031496063
20
0.377875905511811
11
0.6535948031496063
21
0.3759050393700787
0
LINE
8
BLACK
6
CONTINUOUS
10
0.6535948031496063
20
0.3759050393700787
11
0.6541342913385827
21
0.374826062992126
0
LINE
8
BLACK
6
CONTINUOUS
10
0.6541342913385827
20
0.374826062992126
11
0.654613188976378
21
0.3743471653543307
0
LINE
8
BLACK
6
CONTINUOUS
10
0.654613188976378
20
0.3743471653543307
11
0.6556921653543307
21
0.3738076771653543
0
LINE
8
BLACK
6
CONTINUOUS
10
0.6556921653543307
20
0.3738076771653543
11
0.6588840551181102
21
0.3738076771653543
0
LINE
8
BLACK
6
CONTINUOUS
10
0.6588840551181102
20
0.3738076771653543
11
0.6599630708661417
21
0.3743472047244095
0
LINE
8
BLACK
6
CONTINUOUS
10
0.6599630708661417
20
0.3743472047244095
11
0.6604418503937007
21
0.3748259842519685
0
LINE
8
BLACK
6
CONTINUOUS
10
0.6604418503937007
20
0.3748259842519685
11
0.6609813779527559
21
0.375905
0
LINE
8
BLACK
6
CONTINUOUS
10
0.6609813779527559
20
0.375905
11
0.6609813779527559
21
0.3798468503937008
0
LINE
8
BLACK
6
CONTINUOUS
10
0.6609813779527559
20
0.3798468503937008
11
0.6604418503937007
21
0.3809258661417323
0
LINE
8
BLACK
6
CONTINUOUS
10
0.6604418503937007
20
0.3809258661417323
11
0.6598275196850394
21
0.3815401968503937
0
LINE
8
BLACK
6
CONTINUOUS
10
0.6598275196850394
20
0.3815401968503937
11
0.6595714960629921
21
0.3819233858267717
0
LINE
8
BLACK
6
CONTINUOUS
10
0.6595714960629921
20
0.3819233858267717
11
0.6595714960629921
21
0.3828273228346457
0
LINE
8
BLACK
6
CONTINUOUS
10
0.6595714960629921
20
0.3828273228346457
11
0.6602107086614173
21
0.3834665354330709
0
LINE
8
BLACK
6
CONTINUOUS
10
0.6602107086614173
20
0.3834665354330709
11
0.6611146456692913
21
0.3834665354330709
0
LINE
8
BLACK
6
CONTINUOUS
10
0.6611146456692913
20
0.3834665354330709
11
0.6614978346456692
21
0.3832105118110236
0
LINE
8
BLACK
6
CONTINUOUS
10
0.6614978346456692
20
0.3832105118110236
11
0.6622477559055118
21
0.3824605905511811
0
LINE
8
BLACK
6
CONTINUOUS
10
0.6622477559055118
20
0.3824605905511811
11
0.662352874015748
21
0.3823032677165354
0
LINE
8
BLACK
6
CONTINUOUS
10
0.662352874015748
20
0.3823032677165354
11
0.6624690157480315
21
0.3821536220472441
0
LINE
8
BLACK
6
CONTINUOUS
10
0.6624690157480315
20
0.3821536220472441
11
0.6632188976377953
21
0.3806538188976378
0
LINE
8
BLACK
6
CONTINUOUS
10
0.6632188976377953
20
0.3806538188976378
11
0.6632344881889763
21
0.380596811023622
0
LINE
8
BLACK
6
CONTINUOUS
10
0.6632344881889763
20
0.380596811023622
11
0.6632536614173228
21
0.3805776377952756
0
LINE
8
BLACK
6
CONTINUOUS
10
0.6632536614173228
20
0.3805776377952756
11
0.6632905905511811
21
0.3803918503937008
0
LINE
8
BLACK
6
CONTINUOUS
10
0.6632905905511811
20
0.3803918503937008
11
0.6633405905511811
21
0.3802093307086614
0
LINE
8
BLACK
6
CONTINUOUS
10
0.6633405905511811
20
0.3802093307086614
11
0.6633320078740157
21
0.3801837007874015
0
LINE
8
BLACK
6
CONTINUOUS
10
0.6633320078740157
20
0.3801837007874015
11
0.6633435826771653
21
0.3801256299212598
0
LINE
8
BLACK
6
CONTINUOUS
10
0.6633435826771653
20
0.3801256299212598
11
0.6633435826771653
21
0.3756261811023622
0
LINE
8
BLACK
6
CONTINUOUS
10
0.6633435826771653
20
0.3756261811023622
11
0.6633320078740157
21
0.3755681496062992
0
LINE
8
BLACK
6
CONTINUOUS
10
0.6633320078740157
20
0.3755681496062992
11
0.6633405905511811
21
0.3755424803149606
0
LINE
8
BLACK
6
CONTINUOUS
10
0.6633405905511811
20
0.3755424803149606
11
0.6632905905511811
21
0.37536
0
LINE
8
BLACK
6
CONTINUOUS
10
0.6632905905511811
20
0.37536
11
0.6632536614173228
21
0.3751741732283465
0
LINE
8
BLACK
6
CONTINUOUS
10
0.6632536614173228
20
0.3751741732283465
11
0.6632344881889763
21
0.3751550393700787
0
LINE
8
BLACK
6
CONTINUOUS
10
0.6632344881889763
20
0.3751550393700787
11
0.6632188976377953
21
0.3750979921259843
0
LINE
8
BLACK
6
CONTINUOUS
10
0.6632188976377953
20
0.3750979921259843
11
0.6624690157480315
21
0.3735981889763779
0
LINE
8
BLACK
6
CONTINUOUS
10
0.6624690157480315
20
0.3735981889763779
11
0.662352874015748
21
0.3734485826771654
0
LINE
8
BLACK
6
CONTINUOUS
10
0.662352874015748
20
0.3734485826771654
11
0.6622477559055118
21
0.373291220472441
0
LINE
8
BLACK
6
CONTINUOUS
10
0.6622477559055118
20
0.373291220472441
11
0.6614978346456692
21
0.3725412992125984
0
LINE
8
BLACK
6
CONTINUOUS
10
0.6614978346456692
20
0.3725412992125984
11
0.6613404724409448
21
0.372436220472441
0
LINE
8
BLACK
6
CONTINUOUS
10
0.6613404724409448
20
0.372436220472441
11
0.6611908661417323
21
0.3723200393700787
0
LINE
8
BLACK
6
CONTINUOUS
10
0.6611908661417323
20
0.3723200393700787
11
0.659691062992126
21
0.371570157480315
0
LINE
8
BLACK
6
CONTINUOUS
10
0.659691062992126
20
0.371570157480315
11
0.6596340157480315
21
0.3715545669291339
0
LINE
8
BLACK
6
CONTINUOUS
10
0.6596340157480315
20
0.3715545669291339
11
0.6596148818897638
21
0.3715353937007874
0
LINE
8
BLACK
6
CONTINUOUS
10
0.6596148818897638
20
0.3715353937007874
11
0.6594290551181102
21
0.3714984645669291
0
LINE
8
BLACK
6
CONTINUOUS
10
0.6594290551181102
20
0.3714984645669291
11
0.6592465748031496
21
0.3714484645669291
0
LINE
8
BLACK
6
CONTINUOUS
10
0.6592465748031496
20
0.3714484645669291
11
0.659220905511811
21
0.3714570472440945
0
LINE
8
BLACK
6
CONTINUOUS
10
0.659220905511811
20
0.3714570472440945
11
0.659162874015748
21
0.3714454724409449
0
LINE
8
BLACK
6
CONTINUOUS
10
0.659162874015748
20
0.3714454724409449
11
0.6554133464566929
21
0.3714454724409449
0
LINE
8
BLACK
6
CONTINUOUS
10
0.6554133464566929
20
0.3714454724409449
11
0.6553552755905512
21
0.3714570472440945
0
LINE
8
BLACK
6
CONTINUOUS
10
0.6553552755905512
20
0.3714570472440945
11
0.6553296456692913
21
0.3714484645669291
0
LINE
8
BLACK
6
CONTINUOUS
10
0.6553296456692913
20
0.3714484645669291
11
0.655147125984252
21
0.3714984645669291
0
LINE
8
BLACK
6
CONTINUOUS
10
0.655147125984252
20
0.3714984645669291
11
0.6549613385826771
21
0.3715353937007874
0
LINE
8
BLACK
6
CONTINUOUS
10
0.6549613385826771
20
0.3715353937007874
11
0.6549421653543307
21
0.3715545669291339
0
LINE
8
BLACK
6
CONTINUOUS
10
0.6549421653543307
20
0.3715545669291339
11
0.654885157480315
21
0.371570157480315
0
LINE
8
BLACK
6
CONTINUOUS
10
0.654885157480315
20
0.371570157480315
11
0.6533853149606299
21
0.3723200393700787
0
LINE
8
BLACK
6
CONTINUOUS
10
0.6533853149606299
20
0.3723200393700787
11
0.6532356692913386
21
0.3724361811023622
0
LINE
8
BLACK
6
CONTINUOUS
10
0.6532356692913386
20
0.3724361811023622
11
0.6530783070866142
21
0.3725413385826772
0
LINE
8
BLACK
6
CONTINUOUS
10
0.6530783070866142
20
0.3725413385826772
11
0.6523284251968504
21
0.373291220472441
0
LINE
8
BLACK
6
CONTINUOUS
10
0.6523284251968504
20
0.373291220472441
11
0.6522232283464566
21
0.3734487007874016
0
LINE
8
BLACK
6
CONTINUOUS
10
0.6522232283464566
20
0.3734487007874016
11
0.6521072047244094
21
0.3735981496062992
0
LINE
8
BLACK
6
CONTINUOUS
10
0.6521072047244094
20
0.3735981496062992
11
0.6513572834645669
21
0.3750979527559055
0
LINE
8
BLACK
6
CONTINUOUS
10
0.6513572834645669
20
0.3750979527559055
11
0.6513416535433071
21
0.3751550393700787
0
LINE
8
BLACK
6
CONTINUOUS
10
0.6513416535433071
20
0.3751550393700787
11
0.6513225196850394
21
0.3751741732283465
0
LINE
8
BLACK
6
CONTINUOUS
10
0.6513225196850394
20
0.3751741732283465
11
0.6512924015748032
21
0.3753254330708661
0
LINE
8
BLACK
6
CONTINUOUS
10
0.6512924015748032
20
0.3753254330708661
11
0.6471922047244094
21
0.3717377165354331
0
LINE
8
BLACK
6
CONTINUOUS
10
0.6471922047244094
20
0.3717377165354331
11
0.6469011417322834
21
0.3715701181102362
0
LINE
8
BLACK
6
CONTINUOUS
10
0.6469011417322834
20
0.3715701181102362
11
0.6468664566929133
21
0.3715353937007874
0
LINE
8
BLACK
6
CONTINUOUS
10
0.6468664566929133
20
0.3715353937007874
11
0.6468409055118111
21
0.3715353937007874
0
LINE
8
BLACK
6
CONTINUOUS
10
0.6468409055118111
20
0.3715353937007874
11
0.6467928346456693
21
0.3715077165354331
0
LINE
8
BLACK
6
CONTINUOUS
10
0.6467928346456693
20
0.3715077165354331
11
0.646377874015748
21
0.3715353937007874
0
LINE
8
BLACK
6
CONTINUOUS
10
0.646377874015748
20
0.3715353937007874
11
0.6459624409448819
21
0.3715353937007874
0
LINE
8
BLACK
6
CONTINUOUS
10
0.6459624409448819
20
0.3715353937007874
11
0.645932716535433
21
0.3715651181102362
0
LINE
8
BLACK
6
CONTINUOUS
10
0.645932716535433
20
0.3715651181102362
11
0.6458909055118111
21
0.371567874015748
0
LINE
8
BLACK
6
CONTINUOUS
10
0.6458909055118111
20
0.371567874015748
11
0.6456173622047244
21
0.3718804724409449
0
LINE
8
BLACK
6
CONTINUOUS
10
0.6456173622047244
20
0.3718804724409449
11
0.6453232677165354
21
0.3721745669291339
0
LINE
8
BLACK
6
CONTINUOUS
10
0.6453232677165354
20
0.3721745669291339
11
0.6453124409448818
21
0.372228937007874
0
LINE
8
BLACK
6
CONTINUOUS
10
0.6453124409448818
20
0.372228937007874
11
0.6452955905511811
21
0.372248188976378
0
LINE
8
BLACK
6
CONTINUOUS
10
0.6452955905511811
20
0.372248188976378
11
0.6452988582677165
21
0.3722972834645669
0
LINE
8
BLACK
6
CONTINUOUS
10
0.6452988582677165
20
0.3722972834645669
11
0.6452333464566929
21
0.3726265748031496
0
LINE
8
BLACK
6
CONTINUOUS
10
0.6452333464566929
20
0.3726265748031496
11
0.6452333464566929
21
0.3823753543307086
0
LINE
8
BLACK
6
CONTINUOUS
10
0.6452333464566929
20
0.3823753543307086
11
0.6453232677165354
21
0.3828273622047244
0
LINE
8
BLACK
6
CONTINUOUS
10
0.6453232677165354
20
0.3828273622047244
11
0.6459624409448819
21
0.3834665354330709
0
LINE
8
BLACK
6
CONTINUOUS
10
0.6459624409448819
20
0.3834665354330709
11
0.6468664566929133
21
0.3834665354330709
0
LINE
8
BLACK
6
CONTINUOUS
10
0.6468664566929133
20
0.3834665354330709
11
0.6475056299212598
21
0.3828273622047244
0
LINE
8
BLACK
6
CONTINUOUS
10
0.6626144881889764
20
0.3977147244094488
11
0.6632536614173228
21
0.3970755511811023
0
LINE
8
BLACK
6
CONTINUOUS
10
0.6632536614173228
20
0.3970755511811023
11
0.6632536614173228
21
0.3961715354330709
0
LINE
8
BLACK
6
CONTINUOUS
10
0.6632536614173228
20
0.3961715354330709
11
0.6626144881889764
21
0.3955323622047244
0
LINE
8
BLACK
6
CONTINUOUS
10
0.6626144881889764
20
0.3955323622047244
11
0.6621624803149606
21
0.3954424409448819
0
LINE
8
BLACK
6
CONTINUOUS
10
0.6621624803149606
20
0.3954424409448819
11
0.6558445275590551
21
0.3954424409448819
0
LINE
8
BLACK
6
CONTINUOUS
10
0.6558445275590551
20
0.3954424409448819
11
0.6558445275590551
21
0.3934889763779528
0
LINE
8
BLACK
6
CONTINUOUS
10
0.6558445275590551
20
0.3934889763779528
11
0.6628397637795276
21
0.3885922834645669
0
LINE
8
BLACK
6
CONTINUOUS
10
0.6628397637795276
20
0.3885922834645669
11
0.6631585039370078
21
0.3882594094488189
0
LINE
8
BLACK
6
CONTINUOUS
10
0.6631585039370078
20
0.3882594094488189
11
0.6633155905511811
21
0.3873692519685039
0
LINE
8
BLACK
6
CONTINUOUS
10
0.6633155905511811
20
0.3873692519685039
11
0.6627972047244094
21
0.3866286614173228
0
LINE
8
BLACK
6
CONTINUOUS
10
0.6627972047244094
20
0.3866286614173228
11
0.6619070078740157
21
0.3864715748031496
0
LINE
8
BLACK
6
CONTINUOUS
10
0.6619070078740157
20
0.3864715748031496
11
0.661485157480315
21
0.3866570866141732
0
LINE
8
BLACK
6
CONTINUOUS
10
0.661485157480315
20
0.3866570866141732
11
0.655841220472441
21
0.3906078346456693
0
LINE
8
BLACK
6
CONTINUOUS
10
0.655841220472441
20
0.3906078346456693
11
0.6558329921259842
21
0.3905663385826771
0
LINE
8
BLACK
6
CONTINUOUS
10
0.6558329921259842
20
0.3905663385826771
11
0.6558415748031496
21
0.3905405905511811
0
LINE
8
BLACK
6
CONTINUOUS
10
0.6558415748031496
20
0.3905405905511811
11
0.6557914960629921
21
0.3903577952755906
0
LINE
8
BLACK
6
CONTINUOUS
10
0.6557914960629921
20
0.3903577952755906
11
0.6557546062992126
21
0.3901722834645669
0
LINE
8
BLACK
6
CONTINUOUS
10
0.6557546062992126
20
0.3901722834645669
11
0.6557354330708661
21
0.3901531496062992
0
LINE
8
BLACK
6
CONTINUOUS
10
0.6557354330708661
20
0.3901531496062992
11
0.6557198425196851
21
0.3900961023622047
0
LINE
8
BLACK
6
CONTINUOUS
10
0.6557198425196851
20
0.3900961023622047
11
0.6549699212598425
21
0.3885962598425197
0
LINE
8
BLACK
6
CONTINUOUS
10
0.6549699212598425
20
0.3885962598425197
11
0.654853937007874
21
0.3884468897637795
0
LINE
8
BLACK
6
CONTINUOUS
10
0.654853937007874
20
0.3884468897637795
11
0.6547487007874015
21
0.3882893307086614
0
LINE
8
BLACK
6
CONTINUOUS
10
0.6547487007874015
20
0.3882893307086614
11
0.653998779527559
21
0.3875394488188976
0
LINE
8
BLACK
6
CONTINUOUS
10
0.653998779527559
20
0.3875394488188976
11
0.6538415748031496
21
0.3874344488188976
0
LINE
8
BLACK
6
CONTINUOUS
10
0.6538415748031496
20
0.3874344488188976
11
0.6536918503937008
21
0.3873181889763779
0
LINE
8
BLACK
6
CONTINUOUS
10
0.6536918503937008
20
0.3873181889763779
11
0.652191968503937
21
0.3865682677165354
0
LINE
8
BLACK
6
CONTINUOUS
10
0.652191968503937
20
0.3865682677165354
11
0.6521349212598425
21
0.3865526771653543
0
LINE
8
BLACK
6
CONTINUOUS
10
0.6521349212598425
20
0.3865526771653543
11
0.6521157874015748
21
0.3865335039370079
0
LINE
8
BLACK
6
CONTINUOUS
10
0.6521157874015748
20
0.3865335039370079
11
0.6519299606299213
21
0.3864965748031496
0
LINE
8
BLACK
6
CONTINUOUS
10
0.6519299606299213
20
0.3864965748031496
11
0.6517474803149607
21
0.3864465748031496
0
LINE
8
BLACK
6
CONTINUOUS
10
0.6517474803149607
20
0.3864465748031496
11
0.651721811023622
21
0.3864551574803149
0
LINE
8
BLACK
6
CONTINUOUS
10
0.651721811023622
20
0.3864551574803149
11
0.6516637795275591
21
0.3864435826771653
0
LINE
8
BLACK
6
CONTINUOUS
10
0.6516637795275591
20
0.3864435826771653
11
0.649414094488189
21
0.3864435826771653
0
LINE
8
BLACK
6
CONTINUOUS
10
0.649414094488189
20
0.3864435826771653
11
0.6493561023622048
21
0.3864551181102362
0
LINE
8
BLACK
6
CONTINUOUS
10
0.6493561023622048
20
0.3864551181102362
11
0.6493303937007874
21
0.3864465354330708
0
LINE
8
BLACK
6
CONTINUOUS
10
0.6493303937007874
20
0.3864465354330708
11
0.6491475590551181
21
0.3864966141732283
0
LINE
8
BLACK
6
CONTINUOUS
10
0.6491475590551181
20
0.3864966141732283
11
0.6489620866141732
21
0.3865335039370079
0
LINE
8
BLACK
6
CONTINUOUS
10
0.6489620866141732
20
0.3865335039370079
11
0.6489429133858268
21
0.3865526771653543
0
LINE
8
BLACK
6
CONTINUOUS
10
0.6489429133858268
20
0.3865526771653543
11
0.648885905511811
21
0.3865682677165354
0
LINE
8
BLACK
6
CONTINUOUS
10
0.648885905511811
20
0.3865682677165354
11
0.647386062992126
21
0.3873181889763779
0
LINE
8
BLACK
6
CONTINUOUS
10
0.647386062992126
20
0.3873181889763779
11
0.6472368110236221
21
0.3874340551181102
0
LINE
8
BLACK
6
CONTINUOUS
10
0.6472368110236221
20
0.3874340551181102
11
0.647079094488189
21
0.3875394094488189
0
LINE
8
BLACK
6
CONTINUOUS
10
0.647079094488189
20
0.3875394094488189
11
0.6463292125984251
21
0.3882893307086614
0
LINE
8
BLACK
6
CONTINUOUS
10
0.6463292125984251
20
0.3882893307086614
11
0.6462241732283465
21
0.3884465354330708
0
LINE
8
BLACK
6
CONTINUOUS
10
0.6462241732283465
20
0.3884465354330708
11
0.6461079527559055
21
0.3885962598425197
0
LINE
8
BLACK
6
CONTINUOUS
10
0.6461079527559055
20
0.3885962598425197
11
0.645358031496063
21
0.390096062992126
0
LINE
8
BLACK
6
CONTINUOUS
10
0.645358031496063
20
0.390096062992126
11
0.6453424015748032
21
0.3901531496062992
0
LINE
8
BLACK
6
CONTINUOUS
10
0.6453424015748032
20
0.3901531496062992
11
0.6453232677165354
21
0.3901722834645669
0
LINE
8
BLACK
6
CONTINUOUS
10
0.6453232677165354
20
0.3901722834645669
11
0.6452862992125984
21
0.3903580708661417
0
LINE
8
BLACK
6
CONTINUOUS
10
0.6452862992125984
20
0.3903580708661417
11
0.6452363385826771
21
0.3905405905511811
0
LINE
8
BLACK
6
CONTINUOUS
10
0.6452363385826771
20
0.3905405905511811
11
0.6452448818897638
21
0.3905662598425197
0
LINE
8
BLACK
6
CONTINUOUS
10
0.6452448818897638
20
0.3905662598425197
11
0.6452333464566929
21
0.3906242913385827
0
LINE
8
BLACK
6
CONTINUOUS
10
0.6452333464566929
20
0.3906242913385827
11
0.6452333464566929
21
0.3966235433070866
0
LINE
8
BLACK
6
CONTINUOUS
10
0.6452333464566929
20
0.3966235433070866
11
0.6453232677165354
21
0.3970755511811023
0
LINE
8
BLACK
6
CONTINUOUS
10
0.6453232677165354
20
0.3970755511811023
11
0.6459624409448819
21
0.3977147244094488
0
LINE
8
BLACK
6
CONTINUOUS
10
0.6459624409448819
20
0.3977147244094488
11
0.6464144488188976
21
0.3978046456692914
0
LINE
8
BLACK
6
CONTINUOUS
10
0.6464144488188976
20
0.3978046456692914
11
0.6621624803149606
21
0.3978046456692914
0
LINE
8
BLACK
6
CONTINUOUS
10
0.6621624803149606
20
0.3978046456692914
11
0.6626144881889764
21
0.3977147244094488
0
LINE
8
BLACK
6
CONTINUOUS
10
0.6475955511811023
20
0.3909031496062992
11
0.6481350393700788
21
0.3898241338582677
0
LINE
8
BLACK
6
CONTINUOUS
10
0.6481350393700788
20
0.3898241338582677
11
0.6486138976377953
21
0.3893453149606299
0
LINE
8
BLACK
6
CONTINUOUS
10
0.6486138976377953
20
0.3893453149606299
11
0.6496929527559056
21
0.3888057874015748
0
LINE
8
BLACK
6
CONTINUOUS
10
0.6496929527559056
20
0.3888057874015748
11
0.6513849606299212
21
0.3888057874015748
0
LINE
8
BLACK
6
CONTINUOUS
10
0.6513849606299212
20
0.3888057874015748
11
0.6524639763779527
21
0.3893453149606299
0
LINE
8
BLACK
6
CONTINUOUS
10
0.6524639763779527
20
0.3893453149606299
11
0.6529427559055118
21
0.3898241338582677
0
LINE
8
BLACK
6
CONTINUOUS
10
0.6529427559055118
20
0.3898241338582677
11
0.6534823228346457
21
0.3909031889763779
0
LINE
8
BLACK
6
CONTINUOUS
10
0.6534823228346457
20
0.3909031889763779
11
0.6534823228346457
21
0.3954424409448819
0
LINE
8
BLACK
6
CONTINUOUS
10
0.6534823228346457
20
0.3954424409448819
11
0.6475955511811023
21
0.3954424409448819
0
LINE
8
BLACK
6
CONTINUOUS
10
0.6475955511811023
20
0.3954424409448819
11
0.6475955511811023
21
0.3909031496062992
0
LINE
8
BLACK
6
CONTINUOUS
10
0.6715013385826771
20
0.4183147244094488
11
0.6725666929133858
21
0.4172493700787401
0
LINE
8
BLACK
6
CONTINUOUS
10
0.6725666929133858
20
0.4172493700787401
11
0.6727165354330709
21
0.416496062992126
0
LINE
8
BLACK
6
CONTINUOUS
10
0.6727165354330709
20
0.416496062992126
11
0.6727165354330709
21
0.353503937007874
0
LINE
8
BLACK
6
CONTINUOUS
10
0.6727165354330709
20
0.353503937007874
11
0.6725666929133858
21
0.3527506299212598
0
LINE
8
BLACK
6
CONTINUOUS
10
0.6725666929133858
20
0.3527506299212598
11
0.6715013385826771
21
0.3516852755905512
0
LINE
8
BLACK
6
CONTINUOUS
10
0.6715013385826771
20
0.3516852755905512
11
0.670748031496063
21
0.3515354330708662
0
LINE
8
BLACK
6
CONTINUOUS
10
0.670748031496063
20
0.3515354330708662
11
0.639251968503937
21
0.3515354330708662
0
LINE
8
BLACK
6
CONTINUOUS
10
0.639251968503937
20
0.3515354330708662
11
0.6384986614173228
21
0.3516852755905512
0
LINE
8
BLACK
6
CONTINUOUS
10
0.6384986614173228
20
0.3516852755905512
11
0.6374333070866142
21
0.3527506299212598
0
LINE
8
BLACK
6
CONTINUOUS
10
0.6374333070866142
20
0.3527506299212598
11
0.6372834645669291
21
0.353503937007874
0
LINE
8
BLACK
6
CONTINUOUS
10
0.6372834645669291
20
0.353503937007874
11
0.6372834645669291
21
0.416496062992126
0
LINE
8
BLACK
6
CONTINUOUS
10
0.6372834645669291
20
0.416496062992126
11
0.6374333070866142
21
0.4172493700787401
0
LINE
8
BLACK
6
CONTINUOUS
10
0.6374333070866142
20
0.4172493700787401
11
0.6384986614173228
21
0.4183147244094488
0
LINE
8
BLACK
6
CONTINUOUS
10
0.6384986614173228
20
0.4183147244094488
11
0.639251968503937
21
0.4184645669291339
0
LINE
8
BLACK
6
CONTINUOUS
10
0.639251968503937
20
0.4184645669291339
11
0.670748031496063
21
0.4184645669291339
0
LINE
8
BLACK
6
CONTINUOUS
10
0.670748031496063
20
0.4184645669291339
11
0.6715013385826771
21
0.4183147244094488
0
LINE
8
BLACK
6
CONTINUOUS
10
0.6412204724409448
20
0.4145275590551181
11
0.6412204724409448
21
0.3554724409448819
0
LINE
8
BLACK
6
CONTINUOUS
10
0.6412204724409448
20
0.3554724409448819
11
0.6687795275590551
21
0.3554724409448819
0
LINE
8
BLACK
6
CONTINUOUS
10
0.6687795275590551
20
0.3554724409448819
11
0.6687795275590551
21
0.4145275590551181
0
LINE
8
BLACK
6
CONTINUOUS
10
0.6687795275590551
20
0.4145275590551181
11
0.6412204724409448
21
0.4145275590551181
0
LINE
8
BLACK
6
CONTINUOUS
10
0.3589446456692914
20
0.3954383464566929
11
0.3590944881889764
21
0.3946850393700787
0
LINE
8
BLACK
6
CONTINUOUS
10
0.3590944881889764
20
0.3946850393700787
11
0.3590944881889764
21
0.390748031496063
0
LINE
8
BLACK
6
CONTINUOUS
10
0.3590944881889764
20
0.390748031496063
11
0.365
21
0.390748031496063
0
LINE
8
BLACK
6
CONTINUOUS
10
0.365
20
0.390748031496063
11
0.3652853543307086
21
0.3906912992125984
0
LINE
8
BLACK
6
CONTINUOUS
10
0.3652853543307086
20
0.3906912992125984
11
0.3653820078740158
21
0.3907105905511811
0
LINE
8
BLACK
6
CONTINUOUS
10
0.3653820078740158
20
0.3907105905511811
11
0.3654644094488189
21
0.3906556692913385
0
LINE
8
BLACK
6
CONTINUOUS
10
0.3654644094488189
20
0.3906556692913385
11
0.3657533070866142
21
0.3905981889763779
0
LINE
8
BLACK
6
CONTINUOUS
10
0.3657533070866142
20
0.3905981889763779
11
0.3661586614173228
21
0.3901928346456693
0
LINE
8
BLACK
6
CONTINUOUS
10
0.3661586614173228
20
0.3901928346456693
11
0.3666355905511811
21
0.3898748818897638
0
LINE
8
BLACK
6
CONTINUOUS
10
0.3666355905511811
20
0.3898748818897638
11
0.3666753149606299
21
0.3896761811023622
0
LINE
8
BLACK
6
CONTINUOUS
10
0.3666753149606299
20
0.3896761811023622
11
0.3668186614173228
21
0.3895328346456693
0
LINE
8
BLACK
6
CONTINUOUS
10
0.3668186614173228
20
0.3895328346456693
11
0.3668186614173228
21
0.3889595275590551
0
LINE
8
BLACK
6
CONTINUOUS
10
0.3668186614173228
20
0.3889595275590551
11
0.366931062992126
21
0.3883975196850394
0
LINE
8
BLACK
6
CONTINUOUS
10
0.366931062992126
20
0.3883975196850394
11
0.3668186614173228
21
0.3881253543307087
0
LINE
8
BLACK
6
CONTINUOUS
10
0.3668186614173228
20
0.3881253543307087
11
0.3668186614173228
21
0.388026220472441
0
LINE
8
BLACK
6
CONTINUOUS
10
0.3668186614173228
20
0.388026220472441
11
0.3667488976377953
21
0.3879564960629921
0
LINE
8
BLACK
6
CONTINUOUS
10
0.3667488976377953
20
0.3879564960629921
11
0.366637874015748
21
0.3876875984251968
0
LINE
8
BLACK
6
CONTINUOUS
10
0.366637874015748
20
0.3876875984251968
11
0.3608041732283465
21
0.3789370078740157
0
LINE
8
BLACK
6
CONTINUOUS
10
0.3608041732283465
20
0.3789370078740157
11
0.365
21
0.3789370078740157
0
LINE
8
BLACK
6
CONTINUOUS
10
0.365
20
0.3789370078740157
11
0.3657533070866142
21
0.3787871653543307
0
LINE
8
BLACK
6
CONTINUOUS
10
0.3657533070866142
20
0.3787871653543307
11
0.3668186614173228
21
0.377721811023622
0
LINE
8
BLACK
6
CONTINUOUS
10
0.3668186614173228
20
0.377721811023622
11
0.3668186614173228
21
0.3762151968503937
0
LINE
8
BLACK
6
CONTINUOUS
10
0.3668186614173228
20
0.3762151968503937
11
0.3657533070866142
21
0.375149842519685
0
LINE
8
BLACK
6
CONTINUOUS
10
0.3657533070866142
20
0.375149842519685
11
0.365
21
0.375
0
LINE
8
BLACK
6
CONTINUOUS
10
0.365
20
0.375
11
0.3590944881889764
21
0.375
0
LINE
8
BLACK
6
CONTINUOUS
10
0.3590944881889764
20
0.375
11
0.3590944881889764
21
0.3710629921259843
0
LINE
8
BLACK
6
CONTINUOUS
10
0.3590944881889764
20
0.3710629921259843
11
0.3589446456692914
21
0.3703096850393701
0
LINE
8
BLACK
6
CONTINUOUS
10
0.3589446456692914
20
0.3703096850393701
11
0.3578792913385827
21
0.3692443307086614
0
LINE
8
BLACK
6
CONTINUOUS
10
0.3578792913385827
20
0.3692443307086614
11
0.3563726771653543
21
0.3692443307086614
0
LINE
8
BLACK
6
CONTINUOUS
10
0.3563726771653543
20
0.3692443307086614
11
0.3553073228346457
21
0.3703096850393701
0
LINE
8
BLACK
6
CONTINUOUS
10
0.3553073228346457
20
0.3703096850393701
11
0.3551574803149606
21
0.3710629921259843
0
LINE
8
BLACK
6
CONTINUOUS
10
0.3551574803149606
20
0.3710629921259843
11
0.3551574803149606
21
0.375
0
LINE
8
BLACK
6
CONTINUOUS
10
0.3551574803149606
20
0.375
11
0.349251968503937
21
0.375
0
LINE
8
BLACK
6
CONTINUOUS
10
0.349251968503937
20
0.375
11
0.3484986614173228
21
0.375149842519685
0
LINE
8
BLACK
6
CONTINUOUS
10
0.3484986614173228
20
0.375149842519685
11
0.3474333070866142
21
0.3762151968503937
0
LINE
8
BLACK
6
CONTINUOUS
10
0.3474333070866142
20
0.3762151968503937
11
0.3474333070866142
21
0.377721811023622
0
LINE
8
BLACK
6
CONTINUOUS
10
0.3474333070866142
20
0.377721811023622
11
0.3484986614173228
21
0.3787871653543307
0
LINE
8
BLACK
6
CONTINUOUS
10
0.3484986614173228
20
0.3787871653543307
11
0.349251968503937
21
0.3789370078740157
0
LINE
8
BLACK
6
CONTINUOUS
10
0.349251968503937
20
0.3789370078740157
11
0.3534477952755906
21
0.3789370078740157
0
LINE
8
BLACK
6
CONTINUOUS
10
0.3534477952755906
20
0.3789370078740157
11
0.3476140551181102
21
0.3876875984251968
0
LINE
8
BLACK
6
CONTINUOUS
10
0.3476140551181102
20
0.3876875984251968
11
0.3475029921259842
21
0.3879565354330708
0
LINE
8
BLACK
6
CONTINUOUS
10
0.3475029921259842
20
0.3879565354330708
11
0.3474333070866142
21
0.388026220472441
0
LINE
8
BLACK
6
CONTINUOUS
10
0.3474333070866142
20
0.388026220472441
11
0.3474333070866142
21
0.3881253543307087
0
LINE
8
BLACK
6
CONTINUOUS
10
0.3474333070866142
20
0.3881253543307087
11
0.347320905511811
21
0.3883975196850394
0
LINE
8
BLACK
6
CONTINUOUS
10
0.347320905511811
20
0.3883975196850394
11
0.3474333070866142
21
0.3889595275590551
0
LINE
8
BLACK
6
CONTINUOUS
10
0.3474333070866142
20
0.3889595275590551
11
0.3474333070866142
21
0.3895328346456693
0
LINE
8
BLACK
6
CONTINUOUS
10
0.3474333070866142
20
0.3895328346456693
11
0.3475766141732283
21
0.3896761811023622
0
LINE
8
BLACK
6
CONTINUOUS
10
0.3475766141732283
20
0.3896761811023622
11
0.3476163779527559
21
0.3898748818897638
0
LINE
8
BLACK
6
CONTINUOUS
10
0.3476163779527559
20
0.3898748818897638
11
0.3480932677165354
21
0.3901928346456693
0
LINE
8
BLACK
6
CONTINUOUS
10
0.3480932677165354
20
0.3901928346456693
11
0.3484986614173228
21
0.3905981889763779
0
LINE
8
BLACK
6
CONTINUOUS
10
0.3484986614173228
20
0.3905981889763779
11
0.3487875196850393
21
0.3906556692913385
0
LINE
8
BLACK
6
CONTINUOUS
10
0.3487875196850393
20
0.3906556692913385
11
0.3488699606299213
21
0.3907105905511811
0
LINE
8
BLACK
6
CONTINUOUS
10
0.3488699606299213
20
0.3907105905511811
11
0.3489665748031496
21
0.3906912992125984
0
LINE
8
BLACK
6
CONTINUOUS
10
0.3489665748031496
20
0.3906912992125984
11
0.349251968503937
21
0.390748031496063
0
LINE
8
BLACK
6
CONTINUOUS
10
0.349251968503937
20
0.390748031496063
11
0.3551574803149606
21
0.390748031496063
0
LINE
8
BLACK
6
CONTINUOUS
10
0.3551574803149606
20
0.390748031496063
11
0.3551574803149606
21
0.3946850393700787
0
LINE
8
BLACK
6
CONTINUOUS
10
0.3551574803149606
20
0.3946850393700787
11
0.3553073228346457
21
0.3954383464566929
0
LINE
8
BLACK
6
CONTINUOUS
10
0.3553073228346457
20
0.3954383464566929
11
0.3563726771653543
21
0.3965037007874015
0
LINE
8
BLACK
6
CONTINUOUS
10
0.3563726771653543
20
0.3965037007874015
11
0.3578792913385827
21
0.3965037007874015
0
LINE
8
BLACK
6
CONTINUOUS
10
0.3578792913385827
20
0.3965037007874015
11
0.3589446456692914
21
0.3954383464566929
0
LINE
8
BLACK
6
CONTINUOUS
10
0.352930157480315
20
0.3868110236220472
11
0.3571259448818898
21
0.3805172834645669
0
LINE
8
BLACK
6
CONTINUOUS
10
0.3571259448818898
20
0.3805172834645669
11
0.361321811023622
21
0.3868110236220472
0
LINE
8
BLACK
6
CONTINUOUS
10
0.361321811023622
20
0.3868110236220472
11
0.352930157480315
21
0.3868110236220472
0
LINE
8
BLACK
6
CONTINUOUS
10
0.3755958267716535
20
0.4122517322834646
11
0.3766611811023622
21
0.4111863779527559
0
LINE
8
BLACK
6
CONTINUOUS
10
0.3766611811023622
20
0.4111863779527559
11
0.3768110236220472
21
0.4104330708661417
0
LINE
8
BLACK
6
CONTINUOUS
10
0.3768110236220472
20
0.4104330708661417
11
0.3768110236220472
21
0.359251968503937
0
LINE
8
BLACK
6
CONTINUOUS
10
0.3768110236220472
20
0.359251968503937
11
0.3766611811023622
21
0.3584986614173228
0
LINE
8
BLACK
6
CONTINUOUS
10
0.3766611811023622
20
0.3584986614173228
11
0.3755958267716535
21
0.3574333070866141
0
LINE
8
BLACK
6
CONTINUOUS
10
0.3755958267716535
20
0.3574333070866141
11
0.3748425196850393
21
0.3572834645669291
0
LINE
8
BLACK
6
CONTINUOUS
10
0.3748425196850393
20
0.3572834645669291
11
0.3394094488188976
21
0.3572834645669291
0
LINE
8
BLACK
6
CONTINUOUS
10
0.3394094488188976
20
0.3572834645669291
11
0.3386561417322835
21
0.3574333070866141
0
LINE
8
BLACK
6
CONTINUOUS
10
0.3386561417322835
20
0.3574333070866141
11
0.3375907874015748
21
0.3584986614173228
0
LINE
8
BLACK
6
CONTINUOUS
10
0.3375907874015748
20
0.3584986614173228
11
0.3374409448818897
21
0.359251968503937
0
LINE
8
BLACK
6
CONTINUOUS
10
0.3374409448818897
20
0.359251968503937
11
0.3374409448818897
21
0.4104330708661417
0
LINE
8
BLACK
6
CONTINUOUS
10
0.3374409448818897
20
0.4104330708661417
11
0.3375907874015748
21
0.4111863779527559
0
LINE
8
BLACK
6
CONTINUOUS
10
0.3375907874015748
20
0.4111863779527559
11
0.3386561417322835
21
0.4122517322834646
0
LINE
8
BLACK
6
CONTINUOUS
10
0.3386561417322835
20
0.4122517322834646
11
0.3394094488188976
21
0.4124015748031496
0
LINE
8
BLACK
6
CONTINUOUS
10
0.3394094488188976
20
0.4124015748031496
11
0.3748425196850393
21
0.4124015748031496
0
LINE
8
BLACK
6
CONTINUOUS
10
0.3748425196850393
20
0.4124015748031496
11
0.3755958267716535
21
0.4122517322834646
0
LINE
8
BLACK
6
CONTINUOUS
10
0.3413779527559055
20
0.4084645669291339
11
0.3413779527559055
21
0.3612204724409449
0
LINE
8
BLACK
6
CONTINUOUS
10
0.3413779527559055
20
0.3612204724409449
11
0.3728740157480315
21
0.3612204724409449
0
LINE
8
BLACK
6
CONTINUOUS
10
0.3728740157480315
20
0.3612204724409449
11
0.3728740157480315
21
0.4084645669291339
0
LINE
8
BLACK
6
CONTINUOUS
10
0.3728740157480315
20
0.4084645669291339
11
0.3413779527559055
21
0.4084645669291339
0
LINE
8
BLACK
6
CONTINUOUS
10
0.4180266929133858
20
0.385393779527559
11
0.4181903543307087
21
0.3845710236220473
0
LINE
8
BLACK
6
CONTINUOUS
10
0.4181903543307087
20
0.3845710236220473
11
0.4181903543307087
21
0.3771138976377953
0
LINE
8
BLACK
6
CONTINUOUS
10
0.4181903543307087
20
0.3771138976377953
11
0.4221293307086614
21
0.3805604724409449
0
LINE
8
BLACK
6
CONTINUOUS
10
0.4221293307086614
20
0.3805604724409449
11
0.4226591338582677
21
0.3808655905511811
0
LINE
8
BLACK
6
CONTINUOUS
10
0.4226591338582677
20
0.3808655905511811
11
0.4227223622047244
21
0.380928779527559
0
LINE
8
BLACK
6
CONTINUOUS
10
0.4227223622047244
20
0.380928779527559
11
0.422768937007874
21
0.380928779527559
0
LINE
8
BLACK
6
CONTINUOUS
10
0.422768937007874
20
0.380928779527559
11
0.4228562992125984
21
0.380979094488189
0
LINE
8
BLACK
6
CONTINUOUS
10
0.4228562992125984
20
0.380979094488189
11
0.4236111023622047
21
0.380928779527559
0
LINE
8
BLACK
6
CONTINUOUS
10
0.4236111023622047
20
0.380928779527559
11
0.424367874015748
21
0.380928779527559
0
LINE
8
BLACK
6
CONTINUOUS
10
0.424367874015748
20
0.380928779527559
11
0.4244218897637795
21
0.3808747637795276
0
LINE
8
BLACK
6
CONTINUOUS
10
0.4244218897637795
20
0.3808747637795276
11
0.4244981889763779
21
0.3808696456692913
0
LINE
8
BLACK
6
CONTINUOUS
10
0.4244981889763779
20
0.3808696456692913
11
0.4249964173228347
21
0.3803002362204724
0
LINE
8
BLACK
6
CONTINUOUS
10
0.4249964173228347
20
0.3803002362204724
11
0.4255314566929134
21
0.3797651968503937
0
LINE
8
BLACK
6
CONTINUOUS
10
0.4255314566929134
20
0.3797651968503937
11
0.4255511023622047
21
0.3796662992125984
0
LINE
8
BLACK
6
CONTINUOUS
10
0.4255511023622047
20
0.3796662992125984
11
0.4255817716535433
21
0.3796312598425197
0
LINE
8
BLACK
6
CONTINUOUS
10
0.4255817716535433
20
0.3796312598425197
11
0.4255758267716535
21
0.379542125984252
0
LINE
8
BLACK
6
CONTINUOUS
10
0.4255758267716535
20
0.379542125984252
11
0.4256951181102362
21
0.3789424409448819
0
LINE
8
BLACK
6
CONTINUOUS
10
0.4256951181102362
20
0.3789424409448819
11
0.4256951181102362
21
0.3766357086614173
0
LINE
8
BLACK
6
CONTINUOUS
10
0.4256951181102362
20
0.3766357086614173
11
0.4262501968503937
21
0.3755255511811024
0
LINE
8
BLACK
6
CONTINUOUS
10
0.4262501968503937
20
0.3755255511811024
11
0.426694842519685
21
0.375080905511811
0
LINE
8
BLACK
6
CONTINUOUS
10
0.426694842519685
20
0.375080905511811
11
0.4278050787401575
21
0.3745257874015748
0
LINE
8
BLACK
6
CONTINUOUS
10
0.4278050787401575
20
0.3745257874015748
11
0.4314804330708661
21
0.3745257874015748
0
LINE
8
BLACK
6
CONTINUOUS
10
0.4314804330708661
20
0.3745257874015748
11
0.4325906299212599
21
0.375080905511811
0
LINE
8
BLACK
6
CONTINUOUS
10
0.4325906299212599
20
0.375080905511811
11
0.4330352362204724
21
0.3755255118110236
0
LINE
8
BLACK
6
CONTINUOUS
10
0.4330352362204724
20
0.3755255118110236
11
0.4335903543307086
21
0.3766357086614173
0
LINE
8
BLACK
6
CONTINUOUS
10
0.4335903543307086
20
0.3766357086614173
11
0.4335903543307086
21
0.3812492125984252
0
LINE
8
BLACK
6
CONTINUOUS
10
0.4335903543307086
20
0.3812492125984252
11
0.4330352362204724
21
0.3823594094488189
0
LINE
8
BLACK
6
CONTINUOUS
10
0.4330352362204724
20
0.3823594094488189
11
0.4323438976377952
21
0.3830507480314961
0
LINE
8
BLACK
6
CONTINUOUS
10
0.4323438976377952
20
0.3830507480314961
11
0.4318778346456693
21
0.3837482283464567
0
LINE
8
BLACK
6
CONTINUOUS
10
0.4318778346456693
20
0.3837482283464567
11
0.4318778346456693
21
0.3853938188976378
0
LINE
8
BLACK
6
CONTINUOUS
10
0.4318778346456693
20
0.3853938188976378
11
0.4330413779527559
21
0.3865573622047244
0
LINE
8
BLACK
6
CONTINUOUS
10
0.4330413779527559
20
0.3865573622047244
11
0.434686968503937
21
0.3865573622047244
0
LINE
8
BLACK
6
CONTINUOUS
10
0.434686968503937
20
0.3865573622047244
11
0.4353844488188977
21
0.3860912992125984
0
LINE
8
BLACK
6
CONTINUOUS
10
0.4353844488188977
20
0.3860912992125984
11
0.4363225590551181
21
0.385153188976378
0
LINE
8
BLACK
6
CONTINUOUS
10
0.4363225590551181
20
0.385153188976378
11
0.4365138976377952
21
0.384866811023622
0
LINE
8
BLACK
6
CONTINUOUS
10
0.4365138976377952
20
0.384866811023622
11
0.4367253149606299
21
0.3845944094488189
0
LINE
8
BLACK
6
CONTINUOUS
10
0.4367253149606299
20
0.3845944094488189
11
0.4376633858267717
21
0.3827182283464567
0
LINE
8
BLACK
6
CONTINUOUS
10
0.4376633858267717
20
0.3827182283464567
11
0.437691811023622
21
0.3826143700787402
0
LINE
8
BLACK
6
CONTINUOUS
10
0.437691811023622
20
0.3826143700787402
11
0.4377266929133858
21
0.3825794881889764
0
LINE
8
BLACK
6
CONTINUOUS
10
0.4377266929133858
20
0.3825794881889764
11
0.4377938582677166
21
0.3822417322834646
0
LINE
8
BLACK
6
CONTINUOUS
10
0.4377938582677166
20
0.3822417322834646
11
0.4378849606299213
21
0.3819091338582677
0
LINE
8
BLACK
6
CONTINUOUS
10
0.4378849606299213
20
0.3819091338582677
11
0.4378693307086614
21
0.3818623228346457
0
LINE
8
BLACK
6
CONTINUOUS
10
0.4378693307086614
20
0.3818623228346457
11
0.4378903543307087
21
0.3817567322834646
0
LINE
8
BLACK
6
CONTINUOUS
10
0.4378903543307087
20
0.3817567322834646
11
0.4378903543307087
21
0.3761281496062992
0
LINE
8
BLACK
6
CONTINUOUS
10
0.4378903543307087
20
0.3761281496062992
11
0.4378693307086614
21
0.3760225984251969
0
LINE
8
BLACK
6
CONTINUOUS
10
0.4378693307086614
20
0.3760225984251969
11
0.4378849606299213
21
0.3759757480314961
0
LINE
8
BLACK
6
CONTINUOUS
10
0.4378849606299213
20
0.3759757480314961
11
0.4377938582677166
21
0.3756431889763779
0
LINE
8
BLACK
6
CONTINUOUS
10
0.4377938582677166
20
0.3756431889763779
11
0.4377266929133858
21
0.3753053937007874
0
LINE
8
BLACK
6
CONTINUOUS
10
0.4377266929133858
20
0.3753053937007874
11
0.437691811023622
21
0.3752705511811024
0
LINE
8
BLACK
6
CONTINUOUS
10
0.437691811023622
20
0.3752705511811024
11
0.4376633858267717
21
0.3751666535433071
0
LINE
8
BLACK
6
CONTINUOUS
10
0.4376633858267717
20
0.3751666535433071
11
0.4367253149606299
21
0.3732904724409449
0
LINE
8
BLACK
6
CONTINUOUS
10
0.4367253149606299
20
0.3732904724409449
11
0.4365138976377952
21
0.3730181102362204
0
LINE
8
BLACK
6
CONTINUOUS
10
0.4365138976377952
20
0.3730181102362204
11
0.4363225590551181
21
0.3727316929133858
0
LINE
8
BLACK
6
CONTINUOUS
10
0.4363225590551181
20
0.3727316929133858
11
0.4353844488188977
21
0.3717935826771653
0
LINE
8
BLACK
6
CONTINUOUS
10
0.4353844488188977
20
0.3717935826771653
11
0.4350979133858268
21
0.3716021653543307
0
LINE
8
BLACK
6
CONTINUOUS
10
0.4350979133858268
20
0.3716021653543307
11
0.4348256692913386
21
0.3713908267716535
0
LINE
8
BLACK
6
CONTINUOUS
10
0.4348256692913386
20
0.3713908267716535
11
0.4329494881889764
21
0.3704527559055118
0
LINE
8
BLACK
6
CONTINUOUS
10
0.4329494881889764
20
0.3704527559055118
11
0.4328455905511811
21
0.3704243307086614
0
LINE
8
BLACK
6
CONTINUOUS
10
0.4328455905511811
20
0.3704243307086614
11
0.4328107480314961
21
0.3703894488188976
0
LINE
8
BLACK
6
CONTINUOUS
10
0.4328107480314961
20
0.3703894488188976
11
0.4324726377952756
21
0.3703222047244095
0
LINE
8
BLACK
6
CONTINUOUS
10
0.4324726377952756
20
0.3703222047244095
11
0.4321403937007874
21
0.3702312204724409
0
LINE
8
BLACK
6
CONTINUOUS
10
0.4321403937007874
20
0.3702312204724409
11
0.4320936220472441
21
0.3702468110236221
0
LINE
8
BLACK
6
CONTINUOUS
10
0.4320936220472441
20
0.3702468110236221
11
0.4319879921259843
21
0.3702257874015748
0
LINE
8
BLACK
6
CONTINUOUS
10
0.4319879921259843
20
0.3702257874015748
11
0.4272975196850394
21
0.3702257874015748
0
LINE
8
BLACK
6
CONTINUOUS
10
0.4272975196850394
20
0.3702257874015748
11
0.4271919291338583
21
0.3702468110236221
0
LINE
8
BLACK
6
CONTINUOUS
10
0.4271919291338583
20
0.3702468110236221
11
0.427145157480315
21
0.3702311811023622
0
LINE
8
BLACK
6
CONTINUOUS
10
0.427145157480315
20
0.3702311811023622
11
0.4268126771653543
21
0.3703222440944882
0
LINE
8
BLACK
6
CONTINUOUS
10
0.4268126771653543
20
0.3703222440944882
11
0.4264747637795275
21
0.3703894488188976
0
LINE
8
BLACK
6
CONTINUOUS
10
0.4264747637795275
20
0.3703894488188976
11
0.4264398818897638
21
0.3704243307086614
0
LINE
8
BLACK
6
CONTINUOUS
10
0.4264398818897638
20
0.3704243307086614
11
0.426336062992126
21
0.3704527559055118
0
LINE
8
BLACK
6
CONTINUOUS
10
0.426336062992126
20
0.3704527559055118
11
0.4244598031496063
21
0.3713908267716535
0
LINE
8
BLACK
6
CONTINUOUS
10
0.4244598031496063
20
0.3713908267716535
11
0.4241875196850394
21
0.3716021653543307
0
LINE
8
BLACK
6
CONTINUOUS
10
0.4241875196850394
20
0.3716021653543307
11
0.4239009842519685
21
0.3717936220472441
0
LINE
8
BLACK
6
CONTINUOUS
10
0.4239009842519685
20
0.3717936220472441
11
0.4229629133858268
21
0.3727317322834646
0
LINE
8
BLACK
6
CONTINUOUS
10
0.4229629133858268
20
0.3727317322834646
11
0.4227716141732283
21
0.3730180708661417
0
LINE
8
BLACK
6
CONTINUOUS
10
0.4227716141732283
20
0.3730180708661417
11
0.4225601968503937
21
0.3732904330708661
0
LINE
8
BLACK
6
CONTINUOUS
10
0.4225601968503937
20
0.3732904330708661
11
0.4218877165354331
21
0.3746353937007874
0
LINE
8
BLACK
6
CONTINUOUS
10
0.4218877165354331
20
0.3746353937007874
11
0.4174561417322835
21
0.3707577559055118
0
LINE
8
BLACK
6
CONTINUOUS
10
0.4174561417322835
20
0.3707577559055118
11
0.4169262992125984
21
0.3704526771653543
0
LINE
8
BLACK
6
CONTINUOUS
10
0.4169262992125984
20
0.3704526771653543
11
0.4168631102362205
21
0.3703894488188976
0
LINE
8
BLACK
6
CONTINUOUS
10
0.4168631102362205
20
0.3703894488188976
11
0.4168165354330708
21
0.3703894488188976
0
LINE
8
BLACK
6
CONTINUOUS
10
0.4168165354330708
20
0.3703894488188976
11
0.4167291732283465
21
0.3703391338582677
0
LINE
8
BLACK
6
CONTINUOUS
10
0.4167291732283465
20
0.3703391338582677
11
0.4159743700787402
21
0.3703894488188976
0
LINE
8
BLACK
6
CONTINUOUS
10
0.4159743700787402
20
0.3703894488188976
11
0.4152175984251968
21
0.3703894488188976
0
LINE
8
BLACK
6
CONTINUOUS
10
0.4152175984251968
20
0.3703894488188976
11
0.4151635433070866
21
0.3704435039370079
0
LINE
8
BLACK
6
CONTINUOUS
10
0.4151635433070866
20
0.3704435039370079
11
0.4150872834645669
21
0.3704485826771654
0
LINE
8
BLACK
6
CONTINUOUS
10
0.4150872834645669
20
0.3704485826771654
11
0.4145890157480315
21
0.371018031496063
0
LINE
8
BLACK
6
CONTINUOUS
10
0.4145890157480315
20
0.371018031496063
11
0.4140540157480315
21
0.371553031496063
0
LINE
8
BLACK
6
CONTINUOUS
10
0.4140540157480315
20
0.371553031496063
11
0.4140343307086614
21
0.371651968503937
0
LINE
8
BLACK
6
CONTINUOUS
10
0.4140343307086614
20
0.371651968503937
11
0.4140037007874016
21
0.371686968503937
0
LINE
8
BLACK
6
CONTINUOUS
10
0.4140037007874016
20
0.371686968503937
11
0.4140096062992126
21
0.3717761417322835
0
LINE
8
BLACK
6
CONTINUOUS
10
0.4140096062992126
20
0.3717761417322835
11
0.4138903543307086
21
0.3723757874015748
0
LINE
8
BLACK
6
CONTINUOUS
10
0.4138903543307086
20
0.3723757874015748
11
0.4138903543307086
21
0.3845710236220473
0
LINE
8
BLACK
6
CONTINUOUS
10
0.4138903543307086
20
0.3845710236220473
11
0.4140540157480315
21
0.385393779527559
0
LINE
8
BLACK
6
CONTINUOUS
10
0.4140540157480315
20
0.385393779527559
11
0.4152175984251968
21
0.3865573622047244
0
LINE
8
BLACK
6
CONTINUOUS
10
0.4152175984251968
20
0.3865573622047244
11
0.4168631102362205
21
0.3865573622047244
0
LINE
8
BLACK
6
CONTINUOUS
10
0.4168631102362205
20
0.3865573622047244
11
0.4180266929133858
21
0.385393779527559
0
LINE
8
BLACK
6
CONTINUOUS
10
0.7202933464566929
20
0.4144070866141732
11
0.7213577559055118
21
0.4139661811023622
0
LINE
8
BLACK
6
CONTINUOUS
10
0.7213577559055118
20
0.4139661811023622
11
0.7221724015748031
21
0.4131515354330709
0
LINE
8
BLACK
6
CONTINUOUS
10
0.7221724015748031
20
0.4131515354330709
11
0.7226133070866142
21
0.412087125984252
0
LINE
8
BLACK
6
CONTINUOUS
10
0.7226133070866142
20
0.412087125984252
11
0.7226700393700787
21
0.411511062992126
0
LINE
8
BLACK
6
CONTINUOUS
10
0.7226700393700787
20
0.411511062992126
11
0.7226700393700787
21
0.4021372440944882
0
LINE
8
BLACK
6
CONTINUOUS
10
0.7226700393700787
20
0.4021372440944882
11
0.7226412992125985
21
0.4018456692913386
0
LINE
8
BLACK
6
CONTINUOUS
10
0.7226412992125985
20
0.4018456692913386
11
0.7226468503937008
21
0.4017679133858267
0
LINE
8
BLACK
6
CONTINUOUS
10
0.7226468503937008
20
0.4017679133858267
11
0.7226235826771653
21
0.4016656692913386
0
LINE
8
BLACK
6
CONTINUOUS
10
0.7226235826771653
20
0.4016656692913386
11
0.7226133070866142
21
0.4015611811023622
0
LINE
8
BLACK
6
CONTINUOUS
10
0.7226133070866142
20
0.4015611811023622
11
0.7225834251968504
21
0.4014891338582677
0
LINE
8
BLACK
6
CONTINUOUS
10
0.7225834251968504
20
0.4014891338582677
11
0.7225185039370079
21
0.4012034645669291
0
LINE
8
BLACK
6
CONTINUOUS
10
0.7225185039370079
20
0.4012034645669291
11
0.7206437401574803
21
0.3955792125984252
0
LINE
8
BLACK
6
CONTINUOUS
10
0.7206437401574803
20
0.3955792125984252
11
0.7204077559055118
21
0.3950506299212598
0
LINE
8
BLACK
6
CONTINUOUS
10
0.7204077559055118
20
0.3950506299212598
11
0.7203382677165354
21
0.3949705511811024
0
LINE
8
BLACK
6
CONTINUOUS
10
0.7203382677165354
20
0.3949705511811024
11
0.7202976771653543
21
0.3948724803149606
0
LINE
8
BLACK
6
CONTINUOUS
10
0.7202976771653543
20
0.3948724803149606
11
0.7199304330708661
21
0.3944250393700787
0
LINE
8
BLACK
6
CONTINUOUS
10
0.7199304330708661
20
0.3944250393700787
11
0.7161808661417323
21
0.3906755118110236
0
LINE
8
BLACK
6
CONTINUOUS
10
0.7161808661417323
20
0.3906755118110236
11
0.7159544881889763
21
0.3904897637795275
0
LINE
8
BLACK
6
CONTINUOUS
10
0.7159544881889763
20
0.3904897637795275
11
0.7159033464566928
21
0.3904307480314961
0
LINE
8
BLACK
6
CONTINUOUS
10
0.7159033464566928
20
0.3904307480314961
11
0.7158144094488189
21
0.3903748031496063
0
LINE
8
BLACK
6
CONTINUOUS
10
0.7158144094488189
20
0.3903748031496063
11
0.7157333858267716
21
0.3903082677165354
0
LINE
8
BLACK
6
CONTINUOUS
10
0.7157333858267716
20
0.3903082677165354
11
0.7156613385826771
21
0.3902784645669291
0
LINE
8
BLACK
6
CONTINUOUS
10
0.7156613385826771
20
0.3902784645669291
11
0.7154134645669291
21
0.3901224015748032
0
LINE
8
BLACK
6
CONTINUOUS
10
0.7154134645669291
20
0.3901224015748032
11
0.711663937007874
21
0.3882476377952756
0
LINE
8
BLACK
6
CONTINUOUS
10
0.711663937007874
20
0.3882476377952756
11
0.711621811023622
21
0.3882315354330709
0
LINE
8
BLACK
6
CONTINUOUS
10
0.711621811023622
20
0.3882315354330709
11
0.71160468503937
21
0.3882188188976378
0
LINE
8
BLACK
6
CONTINUOUS
10
0.71160468503937
20
0.3882188188976378
11
0.711362716535433
21
0.3881324015748032
0
LINE
8
BLACK
6
CONTINUOUS
10
0.711362716535433
20
0.3881324015748032
11
0.7111233070866142
21
0.3880407480314961
0
LINE
8
BLACK
6
CONTINUOUS
10
0.7111233070866142
20
0.3880407480314961
11
0.7111020472440944
21
0.3880392519685039
0
LINE
8
BLACK
6
CONTINUOUS
10
0.7111020472440944
20
0.3880392519685039
11
0.7110595669291339
21
0.3880240551181102
0
LINE
8
BLACK
6
CONTINUOUS
10
0.7110595669291339
20
0.3880240551181102
11
0.7035605118110236
21
0.3861492913385827
0
LINE
8
BLACK
6
CONTINUOUS
10
0.7035605118110236
20
0.3861492913385827
11
0.7034606299212598
21
0.3861345275590551
0
LINE
8
BLACK
6
CONTINUOUS
10
0.7034606299212598
20
0.3861345275590551
11
0.7034204330708661
21
0.386117874015748
0
LINE
8
BLACK
6
CONTINUOUS
10
0.7034204330708661
20
0.386117874015748
11
0.7032033858267717
21
0.3860965354330709
0
LINE
8
BLACK
6
CONTINUOUS
10
0.7032033858267717
20
0.3860965354330709
11
0.7029879133858268
21
0.3860646456692913
0
LINE
8
BLACK
6
CONTINUOUS
10
0.7029879133858268
20
0.3860646456692913
11
0.7029448818897638
21
0.386071062992126
0
LINE
8
BLACK
6
CONTINUOUS
10
0.7029448818897638
20
0.386071062992126
11
0.7028443700787401
21
0.3860611417322835
0
LINE
8
BLACK
6
CONTINUOUS
10
0.7028443700787401
20
0.3860611417322835
11
0.6972200787401575
21
0.3860611417322835
0
LINE
8
BLACK
6
CONTINUOUS
10
0.6972200787401575
20
0.3860611417322835
11
0.6971195275590552
21
0.386071062992126
0
LINE
8
BLACK
6
CONTINUOUS
10
0.6971195275590552
20
0.386071062992126
11
0.6970765354330708
21
0.3860646456692913
0
LINE
8
BLACK
6
CONTINUOUS
10
0.6970765354330708
20
0.3860646456692913
11
0.6968610236220473
21
0.3860965354330709
0
LINE
8
BLACK
6
CONTINUOUS
10
0.6968610236220473
20
0.3860965354330709
11
0.6966440157480315
21
0.386117874015748
0
LINE
8
BLACK
6
CONTINUOUS
10
0.6966440157480315
20
0.386117874015748
11
0.696603779527559
21
0.3861345275590551
0
LINE
8
BLACK
6
CONTINUOUS
10
0.696603779527559
20
0.3861345275590551
11
0.6965039370078741
21
0.3861492913385827
0
LINE
8
BLACK
6
CONTINUOUS
10
0.6965039370078741
20
0.3861492913385827
11
0.6890048818897637
21
0.3880240551181102
0
LINE
8
BLACK
6
CONTINUOUS
10
0.6890048818897637
20
0.3880240551181102
11
0.6889623622047244
21
0.3880392519685039
0
LINE
8
BLACK
6
CONTINUOUS
10
0.6889623622047244
20
0.3880392519685039
11
0.6889411023622047
21
0.3880407480314961
0
LINE
8
BLACK
6
CONTINUOUS
10
0.6889411023622047
20
0.3880407480314961
11
0.6887013385826771
21
0.3881325196850394
0
LINE
8
BLACK
6
CONTINUOUS
10
0.6887013385826771
20
0.3881325196850394
11
0.6884597637795276
21
0.3882188188976378
0
LINE
8
BLACK
6
CONTINUOUS
10
0.6884597637795276
20
0.3882188188976378
11
0.6884425984251968
21
0.3882315354330709
0
LINE
8
BLACK
6
CONTINUOUS
10
0.6884425984251968
20
0.3882315354330709
11
0.6884005118110236
21
0.3882476377952756
0
LINE
8
BLACK
6
CONTINUOUS
10
0.6884005118110236
20
0.3882476377952756
11
0.6846509842519685
21
0.3901224015748032
0
LINE
8
BLACK
6
CONTINUOUS
10
0.6846509842519685
20
0.3901224015748032
11
0.6844031496062992
21
0.3902784251968504
0
LINE
8
BLACK
6
CONTINUOUS
10
0.6844031496062992
20
0.3902784251968504
11
0.6843310236220472
21
0.3903082677165354
0
LINE
8
BLACK
6
CONTINUOUS
10
0.6843310236220472
20
0.3903082677165354
11
0.684249842519685
21
0.3903748818897638
0
LINE
8
BLACK
6
CONTINUOUS
10
0.684249842519685
20
0.3903748818897638
11
0.6841611023622047
21
0.3904307480314961
0
LINE
8
BLACK
6
CONTINUOUS
10
0.6841611023622047
20
0.3904307480314961
11
0.6841099606299212
21
0.3904896850393701
0
LINE
8
BLACK
6
CONTINUOUS
10
0.6841099606299212
20
0.3904896850393701
11
0.6838835826771653
21
0.3906755118110236
0
LINE
8
BLACK
6
CONTINUOUS
10
0.6838835826771653
20
0.3906755118110236
11
0.6801340551181102
21
0.3944250393700787
0
LINE
8
BLACK
6
CONTINUOUS
10
0.6801340551181102
20
0.3944250393700787
11
0.6797668503937008
21
0.3948724803149606
0
LINE
8
BLACK
6
CONTINUOUS
10
0.6797668503937008
20
0.3948724803149606
11
0.6797262204724409
21
0.3949705511811024
0
LINE
8
BLACK
6
CONTINUOUS
10
0.6797262204724409
20
0.3949705511811024
11
0.6796567322834646
21
0.3950506692913386
0
LINE
8
BLACK
6
CONTINUOUS
10
0.6796567322834646
20
0.3950506692913386
11
0.6794207480314961
21
0.3955792125984252
0
LINE
8
BLACK
6
CONTINUOUS
10
0.6794207480314961
20
0.3955792125984252
11
0.6775459842519684
21
0.4012035039370079
0
LINE
8
BLACK
6
CONTINUOUS
10
0.6775459842519684
20
0.4012035039370079
11
0.6774810236220472
21
0.401489094488189
0
LINE
8
BLACK
6
CONTINUOUS
10
0.6774810236220472
20
0.401489094488189
11
0.6774511811023622
21
0.4015611811023622
0
LINE
8
BLACK
6
CONTINUOUS
10
0.6774511811023622
20
0.4015611811023622
11
0.6774408661417323
21
0.4016657086614173
0
LINE
8
BLACK
6
CONTINUOUS
10
0.6774408661417323
20
0.4016657086614173
11
0.6774176377952755
21
0.4017679527559055
0
LINE
8
BLACK
6
CONTINUOUS
10
0.6774176377952755
20
0.4017679527559055
11
0.6774231496062992
21
0.4018457086614173
0
LINE
8
BLACK
6
CONTINUOUS
10
0.6774231496062992
20
0.4018457086614173
11
0.6773944488188977
21
0.4021372440944882
0
LINE
8
BLACK
6
CONTINUOUS
10
0.6773944488188977
20
0.4021372440944882
11
0.6773944488188977
21
0.411511062992126
0
LINE
8
BLACK
6
CONTINUOUS
10
0.6773944488188977
20
0.411511062992126
11
0.6774511811023622
21
0.412087125984252
0
LINE
8
BLACK
6
CONTINUOUS
10
0.6774511811023622
20
0.412087125984252
11
0.6778920866141732
21
0.4131515354330709
0
LINE
8
BLACK
6
CONTINUOUS
10
0.6778920866141732
20
0.4131515354330709
11
0.6787067322834646
21
0.4139661811023622
0
LINE
8
BLACK
6
CONTINUOUS
10
0.6787067322834646
20
0.4139661811023622
11
0.6797711417322835
21
0.4144070866141732
0
LINE
8
BLACK
6
CONTINUOUS
10
0.6797711417322835
20
0.4144070866141732
11
0.6803472047244095
21
0.4144638188976378
0
LINE
8
BLACK
6
CONTINUOUS
10
0.6803472047244095
20
0.4144638188976378
11
0.7197172834645669
21
0.4144638188976378
0
LINE
8
BLACK
6
CONTINUOUS
10
0.7197172834645669
20
0.4144638188976378
11
0.7202933464566929
21
0.4144070866141732
0
LINE
8
BLACK
6
CONTINUOUS
10
0.6832999606299213
20
0.4026164173228347
11
0.6848027559055118
21
0.3981079921259842
0
LINE
8
BLACK
6
CONTINUOUS
10
0.6848027559055118
20
0.3981079921259842
11
0.6877205905511811
21
0.3951901574803149
0
LINE
8
BLACK
6
CONTINUOUS
10
0.6877205905511811
20
0.3951901574803149
11
0.6907515748031496
21
0.3936746850393701
0
LINE
8
BLACK
6
CONTINUOUS
10
0.6907515748031496
20
0.3936746850393701
11
0.6975836220472441
21
0.3919666535433071
0
LINE
8
BLACK
6
CONTINUOUS
10
0.6975836220472441
20
0.3919666535433071
11
0.7024808267716536
21
0.3919666535433071
0
LINE
8
BLACK
6
CONTINUOUS
10
0.7024808267716536
20
0.3919666535433071
11
0.7093128740157481
21
0.3936746850393701
0
LINE
8
BLACK
6
CONTINUOUS
10
0.7093128740157481
20
0.3936746850393701
11
0.7123438582677165
21
0.3951901968503937
0
LINE
8
BLACK
6
CONTINUOUS
10
0.7123438582677165
20
0.3951901968503937
11
0.7152617322834646
21
0.398108031496063
0
LINE
8
BLACK
6
CONTINUOUS
10
0.7152617322834646
20
0.398108031496063
11
0.7167645275590551
21
0.4026163779527559
0
LINE
8
BLACK
6
CONTINUOUS
10
0.7167645275590551
20
0.4026163779527559
11
0.7167645275590551
21
0.4085583070866142
0
LINE
8
BLACK
6
CONTINUOUS
10
0.7167645275590551
20
0.4085583070866142
11
0.6832999606299213
21
0.4085583070866142
0
LINE
8
BLACK
6
CONTINUOUS
10
0.6832999606299213
20
0.4085583070866142
11
0.6832999606299213
21
0.4026164173228347
0
LINE
8
BLACK
6
CONTINUOUS
10
0.4275559448818897
20
0.4054315354330709
11
0.4278189763779527
21
0.4054187007874016
0
LINE
8
BLACK
6
CONTINUOUS
10
0.4278189763779527
20
0.4054187007874016
11
0.4315713385826772
21
0.4044806299212598
0
LINE
8
BLACK
6
CONTINUOUS
10
0.4315713385826772
20
0.4044806299212598
11
0.4317842913385826
21
0.4043800393700787
0
LINE
8
BLACK
6
CONTINUOUS
10
0.4317842913385826
20
0.4043800393700787
11
0.4320113779527559
21
0.4043178346456693
0
LINE
8
BLACK
6
CONTINUOUS
10
0.4320113779527559
20
0.4043178346456693
11
0.4338875590551181
21
0.4033797637795276
0
LINE
8
BLACK
6
CONTINUOUS
10
0.4338875590551181
20
0.4033797637795276
11
0.4341596850393701
21
0.4031685826771653
0
LINE
8
BLACK
6
CONTINUOUS
10
0.4341596850393701
20
0.4031685826771653
11
0.4344463385826772
21
0.4029770472440945
0
LINE
8
BLACK
6
CONTINUOUS
10
0.4344463385826772
20
0.4029770472440945
11
0.4363225590551181
21
0.4011008661417323
0
LINE
8
BLACK
6
CONTINUOUS
10
0.4363225590551181
20
0.4011008661417323
11
0.4363824015748031
21
0.4010112992125984
0
LINE
8
BLACK
6
CONTINUOUS
10
0.4363824015748031
20
0.4010112992125984
11
0.4364265354330709
21
0.4009892125984252
0
LINE
8
BLACK
6
CONTINUOUS
10
0.4364265354330709
20
0.4009892125984252
11
0.4365971259842519
21
0.4006899212598425
0
LINE
8
BLACK
6
CONTINUOUS
10
0.4365971259842519
20
0.4006899212598425
11
0.4367886220472441
21
0.4004033464566929
0
LINE
8
BLACK
6
CONTINUOUS
10
0.4367886220472441
20
0.4004033464566929
11
0.4367886220472441
21
0.4003540551181102
0
LINE
8
BLACK
6
CONTINUOUS
10
0.4367886220472441
20
0.4003540551181102
11
0.436841968503937
21
0.4002604330708661
0
LINE
8
BLACK
6
CONTINUOUS
10
0.436841968503937
20
0.4002604330708661
11
0.4377800393700788
21
0.3974461417322834
0
LINE
8
BLACK
6
CONTINUOUS
10
0.4377800393700788
20
0.3974461417322834
11
0.4378231102362204
21
0.3971042519685039
0
LINE
8
BLACK
6
CONTINUOUS
10
0.4378231102362204
20
0.3971042519685039
11
0.4378903543307087
21
0.3967662598425197
0
LINE
8
BLACK
6
CONTINUOUS
10
0.4378903543307087
20
0.3967662598425197
11
0.4378903543307087
21
0.3948900393700787
0
LINE
8
BLACK
6
CONTINUOUS
10
0.4378903543307087
20
0.3948900393700787
11
0.4378231496062992
21
0.3945522834645669
0
LINE
8
BLACK
6
CONTINUOUS
10
0.4378231496062992
20
0.3945522834645669
11
0.4377800393700788
21
0.394210157480315
0
LINE
8
BLACK
6
CONTINUOUS
10
0.4377800393700788
20
0.394210157480315
11
0.436841968503937
21
0.391395905511811
0
LINE
8
BLACK
6
CONTINUOUS
10
0.436841968503937
20
0.391395905511811
11
0.4367886220472441
21
0.3913023228346457
0
LINE
8
BLACK
6
CONTINUOUS
10
0.4367886220472441
20
0.3913023228346457
11
0.4367886220472441
21
0.391253031496063
0
LINE
8
BLACK
6
CONTINUOUS
10
0.4367886220472441
20
0.391253031496063
11
0.4365972834645669
21
0.3909667322834646
0
LINE
8
BLACK
6
CONTINUOUS
10
0.4365972834645669
20
0.3909667322834646
11
0.4364265354330709
21
0.390667125984252
0
LINE
8
BLACK
6
CONTINUOUS
10
0.4364265354330709
20
0.390667125984252
11
0.4363823622047244
21
0.3906450787401575
0
LINE
8
BLACK
6
CONTINUOUS
10
0.4363823622047244
20
0.3906450787401575
11
0.4363225590551181
21
0.3905555118110236
0
LINE
8
BLACK
6
CONTINUOUS
10
0.4363225590551181
20
0.3905555118110236
11
0.4353844488188977
21
0.3896174015748031
0
LINE
8
BLACK
6
CONTINUOUS
10
0.4353844488188977
20
0.3896174015748031
11
0.434686968503937
21
0.3891513385826771
0
LINE
8
BLACK
6
CONTINUOUS
10
0.434686968503937
20
0.3891513385826771
11
0.4330413779527559
21
0.3891513385826771
0
LINE
8
BLACK
6
CONTINUOUS
10
0.4330413779527559
20
0.3891513385826771
11
0.4318778346456693
21
0.3903148818897638
0
LINE
8
BLACK
6
CONTINUOUS
10
0.4318778346456693
20
0.3903148818897638
11
0.4318778346456693
21
0.3919604724409449
0
LINE
8
BLACK
6
CONTINUOUS
10
0.4318778346456693
20
0.3919604724409449
11
0.4323438976377952
21
0.3926579527559055
0
LINE
8
BLACK
6
CONTINUOUS
10
0.4323438976377952
20
0.3926579527559055
11
0.4329230708661417
21
0.3932371653543307
0
LINE
8
BLACK
6
CONTINUOUS
10
0.4329230708661417
20
0.3932371653543307
11
0.4335903543307086
21
0.3952389763779527
0
LINE
8
BLACK
6
CONTINUOUS
10
0.4335903543307086
20
0.3952389763779527
11
0.4335903543307086
21
0.3964174015748032
0
LINE
8
BLACK
6
CONTINUOUS
10
0.4335903543307086
20
0.3964174015748032
11
0.4329230708661417
21
0.3984192125984252
0
LINE
8
BLACK
6
CONTINUOUS
10
0.4329230708661417
20
0.3984192125984252
11
0.4316524409448819
21
0.3996897637795275
0
LINE
8
BLACK
6
CONTINUOUS
10
0.4316524409448819
20
0.3996897637795275
11
0.4302994094488189
21
0.4003662992125984
0
LINE
8
BLACK
6
CONTINUOUS
10
0.4302994094488189
20
0.4003662992125984
11
0.4270329133858268
21
0.4011829133858268
0
LINE
8
BLACK
6
CONTINUOUS
10
0.4270329133858268
20
0.4011829133858268
11
0.4247479921259842
21
0.4011829133858268
0
LINE
8
BLACK
6
CONTINUOUS
10
0.4247479921259842
20
0.4011829133858268
11
0.4214812992125984
21
0.4003662992125984
0
LINE
8
BLACK
6
CONTINUOUS
10
0.4214812992125984
20
0.4003662992125984
11
0.4201281496062992
21
0.3996897244094488
0
LINE
8
BLACK
6
CONTINUOUS
10
0.4201281496062992
20
0.3996897244094488
11
0.4188576377952756
21
0.3984192125984252
0
LINE
8
BLACK
6
CONTINUOUS
10
0.4188576377952756
20
0.3984192125984252
11
0.4181903543307087
21
0.3964173228346456
0
LINE
8
BLACK
6
CONTINUOUS
10
0.4181903543307087
20
0.3964173228346456
11
0.4181903543307087
21
0.395238937007874
0
LINE
8
BLACK
6
CONTINUOUS
10
0.4181903543307087
20
0.395238937007874
11
0.4188575984251968
21
0.3932372047244094
0
LINE
8
BLACK
6
CONTINUOUS
10
0.4188575984251968
20
0.3932372047244094
11
0.4194368503937008
21
0.3926579133858268
0
LINE
8
BLACK
6
CONTINUOUS
10
0.4194368503937008
20
0.3926579133858268
11
0.419902874015748
21
0.3919604330708661
0
LINE
8
BLACK
6
CONTINUOUS
10
0.419902874015748
20
0.3919604330708661
11
0.4199028346456693
21
0.3903148818897638
0
LINE
8
BLACK
6
CONTINUOUS
10
0.4199028346456693
20
0.3903148818897638
11
0.4187392519685039
21
0.3891513385826771
0
LINE
8
BLACK
6
CONTINUOUS
10
0.4187392519685039
20
0.3891513385826771
11
0.4170937007874015
21
0.3891513779527559
0
LINE
8
BLACK
6
CONTINUOUS
10
0.4170937007874015
20
0.3891513779527559
11
0.416396220472441
21
0.3896174409448819
0
LINE
8
BLACK
6
CONTINUOUS
10
0.416396220472441
20
0.3896174409448819
11
0.4154581496062992
21
0.3905555511811024
0
LINE
8
BLACK
6
CONTINUOUS
10
0.4154581496062992
20
0.3905555511811024
11
0.4153983464566929
21
0.3906450393700787
0
LINE
8
BLACK
6
CONTINUOUS
10
0.4153983464566929
20
0.3906450393700787
11
0.415354251968504
21
0.3906670866141732
0
LINE
8
BLACK
6
CONTINUOUS
10
0.415354251968504
20
0.3906670866141732
11
0.4151834645669291
21
0.3909666535433071
0
LINE
8
BLACK
6
CONTINUOUS
10
0.4151834645669291
20
0.3909666535433071
11
0.4149921259842519
21
0.3912530708661418
0
LINE
8
BLACK
6
CONTINUOUS
10
0.4149921259842519
20
0.3912530708661418
11
0.4149921259842519
21
0.3913023622047244
0
LINE
8
BLACK
6
CONTINUOUS
10
0.4149921259842519
20
0.3913023622047244
11
0.4149388188976378
21
0.3913958661417323
0
LINE
8
BLACK
6
CONTINUOUS
10
0.4149388188976378
20
0.3913958661417323
11
0.4140007086614173
21
0.3942101181102362
0
LINE
8
BLACK
6
CONTINUOUS
10
0.4140007086614173
20
0.3942101181102362
11
0.4139575984251969
21
0.3945518503937008
0
LINE
8
BLACK
6
CONTINUOUS
10
0.4139575984251969
20
0.3945518503937008
11
0.4138903543307086
21
0.3948900393700787
0
LINE
8
BLACK
6
CONTINUOUS
10
0.4138903543307086
20
0.3948900393700787
11
0.4138903543307086
21
0.3967662598425197
0
LINE
8
BLACK
6
CONTINUOUS
10
0.4138903543307086
20
0.3967662598425197
11
0.4139575590551181
21
0.3971042519685039
0
LINE
8
BLACK
6
CONTINUOUS
10
0.4139575590551181
20
0.3971042519685039
11
0.4140006692913386
21
0.3974461417322834
0
LINE
8
BLACK
6
CONTINUOUS
10
0.4140006692913386
20
0.3974461417322834
11
0.4149388188976378
21
0.4002604724409449
0
LINE
8
BLACK
6
CONTINUOUS
10
0.4149388188976378
20
0.4002604724409449
11
0.4149921259842519
21
0.4003540157480315
0
LINE
8
BLACK
6
CONTINUOUS
10
0.4149921259842519
20
0.4003540157480315
11
0.4149921259842519
21
0.4004033464566929
0
LINE
8
BLACK
6
CONTINUOUS
10
0.4149921259842519
20
0.4004033464566929
11
0.4151836220472441
21
0.4006899606299212
0
LINE
8
BLACK
6
CONTINUOUS
10
0.4151836220472441
20
0.4006899606299212
11
0.415354251968504
21
0.4009892519685039
0
LINE
8
BLACK
6
CONTINUOUS
10
0.415354251968504
20
0.4009892519685039
11
0.4153983464566929
21
0.4010113385826772
0
LINE
8
BLACK
6
CONTINUOUS
10
0.4153983464566929
20
0.4010113385826772
11
0.4154581889763779
21
0.4011008267716535
0
LINE
8
BLACK
6
CONTINUOUS
10
0.4154581889763779
20
0.4011008267716535
11
0.4173343700787401
21
0.4029770078740157
0
LINE
8
BLACK
6
CONTINUOUS
10
0.4173343700787401
20
0.4029770078740157
11
0.4176208661417323
21
0.4031684645669291
0
LINE
8
BLACK
6
CONTINUOUS
10
0.4176208661417323
20
0.4031684645669291
11
0.4178931496062992
21
0.4033797637795276
0
LINE
8
BLACK
6
CONTINUOUS
10
0.4178931496062992
20
0.4033797637795276
11
0.4197693307086614
21
0.4043178346456693
0
LINE
8
BLACK
6
CONTINUOUS
10
0.4197693307086614
20
0.4043178346456693
11
0.4199965354330709
21
0.4043800787401575
0
LINE
8
BLACK
6
CONTINUOUS
10
0.4199965354330709
20
0.4043800787401575
11
0.4202093700787402
21
0.4044805905511811
0
LINE
8
BLACK
6
CONTINUOUS
10
0.4202093700787402
20
0.4044805905511811
11
0.4239617716535433
21
0.4054187007874016
0
LINE
8
BLACK
6
CONTINUOUS
10
0.4239617716535433
20
0.4054187007874016
11
0.4242247637795276
21
0.4054315354330709
0
LINE
8
BLACK
6
CONTINUOUS
10
0.4242247637795276
20
0.4054315354330709
11
0.4244832283464567
21
0.4054829133858268
0
LINE
8
BLACK
6
CONTINUOUS
10
0.4244832283464567
20
0.4054829133858268
11
0.4272975196850394
21
0.4054829133858268
0
LINE
8
BLACK
6
CONTINUOUS
10
0.4272975196850394
20
0.4054829133858268
11
0.4275559448818897
21
0.4054315354330709
0
LINE
8
BLACK
6
CONTINUOUS
10
0.4565996850393701
20
0.4526598031496063
11
0.457664094488189
21
0.4522188976377953
0
LINE
8
BLACK
6
CONTINUOUS
10
0.457664094488189
20
0.4522188976377953
11
0.4584787401574803
21
0.4514042519685039
0
LINE
8
BLACK
6
CONTINUOUS
10
0.4584787401574803
20
0.4514042519685039
11
0.4589196456692913
21
0.450339842519685
0
LINE
8
BLACK
6
CONTINUOUS
10
0.4589196456692913
20
0.450339842519685
11
0.4589763779527559
21
0.449763779527559
0
LINE
8
BLACK
6
CONTINUOUS
10
0.4589763779527559
20
0.449763779527559
11
0.4589763779527559
21
0.409763779527559
0
LINE
8
BLACK
6
CONTINUOUS
10
0.4589763779527559
20
0.409763779527559
11
0.4589196456692913
21
0.4091877165354331
0
LINE
8
BLACK
6
CONTINUOUS
10
0.4589196456692913
20
0.4091877165354331
11
0.4584787401574803
21
0.4081233070866142
0
LINE
8
BLACK
6
CONTINUOUS
10
0.4584787401574803
20
0.4081233070866142
11
0.457664094488189
21
0.4073086614173228
0
LINE
8
BLACK
6
CONTINUOUS
10
0.457664094488189
20
0.4073086614173228
11
0.4565996850393701
21
0.4068677559055118
0
LINE
8
BLACK
6
CONTINUOUS
10
0.4565996850393701
20
0.4068677559055118
11
0.4554475590551181
21
0.4068677559055118
0
LINE
8
BLACK
6
CONTINUOUS
10
0.4554475590551181
20
0.4068677559055118
11
0.4543831496062992
21
0.4073086614173228
0
LINE
8
BLACK
6
CONTINUOUS
10
0.4543831496062992
20
0.4073086614173228
11
0.4535685039370079
21
0.4081233070866142
0
LINE
8
BLACK
6
CONTINUOUS
10
0.4535685039370079
20
0.4081233070866142
11
0.4531275984251968
21
0.4091877165354331
0
LINE
8
BLACK
6
CONTINUOUS
10
0.4531275984251968
20
0.4091877165354331
11
0.4530708661417323
21
0.409763779527559
0
LINE
8
BLACK
6
CONTINUOUS
10
0.4530708661417323
20
0.409763779527559
11
0.4530708661417323
21
0.4468110236220472
0
LINE
8
BLACK
6
CONTINUOUS
10
0.4530708661417323
20
0.4468110236220472
11
0.3989763779527559
21
0.4468110236220472
0
LINE
8
BLACK
6
CONTINUOUS
10
0.3989763779527559
20
0.4468110236220472
11
0.3989763779527559
21
0.409763779527559
0
LINE
8
BLACK
6
CONTINUOUS
10
0.3989763779527559
20
0.409763779527559
11
0.3989196456692913
21
0.4091877165354331
0
LINE
8
BLACK
6
CONTINUOUS
10
0.3989196456692913
20
0.4091877165354331
11
0.3984787401574803
21
0.4081233070866142
0
LINE
8
BLACK
6
CONTINUOUS
10
0.3984787401574803
20
0.4081233070866142
11
0.397664094488189
21
0.4073086614173228
0
LINE
8
BLACK
6
CONTINUOUS
10
0.397664094488189
20
0.4073086614173228
11
0.39659968503937
21
0.4068677559055118
0
LINE
8
BLACK
6
CONTINUOUS
10
0.39659968503937
20
0.4068677559055118
11
0.3954475590551181
21
0.4068677559055118
0
LINE
8
BLACK
6
CONTINUOUS
10
0.3954475590551181
20
0.4068677559055118
11
0.3943831496062992
21
0.4073086614173228
0
LINE
8
BLACK
6
CONTINUOUS
10
0.3943831496062992
20
0.4073086614173228
11
0.3935685039370079
21
0.4081233070866142
0
LINE
8
BLACK
6
CONTINUOUS
10
0.3935685039370079
20
0.4081233070866142
11
0.3931275984251968
21
0.4091877165354331
0
LINE
8
BLACK
6
CONTINUOUS
10
0.3931275984251968
20
0.4091877165354331
11
0.3930708661417323
21
0.409763779527559
0
LINE
8
BLACK
6
CONTINUOUS
10
0.3930708661417323
20
0.409763779527559
11
0.3930708661417323
21
0.449763779527559
0
LINE
8
BLACK
6
CONTINUOUS
10
0.3930708661417323
20
0.449763779527559
11
0.3931275984251968
21
0.450339842519685
0
LINE
8
BLACK
6
CONTINUOUS
10
0.3931275984251968
20
0.450339842519685
11
0.3935685039370079
21
0.4514042519685039
0
LINE
8
BLACK
6
CONTINUOUS
10
0.3935685039370079
20
0.4514042519685039
11
0.3943831496062992
21
0.4522188976377953
0
LINE
8
BLACK
6
CONTINUOUS
10
0.3943831496062992
20
0.4522188976377953
11
0.3954475590551181
21
0.4526598031496063
0
LINE
8
BLACK
6
CONTINUOUS
10
0.3954475590551181
20
0.4526598031496063
11
0.3960236220472441
21
0.4527165354330708
0
LINE
8
BLACK
6
CONTINUOUS
10
0.3960236220472441
20
0.4527165354330708
11
0.4560236220472441
21
0.4527165354330708
0
LINE
8
BLACK
6
CONTINUOUS
10
0.4560236220472441
20
0.4527165354330708
11
0.4565996850393701
21
0.4526598031496063
0
LINE
8
BLACK
6
CONTINUOUS
10
0.7029448818897638
20
0.4556987795275591
11
0.7029879133858268
21
0.4557051574803149
0
LINE
8
BLACK
6
CONTINUOUS
10
0.7029879133858268
20
0.4557051574803149
11
0.7032033858267717
21
0.4556733070866142
0
LINE
8
BLACK
6
CONTINUOUS
10
0.7032033858267717
20
0.4556733070866142
11
0.7034204330708661
21
0.4556519291338583
0
LINE
8
BLACK
6
CONTINUOUS
10
0.7034204330708661
20
0.4556519291338583
11
0.7034606299212598
21
0.4556353149606299
0
LINE
8
BLACK
6
CONTINUOUS
10
0.7034606299212598
20
0.4556353149606299
11
0.7035605118110236
21
0.4556205118110236
0
LINE
8
BLACK
6
CONTINUOUS
10
0.7035605118110236
20
0.4556205118110236
11
0.7110595669291339
21
0.453745748031496
0
LINE
8
BLACK
6
CONTINUOUS
10
0.7110595669291339
20
0.453745748031496
11
0.7111020472440944
21
0.4537305905511811
0
LINE
8
BLACK
6
CONTINUOUS
10
0.7111020472440944
20
0.4537305905511811
11
0.7111233070866142
21
0.4537290551181102
0
LINE
8
BLACK
6
CONTINUOUS
10
0.7111233070866142
20
0.4537290551181102
11
0.711362716535433
21
0.4536374409448819
0
LINE
8
BLACK
6
CONTINUOUS
10
0.711362716535433
20
0.4536374409448819
11
0.71160468503937
21
0.4535509842519685
0
LINE
8
BLACK
6
CONTINUOUS
10
0.71160468503937
20
0.4535509842519685
11
0.711621811023622
21
0.4535383070866142
0
LINE
8
BLACK
6
CONTINUOUS
10
0.711621811023622
20
0.4535383070866142
11
0.711663937007874
21
0.4535221653543307
0
LINE
8
BLACK
6
CONTINUOUS
10
0.711663937007874
20
0.4535221653543307
11
0.7154134645669291
21
0.4516474015748032
0
LINE
8
BLACK
6
CONTINUOUS
10
0.7154134645669291
20
0.4516474015748032
11
0.7156613385826771
21
0.4514913779527559
0
LINE
8
BLACK
6
CONTINUOUS
10
0.7156613385826771
20
0.4514913779527559
11
0.7157333858267716
21
0.4514615354330709
0
LINE
8
BLACK
6
CONTINUOUS
10
0.7157333858267716
20
0.4514615354330709
11
0.7158144094488189
21
0.4513950393700787
0
LINE
8
BLACK
6
CONTINUOUS
10
0.7158144094488189
20
0.4513950393700787
11
0.7159033464566928
21
0.4513390551181102
0
LINE
8
BLACK
6
CONTINUOUS
10
0.7159033464566928
20
0.4513390551181102
11
0.7159544881889763
21
0.4512800787401575
0
LINE
8
BLACK
6
CONTINUOUS
10
0.7159544881889763
20
0.4512800787401575
11
0.7161808661417323
21
0.4510942913385826
0
LINE
8
BLACK
6
CONTINUOUS
10
0.7161808661417323
20
0.4510942913385826
11
0.7199304330708661
21
0.4473447637795275
0
LINE
8
BLACK
6
CONTINUOUS
10
0.7199304330708661
20
0.4473447637795275
11
0.7202976771653543
21
0.4468973228346457
0
LINE
8
BLACK
6
CONTINUOUS
10
0.7202976771653543
20
0.4468973228346457
11
0.7203382677165354
21
0.4467992913385826
0
LINE
8
BLACK
6
CONTINUOUS
10
0.7203382677165354
20
0.4467992913385826
11
0.7204077559055118
21
0.4467191732283464
0
LINE
8
BLACK
6
CONTINUOUS
10
0.7204077559055118
20
0.4467191732283464
11
0.7206437401574803
21
0.4461905905511811
0
LINE
8
BLACK
6
CONTINUOUS
10
0.7206437401574803
20
0.4461905905511811
11
0.7225185039370079
21
0.4405663385826771
0
LINE
8
BLACK
6
CONTINUOUS
10
0.7225185039370079
20
0.4405663385826771
11
0.7225834251968504
21
0.4402807086614173
0
LINE
8
BLACK
6
CONTINUOUS
10
0.7225834251968504
20
0.4402807086614173
11
0.7226133070866142
21
0.4402086220472441
0
LINE
8
BLACK
6
CONTINUOUS
10
0.7226133070866142
20
0.4402086220472441
11
0.7226235826771653
21
0.4401041732283464
0
LINE
8
BLACK
6
CONTINUOUS
10
0.7226235826771653
20
0.4401041732283464
11
0.7226468503937008
21
0.4400018897637795
0
LINE
8
BLACK
6
CONTINUOUS
10
0.7226468503937008
20
0.4400018897637795
11
0.7226412992125985
21
0.4399241732283464
0
LINE
8
BLACK
6
CONTINUOUS
10
0.7226412992125985
20
0.4399241732283464
11
0.7226700393700787
21
0.4396325590551181
0
LINE
8
BLACK
6
CONTINUOUS
10
0.7226700393700787
20
0.4396325590551181
11
0.7226700393700787
21
0.435883031496063
0
LINE
8
BLACK
6
CONTINUOUS
10
0.7226700393700787
20
0.435883031496063
11
0.7226412992125985
21
0.4355914566929134
0
LINE
8
BLACK
6
CONTINUOUS
10
0.7226412992125985
20
0.4355914566929134
11
0.7226468503937008
21
0.4355137007874016
0
LINE
8
BLACK
6
CONTINUOUS
10
0.7226468503937008
20
0.4355137007874016
11
0.7226235826771653
21
0.4354114566929134
0
LINE
8
BLACK
6
CONTINUOUS
10
0.7226235826771653
20
0.4354114566929134
11
0.7226133070866142
21
0.435306968503937
0
LINE
8
BLACK
6
CONTINUOUS
10
0.7226133070866142
20
0.435306968503937
11
0.7225834251968504
21
0.4352349212598425
0
LINE
8
BLACK
6
CONTINUOUS
10
0.7225834251968504
20
0.4352349212598425
11
0.7225185039370079
21
0.4349492519685039
0
LINE
8
BLACK
6
CONTINUOUS
10
0.7225185039370079
20
0.4349492519685039
11
0.7206437401574803
21
0.429325
0
LINE
8
BLACK
6
CONTINUOUS
10
0.7206437401574803
20
0.429325
11
0.7204077559055118
21
0.4287964173228346
0
LINE
8
BLACK
6
CONTINUOUS
10
0.7204077559055118
20
0.4287964173228346
11
0.7203381889763779
21
0.4287162598425197
0
LINE
8
BLACK
6
CONTINUOUS
10
0.7203381889763779
20
0.4287162598425197
11
0.7202976377952756
21
0.4286182677165354
0
LINE
8
BLACK
6
CONTINUOUS
10
0.7202976377952756
20
0.4286182677165354
11
0.7199303937007874
21
0.4281707874015748
0
LINE
8
BLACK
6
CONTINUOUS
10
0.7199303937007874
20
0.4281707874015748
11
0.7180555905511811
21
0.4262960236220472
0
LINE
8
BLACK
6
CONTINUOUS
10
0.7180555905511811
20
0.4262960236220472
11
0.7176081496062992
21
0.4259288188976378
0
LINE
8
BLACK
6
CONTINUOUS
10
0.7176081496062992
20
0.4259288188976378
11
0.7165437401574803
21
0.4254879527559055
0
LINE
8
BLACK
6
CONTINUOUS
10
0.7165437401574803
20
0.4254879527559055
11
0.715391653543307
21
0.4254879527559055
0
LINE
8
BLACK
6
CONTINUOUS
10
0.715391653543307
20
0.4254879527559055
11
0.7143272440944882
21
0.4259288582677165
0
LINE
8
BLACK
6
CONTINUOUS
10
0.7143272440944882
20
0.4259288582677165
11
0.7135125590551181
21
0.4267435433070866
0
LINE
8
BLACK
6
CONTINUOUS
10
0.7135125590551181
20
0.4267435433070866
11
0.7130716929133858
21
0.4278079527559055
0
LINE
8
BLACK
6
CONTINUOUS
10
0.7130716929133858
20
0.4278079527559055
11
0.7130716929133858
21
0.4289600393700787
0
LINE
8
BLACK
6
CONTINUOUS
10
0.7130716929133858
20
0.4289600393700787
11
0.7135125984251969
21
0.4300244488188976
0
LINE
8
BLACK
6
CONTINUOUS
10
0.7135125984251969
20
0.4300244488188976
11
0.7138798425196851
21
0.4304719291338582
0
LINE
8
BLACK
6
CONTINUOUS
10
0.7138798425196851
20
0.4304719291338582
11
0.7152617322834646
21
0.4318538188976378
0
LINE
8
BLACK
6
CONTINUOUS
10
0.7152617322834646
20
0.4318538188976378
11
0.7167645275590551
21
0.4363621653543307
0
LINE
8
BLACK
6
CONTINUOUS
10
0.7167645275590551
20
0.4363621653543307
11
0.7167645275590551
21
0.4391534251968504
0
LINE
8
BLACK
6
CONTINUOUS
10
0.7167645275590551
20
0.4391534251968504
11
0.7152617322834646
21
0.443661811023622
0
LINE
8
BLACK
6
CONTINUOUS
10
0.7152617322834646
20
0.443661811023622
11
0.7123438582677165
21
0.4465796456692913
0
LINE
8
BLACK
6
CONTINUOUS
10
0.7123438582677165
20
0.4465796456692913
11
0.7093128740157481
21
0.448095157480315
0
LINE
8
BLACK
6
CONTINUOUS
10
0.7093128740157481
20
0.448095157480315
11
0.7024808267716536
21
0.4498031496062992
0
LINE
8
BLACK
6
CONTINUOUS
10
0.7024808267716536
20
0.4498031496062992
11
0.6975836220472441
21
0.4498031496062992
0
LINE
8
BLACK
6
CONTINUOUS
10
0.6975836220472441
20
0.4498031496062992
11
0.6907515748031496
21
0.448095157480315
0
LINE
8
BLACK
6
CONTINUOUS
10
0.6907515748031496
20
0.448095157480315
11
0.6877205905511811
21
0.4465796456692913
0
LINE
8
BLACK
6
CONTINUOUS
10
0.6877205905511811
20
0.4465796456692913
11
0.6848027559055118
21
0.4436618503937008
0
LINE
8
BLACK
6
CONTINUOUS
10
0.6848027559055118
20
0.4436618503937008
11
0.6832999606299213
21
0.4391534251968504
0
LINE
8
BLACK
6
CONTINUOUS
10
0.6832999606299213
20
0.4391534251968504
11
0.6832999606299213
21
0.4363622047244095
0
LINE
8
BLACK
6
CONTINUOUS
10
0.6832999606299213
20
0.4363622047244095
11
0.6848027559055118
21
0.431853779527559
0
LINE
8
BLACK
6
CONTINUOUS
10
0.6848027559055118
20
0.431853779527559
11
0.6861846456692913
21
0.4304718897637795
0
LINE
8
BLACK
6
CONTINUOUS
10
0.6861846456692913
20
0.4304718897637795
11
0.6865518503937008
21
0.4300244488188976
0
LINE
8
BLACK
6
CONTINUOUS
10
0.6865518503937008
20
0.4300244488188976
11
0.6869927559055118
21
0.4289600393700787
0
LINE
8
BLACK
6
CONTINUOUS
10
0.6869927559055118
20
0.4289600393700787
11
0.6869927559055118
21
0.4278079527559055
0
LINE
8
BLACK
6
CONTINUOUS
10
0.6869927559055118
20
0.4278079527559055
11
0.6865518503937008
21
0.4267435433070866
0
LINE
8
BLACK
6
CONTINUOUS
10
0.6865518503937008
20
0.4267435433070866
11
0.6857371653543307
21
0.4259288582677165
0
LINE
8
BLACK
6
CONTINUOUS
10
0.6857371653543307
20
0.4259288582677165
11
0.6846727559055118
21
0.4254879527559055
0
LINE
8
BLACK
6
CONTINUOUS
10
0.6846727559055118
20
0.4254879527559055
11
0.6835206692913386
21
0.4254879527559055
0
LINE
8
BLACK
6
CONTINUOUS
10
0.6835206692913386
20
0.4254879527559055
11
0.6824562598425197
21
0.4259288582677165
0
LINE
8
BLACK
6
CONTINUOUS
10
0.6824562598425197
20
0.4259288582677165
11
0.6820088188976378
21
0.426296062992126
0
LINE
8
BLACK
6
CONTINUOUS
10
0.6820088188976378
20
0.426296062992126
11
0.6801340551181102
21
0.4281708267716535
0
LINE
8
BLACK
6
CONTINUOUS
10
0.6801340551181102
20
0.4281708267716535
11
0.6797668503937008
21
0.4286182677165354
0
LINE
8
BLACK
6
CONTINUOUS
10
0.6797668503937008
20
0.4286182677165354
11
0.6797262204724409
21
0.4287163385826772
0
LINE
8
BLACK
6
CONTINUOUS
10
0.6797262204724409
20
0.4287163385826772
11
0.6796567322834646
21
0.4287964566929134
0
LINE
8
BLACK
6
CONTINUOUS
10
0.6796567322834646
20
0.4287964566929134
11
0.6794207480314961
21
0.429325
0
LINE
8
BLACK
6
CONTINUOUS
10
0.6794207480314961
20
0.429325
11
0.6775459842519684
21
0.4349492913385827
0
LINE
8
BLACK
6
CONTINUOUS
10
0.6775459842519684
20
0.4349492913385827
11
0.6774810236220472
21
0.4352348818897638
0
LINE
8
BLACK
6
CONTINUOUS
10
0.6774810236220472
20
0.4352348818897638
11
0.6774511811023622
21
0.435306968503937
0
LINE
8
BLACK
6
CONTINUOUS
10
0.6774511811023622
20
0.435306968503937
11
0.6774408661417323
21
0.4354114960629921
0
LINE
8
BLACK
6
CONTINUOUS
10
0.6774408661417323
20
0.4354114960629921
11
0.6774176377952755
21
0.4355137401574803
0
LINE
8
BLACK
6
CONTINUOUS
10
0.6774176377952755
20
0.4355137401574803
11
0.6774231496062992
21
0.4355914960629921
0
LINE
8
BLACK
6
CONTINUOUS
10
0.6774231496062992
20
0.4355914960629921
11
0.6773944488188977
21
0.435883031496063
0
LINE
8
BLACK
6
CONTINUOUS
10
0.6773944488188977
20
0.435883031496063
11
0.6773944488188977
21
0.4396325590551181
0
LINE
8
BLACK
6
CONTINUOUS
10
0.6773944488188977
20
0.4396325590551181
11
0.6774231496062992
21
0.4399241338582677
0
LINE
8
BLACK
6
CONTINUOUS
10
0.6774231496062992
20
0.4399241338582677
11
0.6774176377952755
21
0.4400018503937008
0
LINE
8
BLACK
6
CONTINUOUS
10
0.6774176377952755
20
0.4400018503937008
11
0.6774408661417323
21
0.4401041338582677
0
LINE
8
BLACK
6
CONTINUOUS
10
0.6774408661417323
20
0.4401041338582677
11
0.6774511811023622
21
0.4402086220472441
0
LINE
8
BLACK
6
CONTINUOUS
10
0.6774511811023622
20
0.4402086220472441
11
0.6774810236220472
21
0.440280748031496
0
LINE
8
BLACK
6
CONTINUOUS
10
0.6774810236220472
20
0.440280748031496
11
0.6775459842519684
21
0.4405662992125984
0
LINE
8
BLACK
6
CONTINUOUS
10
0.6775459842519684
20
0.4405662992125984
11
0.6794207480314961
21
0.4461905905511811
0
LINE
8
BLACK
6
CONTINUOUS
10
0.6794207480314961
20
0.4461905905511811
11
0.6796567322834646
21
0.4467191338582677
0
LINE
8
BLACK
6
CONTINUOUS
10
0.6796567322834646
20
0.4467191338582677
11
0.6797262204724409
21
0.4467992913385826
0
LINE
8
BLACK
6
CONTINUOUS
10
0.6797262204724409
20
0.4467992913385826
11
0.6797668503937008
21
0.4468973228346457
0
LINE
8
BLACK
6
CONTINUOUS
10
0.6797668503937008
20
0.4468973228346457
11
0.6801340551181102
21
0.4473447637795275
0
LINE
8
BLACK
6
CONTINUOUS
10
0.6801340551181102
20
0.4473447637795275
11
0.6838835826771653
21
0.4510942913385826
0
LINE
8
BLACK
6
CONTINUOUS
10
0.6838835826771653
20
0.4510942913385826
11
0.6841099606299212
21
0.451280157480315
0
LINE
8
BLACK
6
CONTINUOUS
10
0.6841099606299212
20
0.451280157480315
11
0.6841611023622047
21
0.4513390551181102
0
LINE
8
BLACK
6
CONTINUOUS
10
0.6841611023622047
20
0.4513390551181102
11
0.684249842519685
21
0.4513949606299212
0
LINE
8
BLACK
6
CONTINUOUS
10
0.684249842519685
20
0.4513949606299212
11
0.6843310236220472
21
0.4514615354330709
0
LINE
8
BLACK
6
CONTINUOUS
10
0.6843310236220472
20
0.4514615354330709
11
0.6844031496062992
21
0.4514914173228347
0
LINE
8
BLACK
6
CONTINUOUS
10
0.6844031496062992
20
0.4514914173228347
11
0.6846509842519685
21
0.4516474015748032
0
LINE
8
BLACK
6
CONTINUOUS
10
0.6846509842519685
20
0.4516474015748032
11
0.6884005118110236
21
0.4535221653543307
0
LINE
8
BLACK
6
CONTINUOUS
10
0.6884005118110236
20
0.4535221653543307
11
0.6884425984251968
21
0.4535383070866142
0
LINE
8
BLACK
6
CONTINUOUS
10
0.6884425984251968
20
0.4535383070866142
11
0.6884597637795276
21
0.4535509842519685
0
LINE
8
BLACK
6
CONTINUOUS
10
0.6884597637795276
20
0.4535509842519685
11
0.6887013385826771
21
0.4536373228346456
0
LINE
8
BLACK
6
CONTINUOUS
10
0.6887013385826771
20
0.4536373228346456
11
0.6889411023622047
21
0.4537290551181102
0
LINE
8
BLACK
6
CONTINUOUS
10
0.6889411023622047
20
0.4537290551181102
11
0.6889623622047244
21
0.4537305905511811
0
LINE
8
BLACK
6
CONTINUOUS
10
0.6889623622047244
20
0.4537305905511811
11
0.6890048818897637
21
0.453745748031496
0
LINE
8
BLACK
6
CONTINUOUS
10
0.6890048818897637
20
0.453745748031496
11
0.6965039370078741
21
0.4556205118110236
0
LINE
8
BLACK
6
CONTINUOUS
10
0.6965039370078741
20
0.4556205118110236
11
0.696603779527559
21
0.4556353149606299
0
LINE
8
BLACK
6
CONTINUOUS
10
0.696603779527559
20
0.4556353149606299
11
0.6966440157480315
21
0.4556519291338583
0
LINE
8
BLACK
6
CONTINUOUS
10
0.6966440157480315
20
0.4556519291338583
11
0.6968610236220473
21
0.4556733070866142
0
LINE
8
BLACK
6
CONTINUOUS
10
0.6968610236220473
20
0.4556733070866142
11
0.6970765354330708
21
0.4557051574803149
0
LINE
8
BLACK
6
CONTINUOUS
10
0.6970765354330708
20
0.4557051574803149
11
0.6971195275590552
21
0.4556987795275591
0
LINE
8
BLACK
6
CONTINUOUS
10
0.6971195275590552
20
0.4556987795275591
11
0.6972200787401575
21
0.4557086614173228
0
LINE
8
BLACK
6
CONTINUOUS
10
0.6972200787401575
20
0.4557086614173228
11
0.7028443700787401
21
0.4557086614173228
0
LINE
8
BLACK
6
CONTINUOUS
10
0.7028443700787401
20
0.4557086614173228
11
0.7029448818897638
21
0.4556987795275591
0
LINE
8
BLACK
6
CONTINUOUS
10
0.3938099212598425
20
0.5434422834645669
11
0.3942573622047244
21
0.5430750787401575
0
LINE
8
BLACK
6
CONTINUOUS
10
0.3942573622047244
20
0.5430750787401575
11
0.4177881496062992
21
0.5195443307086614
0
LINE
8
BLACK
6
CONTINUOUS
10
0.4177881496062992
20
0.5195443307086614
11
0.4177881496062992
21
0.5409871653543307
0
LINE
8
BLACK
6
CONTINUOUS
10
0.4177881496062992
20
0.5409871653543307
11
0.4178448818897638
21
0.5415632283464566
0
LINE
8
BLACK
6
CONTINUOUS
10
0.4178448818897638
20
0.5415632283464566
11
0.4182857874015748
21
0.5426276377952756
0
LINE
8
BLACK
6
CONTINUOUS
10
0.4182857874015748
20
0.5426276377952756
11
0.4191004330708661
21
0.5434422834645669
0
LINE
8
BLACK
6
CONTINUOUS
10
0.4191004330708661
20
0.5434422834645669
11
0.4201648425196851
21
0.543883188976378
0
LINE
8
BLACK
6
CONTINUOUS
10
0.4201648425196851
20
0.543883188976378
11
0.421316968503937
21
0.543883188976378
0
LINE
8
BLACK
6
CONTINUOUS
10
0.421316968503937
20
0.543883188976378
11
0.4223813779527559
21
0.5434422834645669
0
LINE
8
BLACK
6
CONTINUOUS
10
0.4223813779527559
20
0.5434422834645669
11
0.4231960236220472
21
0.5426276377952756
0
LINE
8
BLACK
6
CONTINUOUS
10
0.4231960236220472
20
0.5426276377952756
11
0.4236369291338583
21
0.5415632283464566
0
LINE
8
BLACK
6
CONTINUOUS
10
0.4236369291338583
20
0.5415632283464566
11
0.4236936614173228
21
0.5409871653543307
0
LINE
8
BLACK
6
CONTINUOUS
10
0.4236936614173228
20
0.5409871653543307
11
0.4236936614173228
21
0.4909871653543307
0
LINE
8
BLACK
6
CONTINUOUS
10
0.4236936614173228
20
0.4909871653543307
11
0.4236369291338583
21
0.4904111023622047
0
LINE
8
BLACK
6
CONTINUOUS
10
0.4236369291338583
20
0.4904111023622047
11
0.4231960236220472
21
0.4893466929133858
0
LINE
8
BLACK
6
CONTINUOUS
10
0.4231960236220472
20
0.4893466929133858
11
0.4223813779527559
21
0.4885320472440945
0
LINE
8
BLACK
6
CONTINUOUS
10
0.4223813779527559
20
0.4885320472440945
11
0.421316968503937
21
0.4880911417322835
0
LINE
8
BLACK
6
CONTINUOUS
10
0.421316968503937
20
0.4880911417322835
11
0.4201648425196851
21
0.4880911417322835
0
LINE
8
BLACK
6
CONTINUOUS
10
0.4201648425196851
20
0.4880911417322835
11
0.4191004330708661
21
0.4885320472440945
0
LINE
8
BLACK
6
CONTINUOUS
10
0.4191004330708661
20
0.4885320472440945
11
0.4182857874015748
21
0.4893466929133858
0
LINE
8
BLACK
6
CONTINUOUS
10
0.4182857874015748
20
0.4893466929133858
11
0.4178448818897638
21
0.4904111023622047
0
LINE
8
BLACK
6
CONTINUOUS
10
0.4178448818897638
20
0.4904111023622047
11
0.4177881496062992
21
0.4909871653543307
0
LINE
8
BLACK
6
CONTINUOUS
10
0.4177881496062992
20
0.4909871653543307
11
0.4177881496062992
21
0.5111926771653543
0
LINE
8
BLACK
6
CONTINUOUS
10
0.4177881496062992
20
0.5111926771653543
11
0.4139174803149606
21
0.5150633464566929
0
LINE
8
BLACK
6
CONTINUOUS
10
0.4139174803149606
20
0.5150633464566929
11
0.3945316535433071
21
0.4892155118110236
0
LINE
8
BLACK
6
CONTINUOUS
10
0.3945316535433071
20
0.4892155118110236
11
0.3941406299212598
21
0.4887887007874016
0
LINE
8
BLACK
6
CONTINUOUS
10
0.3941406299212598
20
0.4887887007874016
11
0.3931492519685039
21
0.4882017322834645
0
LINE
8
BLACK
6
CONTINUOUS
10
0.3931492519685039
20
0.4882017322834645
11
0.3920087401574803
21
0.488038779527559
0
LINE
8
BLACK
6
CONTINUOUS
10
0.3920087401574803
20
0.488038779527559
11
0.3908926771653543
21
0.4883247244094488
0
LINE
8
BLACK
6
CONTINUOUS
10
0.3908926771653543
20
0.4883247244094488
11
0.3899709842519685
21
0.4890159842519685
0
LINE
8
BLACK
6
CONTINUOUS
10
0.3899709842519685
20
0.4890159842519685
11
0.3893840157480315
21
0.4900073622047244
0
LINE
8
BLACK
6
CONTINUOUS
10
0.3893840157480315
20
0.4900073622047244
11
0.389221062992126
21
0.491147874015748
0
LINE
8
BLACK
6
CONTINUOUS
10
0.389221062992126
20
0.491147874015748
11
0.3895070078740158
21
0.492263937007874
0
LINE
8
BLACK
6
CONTINUOUS
10
0.3895070078740158
20
0.492263937007874
11
0.3898072440944882
21
0.4927588188976378
0
LINE
8
BLACK
6
CONTINUOUS
10
0.3898072440944882
20
0.4927588188976378
11
0.4096992519685039
21
0.5192815748031496
0
LINE
8
BLACK
6
CONTINUOUS
10
0.4096992519685039
20
0.5192815748031496
11
0.3900815354330708
21
0.538899251968504
0
LINE
8
BLACK
6
CONTINUOUS
10
0.3900815354330708
20
0.538899251968504
11
0.3897143307086614
21
0.5393466929133858
0
LINE
8
BLACK
6
CONTINUOUS
10
0.3897143307086614
20
0.5393466929133858
11
0.3892734251968504
21
0.5404111023622047
0
LINE
8
BLACK
6
CONTINUOUS
10
0.3892734251968504
20
0.5404111023622047
11
0.3892734251968504
21
0.5415631889763779
0
LINE
8
BLACK
6
CONTINUOUS
10
0.3892734251968504
20
0.5415631889763779
11
0.3897143307086614
21
0.5426276377952756
0
LINE
8
BLACK
6
CONTINUOUS
10
0.3897143307086614
20
0.5426276377952756
11
0.3905289763779528
21
0.5434422834645669
0
LINE
8
BLACK
6
CONTINUOUS
10
0.3905289763779528
20
0.5434422834645669
11
0.3915933858267717
21
0.543883188976378
0
LINE
8
BLACK
6
CONTINUOUS
10
0.3915933858267717
20
0.543883188976378
11
0.3927454724409449
21
0.543883188976378
0
LINE
8
BLACK
6
CONTINUOUS
10
0.3927454724409449
20
0.543883188976378
11
0.3938099212598425
21
0.5434422834645669
0
LINE
8
BLACK
6
CONTINUOUS
10
0.4336469291338583
20
0.5619511417322834
11
0.4347113385826771
21
0.5615102362204725
0
LINE
8
BLACK
6
CONTINUOUS
10
0.4347113385826771
20
0.5615102362204725
11
0.4355259842519685
21
0.5606955905511811
0
LINE
8
BLACK
6
CONTINUOUS
10
0.4355259842519685
20
0.5606955905511811
11
0.4359668897637795
21
0.5596311811023622
0
LINE
8
BLACK
6
CONTINUOUS
10
0.4359668897637795
20
0.5596311811023622
11
0.4360236220472441
21
0.5590551181102362
0
LINE
8
BLACK
6
CONTINUOUS
10
0.4360236220472441
20
0.5590551181102362
11
0.4360236220472441
21
0.4645669291338583
0
LINE
8
BLACK
6
CONTINUOUS
10
0.4360236220472441
20
0.4645669291338583
11
0.4359668897637795
21
0.4639908661417323
0
LINE
8
BLACK
6
CONTINUOUS
10
0.4359668897637795
20
0.4639908661417323
11
0.4355259842519685
21
0.4629264566929134
0
LINE
8
BLACK
6
CONTINUOUS
10
0.4355259842519685
20
0.4629264566929134
11
0.4347113385826771
21
0.462111811023622
0
LINE
8
BLACK
6
CONTINUOUS
10
0.4347113385826771
20
0.462111811023622
11
0.4336469291338583
21
0.461670905511811
0
LINE
8
BLACK
6
CONTINUOUS
10
0.4336469291338583
20
0.461670905511811
11
0.4330708661417323
21
0.4616141732283465
0
LINE
8
BLACK
6
CONTINUOUS
10
0.4330708661417323
20
0.4616141732283465
11
0.2362204724409449
21
0.4616141732283465
0
LINE
8
BLACK
6
CONTINUOUS
10
0.2362204724409449
20
0.4616141732283465
11
0.2356444094488189
21
0.461670905511811
0
LINE
8
BLACK
6
CONTINUOUS
10
0.2356444094488189
20
0.461670905511811
11
0.23458
21
0.462111811023622
0
LINE
8
BLACK
6
CONTINUOUS
10
0.23458
20
0.462111811023622
11
0.2337653543307087
21
0.4629264566929134
0
LINE
8
BLACK
6
CONTINUOUS
10
0.2337653543307087
20
0.4629264566929134
11
0.2333244488188976
21
0.4639908661417323
0
LINE
8
BLACK
6
CONTINUOUS
10
0.2333244488188976
20
0.4639908661417323
11
0.2332677165354331
21
0.4645669291338583
0
LINE
8
BLACK
6
CONTINUOUS
10
0.2332677165354331
20
0.4645669291338583
11
0.2332677165354331
21
0.5590551181102362
0
LINE
8
BLACK
6
CONTINUOUS
10
0.2332677165354331
20
0.5590551181102362
11
0.2333244488188976
21
0.5596311811023622
0
LINE
8
BLACK
6
CONTINUOUS
10
0.2333244488188976
20
0.5596311811023622
11
0.2337653543307087
21
0.5606955905511811
0
LINE
8
BLACK
6
CONTINUOUS
10
0.2337653543307087
20
0.5606955905511811
11
0.23458
21
0.5615102362204725
0
LINE
8
BLACK
6
CONTINUOUS
10
0.23458
20
0.5615102362204725
11
0.2356444094488189
21
0.5619511417322834
0
LINE
8
BLACK
6
CONTINUOUS
10
0.2356444094488189
20
0.5619511417322834
11
0.2362204724409449
21
0.562007874015748
0
LINE
8
BLACK
6
CONTINUOUS
10
0.2362204724409449
20
0.562007874015748
11
0.4330708661417323
21
0.562007874015748
0
LINE
8
BLACK
6
CONTINUOUS
10
0.4330708661417323
20
0.562007874015748
11
0.4336469291338583
21
0.5619511417322834
0
LINE
8
BLACK
6
CONTINUOUS
10
0.2391732283464567
20
0.5561023622047244
11
0.2391732283464567
21
0.4675196850393701
0
LINE
8
BLACK
6
CONTINUOUS
10
0.2391732283464567
20
0.4675196850393701
11
0.4301181102362205
21
0.4675196850393701
0
LINE
8
BLACK
6
CONTINUOUS
10
0.4301181102362205
20
0.4675196850393701
11
0.4301181102362205
21
0.5561023622047244
0
LINE
8
BLACK
6
CONTINUOUS
10
0.4301181102362205
20
0.5561023622047244
11
0.2391732283464567
21
0.5561023622047244
0
LINE
8
BLACK
6
CONTINUOUS
10
0.6921718503937008
20
0.4931472440944882
11
0.692269842519685
21
0.4931066535433071
0
LINE
8
BLACK
6
CONTINUOUS
10
0.692269842519685
20
0.4931066535433071
11
0.6923756692913385
21
0.4930991338582677
0
LINE
8
BLACK
6
CONTINUOUS
10
0.6923756692913385
20
0.4930991338582677
11
0.6929162992125985
21
0.4928922440944882
0
LINE
8
BLACK
6
CONTINUOUS
10
0.6929162992125985
20
0.4928922440944882
11
0.6966658267716536
21
0.4910174803149606
0
LINE
8
BLACK
6
CONTINUOUS
10
0.6966658267716536
20
0.4910174803149606
11
0.6969138188976378
21
0.4908614173228346
0
LINE
8
BLACK
6
CONTINUOUS
10
0.6969138188976378
20
0.4908614173228346
11
0.6969857874015748
21
0.4908315748031496
0
LINE
8
BLACK
6
CONTINUOUS
10
0.6969857874015748
20
0.4908315748031496
11
0.6970667322834645
21
0.4907651181102362
0
LINE
8
BLACK
6
CONTINUOUS
10
0.6970667322834645
20
0.4907651181102362
11
0.6971557086614173
21
0.4907091338582677
0
LINE
8
BLACK
6
CONTINUOUS
10
0.6971557086614173
20
0.4907091338582677
11
0.6972068503937008
21
0.4906501574803149
0
LINE
8
BLACK
6
CONTINUOUS
10
0.6972068503937008
20
0.4906501574803149
11
0.6974332283464567
21
0.4904643700787402
0
LINE
8
BLACK
6
CONTINUOUS
10
0.6974332283464567
20
0.4904643700787402
11
0.6993079921259843
21
0.4885896062992126
0
LINE
8
BLACK
6
CONTINUOUS
10
0.6993079921259843
20
0.4885896062992126
11
0.6994937401574803
21
0.4883632677165354
0
LINE
8
BLACK
6
CONTINUOUS
10
0.6994937401574803
20
0.4883632677165354
11
0.6995527559055118
21
0.4883120866141732
0
LINE
8
BLACK
6
CONTINUOUS
10
0.6995527559055118
20
0.4883120866141732
11
0.6996087007874016
21
0.4882231496062992
0
LINE
8
BLACK
6
CONTINUOUS
10
0.6996087007874016
20
0.4882231496062992
11
0.6996751968503937
21
0.4881421653543307
0
LINE
8
BLACK
6
CONTINUOUS
10
0.6996751968503937
20
0.4881421653543307
11
0.699705
21
0.4880702362204724
0
LINE
8
BLACK
6
CONTINUOUS
10
0.699705
20
0.4880702362204724
11
0.6998611023622047
21
0.4878222047244095
0
LINE
8
BLACK
6
CONTINUOUS
10
0.6998611023622047
20
0.4878222047244095
11
0.7017358661417322
21
0.4840726771653543
0
LINE
8
BLACK
6
CONTINUOUS
10
0.7017358661417322
20
0.4840726771653543
11
0.701751968503937
21
0.4840305905511811
0
LINE
8
BLACK
6
CONTINUOUS
10
0.701751968503937
20
0.4840305905511811
11
0.7017646850393701
21
0.4840134251968504
0
LINE
8
BLACK
6
CONTINUOUS
10
0.7017646850393701
20
0.4840134251968504
11
0.7018509842519685
21
0.4837718503937008
0
LINE
8
BLACK
6
CONTINUOUS
10
0.7018509842519685
20
0.4837718503937008
11
0.7019427559055118
21
0.4835320866141732
0
LINE
8
BLACK
6
CONTINUOUS
10
0.7019427559055118
20
0.4835320866141732
11
0.701944251968504
21
0.4835108267716535
0
LINE
8
BLACK
6
CONTINUOUS
10
0.701944251968504
20
0.4835108267716535
11
0.7019594488188976
21
0.4834683070866141
0
LINE
8
BLACK
6
CONTINUOUS
10
0.7019594488188976
20
0.4834683070866141
11
0.7037555905511811
21
0.4762836614173228
0
LINE
8
BLACK
6
CONTINUOUS
10
0.7037555905511811
20
0.4762836614173228
11
0.7052711023622047
21
0.4732526771653543
0
LINE
8
BLACK
6
CONTINUOUS
10
0.7052711023622047
20
0.4732526771653543
11
0.7064682283464567
21
0.4720555511811024
0
LINE
8
BLACK
6
CONTINUOUS
10
0.7064682283464567
20
0.4720555511811024
11
0.7091657086614173
21
0.4707068110236221
0
LINE
8
BLACK
6
CONTINUOUS
10
0.7091657086614173
20
0.4707068110236221
11
0.7115211417322834
21
0.4707068110236221
0
LINE
8
BLACK
6
CONTINUOUS
10
0.7115211417322834
20
0.4707068110236221
11
0.7142186220472441
21
0.4720555905511811
0
LINE
8
BLACK
6
CONTINUOUS
10
0.7142186220472441
20
0.4720555905511811
11
0.7154157874015747
21
0.473252716535433
0
LINE
8
BLACK
6
CONTINUOUS
10
0.7154157874015747
20
0.473252716535433
11
0.7167645275590551
21
0.4759501574803149
0
LINE
8
BLACK
6
CONTINUOUS
10
0.7167645275590551
20
0.4759501574803149
11
0.7167645275590551
21
0.4841477952755905
0
LINE
8
BLACK
6
CONTINUOUS
10
0.7167645275590551
20
0.4841477952755905
11
0.7150412992125984
21
0.4893174803149606
0
LINE
8
BLACK
6
CONTINUOUS
10
0.7150412992125984
20
0.4893174803149606
11
0.7149129527559055
21
0.4898819291338583
0
LINE
8
BLACK
6
CONTINUOUS
10
0.7149129527559055
20
0.4898819291338583
11
0.7149946456692913
21
0.4910311417322835
0
LINE
8
BLACK
6
CONTINUOUS
10
0.7149946456692913
20
0.4910311417322835
11
0.715509842519685
21
0.4920615748031496
0
LINE
8
BLACK
6
CONTINUOUS
10
0.715509842519685
20
0.4920615748031496
11
0.7163801968503937
21
0.4928164566929134
0
LINE
8
BLACK
6
CONTINUOUS
10
0.7163801968503937
20
0.4928164566929134
11
0.7174732283464567
21
0.4931807874015748
0
LINE
8
BLACK
6
CONTINUOUS
10
0.7174732283464567
20
0.4931807874015748
11
0.7186224409448819
21
0.4930990944881889
0
LINE
8
BLACK
6
CONTINUOUS
10
0.7186224409448819
20
0.4930990944881889
11
0.7196528740157481
21
0.4925838976377953
0
LINE
8
BLACK
6
CONTINUOUS
10
0.7196528740157481
20
0.4925838976377953
11
0.7204077559055118
21
0.4917135433070866
0
LINE
8
BLACK
6
CONTINUOUS
10
0.7204077559055118
20
0.4917135433070866
11
0.7206437401574803
21
0.4911849606299212
0
LINE
8
BLACK
6
CONTINUOUS
10
0.7206437401574803
20
0.4911849606299212
11
0.7225185039370079
21
0.4855607086614173
0
LINE
8
BLACK
6
CONTINUOUS
10
0.7225185039370079
20
0.4855607086614173
11
0.7225834251968504
21
0.4852750787401575
0
LINE
8
BLACK
6
CONTINUOUS
10
0.7225834251968504
20
0.4852750787401575
11
0.7226133070866142
21
0.4852029921259842
0
LINE
8
BLACK
6
CONTINUOUS
10
0.7226133070866142
20
0.4852029921259842
11
0.7226235826771653
21
0.4850985433070866
0
LINE
8
BLACK
6
CONTINUOUS
10
0.7226235826771653
20
0.4850985433070866
11
0.7226468503937008
21
0.4849962598425197
0
LINE
8
BLACK
6
CONTINUOUS
10
0.7226468503937008
20
0.4849962598425197
11
0.7226412992125985
21
0.4849185433070866
0
LINE
8
BLACK
6
CONTINUOUS
10
0.7226412992125985
20
0.4849185433070866
11
0.7226700393700787
21
0.4846269291338582
0
LINE
8
BLACK
6
CONTINUOUS
10
0.7226700393700787
20
0.4846269291338582
11
0.7226700393700787
21
0.4752531102362205
0
LINE
8
BLACK
6
CONTINUOUS
10
0.7226700393700787
20
0.4752531102362205
11
0.7226133070866142
21
0.4746770472440945
0
LINE
8
BLACK
6
CONTINUOUS
10
0.7226133070866142
20
0.4746770472440945
11
0.7225727165354331
21
0.474579094488189
0
LINE
8
BLACK
6
CONTINUOUS
10
0.7225727165354331
20
0.474579094488189
11
0.7225651968503937
21
0.474473188976378
0
LINE
8
BLACK
6
CONTINUOUS
10
0.7225651968503937
20
0.474473188976378
11
0.7223583070866142
21
0.4739325984251969
0
LINE
8
BLACK
6
CONTINUOUS
10
0.7223583070866142
20
0.4739325984251969
11
0.7204835433070866
21
0.4701830708661417
0
LINE
8
BLACK
6
CONTINUOUS
10
0.7204835433070866
20
0.4701830708661417
11
0.7203274409448819
21
0.4699350787401575
0
LINE
8
BLACK
6
CONTINUOUS
10
0.7203274409448819
20
0.4699350787401575
11
0.7202976377952756
21
0.4698631102362205
0
LINE
8
BLACK
6
CONTINUOUS
10
0.7202976377952756
20
0.4698631102362205
11
0.7202311811023622
21
0.4697821653543307
0
LINE
8
BLACK
6
CONTINUOUS
10
0.7202311811023622
20
0.4697821653543307
11
0.7201751968503937
21
0.469693188976378
0
LINE
8
BLACK
6
CONTINUOUS
10
0.7201751968503937
20
0.469693188976378
11
0.7201161417322834
21
0.4696420078740157
0
LINE
8
BLACK
6
CONTINUOUS
10
0.7201161417322834
20
0.4696420078740157
11
0.7199303937007874
21
0.4694156299212598
0
LINE
8
BLACK
6
CONTINUOUS
10
0.7199303937007874
20
0.4694156299212598
11
0.7180555905511811
21
0.4675408661417323
0
LINE
8
BLACK
6
CONTINUOUS
10
0.7180555905511811
20
0.4675408661417323
11
0.7178292519685039
21
0.467355157480315
0
LINE
8
BLACK
6
CONTINUOUS
10
0.7178292519685039
20
0.467355157480315
11
0.7177781102362204
21
0.4672961417322835
0
LINE
8
BLACK
6
CONTINUOUS
10
0.7177781102362204
20
0.4672961417322835
11
0.7176891732283465
21
0.4672401968503937
0
LINE
8
BLACK
6
CONTINUOUS
10
0.7176891732283465
20
0.4672401968503937
11
0.7176081496062992
21
0.4671736614173228
0
LINE
8
BLACK
6
CONTINUOUS
10
0.7176081496062992
20
0.4671736614173228
11
0.7175361023622047
21
0.4671438582677165
0
LINE
8
BLACK
6
CONTINUOUS
10
0.7175361023622047
20
0.4671438582677165
11
0.7172882283464567
21
0.4669877952755905
0
LINE
8
BLACK
6
CONTINUOUS
10
0.7172882283464567
20
0.4669877952755905
11
0.7135387007874016
21
0.465113031496063
0
LINE
8
BLACK
6
CONTINUOUS
10
0.7135387007874016
20
0.465113031496063
11
0.7129980708661418
21
0.4649061417322835
0
LINE
8
BLACK
6
CONTINUOUS
10
0.7129980708661418
20
0.4649061417322835
11
0.7128922440944881
21
0.4648986614173228
0
LINE
8
BLACK
6
CONTINUOUS
10
0.7128922440944881
20
0.4648986614173228
11
0.7127942519685039
21
0.464858031496063
0
LINE
8
BLACK
6
CONTINUOUS
10
0.7127942519685039
20
0.464858031496063
11
0.7122181889763779
21
0.4648012992125984
0
LINE
8
BLACK
6
CONTINUOUS
10
0.7122181889763779
20
0.4648012992125984
11
0.7084686614173228
21
0.4648012992125984
0
LINE
8
BLACK
6
CONTINUOUS
10
0.7084686614173228
20
0.4648012992125984
11
0.7078925984251968
21
0.464858031496063
0
LINE
8
BLACK
6
CONTINUOUS
10
0.7078925984251968
20
0.464858031496063
11
0.7077946062992125
21
0.4648986220472441
0
LINE
8
BLACK
6
CONTINUOUS
10
0.7077946062992125
20
0.4648986220472441
11
0.7076887401574803
21
0.4649061417322835
0
LINE
8
BLACK
6
CONTINUOUS
10
0.7076887401574803
20
0.4649061417322835
11
0.7071481496062992
21
0.465113031496063
0
LINE
8
BLACK
6
CONTINUOUS
10
0.7071481496062992
20
0.465113031496063
11
0.7033986220472441
21
0.4669877952755905
0
LINE
8
BLACK
6
CONTINUOUS
10
0.7033986220472441
20
0.4669877952755905
11
0.7031505905511811
21
0.4671438976377953
0
LINE
8
BLACK
6
CONTINUOUS
10
0.7031505905511811
20
0.4671438976377953
11
0.7030786614173228
21
0.4671737007874016
0
LINE
8
BLACK
6
CONTINUOUS
10
0.7030786614173228
20
0.4671737007874016
11
0.7029976771653543
21
0.4672401968503937
0
LINE
8
BLACK
6
CONTINUOUS
10
0.7029976771653543
20
0.4672401968503937
11
0.7029087401574803
21
0.4672961417322835
0
LINE
8
BLACK
6
CONTINUOUS
10
0.7029087401574803
20
0.4672961417322835
11
0.702857559055118
21
0.467355157480315
0
LINE
8
BLACK
6
CONTINUOUS
10
0.702857559055118
20
0.467355157480315
11
0.702631220472441
21
0.467540905511811
0
LINE
8
BLACK
6
CONTINUOUS
10
0.702631220472441
20
0.467540905511811
11
0.7007564566929134
21
0.4694156692913385
0
LINE
8
BLACK
6
CONTINUOUS
10
0.7007564566929134
20
0.4694156692913385
11
0.7005706692913386
21
0.4696420472440945
0
LINE
8
BLACK
6
CONTINUOUS
10
0.7005706692913386
20
0.4696420472440945
11
0.7005116929133858
21
0.469693188976378
0
LINE
8
BLACK
6
CONTINUOUS
10
0.7005116929133858
20
0.469693188976378
11
0.7004557086614173
21
0.4697821653543307
0
LINE
8
BLACK
6
CONTINUOUS
10
0.7004557086614173
20
0.4697821653543307
11
0.7003892519685039
21
0.4698631102362205
0
LINE
8
BLACK
6
CONTINUOUS
10
0.7003892519685039
20
0.4698631102362205
11
0.7003594094488189
21
0.4699350787401575
0
LINE
8
BLACK
6
CONTINUOUS
10
0.7003594094488189
20
0.4699350787401575
11
0.7002033464566929
21
0.4701830708661417
0
LINE
8
BLACK
6
CONTINUOUS
10
0.7002033464566929
20
0.4701830708661417
11
0.6983285826771654
21
0.4739325984251969
0
LINE
8
BLACK
6
CONTINUOUS
10
0.6983285826771654
20
0.4739325984251969
11
0.6983124409448819
21
0.4739747244094488
0
LINE
8
BLACK
6
CONTINUOUS
10
0.6983124409448819
20
0.4739747244094488
11
0.6982997637795275
21
0.4739918503937008
0
LINE
8
BLACK
6
CONTINUOUS
10
0.6982997637795275
20
0.4739918503937008
11
0.6982133070866141
21
0.4742338188976378
0
LINE
8
BLACK
6
CONTINUOUS
10
0.6982133070866141
20
0.4742338188976378
11
0.6981216929133858
21
0.4744732283464567
0
LINE
8
BLACK
6
CONTINUOUS
10
0.6981216929133858
20
0.4744732283464567
11
0.698120157480315
21
0.4744944881889764
0
LINE
8
BLACK
6
CONTINUOUS
10
0.698120157480315
20
0.4744944881889764
11
0.698105
21
0.474536968503937
0
LINE
8
BLACK
6
CONTINUOUS
10
0.698105
20
0.474536968503937
11
0.6963088188976377
21
0.4817216141732283
0
LINE
8
BLACK
6
CONTINUOUS
10
0.6963088188976377
20
0.4817216141732283
11
0.6947933464566929
21
0.4847525984251969
0
LINE
8
BLACK
6
CONTINUOUS
10
0.6947933464566929
20
0.4847525984251969
11
0.693596220472441
21
0.4859497244094488
0
LINE
8
BLACK
6
CONTINUOUS
10
0.693596220472441
20
0.4859497244094488
11
0.6908987401574803
21
0.4872984645669291
0
LINE
8
BLACK
6
CONTINUOUS
10
0.6908987401574803
20
0.4872984645669291
11
0.6885433070866142
21
0.4872984645669291
0
LINE
8
BLACK
6
CONTINUOUS
10
0.6885433070866142
20
0.4872984645669291
11
0.6858458267716535
21
0.4859497244094488
0
LINE
8
BLACK
6
CONTINUOUS
10
0.6858458267716535
20
0.4859497244094488
11
0.6846487007874016
21
0.4847525984251969
0
LINE
8
BLACK
6
CONTINUOUS
10
0.6846487007874016
20
0.4847525984251969
11
0.6832999606299213
21
0.4820551181102362
0
LINE
8
BLACK
6
CONTINUOUS
10
0.6832999606299213
20
0.4820551181102362
11
0.6832999606299213
21
0.4738575196850394
0
LINE
8
BLACK
6
CONTINUOUS
10
0.6832999606299213
20
0.4738575196850394
11
0.6850231889763779
21
0.4686878346456693
0
LINE
8
BLACK
6
CONTINUOUS
10
0.6850231889763779
20
0.4686878346456693
11
0.6851515354330708
21
0.4681233858267717
0
LINE
8
BLACK
6
CONTINUOUS
10
0.6851515354330708
20
0.4681233858267717
11
0.6850698425196851
21
0.4669741732283464
0
LINE
8
BLACK
6
CONTINUOUS
10
0.6850698425196851
20
0.4669741732283464
11
0.6845546456692914
21
0.4659437007874015
0
LINE
8
BLACK
6
CONTINUOUS
10
0.6845546456692914
20
0.4659437007874015
11
0.6836842519685039
21
0.4651888188976378
0
LINE
8
BLACK
6
CONTINUOUS
10
0.6836842519685039
20
0.4651888188976378
11
0.6825912598425197
21
0.4648244881889764
0
LINE
8
BLACK
6
CONTINUOUS
10
0.6825912598425197
20
0.4648244881889764
11
0.6814420472440945
21
0.4649061811023622
0
LINE
8
BLACK
6
CONTINUOUS
10
0.6814420472440945
20
0.4649061811023622
11
0.6804116141732284
21
0.4654214173228347
0
LINE
8
BLACK
6
CONTINUOUS
10
0.6804116141732284
20
0.4654214173228347
11
0.6796567322834646
21
0.4662917716535433
0
LINE
8
BLACK
6
CONTINUOUS
10
0.6796567322834646
20
0.4662917716535433
11
0.6794207480314961
21
0.4668203149606299
0
LINE
8
BLACK
6
CONTINUOUS
10
0.6794207480314961
20
0.4668203149606299
11
0.6775459842519684
21
0.4724446062992126
0
LINE
8
BLACK
6
CONTINUOUS
10
0.6775459842519684
20
0.4724446062992126
11
0.6774810236220472
21
0.4727301968503937
0
LINE
8
BLACK
6
CONTINUOUS
10
0.6774810236220472
20
0.4727301968503937
11
0.6774511811023622
21
0.4728022834645669
0
LINE
8
BLACK
6
CONTINUOUS
10
0.6774511811023622
20
0.4728022834645669
11
0.6774408661417323
21
0.472906811023622
0
LINE
8
BLACK
6
CONTINUOUS
10
0.6774408661417323
20
0.472906811023622
11
0.6774176377952755
21
0.4730090551181102
0
LINE
8
BLACK
6
CONTINUOUS
10
0.6774176377952755
20
0.4730090551181102
11
0.6774231496062992
21
0.473086811023622
0
LINE
8
BLACK
6
CONTINUOUS
10
0.6774231496062992
20
0.473086811023622
11
0.6773944488188977
21
0.4733783464566929
0
LINE
8
BLACK
6
CONTINUOUS
10
0.6773944488188977
20
0.4733783464566929
11
0.6773944488188977
21
0.4827521653543307
0
LINE
8
BLACK
6
CONTINUOUS
10
0.6773944488188977
20
0.4827521653543307
11
0.6774511811023622
21
0.4833282283464567
0
LINE
8
BLACK
6
CONTINUOUS
10
0.6774511811023622
20
0.4833282283464567
11
0.6774917716535432
21
0.4834262598425197
0
LINE
8
BLACK
6
CONTINUOUS
10
0.6774917716535432
20
0.4834262598425197
11
0.6774992913385827
21
0.4835320472440945
0
LINE
8
BLACK
6
CONTINUOUS
10
0.6774992913385827
20
0.4835320472440945
11
0.6777061811023621
21
0.4840726771653543
0
LINE
8
BLACK
6
CONTINUOUS
10
0.6777061811023621
20
0.4840726771653543
11
0.6795809448818898
21
0.4878222047244095
0
LINE
8
BLACK
6
CONTINUOUS
10
0.6795809448818898
20
0.4878222047244095
11
0.6797370078740157
21
0.4880702362204724
0
LINE
8
BLACK
6
CONTINUOUS
10
0.6797370078740157
20
0.4880702362204724
11
0.6797668503937008
21
0.4881421653543307
0
LINE
8
BLACK
6
CONTINUOUS
10
0.6797668503937008
20
0.4881421653543307
11
0.6798333070866142
21
0.4882231496062992
0
LINE
8
BLACK
6
CONTINUOUS
10
0.6798333070866142
20
0.4882231496062992
11
0.6798892913385827
21
0.4883120866141732
0
LINE
8
BLACK
6
CONTINUOUS
10
0.6798892913385827
20
0.4883120866141732
11
0.6799482677165354
21
0.4883632677165354
0
LINE
8
BLACK
6
CONTINUOUS
10
0.6799482677165354
20
0.4883632677165354
11
0.6801340551181102
21
0.4885896062992126
0
LINE
8
BLACK
6
CONTINUOUS
10
0.6801340551181102
20
0.4885896062992126
11
0.6820088188976378
21
0.4904643700787402
0
LINE
8
BLACK
6
CONTINUOUS
10
0.6820088188976378
20
0.4904643700787402
11
0.6822351574803149
21
0.4906501574803149
0
LINE
8
BLACK
6
CONTINUOUS
10
0.6822351574803149
20
0.4906501574803149
11
0.6822863385826772
21
0.4907091338582677
0
LINE
8
BLACK
6
CONTINUOUS
10
0.6822863385826772
20
0.4907091338582677
11
0.6823752755905511
21
0.4907651181102362
0
LINE
8
BLACK
6
CONTINUOUS
10
0.6823752755905511
20
0.4907651181102362
11
0.6824562598425197
21
0.4908315748031496
0
LINE
8
BLACK
6
CONTINUOUS
10
0.6824562598425197
20
0.4908315748031496
11
0.6825281889763779
21
0.4908614173228346
0
LINE
8
BLACK
6
CONTINUOUS
10
0.6825281889763779
20
0.4908614173228346
11
0.6827762204724409
21
0.4910174803149606
0
LINE
8
BLACK
6
CONTINUOUS
10
0.6827762204724409
20
0.4910174803149606
11
0.686525748031496
21
0.4928922440944882
0
LINE
8
BLACK
6
CONTINUOUS
10
0.686525748031496
20
0.4928922440944882
11
0.6870663385826772
21
0.4930991338582677
0
LINE
8
BLACK
6
CONTINUOUS
10
0.6870663385826772
20
0.4930991338582677
11
0.6871722047244094
21
0.4931066929133858
0
LINE
8
BLACK
6
CONTINUOUS
10
0.6871722047244094
20
0.4931066929133858
11
0.6872701968503937
21
0.4931472440944882
0
LINE
8
BLACK
6
CONTINUOUS
10
0.6872701968503937
20
0.4931472440944882
11
0.6878462598425197
21
0.4932039763779528
0
LINE
8
BLACK
6
CONTINUOUS
10
0.6878462598425197
20
0.4932039763779528
11
0.6915957874015748
21
0.4932039763779528
0
LINE
8
BLACK
6
CONTINUOUS
10
0.6915957874015748
20
0.4932039763779528
11
0.6921718503937008
21
0.4931472440944882
0
CIRCLE
8
BLACK
10
0.4921259842519685
20
0.5905511811023622
40
0.0068897637795276
0
CIRCLE
8
BLACK
10
0.4921259842519685
20
0.
40
0.0068897637795276
0
CIRCLE
8
BLACK
10
0.0984251968503937
20
0.5905511811023622
40
0.0068897637795276
0
CIRCLE
8
BLACK
10
0.8858267716535433
20
0.
40
0.0068897637795276
0
CIRCLE
8
BLACK
10
0.8858267716535433
20
0.5905511811023622
40
0.0068897637795276
0
CIRCLE
8
BLACK
10
0.0984251968503937
20
0.
40
0.0068897637795276
  0
ENDSEC
  0
EOF
