  0
SECTION
  2
HEADER
  9
$ANGBASE
  50
0.0
  9
$ANGDIR
  70
1
  9
$MEASUREMENT
  70
0
  0
ENDSEC
  0
SECTION
  2
TABLES
  0
TABLE
  2
LTYPE
  70
4
  0
LTYPE
  5
40F
  2
CONTINUOUS
  70
0
  3
Solid line
  72
65
  73
0
  40
0.0
  0
LTYPE
  5
410
  2
DASHDOT
 70
0
  3
Dash Dot ____ _ ____ _
 72
65
 73
4
 40
2.0
 49
1.25
 49
-0.25
 49
0.25
 49
-0.25
  0
LTYPE
  5
411
  2
DASHED
 70
0
  3
Dashed __ __ __ __ __
 72
65
 73
2
 40
0.75
 49
0.5
 49
-0.25
  0
LTYPE
  5
43B
  2
DOTTED
 70
0
  3
Dotted .  .  .  .
 72
65
 73
2
 40
0.2
 49
0.0
 49
-0.2
  0
ENDTAB
  0
TABLE
  2
STYLE
  70
4
  0
STYLE
  2
KICAD
  70
0
  40
0
  41
1
  42
1
  50
0
  71
0
  3
isocp.shx
  0
STYLE
  2
KICADB
  70
0
  40
0
  41
1
  42
1
  50
0
  71
0
  3
isocp.shx
  0
STYLE
  2
KICADI
  70
0
  40
0
  41
1
  42
1
  50
15
  71
0
  3
isocp.shx
  0
STYLE
  2
KICADBI
  70
0
  40
0
  41
1
  42
1
  50
15
  71
0
  3
isocp.shx
  0
ENDTAB
  0
TABLE
  2
LAYER
  70
1
  0
LAYER
  2
BLACK
  70
0
  62
7
  6
CONTINUOUS
  0
ENDTAB
  0
ENDSEC
  0
SECTION
  2
ENTITIES
0
LINE
8
BLACK
6
CONTINUOUS
10
0.1833284251968504
20
0.0790983858267717
11
0.184358937007874
21
0.0785831102362205
0
LINE
8
BLACK
6
CONTINUOUS
10
0.184358937007874
20
0.0785831102362205
11
0.1851137795275591
21
0.0777127559055118
0
LINE
8
BLACK
6
CONTINUOUS
10
0.1851137795275591
20
0.0777127559055118
11
0.1854781102362205
21
0.0766197637795276
0
LINE
8
BLACK
6
CONTINUOUS
10
0.1854781102362205
20
0.0766197637795276
11
0.1853964566929134
21
0.0754705511811024
0
LINE
8
BLACK
6
CONTINUOUS
10
0.1853964566929134
20
0.0754705511811024
11
0.1851895669291339
21
0.0749299606299213
0
LINE
8
BLACK
6
CONTINUOUS
10
0.1851895669291339
20
0.0749299606299213
11
0.1833148031496063
21
0.0711804330708661
0
LINE
8
BLACK
6
CONTINUOUS
10
0.1833148031496063
20
0.0711804330708661
11
0.183158779527559
21
0.0709326377952756
0
LINE
8
BLACK
6
CONTINUOUS
10
0.183158779527559
20
0.0709326377952756
11
0.183128937007874
21
0.0708604724409449
0
LINE
8
BLACK
6
CONTINUOUS
10
0.183128937007874
20
0.0708604724409449
11
0.1830623228346457
21
0.0707793307086614
0
LINE
8
BLACK
6
CONTINUOUS
10
0.1830623228346457
20
0.0707793307086614
11
0.1830064566929134
21
0.0706905511811024
0
LINE
8
BLACK
6
CONTINUOUS
10
0.1830064566929134
20
0.0706905511811024
11
0.1829475196850394
21
0.0706394488188976
0
LINE
8
BLACK
6
CONTINUOUS
10
0.1829475196850394
20
0.0706394488188976
11
0.1827616929133858
21
0.070413031496063
0
LINE
8
BLACK
6
CONTINUOUS
10
0.1827616929133858
20
0.070413031496063
11
0.1803033070866142
21
0.0679546456692913
0
LINE
8
BLACK
6
CONTINUOUS
10
0.1803033070866142
20
0.0679546456692913
11
0.2077172834645669
21
0.0679546456692913
0
LINE
8
BLACK
6
CONTINUOUS
10
0.2077172834645669
20
0.0679546456692913
11
0.2077172834645669
21
0.0762504724409449
0
LINE
8
BLACK
6
CONTINUOUS
10
0.2077172834645669
20
0.0762504724409449
11
0.2077740157480315
21
0.0768265354330709
0
LINE
8
BLACK
6
CONTINUOUS
10
0.2077740157480315
20
0.0768265354330709
11
0.2082149212598425
21
0.0778909448818898
0
LINE
8
BLACK
6
CONTINUOUS
10
0.2082149212598425
20
0.0778909448818898
11
0.2090295669291339
21
0.0787055905511811
0
LINE
8
BLACK
6
CONTINUOUS
10
0.2090295669291339
20
0.0787055905511811
11
0.2100939763779527
21
0.0791464960629921
0
LINE
8
BLACK
6
CONTINUOUS
10
0.2100939763779527
20
0.0791464960629921
11
0.2112461023622047
21
0.0791464960629921
0
LINE
8
BLACK
6
CONTINUOUS
10
0.2112461023622047
20
0.0791464960629921
11
0.2123105118110236
21
0.0787055905511811
0
LINE
8
BLACK
6
CONTINUOUS
10
0.2123105118110236
20
0.0787055905511811
11
0.213125157480315
21
0.0778909448818898
0
LINE
8
BLACK
6
CONTINUOUS
10
0.213125157480315
20
0.0778909448818898
11
0.213566062992126
21
0.0768265354330709
0
LINE
8
BLACK
6
CONTINUOUS
10
0.213566062992126
20
0.0768265354330709
11
0.2136227952755906
21
0.0762504724409449
0
LINE
8
BLACK
6
CONTINUOUS
10
0.2136227952755906
20
0.0762504724409449
11
0.2136227952755906
21
0.0537533070866142
0
LINE
8
BLACK
6
CONTINUOUS
10
0.2136227952755906
20
0.0537533070866142
11
0.213566062992126
21
0.0531772440944882
0
LINE
8
BLACK
6
CONTINUOUS
10
0.213566062992126
20
0.0531772440944882
11
0.213125157480315
21
0.0521128346456693
0
LINE
8
BLACK
6
CONTINUOUS
10
0.213125157480315
20
0.0521128346456693
11
0.2123105118110236
21
0.051298188976378
0
LINE
8
BLACK
6
CONTINUOUS
10
0.2123105118110236
20
0.051298188976378
11
0.2112461023622047
21
0.0508572834645669
0
LINE
8
BLACK
6
CONTINUOUS
10
0.2112461023622047
20
0.0508572834645669
11
0.2100939763779527
21
0.0508572834645669
0
LINE
8
BLACK
6
CONTINUOUS
10
0.2100939763779527
20
0.0508572834645669
11
0.2090295669291339
21
0.051298188976378
0
LINE
8
BLACK
6
CONTINUOUS
10
0.2090295669291339
20
0.051298188976378
11
0.2082149212598425
21
0.0521128346456693
0
LINE
8
BLACK
6
CONTINUOUS
10
0.2082149212598425
20
0.0521128346456693
11
0.2077740157480315
21
0.0531772440944882
0
LINE
8
BLACK
6
CONTINUOUS
10
0.2077740157480315
20
0.0531772440944882
11
0.2077172834645669
21
0.0537533070866142
0
LINE
8
BLACK
6
CONTINUOUS
10
0.2077172834645669
20
0.0537533070866142
11
0.2077172834645669
21
0.0620491338582677
0
LINE
8
BLACK
6
CONTINUOUS
10
0.2077172834645669
20
0.0620491338582677
11
0.1712999606299213
21
0.0620491338582677
0
LINE
8
BLACK
6
CONTINUOUS
10
0.1712999606299213
20
0.0620491338582677
11
0.171297874015748
21
0.0620493700787402
0
LINE
8
BLACK
6
CONTINUOUS
10
0.171297874015748
20
0.0620493700787402
11
0.1712968503937008
21
0.0620491338582677
0
LINE
8
BLACK
6
CONTINUOUS
10
0.1712968503937008
20
0.0620491338582677
11
0.1712938188976378
21
0.0620497637795276
0
LINE
8
BLACK
6
CONTINUOUS
10
0.1712938188976378
20
0.0620497637795276
11
0.1707238976377953
21
0.0621058661417323
0
LINE
8
BLACK
6
CONTINUOUS
10
0.1707238976377953
20
0.0621058661417323
11
0.1704537795275591
21
0.0622177559055118
0
LINE
8
BLACK
6
CONTINUOUS
10
0.1704537795275591
20
0.0622177559055118
11
0.1701671653543307
21
0.0622750787401575
0
LINE
8
BLACK
6
CONTINUOUS
10
0.1701671653543307
20
0.0622750787401575
11
0.1699267716535433
21
0.062436062992126
0
LINE
8
BLACK
6
CONTINUOUS
10
0.1699267716535433
20
0.062436062992126
11
0.1696594881889764
21
0.0625467716535433
0
LINE
8
BLACK
6
CONTINUOUS
10
0.1696594881889764
20
0.0625467716535433
11
0.1694527559055118
21
0.0627535039370079
0
LINE
8
BLACK
6
CONTINUOUS
10
0.1694527559055118
20
0.0627535039370079
11
0.1692098818897638
21
0.0629161417322835
0
LINE
8
BLACK
6
CONTINUOUS
10
0.1692098818897638
20
0.0629161417322835
11
0.1690493700787402
21
0.0631568897637795
0
LINE
8
BLACK
6
CONTINUOUS
10
0.1690493700787402
20
0.0631568897637795
11
0.168844842519685
21
0.0633614173228347
0
LINE
8
BLACK
6
CONTINUOUS
10
0.168844842519685
20
0.0633614173228347
11
0.1687329527559055
21
0.0636315354330709
0
LINE
8
BLACK
6
CONTINUOUS
10
0.1687329527559055
20
0.0636315354330709
11
0.1685707874015748
21
0.0638747637795276
0
LINE
8
BLACK
6
CONTINUOUS
10
0.1685707874015748
20
0.0638747637795276
11
0.1685146456692913
21
0.0641585826771654
0
LINE
8
BLACK
6
CONTINUOUS
10
0.1685146456692913
20
0.0641585826771654
11
0.168403937007874
21
0.0644258267716535
0
LINE
8
BLACK
6
CONTINUOUS
10
0.168403937007874
20
0.0644258267716535
11
0.168403937007874
21
0.0647182283464567
0
LINE
8
BLACK
6
CONTINUOUS
10
0.168403937007874
20
0.0647182283464567
11
0.1683472047244094
21
0.065005
0
LINE
8
BLACK
6
CONTINUOUS
10
0.1683472047244094
20
0.065005
11
0.168403937007874
21
0.0652886614173228
0
LINE
8
BLACK
6
CONTINUOUS
10
0.168403937007874
20
0.0652886614173228
11
0.168403937007874
21
0.0655779527559055
0
LINE
8
BLACK
6
CONTINUOUS
10
0.168403937007874
20
0.0655779527559055
11
0.1685157874015748
21
0.0658480708661417
0
LINE
8
BLACK
6
CONTINUOUS
10
0.1685157874015748
20
0.0658480708661417
11
0.1685731496062992
21
0.0661346850393701
0
LINE
8
BLACK
6
CONTINUOUS
10
0.1685731496062992
20
0.0661346850393701
11
0.168734094488189
21
0.0663750787401575
0
LINE
8
BLACK
6
CONTINUOUS
10
0.168734094488189
20
0.0663750787401575
11
0.168844842519685
21
0.0666423622047244
0
LINE
8
BLACK
6
CONTINUOUS
10
0.168844842519685
20
0.0666423622047244
11
0.1690515354330709
21
0.066849094488189
0
LINE
8
BLACK
6
CONTINUOUS
10
0.1690515354330709
20
0.066849094488189
11
0.1692142125984252
21
0.067091968503937
0
LINE
8
BLACK
6
CONTINUOUS
10
0.1692142125984252
20
0.067091968503937
11
0.1696574409448819
21
0.067455
0
LINE
8
BLACK
6
CONTINUOUS
10
0.1696574409448819
20
0.067455
11
0.1696594881889764
21
0.0674570078740157
0
LINE
8
BLACK
6
CONTINUOUS
10
0.1696594881889764
20
0.0674570078740157
11
0.1696603543307087
21
0.0674574015748031
0
LINE
8
BLACK
6
CONTINUOUS
10
0.1696603543307087
20
0.0674574015748031
11
0.1696620472440945
21
0.0674587401574803
0
LINE
8
BLACK
6
CONTINUOUS
10
0.1696620472440945
20
0.0674587401574803
11
0.1750430708661417
21
0.0710461023622047
0
LINE
8
BLACK
6
CONTINUOUS
10
0.1750430708661417
20
0.0710461023622047
11
0.1782470472440945
21
0.0742500393700787
0
LINE
8
BLACK
6
CONTINUOUS
10
0.1782470472440945
20
0.0742500393700787
11
0.1799075196850394
21
0.0775709842519685
0
LINE
8
BLACK
6
CONTINUOUS
10
0.1799075196850394
20
0.0775709842519685
11
0.1802158661417323
21
0.0780608661417323
0
LINE
8
BLACK
6
CONTINUOUS
10
0.1802158661417323
20
0.0780608661417323
11
0.1810862598425197
21
0.0788157086614173
0
LINE
8
BLACK
6
CONTINUOUS
10
0.1810862598425197
20
0.0788157086614173
11
0.1821792125984252
21
0.0791800393700787
0
LINE
8
BLACK
6
CONTINUOUS
10
0.1821792125984252
20
0.0791800393700787
11
0.1833284251968504
21
0.0790983858267717
0
LINE
8
BLACK
6
CONTINUOUS
10
0.7390327952755905
20
0.1707858661417323
11
0.7392125984251968
21
0.1698818897637795
0
LINE
8
BLACK
6
CONTINUOUS
10
0.7392125984251968
20
0.1698818897637795
11
0.7392125984251968
21
0.094488188976378
0
LINE
8
BLACK
6
CONTINUOUS
10
0.7392125984251968
20
0.094488188976378
11
0.8146062992125984
21
0.094488188976378
0
LINE
8
BLACK
6
CONTINUOUS
10
0.8146062992125984
20
0.094488188976378
11
0.8155102755905511
21
0.0943083858267716
0
LINE
8
BLACK
6
CONTINUOUS
10
0.8155102755905511
20
0.0943083858267716
11
0.8167887007874015
21
0.0930299606299213
0
LINE
8
BLACK
6
CONTINUOUS
10
0.8167887007874015
20
0.0930299606299213
11
0.8167887007874015
21
0.0912220078740157
0
LINE
8
BLACK
6
CONTINUOUS
10
0.8167887007874015
20
0.0912220078740157
11
0.8155102755905511
21
0.0899435826771653
0
LINE
8
BLACK
6
CONTINUOUS
10
0.8155102755905511
20
0.0899435826771653
11
0.8146062992125984
21
0.0897637795275591
0
LINE
8
BLACK
6
CONTINUOUS
10
0.8146062992125984
20
0.0897637795275591
11
0.7368503937007874
21
0.0897637795275591
0
LINE
8
BLACK
6
CONTINUOUS
10
0.7368503937007874
20
0.0897637795275591
11
0.7359464173228346
21
0.0899435826771653
0
LINE
8
BLACK
6
CONTINUOUS
10
0.7359464173228346
20
0.0899435826771653
11
0.7346679921259842
21
0.0912220078740157
0
LINE
8
BLACK
6
CONTINUOUS
10
0.7346679921259842
20
0.0912220078740157
11
0.7344881889763779
21
0.0921259842519685
0
LINE
8
BLACK
6
CONTINUOUS
10
0.7344881889763779
20
0.0921259842519685
11
0.7344881889763779
21
0.1698818897637795
0
LINE
8
BLACK
6
CONTINUOUS
10
0.7344881889763779
20
0.1698818897637795
11
0.7346679921259842
21
0.1707858661417323
0
LINE
8
BLACK
6
CONTINUOUS
10
0.7346679921259842
20
0.1707858661417323
11
0.7359464173228346
21
0.1720642913385827
0
LINE
8
BLACK
6
CONTINUOUS
10
0.7359464173228346
20
0.1720642913385827
11
0.7377543700787401
21
0.1720642913385827
0
LINE
8
BLACK
6
CONTINUOUS
10
0.7377543700787401
20
0.1720642913385827
11
0.7390327952755905
21
0.1707858661417323
0
LINE
8
BLACK
6
CONTINUOUS
10
1.1453320078740157
20
0.1707858661417323
11
1.145511811023622
21
0.1698818897637795
0
LINE
8
BLACK
6
CONTINUOUS
10
1.145511811023622
20
0.1698818897637795
11
1.145511811023622
21
0.0921259842519685
0
LINE
8
BLACK
6
CONTINUOUS
10
1.145511811023622
20
0.0921259842519685
11
1.1453320078740157
21
0.0912220078740157
0
LINE
8
BLACK
6
CONTINUOUS
10
1.1453320078740157
20
0.0912220078740157
11
1.1440535826771654
21
0.0899435826771653
0
LINE
8
BLACK
6
CONTINUOUS
10
1.1440535826771654
20
0.0899435826771653
11
1.1422456299212598
21
0.0899435826771653
0
LINE
8
BLACK
6
CONTINUOUS
10
1.1422456299212598
20
0.0899435826771653
11
1.1409672047244095
21
0.0912220078740157
0
LINE
8
BLACK
6
CONTINUOUS
10
1.1409672047244095
20
0.0912220078740157
11
1.1407874015748032
21
0.0921259842519685
0
LINE
8
BLACK
6
CONTINUOUS
10
1.1407874015748032
20
0.0921259842519685
11
1.1407874015748032
21
0.1698818897637795
0
LINE
8
BLACK
6
CONTINUOUS
10
1.1407874015748032
20
0.1698818897637795
11
1.1409672047244095
21
0.1707858661417323
0
LINE
8
BLACK
6
CONTINUOUS
10
1.1409672047244095
20
0.1707858661417323
11
1.1422456299212598
21
0.1720642913385827
0
LINE
8
BLACK
6
CONTINUOUS
10
1.1422456299212598
20
0.1720642913385827
11
1.1440535826771654
21
0.1720642913385827
0
LINE
8
BLACK
6
CONTINUOUS
10
1.1440535826771654
20
0.1720642913385827
11
1.1453320078740157
21
0.1707858661417323
0
LINE
8
BLACK
6
CONTINUOUS
10
0.2123105118110236
20
0.1105766141732283
11
0.213125157480315
21
0.109761968503937
0
LINE
8
BLACK
6
CONTINUOUS
10
0.213125157480315
20
0.109761968503937
11
0.213566062992126
21
0.1086975590551181
0
LINE
8
BLACK
6
CONTINUOUS
10
0.213566062992126
20
0.1086975590551181
11
0.2136227952755906
21
0.1081214960629921
0
LINE
8
BLACK
6
CONTINUOUS
10
0.2136227952755906
20
0.1081214960629921
11
0.2136227952755906
21
0.104371968503937
0
LINE
8
BLACK
6
CONTINUOUS
10
0.2136227952755906
20
0.104371968503937
11
0.2135940551181102
21
0.1040803937007874
0
LINE
8
BLACK
6
CONTINUOUS
10
0.2135940551181102
20
0.1040803937007874
11
0.2135996062992126
21
0.1040026377952756
0
LINE
8
BLACK
6
CONTINUOUS
10
0.2135996062992126
20
0.1040026377952756
11
0.2135763385826772
21
0.1039003937007874
0
LINE
8
BLACK
6
CONTINUOUS
10
0.2135763385826772
20
0.1039003937007874
11
0.213566062992126
21
0.103795905511811
0
LINE
8
BLACK
6
CONTINUOUS
10
0.213566062992126
20
0.103795905511811
11
0.2135361811023622
21
0.1037238582677165
0
LINE
8
BLACK
6
CONTINUOUS
10
0.2135361811023622
20
0.1037238582677165
11
0.2134712598425197
21
0.103438188976378
0
LINE
8
BLACK
6
CONTINUOUS
10
0.2134712598425197
20
0.103438188976378
11
0.2115964960629921
21
0.097813937007874
0
LINE
8
BLACK
6
CONTINUOUS
10
0.2115964960629921
20
0.097813937007874
11
0.2113605118110236
21
0.0972853543307087
0
LINE
8
BLACK
6
CONTINUOUS
10
0.2113605118110236
20
0.0972853543307087
11
0.2112910236220472
21
0.0972052755905512
0
LINE
8
BLACK
6
CONTINUOUS
10
0.2112910236220472
20
0.0972052755905512
11
0.2112504330708661
21
0.0971072047244095
0
LINE
8
BLACK
6
CONTINUOUS
10
0.2112504330708661
20
0.0971072047244095
11
0.2108831889763779
21
0.0966597637795276
0
LINE
8
BLACK
6
CONTINUOUS
10
0.2108831889763779
20
0.0966597637795276
11
0.2071336220472441
21
0.0929102362204724
0
LINE
8
BLACK
6
CONTINUOUS
10
0.2071336220472441
20
0.0929102362204724
11
0.2066861417322834
21
0.0925429921259843
0
LINE
8
BLACK
6
CONTINUOUS
10
0.2066861417322834
20
0.0925429921259843
11
0.2065880708661417
21
0.0925024015748031
0
LINE
8
BLACK
6
CONTINUOUS
10
0.2065880708661417
20
0.0925024015748031
11
0.2065079921259843
21
0.0924329133858268
0
LINE
8
BLACK
6
CONTINUOUS
10
0.2065079921259843
20
0.0924329133858268
11
0.2059794488188976
21
0.0921969291338583
0
LINE
8
BLACK
6
CONTINUOUS
10
0.2059794488188976
20
0.0921969291338583
11
0.200355157480315
21
0.0903221653543307
0
LINE
8
BLACK
6
CONTINUOUS
10
0.200355157480315
20
0.0903221653543307
11
0.2000695669291339
21
0.0902572440944882
0
LINE
8
BLACK
6
CONTINUOUS
10
0.2000695669291339
20
0.0902572440944882
11
0.1999974803149606
21
0.0902273622047244
0
LINE
8
BLACK
6
CONTINUOUS
10
0.1999974803149606
20
0.0902273622047244
11
0.1998929527559055
21
0.0902170866141732
0
LINE
8
BLACK
6
CONTINUOUS
10
0.1998929527559055
20
0.0902170866141732
11
0.1997907086614173
21
0.0901938188976378
0
LINE
8
BLACK
6
CONTINUOUS
10
0.1997907086614173
20
0.0901938188976378
11
0.1997129527559055
21
0.0901993700787402
0
LINE
8
BLACK
6
CONTINUOUS
10
0.1997129527559055
20
0.0901993700787402
11
0.1994214173228346
21
0.0901706299212598
0
LINE
8
BLACK
6
CONTINUOUS
10
0.1994214173228346
20
0.0901706299212598
11
0.1712999606299213
21
0.0901706299212598
0
LINE
8
BLACK
6
CONTINUOUS
10
0.1712999606299213
20
0.0901706299212598
11
0.1707238976377953
21
0.0902273622047244
0
LINE
8
BLACK
6
CONTINUOUS
10
0.1707238976377953
20
0.0902273622047244
11
0.1696594881889764
21
0.0906682677165354
0
LINE
8
BLACK
6
CONTINUOUS
10
0.1696594881889764
20
0.0906682677165354
11
0.168844842519685
21
0.0914829133858268
0
LINE
8
BLACK
6
CONTINUOUS
10
0.168844842519685
20
0.0914829133858268
11
0.168403937007874
21
0.0925473228346457
0
LINE
8
BLACK
6
CONTINUOUS
10
0.168403937007874
20
0.0925473228346457
11
0.168403937007874
21
0.0936994488188976
0
LINE
8
BLACK
6
CONTINUOUS
10
0.168403937007874
20
0.0936994488188976
11
0.168844842519685
21
0.0947638582677165
0
LINE
8
BLACK
6
CONTINUOUS
10
0.168844842519685
20
0.0947638582677165
11
0.1696594881889764
21
0.0955785039370079
0
LINE
8
BLACK
6
CONTINUOUS
10
0.1696594881889764
20
0.0955785039370079
11
0.1707238976377953
21
0.0960194094488189
0
LINE
8
BLACK
6
CONTINUOUS
10
0.1707238976377953
20
0.0960194094488189
11
0.1712999606299213
21
0.0960761417322835
0
LINE
8
BLACK
6
CONTINUOUS
10
0.1712999606299213
20
0.0960761417322835
11
0.1989422834645669
21
0.0960761417322835
0
LINE
8
BLACK
6
CONTINUOUS
10
0.1989422834645669
20
0.0960761417322835
11
0.2034506692913386
21
0.0975789763779528
0
LINE
8
BLACK
6
CONTINUOUS
10
0.2034506692913386
20
0.0975789763779528
11
0.2062144881889764
21
0.1003427559055118
0
LINE
8
BLACK
6
CONTINUOUS
10
0.2062144881889764
20
0.1003427559055118
11
0.2077172834645669
21
0.1048511023622047
0
LINE
8
BLACK
6
CONTINUOUS
10
0.2077172834645669
20
0.1048511023622047
11
0.2077172834645669
21
0.1081214960629921
0
LINE
8
BLACK
6
CONTINUOUS
10
0.2077172834645669
20
0.1081214960629921
11
0.2077740157480315
21
0.1086975590551181
0
LINE
8
BLACK
6
CONTINUOUS
10
0.2077740157480315
20
0.1086975590551181
11
0.2082149212598425
21
0.109761968503937
0
LINE
8
BLACK
6
CONTINUOUS
10
0.2082149212598425
20
0.109761968503937
11
0.2090295669291339
21
0.1105766141732283
0
LINE
8
BLACK
6
CONTINUOUS
10
0.2090295669291339
20
0.1105766141732283
11
0.2100939763779527
21
0.1110175196850394
0
LINE
8
BLACK
6
CONTINUOUS
10
0.2100939763779527
20
0.1110175196850394
11
0.2112461023622047
21
0.1110175196850394
0
LINE
8
BLACK
6
CONTINUOUS
10
0.2112461023622047
20
0.1110175196850394
11
0.2123105118110236
21
0.1105766141732283
0
LINE
8
BLACK
6
CONTINUOUS
10
0.353076968503937
20
0.139359842519685
11
0.3541413779527559
21
0.138918937007874
0
LINE
8
BLACK
6
CONTINUOUS
10
0.3541413779527559
20
0.138918937007874
11
0.3549560236220473
21
0.1381042913385827
0
LINE
8
BLACK
6
CONTINUOUS
10
0.3549560236220473
20
0.1381042913385827
11
0.3553969291338583
21
0.1370398818897638
0
LINE
8
BLACK
6
CONTINUOUS
10
0.3553969291338583
20
0.1370398818897638
11
0.3553969291338583
21
0.1358877559055118
0
LINE
8
BLACK
6
CONTINUOUS
10
0.3553969291338583
20
0.1358877559055118
11
0.3549560236220473
21
0.1348233464566929
0
LINE
8
BLACK
6
CONTINUOUS
10
0.3549560236220473
20
0.1348233464566929
11
0.3541413779527559
21
0.1340087007874016
0
LINE
8
BLACK
6
CONTINUOUS
10
0.3541413779527559
20
0.1340087007874016
11
0.353076968503937
21
0.1335677952755905
0
LINE
8
BLACK
6
CONTINUOUS
10
0.353076968503937
20
0.1335677952755905
11
0.352500905511811
21
0.133511062992126
0
LINE
8
BLACK
6
CONTINUOUS
10
0.352500905511811
20
0.133511062992126
11
0.3346361417322835
21
0.133511062992126
0
LINE
8
BLACK
6
CONTINUOUS
10
0.3346361417322835
20
0.133511062992126
11
0.3434744881889764
21
0.1234101181102362
0
LINE
8
BLACK
6
CONTINUOUS
10
0.3434744881889764
20
0.1234101181102362
11
0.3436524803149606
21
0.1231611417322835
0
LINE
8
BLACK
6
CONTINUOUS
10
0.3436524803149606
20
0.1231611417322835
11
0.3437074409448819
21
0.1231061811023622
0
LINE
8
BLACK
6
CONTINUOUS
10
0.3437074409448819
20
0.1231061811023622
11
0.3437290157480315
21
0.123054094488189
0
LINE
8
BLACK
6
CONTINUOUS
10
0.3437290157480315
20
0.123054094488189
11
0.3438111417322834
21
0.1229392125984252
0
LINE
8
BLACK
6
CONTINUOUS
10
0.3438111417322834
20
0.1229392125984252
11
0.3439647244094488
21
0.122485
0
LINE
8
BLACK
6
CONTINUOUS
10
0.3439647244094488
20
0.122485
11
0.3441483464566929
21
0.1220417716535433
0
LINE
8
BLACK
6
CONTINUOUS
10
0.3441483464566929
20
0.1220417716535433
11
0.3441483464566929
21
0.1219421653543307
0
LINE
8
BLACK
6
CONTINUOUS
10
0.3441483464566929
20
0.1219421653543307
11
0.3441802362204724
21
0.1218478346456693
0
LINE
8
BLACK
6
CONTINUOUS
10
0.3441802362204724
20
0.1218478346456693
11
0.3441483464566929
21
0.1213693700787402
0
LINE
8
BLACK
6
CONTINUOUS
10
0.3441483464566929
20
0.1213693700787402
11
0.3441483464566929
21
0.1208896456692913
0
LINE
8
BLACK
6
CONTINUOUS
10
0.3441483464566929
20
0.1208896456692913
11
0.3441102362204724
21
0.1207976771653543
0
LINE
8
BLACK
6
CONTINUOUS
10
0.3441102362204724
20
0.1207976771653543
11
0.3441036220472441
21
0.1206983070866142
0
LINE
8
BLACK
6
CONTINUOUS
10
0.3441036220472441
20
0.1206983070866142
11
0.343890905511811
21
0.1202681889763779
0
LINE
8
BLACK
6
CONTINUOUS
10
0.343890905511811
20
0.1202681889763779
11
0.3437074409448819
21
0.1198252362204724
0
LINE
8
BLACK
6
CONTINUOUS
10
0.3437074409448819
20
0.1198252362204724
11
0.3436370866141732
21
0.1197549212598425
0
LINE
8
BLACK
6
CONTINUOUS
10
0.3436370866141732
20
0.1197549212598425
11
0.3435929133858268
21
0.1196655511811024
0
LINE
8
BLACK
6
CONTINUOUS
10
0.3435929133858268
20
0.1196655511811024
11
0.3432317716535433
21
0.1193496062992126
0
LINE
8
BLACK
6
CONTINUOUS
10
0.3432317716535433
20
0.1193496062992126
11
0.3428927952755905
21
0.1190105905511811
0
LINE
8
BLACK
6
CONTINUOUS
10
0.3428927952755905
20
0.1190105905511811
11
0.3428007874015748
21
0.1189724803149606
0
LINE
8
BLACK
6
CONTINUOUS
10
0.3428007874015748
20
0.1189724803149606
11
0.3427258267716535
21
0.1189068897637795
0
LINE
8
BLACK
6
CONTINUOUS
10
0.3427258267716535
20
0.1189068897637795
11
0.3422715748031496
21
0.1187533070866142
0
LINE
8
BLACK
6
CONTINUOUS
10
0.3422715748031496
20
0.1187533070866142
11
0.3418283858267717
21
0.1185696850393701
0
LINE
8
BLACK
6
CONTINUOUS
10
0.3418283858267717
20
0.1185696850393701
11
0.3416877952755906
21
0.1185558661417323
0
LINE
8
BLACK
6
CONTINUOUS
10
0.3416877952755906
20
0.1185558661417323
11
0.3416344488188977
21
0.1185377952755906
0
LINE
8
BLACK
6
CONTINUOUS
10
0.3416344488188977
20
0.1185377952755906
11
0.341556968503937
21
0.1185429921259843
0
LINE
8
BLACK
6
CONTINUOUS
10
0.341556968503937
20
0.1185429921259843
11
0.3412523228346457
21
0.1185129527559055
0
LINE
8
BLACK
6
CONTINUOUS
10
0.3412523228346457
20
0.1185129527559055
11
0.3363250787401575
21
0.1185129527559055
0
LINE
8
BLACK
6
CONTINUOUS
10
0.3363250787401575
20
0.1185129527559055
11
0.3336275984251968
21
0.1171642125984252
0
LINE
8
BLACK
6
CONTINUOUS
10
0.3336275984251968
20
0.1171642125984252
11
0.3324304724409449
21
0.1159670866141732
0
LINE
8
BLACK
6
CONTINUOUS
10
0.3324304724409449
20
0.1159670866141732
11
0.3310817322834645
21
0.1132696062992126
0
LINE
8
BLACK
6
CONTINUOUS
10
0.3310817322834645
20
0.1132696062992126
11
0.3310817322834645
21
0.1052898818897638
0
LINE
8
BLACK
6
CONTINUOUS
10
0.3310817322834645
20
0.1052898818897638
11
0.3324304724409449
21
0.1025924015748031
0
LINE
8
BLACK
6
CONTINUOUS
10
0.3324304724409449
20
0.1025924015748031
11
0.3336275984251968
21
0.1013952362204724
0
LINE
8
BLACK
6
CONTINUOUS
10
0.3336275984251968
20
0.1013952362204724
11
0.3363250787401575
21
0.1000464960629921
0
LINE
8
BLACK
6
CONTINUOUS
10
0.3363250787401575
20
0.1000464960629921
11
0.3461795669291339
21
0.1000464960629921
0
LINE
8
BLACK
6
CONTINUOUS
10
0.3461795669291339
20
0.1000464960629921
11
0.3488770078740158
21
0.1013952362204724
0
LINE
8
BLACK
6
CONTINUOUS
10
0.3488770078740158
20
0.1013952362204724
11
0.3504129527559055
21
0.1029311811023622
0
LINE
8
BLACK
6
CONTINUOUS
10
0.3504129527559055
20
0.1029311811023622
11
0.3508604330708661
21
0.1032984251968504
0
LINE
8
BLACK
6
CONTINUOUS
10
0.3508604330708661
20
0.1032984251968504
11
0.351924842519685
21
0.1037393307086614
0
LINE
8
BLACK
6
CONTINUOUS
10
0.351924842519685
20
0.1037393307086614
11
0.3530769291338582
21
0.1037393307086614
0
LINE
8
BLACK
6
CONTINUOUS
10
0.3530769291338582
20
0.1037393307086614
11
0.3541413385826772
21
0.1032984645669291
0
LINE
8
BLACK
6
CONTINUOUS
10
0.3541413385826772
20
0.1032984645669291
11
0.3549560236220473
21
0.102483779527559
0
LINE
8
BLACK
6
CONTINUOUS
10
0.3549560236220473
20
0.102483779527559
11
0.3553969291338583
21
0.1014193700787402
0
LINE
8
BLACK
6
CONTINUOUS
10
0.3553969291338583
20
0.1014193700787402
11
0.3553969291338583
21
0.1002672834645669
0
LINE
8
BLACK
6
CONTINUOUS
10
0.3553969291338583
20
0.1002672834645669
11
0.354956062992126
21
0.099202874015748
0
LINE
8
BLACK
6
CONTINUOUS
10
0.354956062992126
20
0.099202874015748
11
0.3545888188976378
21
0.0987553937007874
0
LINE
8
BLACK
6
CONTINUOUS
10
0.3545888188976378
20
0.0987553937007874
11
0.352714094488189
21
0.0968806299212598
0
LINE
8
BLACK
6
CONTINUOUS
10
0.352714094488189
20
0.0968806299212598
11
0.352487716535433
21
0.0966948818897638
0
LINE
8
BLACK
6
CONTINUOUS
10
0.352487716535433
20
0.0966948818897638
11
0.3524365354330709
21
0.0966358267716535
0
LINE
8
BLACK
6
CONTINUOUS
10
0.3524365354330709
20
0.0966358267716535
11
0.3523475590551181
21
0.096579842519685
0
LINE
8
BLACK
6
CONTINUOUS
10
0.3523475590551181
20
0.096579842519685
11
0.3522666141732284
21
0.0965133858267717
0
LINE
8
BLACK
6
CONTINUOUS
10
0.3522666141732284
20
0.0965133858267717
11
0.3521946456692913
21
0.0964835826771653
0
LINE
8
BLACK
6
CONTINUOUS
10
0.3521946456692913
20
0.0964835826771653
11
0.3519466535433071
21
0.0963274803149606
0
LINE
8
BLACK
6
CONTINUOUS
10
0.3519466535433071
20
0.0963274803149606
11
0.348197125984252
21
0.0944527165354331
0
LINE
8
BLACK
6
CONTINUOUS
10
0.348197125984252
20
0.0944527165354331
11
0.3476564960629921
21
0.0942458267716535
0
LINE
8
BLACK
6
CONTINUOUS
10
0.3476564960629921
20
0.0942458267716535
11
0.3475506692913386
21
0.0942383464566929
0
LINE
8
BLACK
6
CONTINUOUS
10
0.3475506692913386
20
0.0942383464566929
11
0.3474526771653543
21
0.0941977165354331
0
LINE
8
BLACK
6
CONTINUOUS
10
0.3474526771653543
20
0.0941977165354331
11
0.3468766141732283
21
0.0941409842519685
0
LINE
8
BLACK
6
CONTINUOUS
10
0.3468766141732283
20
0.0941409842519685
11
0.335628031496063
21
0.0941409842519685
0
LINE
8
BLACK
6
CONTINUOUS
10
0.335628031496063
20
0.0941409842519685
11
0.335051968503937
21
0.0941977165354331
0
LINE
8
BLACK
6
CONTINUOUS
10
0.335051968503937
20
0.0941977165354331
11
0.3349539763779528
21
0.0942383070866142
0
LINE
8
BLACK
6
CONTINUOUS
10
0.3349539763779528
20
0.0942383070866142
11
0.3348481102362205
21
0.0942458267716535
0
LINE
8
BLACK
6
CONTINUOUS
10
0.3348481102362205
20
0.0942458267716535
11
0.3343075196850394
21
0.0944527165354331
0
LINE
8
BLACK
6
CONTINUOUS
10
0.3343075196850394
20
0.0944527165354331
11
0.3305579921259842
21
0.0963274803149606
0
LINE
8
BLACK
6
CONTINUOUS
10
0.3305579921259842
20
0.0963274803149606
11
0.3303099606299212
21
0.0964835826771653
0
LINE
8
BLACK
6
CONTINUOUS
10
0.3303099606299212
20
0.0964835826771653
11
0.330238031496063
21
0.0965133858267717
0
LINE
8
BLACK
6
CONTINUOUS
10
0.330238031496063
20
0.0965133858267717
11
0.3301570472440945
21
0.096579842519685
0
LINE
8
BLACK
6
CONTINUOUS
10
0.3301570472440945
20
0.096579842519685
11
0.3300681102362205
21
0.0966358267716535
0
LINE
8
BLACK
6
CONTINUOUS
10
0.3300681102362205
20
0.0966358267716535
11
0.3300168897637795
21
0.0966948818897638
0
LINE
8
BLACK
6
CONTINUOUS
10
0.3300168897637795
20
0.0966948818897638
11
0.3297905511811023
21
0.0968806299212598
0
LINE
8
BLACK
6
CONTINUOUS
10
0.3297905511811023
20
0.0968806299212598
11
0.3279157874015748
21
0.0987554330708661
0
LINE
8
BLACK
6
CONTINUOUS
10
0.3279157874015748
20
0.0987554330708661
11
0.3277300393700787
21
0.0989817716535433
0
LINE
8
BLACK
6
CONTINUOUS
10
0.3277300393700787
20
0.0989817716535433
11
0.3276710629921259
21
0.0990329133858268
0
LINE
8
BLACK
6
CONTINUOUS
10
0.3276710629921259
20
0.0990329133858268
11
0.3276150787401575
21
0.0991218503937008
0
LINE
8
BLACK
6
CONTINUOUS
10
0.3276150787401575
20
0.0991218503937008
11
0.3275485826771654
21
0.099202874015748
0
LINE
8
BLACK
6
CONTINUOUS
10
0.3275485826771654
20
0.099202874015748
11
0.3275187401574803
21
0.0992749212598425
0
LINE
8
BLACK
6
CONTINUOUS
10
0.3275187401574803
20
0.0992749212598425
11
0.3273627165354331
21
0.0995227952755905
0
LINE
8
BLACK
6
CONTINUOUS
10
0.3273627165354331
20
0.0995227952755905
11
0.3254879527559055
21
0.1032723228346457
0
LINE
8
BLACK
6
CONTINUOUS
10
0.3254879527559055
20
0.1032723228346457
11
0.325281062992126
21
0.1038129527559055
0
LINE
8
BLACK
6
CONTINUOUS
10
0.325281062992126
20
0.1038129527559055
11
0.3252735433070866
21
0.1039187795275591
0
LINE
8
BLACK
6
CONTINUOUS
10
0.3252735433070866
20
0.1039187795275591
11
0.3252329527559055
21
0.1040167716535433
0
LINE
8
BLACK
6
CONTINUOUS
10
0.3252329527559055
20
0.1040167716535433
11
0.3251762204724409
21
0.1045928346456693
0
LINE
8
BLACK
6
CONTINUOUS
10
0.3251762204724409
20
0.1045928346456693
11
0.3251762204724409
21
0.1139666535433071
0
LINE
8
BLACK
6
CONTINUOUS
10
0.3251762204724409
20
0.1139666535433071
11
0.3252329527559055
21
0.1145427165354331
0
LINE
8
BLACK
6
CONTINUOUS
10
0.3252329527559055
20
0.1145427165354331
11
0.3252735433070866
21
0.1146407480314961
0
LINE
8
BLACK
6
CONTINUOUS
10
0.3252735433070866
20
0.1146407480314961
11
0.325281062992126
21
0.1147465354330709
0
LINE
8
BLACK
6
CONTINUOUS
10
0.325281062992126
20
0.1147465354330709
11
0.3254879527559055
21
0.1152871653543307
0
LINE
8
BLACK
6
CONTINUOUS
10
0.3254879527559055
20
0.1152871653543307
11
0.3273627165354331
21
0.1190366929133858
0
LINE
8
BLACK
6
CONTINUOUS
10
0.3273627165354331
20
0.1190366929133858
11
0.327518779527559
21
0.1192847244094488
0
LINE
8
BLACK
6
CONTINUOUS
10
0.327518779527559
20
0.1192847244094488
11
0.3275486220472441
21
0.1193566535433071
0
LINE
8
BLACK
6
CONTINUOUS
10
0.3275486220472441
20
0.1193566535433071
11
0.3276150787401575
21
0.1194376377952756
0
LINE
8
BLACK
6
CONTINUOUS
10
0.3276150787401575
20
0.1194376377952756
11
0.3276710629921259
21
0.1195265748031496
0
LINE
8
BLACK
6
CONTINUOUS
10
0.3276710629921259
20
0.1195265748031496
11
0.3277300393700787
21
0.1195777559055118
0
LINE
8
BLACK
6
CONTINUOUS
10
0.3277300393700787
20
0.1195777559055118
11
0.3279158267716535
21
0.119804094488189
0
LINE
8
BLACK
6
CONTINUOUS
10
0.3279158267716535
20
0.119804094488189
11
0.3297905905511811
21
0.1216788582677165
0
LINE
8
BLACK
6
CONTINUOUS
10
0.3297905905511811
20
0.1216788582677165
11
0.3300169291338583
21
0.1218646456692913
0
LINE
8
BLACK
6
CONTINUOUS
10
0.3300169291338583
20
0.1218646456692913
11
0.3300681102362205
21
0.1219236220472441
0
LINE
8
BLACK
6
CONTINUOUS
10
0.3300681102362205
20
0.1219236220472441
11
0.3301570472440945
21
0.1219796062992126
0
LINE
8
BLACK
6
CONTINUOUS
10
0.3301570472440945
20
0.1219796062992126
11
0.330238031496063
21
0.122046062992126
0
LINE
8
BLACK
6
CONTINUOUS
10
0.330238031496063
20
0.122046062992126
11
0.3303099606299212
21
0.122075905511811
0
LINE
8
BLACK
6
CONTINUOUS
10
0.3303099606299212
20
0.122075905511811
11
0.3305579921259842
21
0.122231968503937
0
LINE
8
BLACK
6
CONTINUOUS
10
0.3305579921259842
20
0.122231968503937
11
0.3343075196850394
21
0.1241067322834646
0
LINE
8
BLACK
6
CONTINUOUS
10
0.3343075196850394
20
0.1241067322834646
11
0.3348396850393701
21
0.1243104330708661
0
LINE
8
BLACK
6
CONTINUOUS
10
0.3348396850393701
20
0.1243104330708661
11
0.3259068110236221
21
0.1345194094488189
0
LINE
8
BLACK
6
CONTINUOUS
10
0.3259068110236221
20
0.1345194094488189
11
0.325728779527559
21
0.1347684251968504
0
LINE
8
BLACK
6
CONTINUOUS
10
0.325728779527559
20
0.1347684251968504
11
0.3256738582677166
21
0.1348233464566929
0
LINE
8
BLACK
6
CONTINUOUS
10
0.3256738582677166
20
0.1348233464566929
11
0.3256522440944882
21
0.1348754724409449
0
LINE
8
BLACK
6
CONTINUOUS
10
0.3256522440944882
20
0.1348754724409449
11
0.3255701574803149
21
0.1349903149606299
0
LINE
8
BLACK
6
CONTINUOUS
10
0.3255701574803149
20
0.1349903149606299
11
0.3254165354330709
21
0.1354445669291338
0
LINE
8
BLACK
6
CONTINUOUS
10
0.3254165354330709
20
0.1354445669291338
11
0.3252329527559055
21
0.1358877559055118
0
LINE
8
BLACK
6
CONTINUOUS
10
0.3252329527559055
20
0.1358877559055118
11
0.3252329527559055
21
0.1359874015748032
0
LINE
8
BLACK
6
CONTINUOUS
10
0.3252329527559055
20
0.1359874015748032
11
0.325201062992126
21
0.1360816929133858
0
LINE
8
BLACK
6
CONTINUOUS
10
0.325201062992126
20
0.1360816929133858
11
0.3252329527559055
21
0.1365601968503937
0
LINE
8
BLACK
6
CONTINUOUS
10
0.3252329527559055
20
0.1365601968503937
11
0.3252329527559055
21
0.1370398818897638
0
LINE
8
BLACK
6
CONTINUOUS
10
0.3252329527559055
20
0.1370398818897638
11
0.3252710236220472
21
0.1371318897637795
0
LINE
8
BLACK
6
CONTINUOUS
10
0.3252710236220472
20
0.1371318897637795
11
0.3252776771653543
21
0.1372312204724409
0
LINE
8
BLACK
6
CONTINUOUS
10
0.3252776771653543
20
0.1372312204724409
11
0.3254903543307087
21
0.1376613779527559
0
LINE
8
BLACK
6
CONTINUOUS
10
0.3254903543307087
20
0.1376613779527559
11
0.3256738582677166
21
0.1381042913385827
0
LINE
8
BLACK
6
CONTINUOUS
10
0.3256738582677166
20
0.1381042913385827
11
0.3257441732283464
21
0.1381746456692913
0
LINE
8
BLACK
6
CONTINUOUS
10
0.3257441732283464
20
0.1381746456692913
11
0.3257883858267717
21
0.1382639763779528
0
LINE
8
BLACK
6
CONTINUOUS
10
0.3257883858267717
20
0.1382639763779528
11
0.3261494881889764
21
0.1385799606299213
0
LINE
8
BLACK
6
CONTINUOUS
10
0.3261494881889764
20
0.1385799606299213
11
0.3264885039370078
21
0.138918937007874
0
LINE
8
BLACK
6
CONTINUOUS
10
0.3264885039370078
20
0.138918937007874
11
0.3265804724409448
21
0.1389570866141732
0
LINE
8
BLACK
6
CONTINUOUS
10
0.3265804724409448
20
0.1389570866141732
11
0.3266554724409449
21
0.1390226377952756
0
LINE
8
BLACK
6
CONTINUOUS
10
0.3266554724409449
20
0.1390226377952756
11
0.32710968503937
21
0.1391762598425197
0
LINE
8
BLACK
6
CONTINUOUS
10
0.32710968503937
20
0.1391762598425197
11
0.3275529133858268
21
0.139359842519685
0
LINE
8
BLACK
6
CONTINUOUS
10
0.3275529133858268
20
0.139359842519685
11
0.3276934645669291
21
0.1393737007874016
0
LINE
8
BLACK
6
CONTINUOUS
10
0.3276934645669291
20
0.1393737007874016
11
0.3277468503937008
21
0.1393917322834646
0
LINE
8
BLACK
6
CONTINUOUS
10
0.3277468503937008
20
0.1393917322834646
11
0.3278242913385827
21
0.1393865748031496
0
LINE
8
BLACK
6
CONTINUOUS
10
0.3278242913385827
20
0.1393865748031496
11
0.3281289763779527
21
0.1394165748031496
0
LINE
8
BLACK
6
CONTINUOUS
10
0.3281289763779527
20
0.1394165748031496
11
0.352500905511811
21
0.1394165748031496
0
LINE
8
BLACK
6
CONTINUOUS
10
0.352500905511811
20
0.1394165748031496
11
0.353076968503937
21
0.139359842519685
0
LINE
8
BLACK
6
CONTINUOUS
10
0.3691395275590551
20
0.138918937007874
11
0.3699541732283465
21
0.1381042913385827
0
LINE
8
BLACK
6
CONTINUOUS
10
0.3699541732283465
20
0.1381042913385827
11
0.3703950787401575
21
0.1370398818897638
0
LINE
8
BLACK
6
CONTINUOUS
10
0.3703950787401575
20
0.1370398818897638
11
0.370451811023622
21
0.1364638188976378
0
LINE
8
BLACK
6
CONTINUOUS
10
0.370451811023622
20
0.1364638188976378
11
0.370451811023622
21
0.1052898818897638
0
LINE
8
BLACK
6
CONTINUOUS
10
0.370451811023622
20
0.1052898818897638
11
0.3718005511811023
21
0.1025924015748031
0
LINE
8
BLACK
6
CONTINUOUS
10
0.3718005511811023
20
0.1025924015748031
11
0.3729976771653543
21
0.1013952362204724
0
LINE
8
BLACK
6
CONTINUOUS
10
0.3729976771653543
20
0.1013952362204724
11
0.375695157480315
21
0.1000464960629921
0
LINE
8
BLACK
6
CONTINUOUS
10
0.375695157480315
20
0.1000464960629921
11
0.3818001181102362
21
0.1000464960629921
0
LINE
8
BLACK
6
CONTINUOUS
10
0.3818001181102362
20
0.1000464960629921
11
0.3844975590551181
21
0.1013952362204724
0
LINE
8
BLACK
6
CONTINUOUS
10
0.3844975590551181
20
0.1013952362204724
11
0.38569468503937
21
0.1025924015748031
0
LINE
8
BLACK
6
CONTINUOUS
10
0.38569468503937
20
0.1025924015748031
11
0.3870434645669291
21
0.1052898818897638
0
LINE
8
BLACK
6
CONTINUOUS
10
0.3870434645669291
20
0.1052898818897638
11
0.3870434645669291
21
0.1364638188976378
0
LINE
8
BLACK
6
CONTINUOUS
10
0.3870434645669291
20
0.1364638188976378
11
0.3871001968503937
21
0.1370398818897638
0
LINE
8
BLACK
6
CONTINUOUS
10
0.3871001968503937
20
0.1370398818897638
11
0.3875411023622047
21
0.1381042913385827
0
LINE
8
BLACK
6
CONTINUOUS
10
0.3875411023622047
20
0.1381042913385827
11
0.388355748031496
21
0.138918937007874
0
LINE
8
BLACK
6
CONTINUOUS
10
0.388355748031496
20
0.138918937007874
11
0.3894201574803149
21
0.139359842519685
0
LINE
8
BLACK
6
CONTINUOUS
10
0.3894201574803149
20
0.139359842519685
11
0.3905722834645669
21
0.139359842519685
0
LINE
8
BLACK
6
CONTINUOUS
10
0.3905722834645669
20
0.139359842519685
11
0.3916366929133858
21
0.138918937007874
0
LINE
8
BLACK
6
CONTINUOUS
10
0.3916366929133858
20
0.138918937007874
11
0.3924513385826772
21
0.1381042913385827
0
LINE
8
BLACK
6
CONTINUOUS
10
0.3924513385826772
20
0.1381042913385827
11
0.3928922440944882
21
0.1370398818897638
0
LINE
8
BLACK
6
CONTINUOUS
10
0.3928922440944882
20
0.1370398818897638
11
0.3929489763779527
21
0.1364638188976378
0
LINE
8
BLACK
6
CONTINUOUS
10
0.3929489763779527
20
0.1364638188976378
11
0.3929489763779527
21
0.1045928346456693
0
LINE
8
BLACK
6
CONTINUOUS
10
0.3929489763779527
20
0.1045928346456693
11
0.3928922440944882
21
0.1040167716535433
0
LINE
8
BLACK
6
CONTINUOUS
10
0.3928922440944882
20
0.1040167716535433
11
0.3928516535433071
21
0.1039188188976378
0
LINE
8
BLACK
6
CONTINUOUS
10
0.3928516535433071
20
0.1039188188976378
11
0.3928441338582677
21
0.1038129133858268
0
LINE
8
BLACK
6
CONTINUOUS
10
0.3928441338582677
20
0.1038129133858268
11
0.3926372440944882
21
0.1032723228346457
0
LINE
8
BLACK
6
CONTINUOUS
10
0.3926372440944882
20
0.1032723228346457
11
0.3907624803149606
21
0.0995227952755905
0
LINE
8
BLACK
6
CONTINUOUS
10
0.3907624803149606
20
0.0995227952755905
11
0.3906064173228346
21
0.0992749212598425
0
LINE
8
BLACK
6
CONTINUOUS
10
0.3906064173228346
20
0.0992749212598425
11
0.3905766141732284
21
0.099202874015748
0
LINE
8
BLACK
6
CONTINUOUS
10
0.3905766141732284
20
0.099202874015748
11
0.3905100787401575
21
0.0991218503937008
0
LINE
8
BLACK
6
CONTINUOUS
10
0.3905100787401575
20
0.0991218503937008
11
0.3904541338582677
21
0.0990329133858268
0
LINE
8
BLACK
6
CONTINUOUS
10
0.3904541338582677
20
0.0990329133858268
11
0.3903951181102362
21
0.0989817716535433
0
LINE
8
BLACK
6
CONTINUOUS
10
0.3903951181102362
20
0.0989817716535433
11
0.3902093700787401
21
0.0987553937007874
0
LINE
8
BLACK
6
CONTINUOUS
10
0.3902093700787401
20
0.0987553937007874
11
0.3883346456692913
21
0.0968806299212598
0
LINE
8
BLACK
6
CONTINUOUS
10
0.3883346456692913
20
0.0968806299212598
11
0.3881082677165354
21
0.0966948818897638
0
LINE
8
BLACK
6
CONTINUOUS
10
0.3881082677165354
20
0.0966948818897638
11
0.3880570866141732
21
0.0966358267716535
0
LINE
8
BLACK
6
CONTINUOUS
10
0.3880570866141732
20
0.0966358267716535
11
0.3879681102362205
21
0.096579842519685
0
LINE
8
BLACK
6
CONTINUOUS
10
0.3879681102362205
20
0.096579842519685
11
0.3878871653543307
21
0.0965133858267717
0
LINE
8
BLACK
6
CONTINUOUS
10
0.3878871653543307
20
0.0965133858267717
11
0.3878151968503937
21
0.0964835826771653
0
LINE
8
BLACK
6
CONTINUOUS
10
0.3878151968503937
20
0.0964835826771653
11
0.3875672047244094
21
0.0963274803149606
0
LINE
8
BLACK
6
CONTINUOUS
10
0.3875672047244094
20
0.0963274803149606
11
0.3838176771653543
21
0.0944527165354331
0
LINE
8
BLACK
6
CONTINUOUS
10
0.3838176771653543
20
0.0944527165354331
11
0.3832770472440945
21
0.0942458267716535
0
LINE
8
BLACK
6
CONTINUOUS
10
0.3832770472440945
20
0.0942458267716535
11
0.383171220472441
21
0.0942383464566929
0
LINE
8
BLACK
6
CONTINUOUS
10
0.383171220472441
20
0.0942383464566929
11
0.3830732283464567
21
0.0941977165354331
0
LINE
8
BLACK
6
CONTINUOUS
10
0.3830732283464567
20
0.0941977165354331
11
0.3824971653543307
21
0.0941409842519685
0
LINE
8
BLACK
6
CONTINUOUS
10
0.3824971653543307
20
0.0941409842519685
11
0.3749981102362205
21
0.0941409842519685
0
LINE
8
BLACK
6
CONTINUOUS
10
0.3749981102362205
20
0.0941409842519685
11
0.3744220472440945
21
0.0941977165354331
0
LINE
8
BLACK
6
CONTINUOUS
10
0.3744220472440945
20
0.0941977165354331
11
0.3743240551181102
21
0.0942383070866142
0
LINE
8
BLACK
6
CONTINUOUS
10
0.3743240551181102
20
0.0942383070866142
11
0.3742181889763779
21
0.0942458267716535
0
LINE
8
BLACK
6
CONTINUOUS
10
0.3742181889763779
20
0.0942458267716535
11
0.3736775984251968
21
0.0944527165354331
0
LINE
8
BLACK
6
CONTINUOUS
10
0.3736775984251968
20
0.0944527165354331
11
0.3699280708661417
21
0.0963274803149606
0
LINE
8
BLACK
6
CONTINUOUS
10
0.3699280708661417
20
0.0963274803149606
11
0.3696800393700787
21
0.0964835826771653
0
LINE
8
BLACK
6
CONTINUOUS
10
0.3696800393700787
20
0.0964835826771653
11
0.3696081102362205
21
0.0965133858267717
0
LINE
8
BLACK
6
CONTINUOUS
10
0.3696081102362205
20
0.0965133858267717
11
0.369527125984252
21
0.096579842519685
0
LINE
8
BLACK
6
CONTINUOUS
10
0.369527125984252
20
0.096579842519685
11
0.3694381889763779
21
0.0966358267716535
0
LINE
8
BLACK
6
CONTINUOUS
10
0.3694381889763779
20
0.0966358267716535
11
0.369386968503937
21
0.0966948818897638
0
LINE
8
BLACK
6
CONTINUOUS
10
0.369386968503937
20
0.0966948818897638
11
0.3691606299212598
21
0.0968806299212598
0
LINE
8
BLACK
6
CONTINUOUS
10
0.3691606299212598
20
0.0968806299212598
11
0.3672858661417323
21
0.0987554330708661
0
LINE
8
BLACK
6
CONTINUOUS
10
0.3672858661417323
20
0.0987554330708661
11
0.3671001181102362
21
0.0989817716535433
0
LINE
8
BLACK
6
CONTINUOUS
10
0.3671001181102362
20
0.0989817716535433
11
0.3670411417322835
21
0.0990329133858268
0
LINE
8
BLACK
6
CONTINUOUS
10
0.3670411417322835
20
0.0990329133858268
11
0.366985157480315
21
0.0991218503937008
0
LINE
8
BLACK
6
CONTINUOUS
10
0.366985157480315
20
0.0991218503937008
11
0.3669186614173228
21
0.099202874015748
0
LINE
8
BLACK
6
CONTINUOUS
10
0.3669186614173228
20
0.099202874015748
11
0.3668888188976378
21
0.0992749212598425
0
LINE
8
BLACK
6
CONTINUOUS
10
0.3668888188976378
20
0.0992749212598425
11
0.3667327952755906
21
0.0995227952755905
0
LINE
8
BLACK
6
CONTINUOUS
10
0.3667327952755906
20
0.0995227952755905
11
0.364858031496063
21
0.1032723228346457
0
LINE
8
BLACK
6
CONTINUOUS
10
0.364858031496063
20
0.1032723228346457
11
0.3646511417322835
21
0.1038129527559055
0
LINE
8
BLACK
6
CONTINUOUS
10
0.3646511417322835
20
0.1038129527559055
11
0.3646436220472441
21
0.1039187795275591
0
LINE
8
BLACK
6
CONTINUOUS
10
0.3646436220472441
20
0.1039187795275591
11
0.364603031496063
21
0.1040167716535433
0
LINE
8
BLACK
6
CONTINUOUS
10
0.364603031496063
20
0.1040167716535433
11
0.3645462992125984
21
0.1045928346456693
0
LINE
8
BLACK
6
CONTINUOUS
10
0.3645462992125984
20
0.1045928346456693
11
0.3645462992125984
21
0.1364638188976378
0
LINE
8
BLACK
6
CONTINUOUS
10
0.3645462992125984
20
0.1364638188976378
11
0.364603031496063
21
0.1370398818897638
0
LINE
8
BLACK
6
CONTINUOUS
10
0.364603031496063
20
0.1370398818897638
11
0.365043937007874
21
0.1381042913385827
0
LINE
8
BLACK
6
CONTINUOUS
10
0.365043937007874
20
0.1381042913385827
11
0.3658585826771654
21
0.138918937007874
0
LINE
8
BLACK
6
CONTINUOUS
10
0.3658585826771654
20
0.138918937007874
11
0.3669229921259842
21
0.139359842519685
0
LINE
8
BLACK
6
CONTINUOUS
10
0.3669229921259842
20
0.139359842519685
11
0.3680751181102362
21
0.139359842519685
0
LINE
8
BLACK
6
CONTINUOUS
10
0.3680751181102362
20
0.139359842519685
11
0.3691395275590551
21
0.138918937007874
0
LINE
8
BLACK
6
CONTINUOUS
10
0.2252031889763779
20
0.2015918503937008
11
0.2264816141732283
21
0.2003134251968504
0
LINE
8
BLACK
6
CONTINUOUS
10
0.2264816141732283
20
0.2003134251968504
11
0.2264816141732283
21
0.1985054724409449
0
LINE
8
BLACK
6
CONTINUOUS
10
0.2264816141732283
20
0.1985054724409449
11
0.2252031889763779
21
0.1972270472440945
0
LINE
8
BLACK
6
CONTINUOUS
10
0.2252031889763779
20
0.1972270472440945
11
0.2242992125984252
21
0.1970472440944882
0
LINE
8
BLACK
6
CONTINUOUS
10
0.2242992125984252
20
0.1970472440944882
11
0.1876850393700787
21
0.1970472440944882
0
LINE
8
BLACK
6
CONTINUOUS
10
0.1876850393700787
20
0.1970472440944882
11
0.1876850393700787
21
0.1285433070866142
0
LINE
8
BLACK
6
CONTINUOUS
10
0.1876850393700787
20
0.1285433070866142
11
0.1875052362204724
21
0.1276393307086614
0
LINE
8
BLACK
6
CONTINUOUS
10
0.1875052362204724
20
0.1276393307086614
11
0.186226811023622
21
0.126360905511811
0
LINE
8
BLACK
6
CONTINUOUS
10
0.186226811023622
20
0.126360905511811
11
0.1853228346456693
21
0.1261811023622047
0
LINE
8
BLACK
6
CONTINUOUS
10
0.1853228346456693
20
0.1261811023622047
11
0.1282362204724409
21
0.1261811023622047
0
LINE
8
BLACK
6
CONTINUOUS
10
0.1282362204724409
20
0.1261811023622047
11
0.1273322440944882
21
0.126360905511811
0
LINE
8
BLACK
6
CONTINUOUS
10
0.1273322440944882
20
0.126360905511811
11
0.1260538188976378
21
0.1276393307086614
0
LINE
8
BLACK
6
CONTINUOUS
10
0.1260538188976378
20
0.1276393307086614
11
0.1260538188976378
21
0.1294472834645669
0
LINE
8
BLACK
6
CONTINUOUS
10
0.1260538188976378
20
0.1294472834645669
11
0.1273322440944882
21
0.1307257086614173
0
LINE
8
BLACK
6
CONTINUOUS
10
0.1273322440944882
20
0.1307257086614173
11
0.1282362204724409
21
0.1309055118110236
0
LINE
8
BLACK
6
CONTINUOUS
10
0.1282362204724409
20
0.1309055118110236
11
0.1829606299212598
21
0.1309055118110236
0
LINE
8
BLACK
6
CONTINUOUS
10
0.1829606299212598
20
0.1309055118110236
11
0.1829606299212598
21
0.1994094488188976
0
LINE
8
BLACK
6
CONTINUOUS
10
0.1829606299212598
20
0.1994094488188976
11
0.1831404330708661
21
0.2003134251968504
0
LINE
8
BLACK
6
CONTINUOUS
10
0.1831404330708661
20
0.2003134251968504
11
0.1844188582677165
21
0.2015918503937008
0
LINE
8
BLACK
6
CONTINUOUS
10
0.1844188582677165
20
0.2015918503937008
11
0.1853228346456693
21
0.2017716535433071
0
LINE
8
BLACK
6
CONTINUOUS
10
0.1853228346456693
20
0.2017716535433071
11
0.2242992125984252
21
0.2017716535433071
0
LINE
8
BLACK
6
CONTINUOUS
10
0.2242992125984252
20
0.2017716535433071
11
0.2252031889763779
21
0.2015918503937008
0
LINE
8
BLACK
6
CONTINUOUS
10
0.6014120078740157
20
0.1844595669291338
11
0.6015606299212598
21
0.1844595669291338
0
LINE
8
BLACK
6
CONTINUOUS
10
0.6015606299212598
20
0.1844595669291338
11
0.6019592125984252
21
0.1842944881889764
0
LINE
8
BLACK
6
CONTINUOUS
10
0.6019592125984252
20
0.1842944881889764
11
0.6023726377952756
21
0.1841697244094488
0
LINE
8
BLACK
6
CONTINUOUS
10
0.6023726377952756
20
0.1841697244094488
11
0.6024877559055118
21
0.1840755511811024
0
LINE
8
BLACK
6
CONTINUOUS
10
0.6024877559055118
20
0.1840755511811024
11
0.6026250393700787
21
0.1840186614173228
0
LINE
8
BLACK
6
CONTINUOUS
10
0.6026250393700787
20
0.1840186614173228
11
0.6029300787401575
21
0.1837136220472441
0
LINE
8
BLACK
6
CONTINUOUS
10
0.6029300787401575
20
0.1837136220472441
11
0.6032642913385826
21
0.1834401574803149
0
LINE
8
BLACK
6
CONTINUOUS
10
0.6032642913385826
20
0.1834401574803149
11
0.6033345669291339
21
0.1833091338582677
0
LINE
8
BLACK
6
CONTINUOUS
10
0.6033345669291339
20
0.1833091338582677
11
0.6034397244094488
21
0.1832039763779527
0
LINE
8
BLACK
6
CONTINUOUS
10
0.6034397244094488
20
0.1832039763779527
11
0.6036048031496063
21
0.1828053937007874
0
LINE
8
BLACK
6
CONTINUOUS
10
0.6036048031496063
20
0.1828053937007874
11
0.603808937007874
21
0.1824249212598425
0
LINE
8
BLACK
6
CONTINUOUS
10
0.603808937007874
20
0.1824249212598425
11
0.6038237007874016
21
0.1822769291338583
0
LINE
8
BLACK
6
CONTINUOUS
10
0.6038237007874016
20
0.1822769291338583
11
0.6038806299212598
21
0.1821395669291339
0
LINE
8
BLACK
6
CONTINUOUS
10
0.6038806299212598
20
0.1821395669291339
11
0.6038806299212598
21
0.181708031496063
0
LINE
8
BLACK
6
CONTINUOUS
10
0.6038806299212598
20
0.181708031496063
11
0.6039235826771654
21
0.1812785039370079
0
LINE
8
BLACK
6
CONTINUOUS
10
0.6039235826771654
20
0.1812785039370079
11
0.6038806299212598
21
0.1811361811023622
0
LINE
8
BLACK
6
CONTINUOUS
10
0.6038806299212598
20
0.1811361811023622
11
0.6038806299212598
21
0.1809874803149606
0
LINE
8
BLACK
6
CONTINUOUS
10
0.6038806299212598
20
0.1809874803149606
11
0.6037154724409449
21
0.1805888188976378
0
LINE
8
BLACK
6
CONTINUOUS
10
0.6037154724409449
20
0.1805888188976378
11
0.6035907874015748
21
0.1801755118110236
0
LINE
8
BLACK
6
CONTINUOUS
10
0.6035907874015748
20
0.1801755118110236
11
0.6034966141732283
21
0.1800604330708661
0
LINE
8
BLACK
6
CONTINUOUS
10
0.6034966141732283
20
0.1800604330708661
11
0.6034397244094488
21
0.1799230708661417
0
LINE
8
BLACK
6
CONTINUOUS
10
0.6034397244094488
20
0.1799230708661417
11
0.6030725196850394
21
0.1794756299212598
0
LINE
8
BLACK
6
CONTINUOUS
10
0.6030725196850394
20
0.1794756299212598
11
0.6015365748031496
21
0.1779396850393701
0
LINE
8
BLACK
6
CONTINUOUS
10
0.6015365748031496
20
0.1779396850393701
11
0.6001878346456693
21
0.1752422047244094
0
LINE
8
BLACK
6
CONTINUOUS
10
0.6001878346456693
20
0.1752422047244094
11
0.6001878346456693
21
0.1672624803149606
0
LINE
8
BLACK
6
CONTINUOUS
10
0.6001878346456693
20
0.1672624803149606
11
0.6015365748031496
21
0.164565
0
LINE
8
BLACK
6
CONTINUOUS
10
0.6015365748031496
20
0.164565
11
0.6027337007874015
21
0.163367874015748
0
LINE
8
BLACK
6
CONTINUOUS
10
0.6027337007874015
20
0.163367874015748
11
0.6054311811023622
21
0.1620191338582677
0
LINE
8
BLACK
6
CONTINUOUS
10
0.6054311811023622
20
0.1620191338582677
11
0.613410905511811
21
0.1620191338582677
0
LINE
8
BLACK
6
CONTINUOUS
10
0.613410905511811
20
0.1620191338582677
11
0.6161083858267716
21
0.1633679133858268
0
LINE
8
BLACK
6
CONTINUOUS
10
0.6161083858267716
20
0.1633679133858268
11
0.6173055511811023
21
0.1645650393700787
0
LINE
8
BLACK
6
CONTINUOUS
10
0.6173055511811023
20
0.1645650393700787
11
0.6186542913385826
21
0.1672624803149606
0
LINE
8
BLACK
6
CONTINUOUS
10
0.6186542913385826
20
0.1672624803149606
11
0.6186542913385826
21
0.1752422047244094
0
LINE
8
BLACK
6
CONTINUOUS
10
0.6186542913385826
20
0.1752422047244094
11
0.6173055511811023
21
0.1779396850393701
0
LINE
8
BLACK
6
CONTINUOUS
10
0.6173055511811023
20
0.1779396850393701
11
0.6157696062992126
21
0.1794755905511811
0
LINE
8
BLACK
6
CONTINUOUS
10
0.6157696062992126
20
0.1794755905511811
11
0.6154023622047244
21
0.1799230708661417
0
LINE
8
BLACK
6
CONTINUOUS
10
0.6154023622047244
20
0.1799230708661417
11
0.6149614566929134
21
0.1809874803149606
0
LINE
8
BLACK
6
CONTINUOUS
10
0.6149614566929134
20
0.1809874803149606
11
0.6149614566929134
21
0.1821395669291339
0
LINE
8
BLACK
6
CONTINUOUS
10
0.6149614566929134
20
0.1821395669291339
11
0.6154023228346457
21
0.1832039763779527
0
LINE
8
BLACK
6
CONTINUOUS
10
0.6154023228346457
20
0.1832039763779527
11
0.6162170078740158
21
0.1840186614173228
0
LINE
8
BLACK
6
CONTINUOUS
10
0.6162170078740158
20
0.1840186614173228
11
0.6172814173228346
21
0.1844595669291338
0
LINE
8
BLACK
6
CONTINUOUS
10
0.6172814173228346
20
0.1844595669291338
11
0.6184335039370079
21
0.1844595669291338
0
LINE
8
BLACK
6
CONTINUOUS
10
0.6184335039370079
20
0.1844595669291338
11
0.6194979133858267
21
0.1840187007874016
0
LINE
8
BLACK
6
CONTINUOUS
10
0.6194979133858267
20
0.1840187007874016
11
0.6199453543307086
21
0.1836514960629921
0
LINE
8
BLACK
6
CONTINUOUS
10
0.6199453543307086
20
0.1836514960629921
11
0.6218201574803149
21
0.1817767322834646
0
LINE
8
BLACK
6
CONTINUOUS
10
0.6218201574803149
20
0.1817767322834646
11
0.622005905511811
21
0.1815503937007874
0
LINE
8
BLACK
6
CONTINUOUS
10
0.622005905511811
20
0.1815503937007874
11
0.6220649606299212
21
0.1814991732283464
0
LINE
8
BLACK
6
CONTINUOUS
10
0.6220649606299212
20
0.1814991732283464
11
0.6221209448818897
21
0.1814102362204724
0
LINE
8
BLACK
6
CONTINUOUS
10
0.6221209448818897
20
0.1814102362204724
11
0.6221874015748031
21
0.1813292519685039
0
LINE
8
BLACK
6
CONTINUOUS
10
0.6221874015748031
20
0.1813292519685039
11
0.6222172047244094
21
0.1812573228346457
0
LINE
8
BLACK
6
CONTINUOUS
10
0.6222172047244094
20
0.1812573228346457
11
0.6223733070866142
21
0.1810092913385827
0
LINE
8
BLACK
6
CONTINUOUS
10
0.6223733070866142
20
0.1810092913385827
11
0.6242480708661418
21
0.1772597637795276
0
LINE
8
BLACK
6
CONTINUOUS
10
0.6242480708661418
20
0.1772597637795276
11
0.6244549606299212
21
0.1767191732283465
0
LINE
8
BLACK
6
CONTINUOUS
10
0.6244549606299212
20
0.1767191732283465
11
0.6244624803149607
21
0.1766133070866142
0
LINE
8
BLACK
6
CONTINUOUS
10
0.6244624803149607
20
0.1766133070866142
11
0.6245030708661418
21
0.1765153149606299
0
LINE
8
BLACK
6
CONTINUOUS
10
0.6245030708661418
20
0.1765153149606299
11
0.6245598031496062
21
0.1759392519685039
0
LINE
8
BLACK
6
CONTINUOUS
10
0.6245598031496062
20
0.1759392519685039
11
0.6245598031496062
21
0.1665654330708661
0
LINE
8
BLACK
6
CONTINUOUS
10
0.6245598031496062
20
0.1665654330708661
11
0.6245030708661418
21
0.1659893700787402
0
LINE
8
BLACK
6
CONTINUOUS
10
0.6245030708661418
20
0.1659893700787402
11
0.6244624803149607
21
0.1658914173228346
0
LINE
8
BLACK
6
CONTINUOUS
10
0.6244624803149607
20
0.1658914173228346
11
0.6244549606299212
21
0.1657855118110236
0
LINE
8
BLACK
6
CONTINUOUS
10
0.6244549606299212
20
0.1657855118110236
11
0.6242480708661418
21
0.1652449212598425
0
LINE
8
BLACK
6
CONTINUOUS
10
0.6242480708661418
20
0.1652449212598425
11
0.6223733070866142
21
0.1614953937007874
0
LINE
8
BLACK
6
CONTINUOUS
10
0.6223733070866142
20
0.1614953937007874
11
0.6222172047244094
21
0.1612474015748031
0
LINE
8
BLACK
6
CONTINUOUS
10
0.6222172047244094
20
0.1612474015748031
11
0.6221874015748031
21
0.1611754330708661
0
LINE
8
BLACK
6
CONTINUOUS
10
0.6221874015748031
20
0.1611754330708661
11
0.6221209448818897
21
0.1610944881889764
0
LINE
8
BLACK
6
CONTINUOUS
10
0.6221209448818897
20
0.1610944881889764
11
0.6220649606299212
21
0.1610055118110236
0
LINE
8
BLACK
6
CONTINUOUS
10
0.6220649606299212
20
0.1610055118110236
11
0.622005905511811
21
0.1609543307086614
0
LINE
8
BLACK
6
CONTINUOUS
10
0.622005905511811
20
0.1609543307086614
11
0.6218201574803149
21
0.1607279527559055
0
LINE
8
BLACK
6
CONTINUOUS
10
0.6218201574803149
20
0.1607279527559055
11
0.6199453543307086
21
0.158853188976378
0
LINE
8
BLACK
6
CONTINUOUS
10
0.6199453543307086
20
0.158853188976378
11
0.6197190157480315
21
0.1586674803149606
0
LINE
8
BLACK
6
CONTINUOUS
10
0.6197190157480315
20
0.1586674803149606
11
0.619667874015748
21
0.1586084645669291
0
LINE
8
BLACK
6
CONTINUOUS
10
0.619667874015748
20
0.1586084645669291
11
0.619578937007874
21
0.1585525196850394
0
LINE
8
BLACK
6
CONTINUOUS
10
0.619578937007874
20
0.1585525196850394
11
0.6194979133858267
21
0.1584859842519685
0
LINE
8
BLACK
6
CONTINUOUS
10
0.6194979133858267
20
0.1584859842519685
11
0.6194258661417322
21
0.1584561811023622
0
LINE
8
BLACK
6
CONTINUOUS
10
0.6194258661417322
20
0.1584561811023622
11
0.6191779921259842
21
0.1583001181102362
0
LINE
8
BLACK
6
CONTINUOUS
10
0.6191779921259842
20
0.1583001181102362
11
0.6154284645669291
21
0.1564253543307087
0
LINE
8
BLACK
6
CONTINUOUS
10
0.6154284645669291
20
0.1564253543307087
11
0.6148878346456693
21
0.1562184645669291
0
LINE
8
BLACK
6
CONTINUOUS
10
0.6148878346456693
20
0.1562184645669291
11
0.6147820078740157
21
0.1562109842519685
0
LINE
8
BLACK
6
CONTINUOUS
10
0.6147820078740157
20
0.1562109842519685
11
0.6146840157480314
21
0.1561703543307087
0
LINE
8
BLACK
6
CONTINUOUS
10
0.6146840157480314
20
0.1561703543307087
11
0.6141079527559055
21
0.1561136220472441
0
LINE
8
BLACK
6
CONTINUOUS
10
0.6141079527559055
20
0.1561136220472441
11
0.6047341338582677
21
0.1561136220472441
0
LINE
8
BLACK
6
CONTINUOUS
10
0.6047341338582677
20
0.1561136220472441
11
0.6041580708661417
21
0.1561703543307087
0
LINE
8
BLACK
6
CONTINUOUS
10
0.6041580708661417
20
0.1561703543307087
11
0.6040600787401574
21
0.1562109448818898
0
LINE
8
BLACK
6
CONTINUOUS
10
0.6040600787401574
20
0.1562109448818898
11
0.6039542125984252
21
0.1562184645669291
0
LINE
8
BLACK
6
CONTINUOUS
10
0.6039542125984252
20
0.1562184645669291
11
0.6034136220472441
21
0.1564253543307087
0
LINE
8
BLACK
6
CONTINUOUS
10
0.6034136220472441
20
0.1564253543307087
11
0.5996640944881889
21
0.1583001181102362
0
LINE
8
BLACK
6
CONTINUOUS
10
0.5996640944881889
20
0.1583001181102362
11
0.599416062992126
21
0.1584562204724409
0
LINE
8
BLACK
6
CONTINUOUS
10
0.599416062992126
20
0.1584562204724409
11
0.5993441338582677
21
0.1584860236220473
0
LINE
8
BLACK
6
CONTINUOUS
10
0.5993441338582677
20
0.1584860236220473
11
0.5992631496062992
21
0.1585525196850394
0
LINE
8
BLACK
6
CONTINUOUS
10
0.5992631496062992
20
0.1585525196850394
11
0.5991742125984252
21
0.1586084645669291
0
LINE
8
BLACK
6
CONTINUOUS
10
0.5991742125984252
20
0.1586084645669291
11
0.5991230314960629
21
0.1586674803149606
0
LINE
8
BLACK
6
CONTINUOUS
10
0.5991230314960629
20
0.1586674803149606
11
0.5988966929133858
21
0.1588532283464567
0
LINE
8
BLACK
6
CONTINUOUS
10
0.5988966929133858
20
0.1588532283464567
11
0.5970219291338582
21
0.1607279921259842
0
LINE
8
BLACK
6
CONTINUOUS
10
0.5970219291338582
20
0.1607279921259842
11
0.5968361417322835
21
0.1609543700787402
0
LINE
8
BLACK
6
CONTINUOUS
10
0.5968361417322835
20
0.1609543700787402
11
0.5967771653543307
21
0.1610055118110236
0
LINE
8
BLACK
6
CONTINUOUS
10
0.5967771653543307
20
0.1610055118110236
11
0.5967211811023622
21
0.1610944881889764
0
LINE
8
BLACK
6
CONTINUOUS
10
0.5967211811023622
20
0.1610944881889764
11
0.5966547244094488
21
0.1611754330708661
0
LINE
8
BLACK
6
CONTINUOUS
10
0.5966547244094488
20
0.1611754330708661
11
0.5966248818897638
21
0.1612474015748031
0
LINE
8
BLACK
6
CONTINUOUS
10
0.5966248818897638
20
0.1612474015748031
11
0.5964688188976378
21
0.1614953937007874
0
LINE
8
BLACK
6
CONTINUOUS
10
0.5964688188976378
20
0.1614953937007874
11
0.5945940551181103
21
0.1652449212598425
0
LINE
8
BLACK
6
CONTINUOUS
10
0.5945940551181103
20
0.1652449212598425
11
0.5943871653543307
21
0.1657855511811024
0
LINE
8
BLACK
6
CONTINUOUS
10
0.5943871653543307
20
0.1657855511811024
11
0.5943796456692914
21
0.1658913779527559
0
LINE
8
BLACK
6
CONTINUOUS
10
0.5943796456692914
20
0.1658913779527559
11
0.5943390551181102
21
0.1659893700787402
0
LINE
8
BLACK
6
CONTINUOUS
10
0.5943390551181102
20
0.1659893700787402
11
0.5942823228346457
21
0.1665654330708661
0
LINE
8
BLACK
6
CONTINUOUS
10
0.5942823228346457
20
0.1665654330708661
11
0.5942823228346457
21
0.1759392519685039
0
LINE
8
BLACK
6
CONTINUOUS
10
0.5942823228346457
20
0.1759392519685039
11
0.5943390551181102
21
0.1765153149606299
0
LINE
8
BLACK
6
CONTINUOUS
10
0.5943390551181102
20
0.1765153149606299
11
0.5943796456692914
21
0.1766133464566929
0
LINE
8
BLACK
6
CONTINUOUS
10
0.5943796456692914
20
0.1766133464566929
11
0.5943871653543307
21
0.1767191338582677
0
LINE
8
BLACK
6
CONTINUOUS
10
0.5943871653543307
20
0.1767191338582677
11
0.5945940551181103
21
0.1772597637795276
0
LINE
8
BLACK
6
CONTINUOUS
10
0.5945940551181103
20
0.1772597637795276
11
0.5949609842519685
21
0.1779937007874016
0
LINE
8
BLACK
6
CONTINUOUS
10
0.5949609842519685
20
0.1779937007874016
11
0.5851897244094488
21
0.1770165748031496
0
LINE
8
BLACK
6
CONTINUOUS
10
0.5851897244094488
20
0.1770165748031496
11
0.5851897244094488
21
0.1609411417322835
0
LINE
8
BLACK
6
CONTINUOUS
10
0.5851897244094488
20
0.1609411417322835
11
0.5851329921259842
21
0.1603650787401575
0
LINE
8
BLACK
6
CONTINUOUS
10
0.5851329921259842
20
0.1603650787401575
11
0.5846920866141733
21
0.1593006692913386
0
LINE
8
BLACK
6
CONTINUOUS
10
0.5846920866141733
20
0.1593006692913386
11
0.5838774409448819
21
0.1584860236220473
0
LINE
8
BLACK
6
CONTINUOUS
10
0.5838774409448819
20
0.1584860236220473
11
0.582813031496063
21
0.1580451181102362
0
LINE
8
BLACK
6
CONTINUOUS
10
0.582813031496063
20
0.1580451181102362
11
0.581660905511811
21
0.1580451181102362
0
LINE
8
BLACK
6
CONTINUOUS
10
0.581660905511811
20
0.1580451181102362
11
0.5805964960629921
21
0.1584860236220473
0
LINE
8
BLACK
6
CONTINUOUS
10
0.5805964960629921
20
0.1584860236220473
11
0.5797818503937008
21
0.1593006692913386
0
LINE
8
BLACK
6
CONTINUOUS
10
0.5797818503937008
20
0.1593006692913386
11
0.5793409448818897
21
0.1603650787401575
0
LINE
8
BLACK
6
CONTINUOUS
10
0.5793409448818897
20
0.1603650787401575
11
0.5792842125984252
21
0.1609411417322835
0
LINE
8
BLACK
6
CONTINUOUS
10
0.5792842125984252
20
0.1609411417322835
11
0.5792842125984252
21
0.179688779527559
0
LINE
8
BLACK
6
CONTINUOUS
10
0.5792842125984252
20
0.179688779527559
11
0.579305157480315
21
0.1799018503937008
0
LINE
8
BLACK
6
CONTINUOUS
10
0.579305157480315
20
0.1799018503937008
11
0.5792979921259842
21
0.1799738188976378
0
LINE
8
BLACK
6
CONTINUOUS
10
0.5792979921259842
20
0.1799738188976378
11
0.5793191732283465
21
0.1800441732283465
0
LINE
8
BLACK
6
CONTINUOUS
10
0.5793191732283465
20
0.1800441732283465
11
0.5793409448818897
21
0.180264842519685
0
LINE
8
BLACK
6
CONTINUOUS
10
0.5793409448818897
20
0.180264842519685
11
0.5795060629921259
21
0.1806635433070866
0
LINE
8
BLACK
6
CONTINUOUS
10
0.5795060629921259
20
0.1806635433070866
11
0.5796307874015748
21
0.1810768110236221
0
LINE
8
BLACK
6
CONTINUOUS
10
0.5796307874015748
20
0.1810768110236221
11
0.5797249212598425
21
0.1811919291338583
0
LINE
8
BLACK
6
CONTINUOUS
10
0.5797249212598425
20
0.1811919291338583
11
0.5797818503937008
21
0.1813292519685039
0
LINE
8
BLACK
6
CONTINUOUS
10
0.5797818503937008
20
0.1813292519685039
11
0.5800870866141732
21
0.1816345275590551
0
LINE
8
BLACK
6
CONTINUOUS
10
0.5800870866141732
20
0.1816345275590551
11
0.5803603543307086
21
0.1819684645669291
0
LINE
8
BLACK
6
CONTINUOUS
10
0.5803603543307086
20
0.1819684645669291
11
0.5804912992125985
21
0.1820387401574803
0
LINE
8
BLACK
6
CONTINUOUS
10
0.5804912992125985
20
0.1820387401574803
11
0.5805964960629921
21
0.1821438976377953
0
LINE
8
BLACK
6
CONTINUOUS
10
0.5805964960629921
20
0.1821438976377953
11
0.5809952755905512
21
0.182309094488189
0
LINE
8
BLACK
6
CONTINUOUS
10
0.5809952755905512
20
0.182309094488189
11
0.581375590551181
21
0.1825131102362205
0
LINE
8
BLACK
6
CONTINUOUS
10
0.581375590551181
20
0.1825131102362205
11
0.5815930708661418
21
0.1825567322834646
0
LINE
8
BLACK
6
CONTINUOUS
10
0.5815930708661418
20
0.1825567322834646
11
0.581660905511811
21
0.1825848031496063
0
LINE
8
BLACK
6
CONTINUOUS
10
0.581660905511811
20
0.1825848031496063
11
0.5817332283464567
21
0.1825848031496063
0
LINE
8
BLACK
6
CONTINUOUS
10
0.5817332283464567
20
0.1825848031496063
11
0.5819431496062992
21
0.1826268897637795
0
LINE
8
BLACK
6
CONTINUOUS
10
0.5819431496062992
20
0.1826268897637795
11
0.6006907874015748
21
0.1845016535433071
0
LINE
8
BLACK
6
CONTINUOUS
10
0.6006907874015748
20
0.1845016535433071
11
0.6012696456692913
21
0.1845025196850394
0
LINE
8
BLACK
6
CONTINUOUS
10
0.6012696456692913
20
0.1845025196850394
11
0.6014120078740157
21
0.1844595669291338
0
LINE
8
BLACK
6
CONTINUOUS
10
0.5261846062992126
20
0.2054635039370079
11
0.5266581496062992
21
0.2054635039370079
0
LINE
8
BLACK
6
CONTINUOUS
10
0.5266581496062992
20
0.2054635039370079
11
0.526756220472441
21
0.205422874015748
0
LINE
8
BLACK
6
CONTINUOUS
10
0.526756220472441
20
0.205422874015748
11
0.526861968503937
21
0.2054153543307086
0
LINE
8
BLACK
6
CONTINUOUS
10
0.526861968503937
20
0.2054153543307086
11
0.5272850787401575
21
0.2052038188976378
0
LINE
8
BLACK
6
CONTINUOUS
10
0.5272850787401575
20
0.2052038188976378
11
0.5277225590551181
21
0.2050225984251969
0
LINE
8
BLACK
6
CONTINUOUS
10
0.5277225590551181
20
0.2050225984251969
11
0.527797559055118
21
0.2049475984251969
0
LINE
8
BLACK
6
CONTINUOUS
10
0.527797559055118
20
0.2049475984251969
11
0.5278924409448819
21
0.204900157480315
0
LINE
8
BLACK
6
CONTINUOUS
10
0.5278924409448819
20
0.204900157480315
11
0.5282024409448819
21
0.2045427165354331
0
LINE
8
BLACK
6
CONTINUOUS
10
0.5282024409448819
20
0.2045427165354331
11
0.5285372047244095
21
0.2042079527559055
0
LINE
8
BLACK
6
CONTINUOUS
10
0.5285372047244095
20
0.2042079527559055
11
0.5285777952755906
21
0.2041099212598425
0
LINE
8
BLACK
6
CONTINUOUS
10
0.5285777952755906
20
0.2041099212598425
11
0.5286473228346457
21
0.2040297637795276
0
LINE
8
BLACK
6
CONTINUOUS
10
0.5286473228346457
20
0.2040297637795276
11
0.5287969291338582
21
0.2035809448818898
0
LINE
8
BLACK
6
CONTINUOUS
10
0.5287969291338582
20
0.2035809448818898
11
0.5289781102362204
21
0.2031435433070866
0
LINE
8
BLACK
6
CONTINUOUS
10
0.5289781102362204
20
0.2031435433070866
11
0.5289929133858268
21
0.2029929133858268
0
LINE
8
BLACK
6
CONTINUOUS
10
0.5289929133858268
20
0.2029929133858268
11
0.529011653543307
21
0.2029367716535433
0
LINE
8
BLACK
6
CONTINUOUS
10
0.529011653543307
20
0.2029367716535433
11
0.5290061023622047
21
0.2028590551181102
0
LINE
8
BLACK
6
CONTINUOUS
10
0.5290061023622047
20
0.2028590551181102
11
0.529034842519685
21
0.2025674803149606
0
LINE
8
BLACK
6
CONTINUOUS
10
0.529034842519685
20
0.2025674803149606
11
0.529034842519685
21
0.1867725984251968
0
LINE
8
BLACK
6
CONTINUOUS
10
0.529034842519685
20
0.1867725984251968
11
0.5392054724409449
21
0.1867725984251968
0
LINE
8
BLACK
6
CONTINUOUS
10
0.5392054724409449
20
0.1867725984251968
11
0.5397815354330708
21
0.1867158661417323
0
LINE
8
BLACK
6
CONTINUOUS
10
0.5397815354330708
20
0.1867158661417323
11
0.5408459448818898
21
0.1862749606299212
0
LINE
8
BLACK
6
CONTINUOUS
10
0.5408459448818898
20
0.1862749606299212
11
0.5416605905511811
21
0.1854603149606299
0
LINE
8
BLACK
6
CONTINUOUS
10
0.5416605905511811
20
0.1854603149606299
11
0.5421014960629921
21
0.184395905511811
0
LINE
8
BLACK
6
CONTINUOUS
10
0.5421014960629921
20
0.184395905511811
11
0.5421014960629921
21
0.183243779527559
0
LINE
8
BLACK
6
CONTINUOUS
10
0.5421014960629921
20
0.183243779527559
11
0.5416605905511811
21
0.1821793700787402
0
LINE
8
BLACK
6
CONTINUOUS
10
0.5416605905511811
20
0.1821793700787402
11
0.5408459448818898
21
0.1813647244094488
0
LINE
8
BLACK
6
CONTINUOUS
10
0.5408459448818898
20
0.1813647244094488
11
0.5397815354330708
21
0.1809238188976378
0
LINE
8
BLACK
6
CONTINUOUS
10
0.5397815354330708
20
0.1809238188976378
11
0.5392054724409449
21
0.1808670866141732
0
LINE
8
BLACK
6
CONTINUOUS
10
0.5392054724409449
20
0.1808670866141732
11
0.529034842519685
21
0.1808670866141732
0
LINE
8
BLACK
6
CONTINUOUS
10
0.529034842519685
20
0.1808670866141732
11
0.529034842519685
21
0.1781955511811024
0
LINE
8
BLACK
6
CONTINUOUS
10
0.529034842519685
20
0.1781955511811024
11
0.5289781102362204
21
0.1776194881889764
0
LINE
8
BLACK
6
CONTINUOUS
10
0.5289781102362204
20
0.1776194881889764
11
0.5285372047244095
21
0.1765550787401575
0
LINE
8
BLACK
6
CONTINUOUS
10
0.5285372047244095
20
0.1765550787401575
11
0.5277225590551181
21
0.1757404330708661
0
LINE
8
BLACK
6
CONTINUOUS
10
0.5277225590551181
20
0.1757404330708661
11
0.5266581496062992
21
0.1752995275590551
0
LINE
8
BLACK
6
CONTINUOUS
10
0.5266581496062992
20
0.1752995275590551
11
0.5255060236220472
21
0.1752995275590551
0
LINE
8
BLACK
6
CONTINUOUS
10
0.5255060236220472
20
0.1752995275590551
11
0.5244416141732283
21
0.1757404330708661
0
LINE
8
BLACK
6
CONTINUOUS
10
0.5244416141732283
20
0.1757404330708661
11
0.523626968503937
21
0.1765550787401575
0
LINE
8
BLACK
6
CONTINUOUS
10
0.523626968503937
20
0.1765550787401575
11
0.523186062992126
21
0.1776194881889764
0
LINE
8
BLACK
6
CONTINUOUS
10
0.523186062992126
20
0.1776194881889764
11
0.5231293307086614
21
0.1781955511811024
0
LINE
8
BLACK
6
CONTINUOUS
10
0.5231293307086614
20
0.1781955511811024
11
0.5231293307086614
21
0.1808670866141732
0
LINE
8
BLACK
6
CONTINUOUS
10
0.5231293307086614
20
0.1808670866141732
11
0.5129587401574803
21
0.1808670866141732
0
LINE
8
BLACK
6
CONTINUOUS
10
0.5129587401574803
20
0.1808670866141732
11
0.5123826771653543
21
0.1809238188976378
0
LINE
8
BLACK
6
CONTINUOUS
10
0.5123826771653543
20
0.1809238188976378
11
0.5113182677165354
21
0.1813647244094488
0
LINE
8
BLACK
6
CONTINUOUS
10
0.5113182677165354
20
0.1813647244094488
11
0.5105036220472441
21
0.1821793700787402
0
LINE
8
BLACK
6
CONTINUOUS
10
0.5105036220472441
20
0.1821793700787402
11
0.5100627165354331
21
0.183243779527559
0
LINE
8
BLACK
6
CONTINUOUS
10
0.5100627165354331
20
0.183243779527559
11
0.5100627165354331
21
0.184395905511811
0
LINE
8
BLACK
6
CONTINUOUS
10
0.5100627165354331
20
0.184395905511811
11
0.5105036220472441
21
0.1854603149606299
0
LINE
8
BLACK
6
CONTINUOUS
10
0.5105036220472441
20
0.1854603149606299
11
0.5113182677165354
21
0.1862749606299212
0
LINE
8
BLACK
6
CONTINUOUS
10
0.5113182677165354
20
0.1862749606299212
11
0.5123826771653543
21
0.1867158661417323
0
LINE
8
BLACK
6
CONTINUOUS
10
0.5123826771653543
20
0.1867158661417323
11
0.5129587401574803
21
0.1867725984251968
0
LINE
8
BLACK
6
CONTINUOUS
10
0.5129587401574803
20
0.1867725984251968
11
0.5231293307086614
21
0.1867725984251968
0
LINE
8
BLACK
6
CONTINUOUS
10
0.5231293307086614
20
0.1867725984251968
11
0.5231293307086614
21
0.1984707874015748
0
LINE
8
BLACK
6
CONTINUOUS
10
0.5231293307086614
20
0.1984707874015748
11
0.4988943700787402
21
0.1903924409448819
0
LINE
8
BLACK
6
CONTINUOUS
10
0.4988943700787402
20
0.1903924409448819
11
0.4983299212598425
21
0.190264094488189
0
LINE
8
BLACK
6
CONTINUOUS
10
0.4983299212598425
20
0.190264094488189
11
0.4971807086614173
21
0.1903457874015748
0
LINE
8
BLACK
6
CONTINUOUS
10
0.4971807086614173
20
0.1903457874015748
11
0.4961502755905512
21
0.1908609842519685
0
LINE
8
BLACK
6
CONTINUOUS
10
0.4961502755905512
20
0.1908609842519685
11
0.4953953937007874
21
0.1917313385826772
0
LINE
8
BLACK
6
CONTINUOUS
10
0.4953953937007874
20
0.1917313385826772
11
0.495031062992126
21
0.1928243700787401
0
LINE
8
BLACK
6
CONTINUOUS
10
0.495031062992126
20
0.1928243700787401
11
0.4951127559055118
21
0.1939735826771654
0
LINE
8
BLACK
6
CONTINUOUS
10
0.4951127559055118
20
0.1939735826771654
11
0.4956279527559055
21
0.1950040157480315
0
LINE
8
BLACK
6
CONTINUOUS
10
0.4956279527559055
20
0.1950040157480315
11
0.4964983070866142
21
0.1957588976377953
0
LINE
8
BLACK
6
CONTINUOUS
10
0.4964983070866142
20
0.1957588976377953
11
0.4970268897637795
21
0.1959948818897638
0
LINE
8
BLACK
6
CONTINUOUS
10
0.4970268897637795
20
0.1959948818897638
11
0.5251483070866142
21
0.2053687007874016
0
LINE
8
BLACK
6
CONTINUOUS
10
0.5251483070866142
20
0.2053687007874016
11
0.525433937007874
21
0.2054336614173228
0
LINE
8
BLACK
6
CONTINUOUS
10
0.525433937007874
20
0.2054336614173228
11
0.5255060236220472
21
0.2054635039370079
0
LINE
8
BLACK
6
CONTINUOUS
10
0.5255060236220472
20
0.2054635039370079
11
0.5255652362204725
21
0.2054635039370079
0
LINE
8
BLACK
6
CONTINUOUS
10
0.5255652362204725
20
0.2054635039370079
11
0.5257127559055118
21
0.2054970472440945
0
LINE
8
BLACK
6
CONTINUOUS
10
0.5257127559055118
20
0.2054970472440945
11
0.5261846062992126
21
0.2054635039370079
0
LINE
8
BLACK
6
CONTINUOUS
10
0.019395
20
0.4129118503937008
11
0.0195748031496063
21
0.412007874015748
0
LINE
8
BLACK
6
CONTINUOUS
10
0.0195748031496063
20
0.412007874015748
11
0.0195748031496063
21
0.1785433070866142
0
LINE
8
BLACK
6
CONTINUOUS
10
0.0195748031496063
20
0.1785433070866142
11
0.019395
21
0.1776393307086614
0
LINE
8
BLACK
6
CONTINUOUS
10
0.019395
20
0.1776393307086614
11
0.0181165748031496
21
0.176360905511811
0
LINE
8
BLACK
6
CONTINUOUS
10
0.0181165748031496
20
0.176360905511811
11
0.0163086220472441
21
0.176360905511811
0
LINE
8
BLACK
6
CONTINUOUS
10
0.0163086220472441
20
0.176360905511811
11
0.0150301968503937
21
0.1776393307086614
0
LINE
8
BLACK
6
CONTINUOUS
10
0.0150301968503937
20
0.1776393307086614
11
0.0148503937007874
21
0.1785433070866142
0
LINE
8
BLACK
6
CONTINUOUS
10
0.0148503937007874
20
0.1785433070866142
11
0.0148503937007874
21
0.412007874015748
0
LINE
8
BLACK
6
CONTINUOUS
10
0.0148503937007874
20
0.412007874015748
11
0.0150301968503937
21
0.4129118503937008
0
LINE
8
BLACK
6
CONTINUOUS
10
0.0150301968503937
20
0.4129118503937008
11
0.0163086220472441
21
0.4141902755905512
0
LINE
8
BLACK
6
CONTINUOUS
10
0.0163086220472441
20
0.4141902755905512
11
0.0181165748031496
21
0.4141902755905512
0
LINE
8
BLACK
6
CONTINUOUS
10
0.0181165748031496
20
0.4141902755905512
11
0.019395
21
0.4129118503937008
0
LINE
8
BLACK
6
CONTINUOUS
10
0.4205682283464567
20
0.2763370472440945
11
0.420748031496063
21
0.2754330708661417
0
LINE
8
BLACK
6
CONTINUOUS
10
0.420748031496063
20
0.2754330708661417
11
0.420748031496063
21
0.1789763779527559
0
LINE
8
BLACK
6
CONTINUOUS
10
0.420748031496063
20
0.1789763779527559
11
0.4205682283464567
21
0.1780724015748031
0
LINE
8
BLACK
6
CONTINUOUS
10
0.4205682283464567
20
0.1780724015748031
11
0.4192898031496063
21
0.1767939763779527
0
LINE
8
BLACK
6
CONTINUOUS
10
0.4192898031496063
20
0.1767939763779527
11
0.4174818503937008
21
0.1767939763779527
0
LINE
8
BLACK
6
CONTINUOUS
10
0.4174818503937008
20
0.1767939763779527
11
0.4162034251968504
21
0.1780724015748031
0
LINE
8
BLACK
6
CONTINUOUS
10
0.4162034251968504
20
0.1780724015748031
11
0.4160236220472441
21
0.1789763779527559
0
LINE
8
BLACK
6
CONTINUOUS
10
0.4160236220472441
20
0.1789763779527559
11
0.4160236220472441
21
0.2754330708661417
0
LINE
8
BLACK
6
CONTINUOUS
10
0.4160236220472441
20
0.2754330708661417
11
0.4162034251968504
21
0.2763370472440945
0
LINE
8
BLACK
6
CONTINUOUS
10
0.4162034251968504
20
0.2763370472440945
11
0.4174818503937008
21
0.2776154724409449
0
LINE
8
BLACK
6
CONTINUOUS
10
0.4174818503937008
20
0.2776154724409449
11
0.4192898031496063
21
0.2776154724409449
0
LINE
8
BLACK
6
CONTINUOUS
10
0.4192898031496063
20
0.2776154724409449
11
0.4205682283464567
21
0.2763370472440945
0
LINE
8
BLACK
6
CONTINUOUS
10
0.6421036614173228
20
0.1973125984251969
11
0.6422834645669291
21
0.1964086220472441
0
LINE
8
BLACK
6
CONTINUOUS
10
0.6422834645669291
20
0.1964086220472441
11
0.6422834645669291
21
0.1835913779527559
0
LINE
8
BLACK
6
CONTINUOUS
10
0.6422834645669291
20
0.1835913779527559
11
0.6421036614173228
21
0.1826874015748031
0
LINE
8
BLACK
6
CONTINUOUS
10
0.6421036614173228
20
0.1826874015748031
11
0.6408252362204724
21
0.1814089763779528
0
LINE
8
BLACK
6
CONTINUOUS
10
0.6408252362204724
20
0.1814089763779528
11
0.6390172834645669
21
0.1814089763779528
0
LINE
8
BLACK
6
CONTINUOUS
10
0.6390172834645669
20
0.1814089763779528
11
0.6377388582677165
21
0.1826874015748031
0
LINE
8
BLACK
6
CONTINUOUS
10
0.6377388582677165
20
0.1826874015748031
11
0.6375590551181102
21
0.1835913779527559
0
LINE
8
BLACK
6
CONTINUOUS
10
0.6375590551181102
20
0.1835913779527559
11
0.6375590551181102
21
0.1964086220472441
0
LINE
8
BLACK
6
CONTINUOUS
10
0.6375590551181102
20
0.1964086220472441
11
0.6377388582677165
21
0.1973125984251969
0
LINE
8
BLACK
6
CONTINUOUS
10
0.6377388582677165
20
0.1973125984251969
11
0.6390172834645669
21
0.1985910236220473
0
LINE
8
BLACK
6
CONTINUOUS
10
0.6390172834645669
20
0.1985910236220473
11
0.6408252362204724
21
0.1985910236220473
0
LINE
8
BLACK
6
CONTINUOUS
10
0.6408252362204724
20
0.1985910236220473
11
0.6421036614173228
21
0.1973125984251969
0
LINE
8
BLACK
6
CONTINUOUS
10
0.6822611417322835
20
0.1973125984251969
11
0.6824409448818898
21
0.1964086220472441
0
LINE
8
BLACK
6
CONTINUOUS
10
0.6824409448818898
20
0.1964086220472441
11
0.6824409448818898
21
0.1835913779527559
0
LINE
8
BLACK
6
CONTINUOUS
10
0.6824409448818898
20
0.1835913779527559
11
0.6822611417322835
21
0.1826874015748031
0
LINE
8
BLACK
6
CONTINUOUS
10
0.6822611417322835
20
0.1826874015748031
11
0.6809827165354331
21
0.1814089763779528
0
LINE
8
BLACK
6
CONTINUOUS
10
0.6809827165354331
20
0.1814089763779528
11
0.6791747637795276
21
0.1814089763779528
0
LINE
8
BLACK
6
CONTINUOUS
10
0.6791747637795276
20
0.1814089763779528
11
0.6778963385826772
21
0.1826874015748031
0
LINE
8
BLACK
6
CONTINUOUS
10
0.6778963385826772
20
0.1826874015748031
11
0.6777165354330709
21
0.1835913779527559
0
LINE
8
BLACK
6
CONTINUOUS
10
0.6777165354330709
20
0.1835913779527559
11
0.6777165354330709
21
0.1964086220472441
0
LINE
8
BLACK
6
CONTINUOUS
10
0.6777165354330709
20
0.1964086220472441
11
0.6778963385826772
21
0.1973125984251969
0
LINE
8
BLACK
6
CONTINUOUS
10
0.6778963385826772
20
0.1973125984251969
11
0.6791747637795276
21
0.1985910236220473
0
LINE
8
BLACK
6
CONTINUOUS
10
0.6791747637795276
20
0.1985910236220473
11
0.6809827165354331
21
0.1985910236220473
0
LINE
8
BLACK
6
CONTINUOUS
10
0.6809827165354331
20
0.1985910236220473
11
0.6822611417322835
21
0.1973125984251969
0
LINE
8
BLACK
6
CONTINUOUS
10
0.6048346456692913
20
0.2238764960629921
11
0.6048776771653543
21
0.223882874015748
0
LINE
8
BLACK
6
CONTINUOUS
10
0.6048776771653543
20
0.223882874015748
11
0.6050931496062992
21
0.2238510236220472
0
LINE
8
BLACK
6
CONTINUOUS
10
0.6050931496062992
20
0.2238510236220472
11
0.6053101968503937
21
0.2238296456692913
0
LINE
8
BLACK
6
CONTINUOUS
10
0.6053101968503937
20
0.2238296456692913
11
0.6053503937007874
21
0.223813031496063
0
LINE
8
BLACK
6
CONTINUOUS
10
0.6053503937007874
20
0.223813031496063
11
0.6054502755905512
21
0.2237982283464567
0
LINE
8
BLACK
6
CONTINUOUS
10
0.6054502755905512
20
0.2237982283464567
11
0.6129493307086614
21
0.2219234645669291
0
LINE
8
BLACK
6
CONTINUOUS
10
0.6129493307086614
20
0.2219234645669291
11
0.612991811023622
21
0.2219083070866142
0
LINE
8
BLACK
6
CONTINUOUS
10
0.612991811023622
20
0.2219083070866142
11
0.6130130708661418
21
0.2219067716535433
0
LINE
8
BLACK
6
CONTINUOUS
10
0.6130130708661418
20
0.2219067716535433
11
0.6132524803149606
21
0.221815157480315
0
LINE
8
BLACK
6
CONTINUOUS
10
0.6132524803149606
20
0.221815157480315
11
0.6134944488188976
21
0.2217287007874016
0
LINE
8
BLACK
6
CONTINUOUS
10
0.6134944488188976
20
0.2217287007874016
11
0.6135115748031496
21
0.2217160236220472
0
LINE
8
BLACK
6
CONTINUOUS
10
0.6135115748031496
20
0.2217160236220472
11
0.6135537007874016
21
0.2216998818897638
0
LINE
8
BLACK
6
CONTINUOUS
10
0.6135537007874016
20
0.2216998818897638
11
0.6173032283464567
21
0.2198251181102362
0
LINE
8
BLACK
6
CONTINUOUS
10
0.6173032283464567
20
0.2198251181102362
11
0.6175511023622047
21
0.219669094488189
0
LINE
8
BLACK
6
CONTINUOUS
10
0.6175511023622047
20
0.219669094488189
11
0.6176231496062992
21
0.2196392519685039
0
LINE
8
BLACK
6
CONTINUOUS
10
0.6176231496062992
20
0.2196392519685039
11
0.6177041732283465
21
0.2195727559055118
0
LINE
8
BLACK
6
CONTINUOUS
10
0.6177041732283465
20
0.2195727559055118
11
0.6177931102362204
21
0.2195167716535433
0
LINE
8
BLACK
6
CONTINUOUS
10
0.6177931102362204
20
0.2195167716535433
11
0.6178442519685039
21
0.2194577952755905
0
LINE
8
BLACK
6
CONTINUOUS
10
0.6178442519685039
20
0.2194577952755905
11
0.6180706299212598
21
0.2192720078740157
0
LINE
8
BLACK
6
CONTINUOUS
10
0.6180706299212598
20
0.2192720078740157
11
0.6218201968503937
21
0.2155224803149606
0
LINE
8
BLACK
6
CONTINUOUS
10
0.6218201968503937
20
0.2155224803149606
11
0.6221874409448819
21
0.2150750393700787
0
LINE
8
BLACK
6
CONTINUOUS
10
0.6221874409448819
20
0.2150750393700787
11
0.622228031496063
21
0.2149770078740157
0
LINE
8
BLACK
6
CONTINUOUS
10
0.622228031496063
20
0.2149770078740157
11
0.6222975196850393
21
0.2148968897637795
0
LINE
8
BLACK
6
CONTINUOUS
10
0.6222975196850393
20
0.2148968897637795
11
0.6225335039370079
21
0.2143683070866142
0
LINE
8
BLACK
6
CONTINUOUS
10
0.6225335039370079
20
0.2143683070866142
11
0.6244082677165355
21
0.2087440551181102
0
LINE
8
BLACK
6
CONTINUOUS
10
0.6244082677165355
20
0.2087440551181102
11
0.6244731889763779
21
0.2084584251968504
0
LINE
8
BLACK
6
CONTINUOUS
10
0.6244731889763779
20
0.2084584251968504
11
0.6245030708661418
21
0.2083863385826772
0
LINE
8
BLACK
6
CONTINUOUS
10
0.6245030708661418
20
0.2083863385826772
11
0.6245133464566929
21
0.2082818897637795
0
LINE
8
BLACK
6
CONTINUOUS
10
0.6245133464566929
20
0.2082818897637795
11
0.6245366141732284
21
0.2081796062992126
0
LINE
8
BLACK
6
CONTINUOUS
10
0.6245366141732284
20
0.2081796062992126
11
0.624531062992126
21
0.2081018897637795
0
LINE
8
BLACK
6
CONTINUOUS
10
0.624531062992126
20
0.2081018897637795
11
0.6245598031496062
21
0.2078102755905512
0
LINE
8
BLACK
6
CONTINUOUS
10
0.6245598031496062
20
0.2078102755905512
11
0.6245598031496062
21
0.2040607480314961
0
LINE
8
BLACK
6
CONTINUOUS
10
0.6245598031496062
20
0.2040607480314961
11
0.624531062992126
21
0.2037691732283465
0
LINE
8
BLACK
6
CONTINUOUS
10
0.624531062992126
20
0.2037691732283465
11
0.6245366141732284
21
0.2036914173228346
0
LINE
8
BLACK
6
CONTINUOUS
10
0.6245366141732284
20
0.2036914173228346
11
0.6245133464566929
21
0.2035891732283465
0
LINE
8
BLACK
6
CONTINUOUS
10
0.6245133464566929
20
0.2035891732283465
11
0.6245030708661418
21
0.2034846850393701
0
LINE
8
BLACK
6
CONTINUOUS
10
0.6245030708661418
20
0.2034846850393701
11
0.6244731889763779
21
0.2034126377952756
0
LINE
8
BLACK
6
CONTINUOUS
10
0.6244731889763779
20
0.2034126377952756
11
0.6244082677165355
21
0.203126968503937
0
LINE
8
BLACK
6
CONTINUOUS
10
0.6244082677165355
20
0.203126968503937
11
0.6225335039370079
21
0.1975027165354331
0
LINE
8
BLACK
6
CONTINUOUS
10
0.6225335039370079
20
0.1975027165354331
11
0.6222975196850393
21
0.1969741338582677
0
LINE
8
BLACK
6
CONTINUOUS
10
0.6222975196850393
20
0.1969741338582677
11
0.6222279527559055
21
0.1968939763779528
0
LINE
8
BLACK
6
CONTINUOUS
10
0.6222279527559055
20
0.1968939763779528
11
0.6221874015748031
21
0.1967959842519685
0
LINE
8
BLACK
6
CONTINUOUS
10
0.6221874015748031
20
0.1967959842519685
11
0.6218201574803149
21
0.1963485039370079
0
LINE
8
BLACK
6
CONTINUOUS
10
0.6218201574803149
20
0.1963485039370079
11
0.6199453543307086
21
0.1944737401574803
0
LINE
8
BLACK
6
CONTINUOUS
10
0.6199453543307086
20
0.1944737401574803
11
0.6194979133858267
21
0.1941065354330709
0
LINE
8
BLACK
6
CONTINUOUS
10
0.6194979133858267
20
0.1941065354330709
11
0.6184335039370079
21
0.1936656692913386
0
LINE
8
BLACK
6
CONTINUOUS
10
0.6184335039370079
20
0.1936656692913386
11
0.6172814173228346
21
0.1936656692913386
0
LINE
8
BLACK
6
CONTINUOUS
10
0.6172814173228346
20
0.1936656692913386
11
0.6162170078740158
21
0.1941065748031496
0
LINE
8
BLACK
6
CONTINUOUS
10
0.6162170078740158
20
0.1941065748031496
11
0.6154023228346457
21
0.1949212598425197
0
LINE
8
BLACK
6
CONTINUOUS
10
0.6154023228346457
20
0.1949212598425197
11
0.6149614566929134
21
0.1959856692913386
0
LINE
8
BLACK
6
CONTINUOUS
10
0.6149614566929134
20
0.1959856692913386
11
0.6149614566929134
21
0.1971377559055118
0
LINE
8
BLACK
6
CONTINUOUS
10
0.6149614566929134
20
0.1971377559055118
11
0.6154023622047244
21
0.1982021653543307
0
LINE
8
BLACK
6
CONTINUOUS
10
0.6154023622047244
20
0.1982021653543307
11
0.6157696062992126
21
0.1986496456692913
0
LINE
8
BLACK
6
CONTINUOUS
10
0.6157696062992126
20
0.1986496456692913
11
0.6171514960629921
21
0.2000315354330709
0
LINE
8
BLACK
6
CONTINUOUS
10
0.6171514960629921
20
0.2000315354330709
11
0.6186542913385826
21
0.2045398818897638
0
LINE
8
BLACK
6
CONTINUOUS
10
0.6186542913385826
20
0.2045398818897638
11
0.6186542913385826
21
0.2073311417322835
0
LINE
8
BLACK
6
CONTINUOUS
10
0.6186542913385826
20
0.2073311417322835
11
0.6171514960629921
21
0.2118395275590551
0
LINE
8
BLACK
6
CONTINUOUS
10
0.6171514960629921
20
0.2118395275590551
11
0.6142336220472441
21
0.2147573622047244
0
LINE
8
BLACK
6
CONTINUOUS
10
0.6142336220472441
20
0.2147573622047244
11
0.6112026377952756
21
0.216272874015748
0
LINE
8
BLACK
6
CONTINUOUS
10
0.6112026377952756
20
0.216272874015748
11
0.6043705905511811
21
0.2179808661417323
0
LINE
8
BLACK
6
CONTINUOUS
10
0.6043705905511811
20
0.2179808661417323
11
0.5994733858267717
21
0.2179808661417323
0
LINE
8
BLACK
6
CONTINUOUS
10
0.5994733858267717
20
0.2179808661417323
11
0.5926413385826772
21
0.216272874015748
0
LINE
8
BLACK
6
CONTINUOUS
10
0.5926413385826772
20
0.216272874015748
11
0.5896103543307086
21
0.2147573622047244
0
LINE
8
BLACK
6
CONTINUOUS
10
0.5896103543307086
20
0.2147573622047244
11
0.5866925196850393
21
0.2118395669291339
0
LINE
8
BLACK
6
CONTINUOUS
10
0.5866925196850393
20
0.2118395669291339
11
0.5851897244094488
21
0.2073311417322835
0
LINE
8
BLACK
6
CONTINUOUS
10
0.5851897244094488
20
0.2073311417322835
11
0.5851897244094488
21
0.2045399212598425
0
LINE
8
BLACK
6
CONTINUOUS
10
0.5851897244094488
20
0.2045399212598425
11
0.5866925196850393
21
0.2000314960629921
0
LINE
8
BLACK
6
CONTINUOUS
10
0.5866925196850393
20
0.2000314960629921
11
0.5880744094488188
21
0.1986496062992126
0
LINE
8
BLACK
6
CONTINUOUS
10
0.5880744094488188
20
0.1986496062992126
11
0.5884416141732284
21
0.1982021653543307
0
LINE
8
BLACK
6
CONTINUOUS
10
0.5884416141732284
20
0.1982021653543307
11
0.5888825196850394
21
0.1971377559055118
0
LINE
8
BLACK
6
CONTINUOUS
10
0.5888825196850394
20
0.1971377559055118
11
0.5888825196850394
21
0.1959856692913386
0
LINE
8
BLACK
6
CONTINUOUS
10
0.5888825196850394
20
0.1959856692913386
11
0.5884416141732284
21
0.1949212598425197
0
LINE
8
BLACK
6
CONTINUOUS
10
0.5884416141732284
20
0.1949212598425197
11
0.5876269291338583
21
0.1941065748031496
0
LINE
8
BLACK
6
CONTINUOUS
10
0.5876269291338583
20
0.1941065748031496
11
0.5865625196850394
21
0.1936656692913386
0
LINE
8
BLACK
6
CONTINUOUS
10
0.5865625196850394
20
0.1936656692913386
11
0.5854104330708662
21
0.1936656692913386
0
LINE
8
BLACK
6
CONTINUOUS
10
0.5854104330708662
20
0.1936656692913386
11
0.5843460236220472
21
0.1941065748031496
0
LINE
8
BLACK
6
CONTINUOUS
10
0.5843460236220472
20
0.1941065748031496
11
0.5838985826771653
21
0.194473779527559
0
LINE
8
BLACK
6
CONTINUOUS
10
0.5838985826771653
20
0.194473779527559
11
0.5820238188976378
21
0.1963485433070866
0
LINE
8
BLACK
6
CONTINUOUS
10
0.5820238188976378
20
0.1963485433070866
11
0.5816566141732283
21
0.1967959842519685
0
LINE
8
BLACK
6
CONTINUOUS
10
0.5816566141732283
20
0.1967959842519685
11
0.5816159842519685
21
0.1968940551181102
0
LINE
8
BLACK
6
CONTINUOUS
10
0.5816159842519685
20
0.1968940551181102
11
0.5815464960629921
21
0.1969741732283465
0
LINE
8
BLACK
6
CONTINUOUS
10
0.5815464960629921
20
0.1969741732283465
11
0.5813105118110236
21
0.1975027165354331
0
LINE
8
BLACK
6
CONTINUOUS
10
0.5813105118110236
20
0.1975027165354331
11
0.579435748031496
21
0.2031270078740157
0
LINE
8
BLACK
6
CONTINUOUS
10
0.579435748031496
20
0.2031270078740157
11
0.5793707874015748
21
0.2034125984251968
0
LINE
8
BLACK
6
CONTINUOUS
10
0.5793707874015748
20
0.2034125984251968
11
0.5793409448818897
21
0.2034846850393701
0
LINE
8
BLACK
6
CONTINUOUS
10
0.5793409448818897
20
0.2034846850393701
11
0.5793306299212598
21
0.2035892125984252
0
LINE
8
BLACK
6
CONTINUOUS
10
0.5793306299212598
20
0.2035892125984252
11
0.5793074015748031
21
0.2036914566929134
0
LINE
8
BLACK
6
CONTINUOUS
10
0.5793074015748031
20
0.2036914566929134
11
0.5793129133858268
21
0.2037692125984252
0
LINE
8
BLACK
6
CONTINUOUS
10
0.5793129133858268
20
0.2037692125984252
11
0.5792842125984252
21
0.2040607480314961
0
LINE
8
BLACK
6
CONTINUOUS
10
0.5792842125984252
20
0.2040607480314961
11
0.5792842125984252
21
0.2078102755905512
0
LINE
8
BLACK
6
CONTINUOUS
10
0.5792842125984252
20
0.2078102755905512
11
0.5793129133858268
21
0.2081018503937008
0
LINE
8
BLACK
6
CONTINUOUS
10
0.5793129133858268
20
0.2081018503937008
11
0.5793074015748031
21
0.2081795669291339
0
LINE
8
BLACK
6
CONTINUOUS
10
0.5793074015748031
20
0.2081795669291339
11
0.5793306299212598
21
0.2082818503937008
0
LINE
8
BLACK
6
CONTINUOUS
10
0.5793306299212598
20
0.2082818503937008
11
0.5793409448818897
21
0.2083863385826772
0
LINE
8
BLACK
6
CONTINUOUS
10
0.5793409448818897
20
0.2083863385826772
11
0.5793707874015748
21
0.2084584645669291
0
LINE
8
BLACK
6
CONTINUOUS
10
0.5793707874015748
20
0.2084584645669291
11
0.579435748031496
21
0.2087440157480315
0
LINE
8
BLACK
6
CONTINUOUS
10
0.579435748031496
20
0.2087440157480315
11
0.5813105118110236
21
0.2143683070866142
0
LINE
8
BLACK
6
CONTINUOUS
10
0.5813105118110236
20
0.2143683070866142
11
0.5815464960629921
21
0.2148968503937008
0
LINE
8
BLACK
6
CONTINUOUS
10
0.5815464960629921
20
0.2148968503937008
11
0.5816159842519685
21
0.2149770078740157
0
LINE
8
BLACK
6
CONTINUOUS
10
0.5816159842519685
20
0.2149770078740157
11
0.5816566141732283
21
0.2150750393700787
0
LINE
8
BLACK
6
CONTINUOUS
10
0.5816566141732283
20
0.2150750393700787
11
0.5820238188976378
21
0.2155224803149606
0
LINE
8
BLACK
6
CONTINUOUS
10
0.5820238188976378
20
0.2155224803149606
11
0.5857733464566929
21
0.2192720078740157
0
LINE
8
BLACK
6
CONTINUOUS
10
0.5857733464566929
20
0.2192720078740157
11
0.5859997244094488
21
0.219457874015748
0
LINE
8
BLACK
6
CONTINUOUS
10
0.5859997244094488
20
0.219457874015748
11
0.5860508661417323
21
0.2195167716535433
0
LINE
8
BLACK
6
CONTINUOUS
10
0.5860508661417323
20
0.2195167716535433
11
0.5861396062992126
21
0.2195726771653543
0
LINE
8
BLACK
6
CONTINUOUS
10
0.5861396062992126
20
0.2195726771653543
11
0.5862207874015748
21
0.2196392519685039
0
LINE
8
BLACK
6
CONTINUOUS
10
0.5862207874015748
20
0.2196392519685039
11
0.5862929133858268
21
0.2196691338582677
0
LINE
8
BLACK
6
CONTINUOUS
10
0.5862929133858268
20
0.2196691338582677
11
0.586540748031496
21
0.2198251181102362
0
LINE
8
BLACK
6
CONTINUOUS
10
0.586540748031496
20
0.2198251181102362
11
0.5902902755905511
21
0.2216998818897638
0
LINE
8
BLACK
6
CONTINUOUS
10
0.5902902755905511
20
0.2216998818897638
11
0.5903323622047244
21
0.2217160236220472
0
LINE
8
BLACK
6
CONTINUOUS
10
0.5903323622047244
20
0.2217160236220472
11
0.5903495275590551
21
0.2217287007874016
0
LINE
8
BLACK
6
CONTINUOUS
10
0.5903495275590551
20
0.2217287007874016
11
0.5905911023622047
21
0.2218150393700787
0
LINE
8
BLACK
6
CONTINUOUS
10
0.5905911023622047
20
0.2218150393700787
11
0.5908308661417323
21
0.2219067716535433
0
LINE
8
BLACK
6
CONTINUOUS
10
0.5908308661417323
20
0.2219067716535433
11
0.590852125984252
21
0.2219083070866142
0
LINE
8
BLACK
6
CONTINUOUS
10
0.590852125984252
20
0.2219083070866142
11
0.5908946456692913
21
0.2219234645669291
0
LINE
8
BLACK
6
CONTINUOUS
10
0.5908946456692913
20
0.2219234645669291
11
0.5983937007874015
21
0.2237982283464567
0
LINE
8
BLACK
6
CONTINUOUS
10
0.5983937007874015
20
0.2237982283464567
11
0.5984935433070866
21
0.223813031496063
0
LINE
8
BLACK
6
CONTINUOUS
10
0.5984935433070866
20
0.223813031496063
11
0.598533779527559
21
0.2238296456692913
0
LINE
8
BLACK
6
CONTINUOUS
10
0.598533779527559
20
0.2238296456692913
11
0.5987507874015748
21
0.2238510236220472
0
LINE
8
BLACK
6
CONTINUOUS
10
0.5987507874015748
20
0.2238510236220472
11
0.5989662992125984
21
0.223882874015748
0
LINE
8
BLACK
6
CONTINUOUS
10
0.5989662992125984
20
0.223882874015748
11
0.5990092913385827
21
0.2238764960629921
0
LINE
8
BLACK
6
CONTINUOUS
10
0.5990092913385827
20
0.2238764960629921
11
0.599109842519685
21
0.2238863779527559
0
LINE
8
BLACK
6
CONTINUOUS
10
0.599109842519685
20
0.2238863779527559
11
0.6047341338582677
21
0.2238863779527559
0
LINE
8
BLACK
6
CONTINUOUS
10
0.6047341338582677
20
0.2238863779527559
11
0.6048346456692913
21
0.2238764960629921
0
LINE
8
BLACK
6
CONTINUOUS
10
0.2937965748031496
20
0.2763370472440945
11
0.2939763779527559
21
0.2754330708661417
0
LINE
8
BLACK
6
CONTINUOUS
10
0.2939763779527559
20
0.2754330708661417
11
0.2939763779527559
21
0.2045669291338583
0
LINE
8
BLACK
6
CONTINUOUS
10
0.2939763779527559
20
0.2045669291338583
11
0.2937965748031496
21
0.2036629527559055
0
LINE
8
BLACK
6
CONTINUOUS
10
0.2937965748031496
20
0.2036629527559055
11
0.2925181496062992
21
0.2023845275590551
0
LINE
8
BLACK
6
CONTINUOUS
10
0.2925181496062992
20
0.2023845275590551
11
0.2907101968503937
21
0.2023845275590551
0
LINE
8
BLACK
6
CONTINUOUS
10
0.2907101968503937
20
0.2023845275590551
11
0.2894317716535433
21
0.2036629527559055
0
LINE
8
BLACK
6
CONTINUOUS
10
0.2894317716535433
20
0.2036629527559055
11
0.289251968503937
21
0.2045669291338583
0
LINE
8
BLACK
6
CONTINUOUS
10
0.289251968503937
20
0.2045669291338583
11
0.289251968503937
21
0.2754330708661417
0
LINE
8
BLACK
6
CONTINUOUS
10
0.289251968503937
20
0.2754330708661417
11
0.2894317716535433
21
0.2763370472440945
0
LINE
8
BLACK
6
CONTINUOUS
10
0.2894317716535433
20
0.2763370472440945
11
0.2907101968503937
21
0.2776154724409449
0
LINE
8
BLACK
6
CONTINUOUS
10
0.2907101968503937
20
0.2776154724409449
11
0.2925181496062992
21
0.2776154724409449
0
LINE
8
BLACK
6
CONTINUOUS
10
0.2925181496062992
20
0.2776154724409449
11
0.2937965748031496
21
0.2763370472440945
0
LINE
8
BLACK
6
CONTINUOUS
10
0.4471036614173228
20
0.2183165354330709
11
0.4472834645669291
21
0.2174125590551181
0
LINE
8
BLACK
6
CONTINUOUS
10
0.4472834645669291
20
0.2174125590551181
11
0.4472834645669291
21
0.2045953149606299
0
LINE
8
BLACK
6
CONTINUOUS
10
0.4472834645669291
20
0.2045953149606299
11
0.4471036614173228
21
0.2036913385826772
0
LINE
8
BLACK
6
CONTINUOUS
10
0.4471036614173228
20
0.2036913385826772
11
0.4458252362204724
21
0.2024129133858268
0
LINE
8
BLACK
6
CONTINUOUS
10
0.4458252362204724
20
0.2024129133858268
11
0.4440172834645669
21
0.2024129133858268
0
LINE
8
BLACK
6
CONTINUOUS
10
0.4440172834645669
20
0.2024129133858268
11
0.4427388582677165
21
0.2036913385826772
0
LINE
8
BLACK
6
CONTINUOUS
10
0.4427388582677165
20
0.2036913385826772
11
0.4425590551181102
21
0.2045953149606299
0
LINE
8
BLACK
6
CONTINUOUS
10
0.4425590551181102
20
0.2045953149606299
11
0.4425590551181102
21
0.2174125590551181
0
LINE
8
BLACK
6
CONTINUOUS
10
0.4425590551181102
20
0.2174125590551181
11
0.4427388582677165
21
0.2183165354330709
0
LINE
8
BLACK
6
CONTINUOUS
10
0.4427388582677165
20
0.2183165354330709
11
0.4440172834645669
21
0.2195949606299213
0
LINE
8
BLACK
6
CONTINUOUS
10
0.4440172834645669
20
0.2195949606299213
11
0.4458252362204724
21
0.2195949606299213
0
LINE
8
BLACK
6
CONTINUOUS
10
0.4458252362204724
20
0.2195949606299213
11
0.4471036614173228
21
0.2183165354330709
0
LINE
8
BLACK
6
CONTINUOUS
10
0.4872611417322835
20
0.2183165354330709
11
0.4874409448818898
21
0.2174125590551181
0
LINE
8
BLACK
6
CONTINUOUS
10
0.4874409448818898
20
0.2174125590551181
11
0.4874409448818898
21
0.2045953149606299
0
LINE
8
BLACK
6
CONTINUOUS
10
0.4874409448818898
20
0.2045953149606299
11
0.4872611417322835
21
0.2036913385826772
0
LINE
8
BLACK
6
CONTINUOUS
10
0.4872611417322835
20
0.2036913385826772
11
0.4859827165354331
21
0.2024129133858268
0
LINE
8
BLACK
6
CONTINUOUS
10
0.4859827165354331
20
0.2024129133858268
11
0.4841747637795276
21
0.2024129133858268
0
LINE
8
BLACK
6
CONTINUOUS
10
0.4841747637795276
20
0.2024129133858268
11
0.4828963385826772
21
0.2036913385826772
0
LINE
8
BLACK
6
CONTINUOUS
10
0.4828963385826772
20
0.2036913385826772
11
0.4827165354330709
21
0.2045953149606299
0
LINE
8
BLACK
6
CONTINUOUS
10
0.4827165354330709
20
0.2045953149606299
11
0.4827165354330709
21
0.2174125590551181
0
LINE
8
BLACK
6
CONTINUOUS
10
0.4827165354330709
20
0.2174125590551181
11
0.4828963385826772
21
0.2183165354330709
0
LINE
8
BLACK
6
CONTINUOUS
10
0.4828963385826772
20
0.2183165354330709
11
0.4841747637795276
21
0.2195949606299213
0
LINE
8
BLACK
6
CONTINUOUS
10
0.4841747637795276
20
0.2195949606299213
11
0.4859827165354331
21
0.2195949606299213
0
LINE
8
BLACK
6
CONTINUOUS
10
0.4859827165354331
20
0.2195949606299213
11
0.4872611417322835
21
0.2183165354330709
0
LINE
8
BLACK
6
CONTINUOUS
10
0.5224330708661418
20
0.2448804330708661
11
0.5224761023622048
21
0.244886811023622
0
LINE
8
BLACK
6
CONTINUOUS
10
0.5224761023622048
20
0.244886811023622
11
0.5226915748031495
21
0.2448549606299213
0
LINE
8
BLACK
6
CONTINUOUS
10
0.5226915748031495
20
0.2448549606299213
11
0.5229086220472441
21
0.2448335826771653
0
LINE
8
BLACK
6
CONTINUOUS
10
0.5229086220472441
20
0.2448335826771653
11
0.5229488188976378
21
0.244816968503937
0
LINE
8
BLACK
6
CONTINUOUS
10
0.5229488188976378
20
0.244816968503937
11
0.5230487007874015
21
0.2448021653543307
0
LINE
8
BLACK
6
CONTINUOUS
10
0.5230487007874015
20
0.2448021653543307
11
0.5305477559055118
21
0.2429274015748031
0
LINE
8
BLACK
6
CONTINUOUS
10
0.5305477559055118
20
0.2429274015748031
11
0.5305902362204724
21
0.2429122440944882
0
LINE
8
BLACK
6
CONTINUOUS
10
0.5305902362204724
20
0.2429122440944882
11
0.5306114960629921
21
0.2429107086614173
0
LINE
8
BLACK
6
CONTINUOUS
10
0.5306114960629921
20
0.2429107086614173
11
0.530850905511811
21
0.242819094488189
0
LINE
8
BLACK
6
CONTINUOUS
10
0.530850905511811
20
0.242819094488189
11
0.531092874015748
21
0.2427326377952756
0
LINE
8
BLACK
6
CONTINUOUS
10
0.531092874015748
20
0.2427326377952756
11
0.53111
21
0.2427199606299213
0
LINE
8
BLACK
6
CONTINUOUS
10
0.53111
20
0.2427199606299213
11
0.531152125984252
21
0.2427038188976378
0
LINE
8
BLACK
6
CONTINUOUS
10
0.531152125984252
20
0.2427038188976378
11
0.5349016535433071
21
0.2408290551181102
0
LINE
8
BLACK
6
CONTINUOUS
10
0.5349016535433071
20
0.2408290551181102
11
0.5351495275590551
21
0.240673031496063
0
LINE
8
BLACK
6
CONTINUOUS
10
0.5351495275590551
20
0.240673031496063
11
0.5352215748031496
21
0.240643188976378
0
LINE
8
BLACK
6
CONTINUOUS
10
0.5352215748031496
20
0.240643188976378
11
0.5353025984251968
21
0.2405766929133858
0
LINE
8
BLACK
6
CONTINUOUS
10
0.5353025984251968
20
0.2405766929133858
11
0.5353915354330708
21
0.2405207086614173
0
LINE
8
BLACK
6
CONTINUOUS
10
0.5353915354330708
20
0.2405207086614173
11
0.5354426771653543
21
0.2404617322834646
0
LINE
8
BLACK
6
CONTINUOUS
10
0.5354426771653543
20
0.2404617322834646
11
0.5356690551181102
21
0.2402759448818897
0
LINE
8
BLACK
6
CONTINUOUS
10
0.5356690551181102
20
0.2402759448818897
11
0.5394186220472441
21
0.2365264173228346
0
LINE
8
BLACK
6
CONTINUOUS
10
0.5394186220472441
20
0.2365264173228346
11
0.5397858661417323
21
0.2360789763779527
0
LINE
8
BLACK
6
CONTINUOUS
10
0.5397858661417323
20
0.2360789763779527
11
0.5398264566929134
21
0.2359809448818898
0
LINE
8
BLACK
6
CONTINUOUS
10
0.5398264566929134
20
0.2359809448818898
11
0.5398959448818897
21
0.2359008267716535
0
LINE
8
BLACK
6
CONTINUOUS
10
0.5398959448818897
20
0.2359008267716535
11
0.5401319291338582
21
0.2353722440944882
0
LINE
8
BLACK
6
CONTINUOUS
10
0.5401319291338582
20
0.2353722440944882
11
0.5420066929133858
21
0.2297479921259842
0
LINE
8
BLACK
6
CONTINUOUS
10
0.5420066929133858
20
0.2297479921259842
11
0.5420716141732284
21
0.2294623622047244
0
LINE
8
BLACK
6
CONTINUOUS
10
0.5420716141732284
20
0.2294623622047244
11
0.5421014960629921
21
0.2293902755905512
0
LINE
8
BLACK
6
CONTINUOUS
10
0.5421014960629921
20
0.2293902755905512
11
0.5421117716535433
21
0.2292858267716535
0
LINE
8
BLACK
6
CONTINUOUS
10
0.5421117716535433
20
0.2292858267716535
11
0.5421350393700787
21
0.2291835433070866
0
LINE
8
BLACK
6
CONTINUOUS
10
0.5421350393700787
20
0.2291835433070866
11
0.5421294881889763
21
0.2291058267716535
0
LINE
8
BLACK
6
CONTINUOUS
10
0.5421294881889763
20
0.2291058267716535
11
0.5421582283464567
21
0.2288142125984252
0
LINE
8
BLACK
6
CONTINUOUS
10
0.5421582283464567
20
0.2288142125984252
11
0.5421582283464567
21
0.2250646850393701
0
LINE
8
BLACK
6
CONTINUOUS
10
0.5421582283464567
20
0.2250646850393701
11
0.5421294881889763
21
0.2247731102362205
0
LINE
8
BLACK
6
CONTINUOUS
10
0.5421294881889763
20
0.2247731102362205
11
0.5421350393700787
21
0.2246953543307087
0
LINE
8
BLACK
6
CONTINUOUS
10
0.5421350393700787
20
0.2246953543307087
11
0.5421117716535433
21
0.2245931102362205
0
LINE
8
BLACK
6
CONTINUOUS
10
0.5421117716535433
20
0.2245931102362205
11
0.5421014960629921
21
0.2244886220472441
0
LINE
8
BLACK
6
CONTINUOUS
10
0.5421014960629921
20
0.2244886220472441
11
0.5420716141732284
21
0.2244165748031496
0
LINE
8
BLACK
6
CONTINUOUS
10
0.5420716141732284
20
0.2244165748031496
11
0.5420066929133858
21
0.224130905511811
0
LINE
8
BLACK
6
CONTINUOUS
10
0.5420066929133858
20
0.224130905511811
11
0.5401319291338582
21
0.2185066535433071
0
LINE
8
BLACK
6
CONTINUOUS
10
0.5401319291338582
20
0.2185066535433071
11
0.5398959448818897
21
0.2179780708661417
0
LINE
8
BLACK
6
CONTINUOUS
10
0.5398959448818897
20
0.2179780708661417
11
0.5398263779527559
21
0.2178979133858268
0
LINE
8
BLACK
6
CONTINUOUS
10
0.5398263779527559
20
0.2178979133858268
11
0.5397858267716535
21
0.2177999212598425
0
LINE
8
BLACK
6
CONTINUOUS
10
0.5397858267716535
20
0.2177999212598425
11
0.5394185826771654
21
0.2173524409448819
0
LINE
8
BLACK
6
CONTINUOUS
10
0.5394185826771654
20
0.2173524409448819
11
0.5375437795275591
21
0.2154776771653543
0
LINE
8
BLACK
6
CONTINUOUS
10
0.5375437795275591
20
0.2154776771653543
11
0.5370963385826771
21
0.2151104724409449
0
LINE
8
BLACK
6
CONTINUOUS
10
0.5370963385826771
20
0.2151104724409449
11
0.5360319291338582
21
0.2146696062992126
0
LINE
8
BLACK
6
CONTINUOUS
10
0.5360319291338582
20
0.2146696062992126
11
0.534879842519685
21
0.2146696062992126
0
LINE
8
BLACK
6
CONTINUOUS
10
0.534879842519685
20
0.2146696062992126
11
0.5338154330708661
21
0.2151105118110236
0
LINE
8
BLACK
6
CONTINUOUS
10
0.5338154330708661
20
0.2151105118110236
11
0.533000748031496
21
0.2159251968503937
0
LINE
8
BLACK
6
CONTINUOUS
10
0.533000748031496
20
0.2159251968503937
11
0.5325598818897638
21
0.2169896062992126
0
LINE
8
BLACK
6
CONTINUOUS
10
0.5325598818897638
20
0.2169896062992126
11
0.5325598818897638
21
0.2181416929133858
0
LINE
8
BLACK
6
CONTINUOUS
10
0.5325598818897638
20
0.2181416929133858
11
0.5330007874015747
21
0.2192061023622047
0
LINE
8
BLACK
6
CONTINUOUS
10
0.5330007874015747
20
0.2192061023622047
11
0.5333680314960629
21
0.2196535826771653
0
LINE
8
BLACK
6
CONTINUOUS
10
0.5333680314960629
20
0.2196535826771653
11
0.5347499212598426
21
0.2210354724409449
0
LINE
8
BLACK
6
CONTINUOUS
10
0.5347499212598426
20
0.2210354724409449
11
0.536252716535433
21
0.2255438188976378
0
LINE
8
BLACK
6
CONTINUOUS
10
0.536252716535433
20
0.2255438188976378
11
0.536252716535433
21
0.2283350787401575
0
LINE
8
BLACK
6
CONTINUOUS
10
0.536252716535433
20
0.2283350787401575
11
0.5347499212598426
21
0.2328434645669291
0
LINE
8
BLACK
6
CONTINUOUS
10
0.5347499212598426
20
0.2328434645669291
11
0.5318320472440945
21
0.2357612992125984
0
LINE
8
BLACK
6
CONTINUOUS
10
0.5318320472440945
20
0.2357612992125984
11
0.5288010629921259
21
0.2372768110236221
0
LINE
8
BLACK
6
CONTINUOUS
10
0.5288010629921259
20
0.2372768110236221
11
0.5219690157480315
21
0.2389848031496063
0
LINE
8
BLACK
6
CONTINUOUS
10
0.5219690157480315
20
0.2389848031496063
11
0.517071811023622
21
0.2389848031496063
0
LINE
8
BLACK
6
CONTINUOUS
10
0.517071811023622
20
0.2389848031496063
11
0.5102397637795275
21
0.2372768110236221
0
LINE
8
BLACK
6
CONTINUOUS
10
0.5102397637795275
20
0.2372768110236221
11
0.5072087795275591
21
0.2357612992125984
0
LINE
8
BLACK
6
CONTINUOUS
10
0.5072087795275591
20
0.2357612992125984
11
0.5042909448818897
21
0.2328435039370079
0
LINE
8
BLACK
6
CONTINUOUS
10
0.5042909448818897
20
0.2328435039370079
11
0.5027881496062993
21
0.2283350787401575
0
LINE
8
BLACK
6
CONTINUOUS
10
0.5027881496062993
20
0.2283350787401575
11
0.5027881496062993
21
0.2255438582677165
0
LINE
8
BLACK
6
CONTINUOUS
10
0.5027881496062993
20
0.2255438582677165
11
0.5042909448818897
21
0.2210354330708661
0
LINE
8
BLACK
6
CONTINUOUS
10
0.5042909448818897
20
0.2210354330708661
11
0.5056728346456693
21
0.2196535433070866
0
LINE
8
BLACK
6
CONTINUOUS
10
0.5056728346456693
20
0.2196535433070866
11
0.5060400393700787
21
0.2192061023622047
0
LINE
8
BLACK
6
CONTINUOUS
10
0.5060400393700787
20
0.2192061023622047
11
0.5064809448818898
21
0.2181416929133858
0
LINE
8
BLACK
6
CONTINUOUS
10
0.5064809448818898
20
0.2181416929133858
11
0.5064809448818898
21
0.2169896062992126
0
LINE
8
BLACK
6
CONTINUOUS
10
0.5064809448818898
20
0.2169896062992126
11
0.5060400393700787
21
0.2159251968503937
0
LINE
8
BLACK
6
CONTINUOUS
10
0.5060400393700787
20
0.2159251968503937
11
0.5052253543307087
21
0.2151105118110236
0
LINE
8
BLACK
6
CONTINUOUS
10
0.5052253543307087
20
0.2151105118110236
11
0.5041609448818898
21
0.2146696062992126
0
LINE
8
BLACK
6
CONTINUOUS
10
0.5041609448818898
20
0.2146696062992126
11
0.5030088582677166
21
0.2146696062992126
0
LINE
8
BLACK
6
CONTINUOUS
10
0.5030088582677166
20
0.2146696062992126
11
0.5019444488188977
21
0.2151105118110236
0
LINE
8
BLACK
6
CONTINUOUS
10
0.5019444488188977
20
0.2151105118110236
11
0.5014970078740157
21
0.2154777165354331
0
LINE
8
BLACK
6
CONTINUOUS
10
0.5014970078740157
20
0.2154777165354331
11
0.4996222440944882
21
0.2173524803149606
0
LINE
8
BLACK
6
CONTINUOUS
10
0.4996222440944882
20
0.2173524803149606
11
0.4992550393700787
21
0.2177999212598425
0
LINE
8
BLACK
6
CONTINUOUS
10
0.4992550393700787
20
0.2177999212598425
11
0.4992144094488189
21
0.2178979921259842
0
LINE
8
BLACK
6
CONTINUOUS
10
0.4992144094488189
20
0.2178979921259842
11
0.4991449212598425
21
0.2179781102362205
0
LINE
8
BLACK
6
CONTINUOUS
10
0.4991449212598425
20
0.2179781102362205
11
0.498908937007874
21
0.2185066535433071
0
LINE
8
BLACK
6
CONTINUOUS
10
0.498908937007874
20
0.2185066535433071
11
0.4970341732283464
21
0.2241309448818898
0
LINE
8
BLACK
6
CONTINUOUS
10
0.4970341732283464
20
0.2241309448818898
11
0.4969692125984252
21
0.2244165354330709
0
LINE
8
BLACK
6
CONTINUOUS
10
0.4969692125984252
20
0.2244165354330709
11
0.4969393700787402
21
0.2244886220472441
0
LINE
8
BLACK
6
CONTINUOUS
10
0.4969393700787402
20
0.2244886220472441
11
0.4969290551181103
21
0.2245931496062992
0
LINE
8
BLACK
6
CONTINUOUS
10
0.4969290551181103
20
0.2245931496062992
11
0.4969058267716535
21
0.2246953937007874
0
LINE
8
BLACK
6
CONTINUOUS
10
0.4969058267716535
20
0.2246953937007874
11
0.4969113385826772
21
0.2247731496062992
0
LINE
8
BLACK
6
CONTINUOUS
10
0.4969113385826772
20
0.2247731496062992
11
0.4968826377952756
21
0.2250646850393701
0
LINE
8
BLACK
6
CONTINUOUS
10
0.4968826377952756
20
0.2250646850393701
11
0.4968826377952756
21
0.2288142125984252
0
LINE
8
BLACK
6
CONTINUOUS
10
0.4968826377952756
20
0.2288142125984252
11
0.4969113385826772
21
0.2291057874015748
0
LINE
8
BLACK
6
CONTINUOUS
10
0.4969113385826772
20
0.2291057874015748
11
0.4969058267716535
21
0.2291835039370079
0
LINE
8
BLACK
6
CONTINUOUS
10
0.4969058267716535
20
0.2291835039370079
11
0.4969290551181103
21
0.2292857874015748
0
LINE
8
BLACK
6
CONTINUOUS
10
0.4969290551181103
20
0.2292857874015748
11
0.4969393700787402
21
0.2293902755905512
0
LINE
8
BLACK
6
CONTINUOUS
10
0.4969393700787402
20
0.2293902755905512
11
0.4969692125984252
21
0.2294624015748031
0
LINE
8
BLACK
6
CONTINUOUS
10
0.4969692125984252
20
0.2294624015748031
11
0.4970341732283464
21
0.2297479527559055
0
LINE
8
BLACK
6
CONTINUOUS
10
0.4970341732283464
20
0.2297479527559055
11
0.498908937007874
21
0.2353722440944882
0
LINE
8
BLACK
6
CONTINUOUS
10
0.498908937007874
20
0.2353722440944882
11
0.4991449212598425
21
0.2359007874015748
0
LINE
8
BLACK
6
CONTINUOUS
10
0.4991449212598425
20
0.2359007874015748
11
0.4992144094488189
21
0.2359809448818898
0
LINE
8
BLACK
6
CONTINUOUS
10
0.4992144094488189
20
0.2359809448818898
11
0.4992550393700787
21
0.2360789763779527
0
LINE
8
BLACK
6
CONTINUOUS
10
0.4992550393700787
20
0.2360789763779527
11
0.4996222440944882
21
0.2365264173228346
0
LINE
8
BLACK
6
CONTINUOUS
10
0.4996222440944882
20
0.2365264173228346
11
0.5033717716535433
21
0.2402759448818897
0
LINE
8
BLACK
6
CONTINUOUS
10
0.5033717716535433
20
0.2402759448818897
11
0.5035981496062992
21
0.240461811023622
0
LINE
8
BLACK
6
CONTINUOUS
10
0.5035981496062992
20
0.240461811023622
11
0.5036492913385827
21
0.2405207086614173
0
LINE
8
BLACK
6
CONTINUOUS
10
0.5036492913385827
20
0.2405207086614173
11
0.503738031496063
21
0.2405766141732283
0
LINE
8
BLACK
6
CONTINUOUS
10
0.503738031496063
20
0.2405766141732283
11
0.5038192125984252
21
0.240643188976378
0
LINE
8
BLACK
6
CONTINUOUS
10
0.5038192125984252
20
0.240643188976378
11
0.5038913385826772
21
0.2406730708661417
0
LINE
8
BLACK
6
CONTINUOUS
10
0.5038913385826772
20
0.2406730708661417
11
0.5041391732283464
21
0.2408290551181102
0
LINE
8
BLACK
6
CONTINUOUS
10
0.5041391732283464
20
0.2408290551181102
11
0.5078887007874016
21
0.2427038188976378
0
LINE
8
BLACK
6
CONTINUOUS
10
0.5078887007874016
20
0.2427038188976378
11
0.5079307874015748
21
0.2427199606299213
0
LINE
8
BLACK
6
CONTINUOUS
10
0.5079307874015748
20
0.2427199606299213
11
0.5079479527559055
21
0.2427326377952756
0
LINE
8
BLACK
6
CONTINUOUS
10
0.5079479527559055
20
0.2427326377952756
11
0.5081895275590551
21
0.2428189763779527
0
LINE
8
BLACK
6
CONTINUOUS
10
0.5081895275590551
20
0.2428189763779527
11
0.5084292913385826
21
0.2429107086614173
0
LINE
8
BLACK
6
CONTINUOUS
10
0.5084292913385826
20
0.2429107086614173
11
0.5084505511811024
21
0.2429122440944882
0
LINE
8
BLACK
6
CONTINUOUS
10
0.5084505511811024
20
0.2429122440944882
11
0.5084930708661417
21
0.2429274015748031
0
LINE
8
BLACK
6
CONTINUOUS
10
0.5084930708661417
20
0.2429274015748031
11
0.5159921259842519
21
0.2448021653543307
0
LINE
8
BLACK
6
CONTINUOUS
10
0.5159921259842519
20
0.2448021653543307
11
0.516091968503937
21
0.244816968503937
0
LINE
8
BLACK
6
CONTINUOUS
10
0.516091968503937
20
0.244816968503937
11
0.5161322047244095
21
0.2448335826771653
0
LINE
8
BLACK
6
CONTINUOUS
10
0.5161322047244095
20
0.2448335826771653
11
0.5163492125984251
21
0.2448549606299213
0
LINE
8
BLACK
6
CONTINUOUS
10
0.5163492125984251
20
0.2448549606299213
11
0.5165647244094488
21
0.244886811023622
0
LINE
8
BLACK
6
CONTINUOUS
10
0.5165647244094488
20
0.244886811023622
11
0.516607716535433
21
0.2448804330708661
0
LINE
8
BLACK
6
CONTINUOUS
10
0.516607716535433
20
0.2448804330708661
11
0.5167082677165354
21
0.2448903149606299
0
LINE
8
BLACK
6
CONTINUOUS
10
0.5167082677165354
20
0.2448903149606299
11
0.5223325590551181
21
0.2448903149606299
0
LINE
8
BLACK
6
CONTINUOUS
10
0.5223325590551181
20
0.2448903149606299
11
0.5224330708661418
21
0.2448804330708661
0
LINE
8
BLACK
6
CONTINUOUS
10
0.3455646456692913
20
0.2944114566929134
11
0.3465951574803149
21
0.2938961811023622
0
LINE
8
BLACK
6
CONTINUOUS
10
0.3465951574803149
20
0.2938961811023622
11
0.34735
21
0.2930258267716536
0
LINE
8
BLACK
6
CONTINUOUS
10
0.34735
20
0.2930258267716536
11
0.3477143307086614
21
0.2919328346456693
0
LINE
8
BLACK
6
CONTINUOUS
10
0.3477143307086614
20
0.2919328346456693
11
0.3476326771653543
21
0.2907836220472441
0
LINE
8
BLACK
6
CONTINUOUS
10
0.3476326771653543
20
0.2907836220472441
11
0.3474257874015748
21
0.290243031496063
0
LINE
8
BLACK
6
CONTINUOUS
10
0.3474257874015748
20
0.290243031496063
11
0.3455510236220473
21
0.2864935039370078
0
LINE
8
BLACK
6
CONTINUOUS
10
0.3455510236220473
20
0.2864935039370078
11
0.345395
21
0.2862457086614173
0
LINE
8
BLACK
6
CONTINUOUS
10
0.345395
20
0.2862457086614173
11
0.3453651574803149
21
0.2861735433070866
0
LINE
8
BLACK
6
CONTINUOUS
10
0.3453651574803149
20
0.2861735433070866
11
0.3452985433070866
21
0.2860924015748031
0
LINE
8
BLACK
6
CONTINUOUS
10
0.3452985433070866
20
0.2860924015748031
11
0.3452426771653543
21
0.2860036220472441
0
LINE
8
BLACK
6
CONTINUOUS
10
0.3452426771653543
20
0.2860036220472441
11
0.3451837401574803
21
0.2859525196850394
0
LINE
8
BLACK
6
CONTINUOUS
10
0.3451837401574803
20
0.2859525196850394
11
0.3449979133858267
21
0.2857261023622047
0
LINE
8
BLACK
6
CONTINUOUS
10
0.3449979133858267
20
0.2857261023622047
11
0.3425395275590551
21
0.2832677165354331
0
LINE
8
BLACK
6
CONTINUOUS
10
0.3425395275590551
20
0.2832677165354331
11
0.3699535039370079
21
0.2832677165354331
0
LINE
8
BLACK
6
CONTINUOUS
10
0.3699535039370079
20
0.2832677165354331
11
0.3699535039370079
21
0.2915635433070866
0
LINE
8
BLACK
6
CONTINUOUS
10
0.3699535039370079
20
0.2915635433070866
11
0.3700102362204724
21
0.2921396062992126
0
LINE
8
BLACK
6
CONTINUOUS
10
0.3700102362204724
20
0.2921396062992126
11
0.3704511417322834
21
0.2932040157480315
0
LINE
8
BLACK
6
CONTINUOUS
10
0.3704511417322834
20
0.2932040157480315
11
0.3712657874015748
21
0.2940186614173228
0
LINE
8
BLACK
6
CONTINUOUS
10
0.3712657874015748
20
0.2940186614173228
11
0.3723301968503937
21
0.2944595669291338
0
LINE
8
BLACK
6
CONTINUOUS
10
0.3723301968503937
20
0.2944595669291338
11
0.3734823228346457
21
0.2944595669291338
0
LINE
8
BLACK
6
CONTINUOUS
10
0.3734823228346457
20
0.2944595669291338
11
0.3745467322834646
21
0.2940186614173228
0
LINE
8
BLACK
6
CONTINUOUS
10
0.3745467322834646
20
0.2940186614173228
11
0.3753613779527559
21
0.2932040157480315
0
LINE
8
BLACK
6
CONTINUOUS
10
0.3753613779527559
20
0.2932040157480315
11
0.3758022834645669
21
0.2921396062992126
0
LINE
8
BLACK
6
CONTINUOUS
10
0.3758022834645669
20
0.2921396062992126
11
0.3758590157480315
21
0.2915635433070866
0
LINE
8
BLACK
6
CONTINUOUS
10
0.3758590157480315
20
0.2915635433070866
11
0.3758590157480315
21
0.2690663779527559
0
LINE
8
BLACK
6
CONTINUOUS
10
0.3758590157480315
20
0.2690663779527559
11
0.3758022834645669
21
0.2684903149606299
0
LINE
8
BLACK
6
CONTINUOUS
10
0.3758022834645669
20
0.2684903149606299
11
0.3753613779527559
21
0.267425905511811
0
LINE
8
BLACK
6
CONTINUOUS
10
0.3753613779527559
20
0.267425905511811
11
0.3745467322834646
21
0.2666112598425197
0
LINE
8
BLACK
6
CONTINUOUS
10
0.3745467322834646
20
0.2666112598425197
11
0.3734823228346457
21
0.2661703543307087
0
LINE
8
BLACK
6
CONTINUOUS
10
0.3734823228346457
20
0.2661703543307087
11
0.3723301968503937
21
0.2661703543307087
0
LINE
8
BLACK
6
CONTINUOUS
10
0.3723301968503937
20
0.2661703543307087
11
0.3712657874015748
21
0.2666112598425197
0
LINE
8
BLACK
6
CONTINUOUS
10
0.3712657874015748
20
0.2666112598425197
11
0.3704511417322834
21
0.267425905511811
0
LINE
8
BLACK
6
CONTINUOUS
10
0.3704511417322834
20
0.267425905511811
11
0.3700102362204724
21
0.2684903149606299
0
LINE
8
BLACK
6
CONTINUOUS
10
0.3700102362204724
20
0.2684903149606299
11
0.3699535039370079
21
0.2690663779527559
0
LINE
8
BLACK
6
CONTINUOUS
10
0.3699535039370079
20
0.2690663779527559
11
0.3699535039370079
21
0.2773622047244094
0
LINE
8
BLACK
6
CONTINUOUS
10
0.3699535039370079
20
0.2773622047244094
11
0.3335361811023622
21
0.2773622047244094
0
LINE
8
BLACK
6
CONTINUOUS
10
0.3335361811023622
20
0.2773622047244094
11
0.333534094488189
21
0.2773624409448819
0
LINE
8
BLACK
6
CONTINUOUS
10
0.333534094488189
20
0.2773624409448819
11
0.3335330708661417
21
0.2773622047244094
0
LINE
8
BLACK
6
CONTINUOUS
10
0.3335330708661417
20
0.2773622047244094
11
0.3335300393700787
21
0.2773628346456693
0
LINE
8
BLACK
6
CONTINUOUS
10
0.3335300393700787
20
0.2773628346456693
11
0.3329601181102362
21
0.277418937007874
0
LINE
8
BLACK
6
CONTINUOUS
10
0.3329601181102362
20
0.277418937007874
11
0.33269
21
0.2775308267716535
0
LINE
8
BLACK
6
CONTINUOUS
10
0.33269
20
0.2775308267716535
11
0.3324033858267716
21
0.2775881496062992
0
LINE
8
BLACK
6
CONTINUOUS
10
0.3324033858267716
20
0.2775881496062992
11
0.3321629921259843
21
0.2777491338582677
0
LINE
8
BLACK
6
CONTINUOUS
10
0.3321629921259843
20
0.2777491338582677
11
0.3318957086614173
21
0.277859842519685
0
LINE
8
BLACK
6
CONTINUOUS
10
0.3318957086614173
20
0.277859842519685
11
0.3316889763779527
21
0.2780665748031496
0
LINE
8
BLACK
6
CONTINUOUS
10
0.3316889763779527
20
0.2780665748031496
11
0.3314461023622047
21
0.2782292125984252
0
LINE
8
BLACK
6
CONTINUOUS
10
0.3314461023622047
20
0.2782292125984252
11
0.3312855905511811
21
0.2784699606299212
0
LINE
8
BLACK
6
CONTINUOUS
10
0.3312855905511811
20
0.2784699606299212
11
0.331081062992126
21
0.2786744881889764
0
LINE
8
BLACK
6
CONTINUOUS
10
0.331081062992126
20
0.2786744881889764
11
0.3309691732283465
21
0.2789446062992126
0
LINE
8
BLACK
6
CONTINUOUS
10
0.3309691732283465
20
0.2789446062992126
11
0.3308070078740157
21
0.2791878346456693
0
LINE
8
BLACK
6
CONTINUOUS
10
0.3308070078740157
20
0.2791878346456693
11
0.3307508661417323
21
0.2794716535433071
0
LINE
8
BLACK
6
CONTINUOUS
10
0.3307508661417323
20
0.2794716535433071
11
0.3306401574803149
21
0.2797388976377952
0
LINE
8
BLACK
6
CONTINUOUS
10
0.3306401574803149
20
0.2797388976377952
11
0.3306401574803149
21
0.2800312992125984
0
LINE
8
BLACK
6
CONTINUOUS
10
0.3306401574803149
20
0.2800312992125984
11
0.3305834251968504
21
0.2803180708661417
0
LINE
8
BLACK
6
CONTINUOUS
10
0.3305834251968504
20
0.2803180708661417
11
0.3306401574803149
21
0.2806017322834646
0
LINE
8
BLACK
6
CONTINUOUS
10
0.3306401574803149
20
0.2806017322834646
11
0.3306401574803149
21
0.2808910236220473
0
LINE
8
BLACK
6
CONTINUOUS
10
0.3306401574803149
20
0.2808910236220473
11
0.3307520078740158
21
0.2811611417322835
0
LINE
8
BLACK
6
CONTINUOUS
10
0.3307520078740158
20
0.2811611417322835
11
0.3308093700787402
21
0.2814477559055118
0
LINE
8
BLACK
6
CONTINUOUS
10
0.3308093700787402
20
0.2814477559055118
11
0.3309703149606299
21
0.2816881496062992
0
LINE
8
BLACK
6
CONTINUOUS
10
0.3309703149606299
20
0.2816881496062992
11
0.331081062992126
21
0.2819554330708661
0
LINE
8
BLACK
6
CONTINUOUS
10
0.331081062992126
20
0.2819554330708661
11
0.3312877559055118
21
0.2821621653543307
0
LINE
8
BLACK
6
CONTINUOUS
10
0.3312877559055118
20
0.2821621653543307
11
0.3314504330708661
21
0.2824050393700787
0
LINE
8
BLACK
6
CONTINUOUS
10
0.3314504330708661
20
0.2824050393700787
11
0.3318936614173228
21
0.2827680708661418
0
LINE
8
BLACK
6
CONTINUOUS
10
0.3318936614173228
20
0.2827680708661418
11
0.3318957086614173
21
0.2827700787401575
0
LINE
8
BLACK
6
CONTINUOUS
10
0.3318957086614173
20
0.2827700787401575
11
0.3318965748031496
21
0.2827704724409449
0
LINE
8
BLACK
6
CONTINUOUS
10
0.3318965748031496
20
0.2827704724409449
11
0.3318982677165354
21
0.282771811023622
0
LINE
8
BLACK
6
CONTINUOUS
10
0.3318982677165354
20
0.282771811023622
11
0.3372792913385826
21
0.2863591732283465
0
LINE
8
BLACK
6
CONTINUOUS
10
0.3372792913385826
20
0.2863591732283465
11
0.3404832677165354
21
0.2895631102362204
0
LINE
8
BLACK
6
CONTINUOUS
10
0.3404832677165354
20
0.2895631102362204
11
0.3421437401574803
21
0.2928840551181102
0
LINE
8
BLACK
6
CONTINUOUS
10
0.3421437401574803
20
0.2928840551181102
11
0.3424520866141732
21
0.293373937007874
0
LINE
8
BLACK
6
CONTINUOUS
10
0.3424520866141732
20
0.293373937007874
11
0.3433224803149606
21
0.2941287795275591
0
LINE
8
BLACK
6
CONTINUOUS
10
0.3433224803149606
20
0.2941287795275591
11
0.3444154330708661
21
0.2944931102362205
0
LINE
8
BLACK
6
CONTINUOUS
10
0.3444154330708661
20
0.2944931102362205
11
0.3455646456692913
21
0.2944114566929134
0
LINE
8
BLACK
6
CONTINUOUS
10
0.3734823228346457
20
0.3319548818897638
11
0.3745467322834646
21
0.3315139763779528
0
LINE
8
BLACK
6
CONTINUOUS
10
0.3745467322834646
20
0.3315139763779528
11
0.3753613779527559
21
0.3306993307086614
0
LINE
8
BLACK
6
CONTINUOUS
10
0.3753613779527559
20
0.3306993307086614
11
0.3758022834645669
21
0.3296349212598425
0
LINE
8
BLACK
6
CONTINUOUS
10
0.3758022834645669
20
0.3296349212598425
11
0.3758590157480315
21
0.3290588582677165
0
LINE
8
BLACK
6
CONTINUOUS
10
0.3758590157480315
20
0.3290588582677165
11
0.3758590157480315
21
0.3196850393700787
0
LINE
8
BLACK
6
CONTINUOUS
10
0.3758590157480315
20
0.3196850393700787
11
0.3758302755905512
21
0.3193934645669291
0
LINE
8
BLACK
6
CONTINUOUS
10
0.3758302755905512
20
0.3193934645669291
11
0.3758358267716536
21
0.3193157086614173
0
LINE
8
BLACK
6
CONTINUOUS
10
0.3758358267716536
20
0.3193157086614173
11
0.3758125590551181
21
0.3192134645669291
0
LINE
8
BLACK
6
CONTINUOUS
10
0.3758125590551181
20
0.3192134645669291
11
0.3758022834645669
21
0.3191089763779528
0
LINE
8
BLACK
6
CONTINUOUS
10
0.3758022834645669
20
0.3191089763779528
11
0.3757724015748031
21
0.3190369291338583
0
LINE
8
BLACK
6
CONTINUOUS
10
0.3757724015748031
20
0.3190369291338583
11
0.3757074803149606
21
0.3187512598425197
0
LINE
8
BLACK
6
CONTINUOUS
10
0.3757074803149606
20
0.3187512598425197
11
0.373832716535433
21
0.3131270078740158
0
LINE
8
BLACK
6
CONTINUOUS
10
0.373832716535433
20
0.3131270078740158
11
0.3735967322834646
21
0.3125984251968504
0
LINE
8
BLACK
6
CONTINUOUS
10
0.3735967322834646
20
0.3125984251968504
11
0.3735272440944882
21
0.3125183464566929
0
LINE
8
BLACK
6
CONTINUOUS
10
0.3735272440944882
20
0.3125183464566929
11
0.3734866535433071
21
0.3124202755905512
0
LINE
8
BLACK
6
CONTINUOUS
10
0.3734866535433071
20
0.3124202755905512
11
0.3731194094488189
21
0.3119728346456693
0
LINE
8
BLACK
6
CONTINUOUS
10
0.3731194094488189
20
0.3119728346456693
11
0.369369842519685
21
0.3082233070866142
0
LINE
8
BLACK
6
CONTINUOUS
10
0.369369842519685
20
0.3082233070866142
11
0.3691434645669291
21
0.3080375590551181
0
LINE
8
BLACK
6
CONTINUOUS
10
0.3691434645669291
20
0.3080375590551181
11
0.3690923228346457
21
0.3079785433070866
0
LINE
8
BLACK
6
CONTINUOUS
10
0.3690923228346457
20
0.3079785433070866
11
0.3690033858267717
21
0.3079225984251969
0
LINE
8
BLACK
6
CONTINUOUS
10
0.3690033858267717
20
0.3079225984251969
11
0.3689223622047244
21
0.307856062992126
0
LINE
8
BLACK
6
CONTINUOUS
10
0.3689223622047244
20
0.307856062992126
11
0.3688503149606299
21
0.3078262598425197
0
LINE
8
BLACK
6
CONTINUOUS
10
0.3688503149606299
20
0.3078262598425197
11
0.3686024409448819
21
0.3076701968503937
0
LINE
8
BLACK
6
CONTINUOUS
10
0.3686024409448819
20
0.3076701968503937
11
0.3648529133858268
21
0.3057954330708662
0
LINE
8
BLACK
6
CONTINUOUS
10
0.3648529133858268
20
0.3057954330708662
11
0.3648107874015748
21
0.3057793307086614
0
LINE
8
BLACK
6
CONTINUOUS
10
0.3648107874015748
20
0.3057793307086614
11
0.3647936614173228
21
0.3057666141732283
0
LINE
8
BLACK
6
CONTINUOUS
10
0.3647936614173228
20
0.3057666141732283
11
0.3645516929133858
21
0.3056801968503937
0
LINE
8
BLACK
6
CONTINUOUS
10
0.3645516929133858
20
0.3056801968503937
11
0.3643122834645669
21
0.3055885433070866
0
LINE
8
BLACK
6
CONTINUOUS
10
0.3643122834645669
20
0.3055885433070866
11
0.3642910236220472
21
0.3055870472440945
0
LINE
8
BLACK
6
CONTINUOUS
10
0.3642910236220472
20
0.3055870472440945
11
0.3642485433070866
21
0.3055718503937008
0
LINE
8
BLACK
6
CONTINUOUS
10
0.3642485433070866
20
0.3055718503937008
11
0.3567494881889764
21
0.3036970866141732
0
LINE
8
BLACK
6
CONTINUOUS
10
0.3567494881889764
20
0.3036970866141732
11
0.3566496062992126
21
0.3036823228346456
0
LINE
8
BLACK
6
CONTINUOUS
10
0.3566496062992126
20
0.3036823228346456
11
0.3566094094488189
21
0.3036656692913386
0
LINE
8
BLACK
6
CONTINUOUS
10
0.3566094094488189
20
0.3036656692913386
11
0.3563923622047244
21
0.3036443307086614
0
LINE
8
BLACK
6
CONTINUOUS
10
0.3563923622047244
20
0.3036443307086614
11
0.3561768897637795
21
0.3036124409448819
0
LINE
8
BLACK
6
CONTINUOUS
10
0.3561768897637795
20
0.3036124409448819
11
0.3561338582677165
21
0.3036188582677165
0
LINE
8
BLACK
6
CONTINUOUS
10
0.3561338582677165
20
0.3036188582677165
11
0.3560333464566929
21
0.303608937007874
0
LINE
8
BLACK
6
CONTINUOUS
10
0.3560333464566929
20
0.303608937007874
11
0.3504090551181102
21
0.303608937007874
0
LINE
8
BLACK
6
CONTINUOUS
10
0.3504090551181102
20
0.303608937007874
11
0.3503085039370079
21
0.3036188582677165
0
LINE
8
BLACK
6
CONTINUOUS
10
0.3503085039370079
20
0.3036188582677165
11
0.3502655118110236
21
0.3036124409448819
0
LINE
8
BLACK
6
CONTINUOUS
10
0.3502655118110236
20
0.3036124409448819
11
0.35005
21
0.3036443307086614
0
LINE
8
BLACK
6
CONTINUOUS
10
0.35005
20
0.3036443307086614
11
0.3498329921259842
21
0.3036656692913386
0
LINE
8
BLACK
6
CONTINUOUS
10
0.3498329921259842
20
0.3036656692913386
11
0.3497927559055118
21
0.3036823228346456
0
LINE
8
BLACK
6
CONTINUOUS
10
0.3497927559055118
20
0.3036823228346456
11
0.3496929133858268
21
0.3036970866141732
0
LINE
8
BLACK
6
CONTINUOUS
10
0.3496929133858268
20
0.3036970866141732
11
0.3421938582677165
21
0.3055718503937008
0
LINE
8
BLACK
6
CONTINUOUS
10
0.3421938582677165
20
0.3055718503937008
11
0.3421513385826772
21
0.3055870472440945
0
LINE
8
BLACK
6
CONTINUOUS
10
0.3421513385826772
20
0.3055870472440945
11
0.3421300787401575
21
0.3055885433070866
0
LINE
8
BLACK
6
CONTINUOUS
10
0.3421300787401575
20
0.3055885433070866
11
0.3418903149606299
21
0.3056803149606299
0
LINE
8
BLACK
6
CONTINUOUS
10
0.3418903149606299
20
0.3056803149606299
11
0.3416487401574803
21
0.3057666141732283
0
LINE
8
BLACK
6
CONTINUOUS
10
0.3416487401574803
20
0.3057666141732283
11
0.3416315748031496
21
0.3057793307086614
0
LINE
8
BLACK
6
CONTINUOUS
10
0.3416315748031496
20
0.3057793307086614
11
0.3415894881889764
21
0.3057954330708662
0
LINE
8
BLACK
6
CONTINUOUS
10
0.3415894881889764
20
0.3057954330708662
11
0.3378399606299213
21
0.3076701968503937
0
LINE
8
BLACK
6
CONTINUOUS
10
0.3378399606299213
20
0.3076701968503937
11
0.337592125984252
21
0.307826220472441
0
LINE
8
BLACK
6
CONTINUOUS
10
0.337592125984252
20
0.307826220472441
11
0.33752
21
0.307856062992126
0
LINE
8
BLACK
6
CONTINUOUS
10
0.33752
20
0.307856062992126
11
0.3374388188976378
21
0.3079226771653543
0
LINE
8
BLACK
6
CONTINUOUS
10
0.3374388188976378
20
0.3079226771653543
11
0.3373500787401575
21
0.3079785433070866
0
LINE
8
BLACK
6
CONTINUOUS
10
0.3373500787401575
20
0.3079785433070866
11
0.337298937007874
21
0.3080374803149606
0
LINE
8
BLACK
6
CONTINUOUS
10
0.337298937007874
20
0.3080374803149606
11
0.3370725590551181
21
0.3082233070866142
0
LINE
8
BLACK
6
CONTINUOUS
10
0.3370725590551181
20
0.3082233070866142
11
0.333323031496063
21
0.3119728346456693
0
LINE
8
BLACK
6
CONTINUOUS
10
0.333323031496063
20
0.3119728346456693
11
0.3329558267716535
21
0.3124202755905512
0
LINE
8
BLACK
6
CONTINUOUS
10
0.3329558267716535
20
0.3124202755905512
11
0.3329151968503937
21
0.3125183464566929
0
LINE
8
BLACK
6
CONTINUOUS
10
0.3329151968503937
20
0.3125183464566929
11
0.3328457086614173
21
0.3125984645669291
0
LINE
8
BLACK
6
CONTINUOUS
10
0.3328457086614173
20
0.3125984645669291
11
0.3326097244094488
21
0.3131270078740158
0
LINE
8
BLACK
6
CONTINUOUS
10
0.3326097244094488
20
0.3131270078740158
11
0.3307349606299212
21
0.3187512992125984
0
LINE
8
BLACK
6
CONTINUOUS
10
0.3307349606299212
20
0.3187512992125984
11
0.33067
21
0.3190368897637795
0
LINE
8
BLACK
6
CONTINUOUS
10
0.33067
20
0.3190368897637795
11
0.3306401574803149
21
0.3191089763779528
0
LINE
8
BLACK
6
CONTINUOUS
10
0.3306401574803149
20
0.3191089763779528
11
0.330629842519685
21
0.3192135039370079
0
LINE
8
BLACK
6
CONTINUOUS
10
0.330629842519685
20
0.3192135039370079
11
0.3306066141732283
21
0.319315748031496
0
LINE
8
BLACK
6
CONTINUOUS
10
0.3306066141732283
20
0.319315748031496
11
0.3306121259842519
21
0.3193935039370079
0
LINE
8
BLACK
6
CONTINUOUS
10
0.3306121259842519
20
0.3193935039370079
11
0.3305834251968504
21
0.3196850393700787
0
LINE
8
BLACK
6
CONTINUOUS
10
0.3305834251968504
20
0.3196850393700787
11
0.3305834251968504
21
0.3290588582677165
0
LINE
8
BLACK
6
CONTINUOUS
10
0.3305834251968504
20
0.3290588582677165
11
0.3306401574803149
21
0.3296349212598425
0
LINE
8
BLACK
6
CONTINUOUS
10
0.3306401574803149
20
0.3296349212598425
11
0.331081062992126
21
0.3306993307086614
0
LINE
8
BLACK
6
CONTINUOUS
10
0.331081062992126
20
0.3306993307086614
11
0.3318957086614173
21
0.3315139763779528
0
LINE
8
BLACK
6
CONTINUOUS
10
0.3318957086614173
20
0.3315139763779528
11
0.3329601181102362
21
0.3319548818897638
0
LINE
8
BLACK
6
CONTINUOUS
10
0.3329601181102362
20
0.3319548818897638
11
0.3335361811023622
21
0.3320116141732283
0
LINE
8
BLACK
6
CONTINUOUS
10
0.3335361811023622
20
0.3320116141732283
11
0.3729062598425197
21
0.3320116141732283
0
LINE
8
BLACK
6
CONTINUOUS
10
0.3729062598425197
20
0.3320116141732283
11
0.3734823228346457
21
0.3319548818897638
0
LINE
8
BLACK
6
CONTINUOUS
10
0.336488937007874
20
0.3201642125984252
11
0.3379917322834646
21
0.3156557874015748
0
LINE
8
BLACK
6
CONTINUOUS
10
0.3379917322834646
20
0.3156557874015748
11
0.3409095669291339
21
0.3127379527559055
0
LINE
8
BLACK
6
CONTINUOUS
10
0.3409095669291339
20
0.3127379527559055
11
0.3439405511811023
21
0.3112224803149606
0
LINE
8
BLACK
6
CONTINUOUS
10
0.3439405511811023
20
0.3112224803149606
11
0.3507725984251969
21
0.3095144488188976
0
LINE
8
BLACK
6
CONTINUOUS
10
0.3507725984251969
20
0.3095144488188976
11
0.3556698031496063
21
0.3095144488188976
0
LINE
8
BLACK
6
CONTINUOUS
10
0.3556698031496063
20
0.3095144488188976
11
0.3625018503937008
21
0.3112224803149606
0
LINE
8
BLACK
6
CONTINUOUS
10
0.3625018503937008
20
0.3112224803149606
11
0.3655328346456693
21
0.3127379921259842
0
LINE
8
BLACK
6
CONTINUOUS
10
0.3655328346456693
20
0.3127379921259842
11
0.3684507086614173
21
0.3156558267716535
0
LINE
8
BLACK
6
CONTINUOUS
10
0.3684507086614173
20
0.3156558267716535
11
0.3699535039370079
21
0.3201641732283464
0
LINE
8
BLACK
6
CONTINUOUS
10
0.3699535039370079
20
0.3201641732283464
11
0.3699535039370079
21
0.3261061023622047
0
LINE
8
BLACK
6
CONTINUOUS
10
0.3699535039370079
20
0.3261061023622047
11
0.336488937007874
21
0.3261061023622047
0
LINE
8
BLACK
6
CONTINUOUS
10
0.336488937007874
20
0.3261061023622047
11
0.336488937007874
21
0.3201642125984252
0
LINE
8
BLACK
6
CONTINUOUS
10
0.4565996850393701
20
0.3326598031496063
11
0.457664094488189
21
0.3322188976377953
0
LINE
8
BLACK
6
CONTINUOUS
10
0.457664094488189
20
0.3322188976377953
11
0.4584787401574803
21
0.3314042519685039
0
LINE
8
BLACK
6
CONTINUOUS
10
0.4584787401574803
20
0.3314042519685039
11
0.4589196456692913
21
0.330339842519685
0
LINE
8
BLACK
6
CONTINUOUS
10
0.4589196456692913
20
0.330339842519685
11
0.4589196456692913
21
0.3291877165354331
0
LINE
8
BLACK
6
CONTINUOUS
10
0.4589196456692913
20
0.3291877165354331
11
0.4584787401574803
21
0.3281233070866142
0
LINE
8
BLACK
6
CONTINUOUS
10
0.4584787401574803
20
0.3281233070866142
11
0.457664094488189
21
0.3273086614173228
0
LINE
8
BLACK
6
CONTINUOUS
10
0.457664094488189
20
0.3273086614173228
11
0.4565996850393701
21
0.3268677559055118
0
LINE
8
BLACK
6
CONTINUOUS
10
0.4565996850393701
20
0.3268677559055118
11
0.4560236220472441
21
0.3268110236220472
0
LINE
8
BLACK
6
CONTINUOUS
10
0.4560236220472441
20
0.3268110236220472
11
0.3960236220472441
21
0.3268110236220472
0
LINE
8
BLACK
6
CONTINUOUS
10
0.3960236220472441
20
0.3268110236220472
11
0.3954475590551181
21
0.3268677559055118
0
LINE
8
BLACK
6
CONTINUOUS
10
0.3954475590551181
20
0.3268677559055118
11
0.3943831496062992
21
0.3273086614173228
0
LINE
8
BLACK
6
CONTINUOUS
10
0.3943831496062992
20
0.3273086614173228
11
0.3935685039370079
21
0.3281233070866142
0
LINE
8
BLACK
6
CONTINUOUS
10
0.3935685039370079
20
0.3281233070866142
11
0.3931275984251968
21
0.3291877165354331
0
LINE
8
BLACK
6
CONTINUOUS
10
0.3931275984251968
20
0.3291877165354331
11
0.3931275984251968
21
0.330339842519685
0
LINE
8
BLACK
6
CONTINUOUS
10
0.3931275984251968
20
0.330339842519685
11
0.3935685039370079
21
0.3314042519685039
0
LINE
8
BLACK
6
CONTINUOUS
10
0.3935685039370079
20
0.3314042519685039
11
0.3943831496062992
21
0.3322188976377953
0
LINE
8
BLACK
6
CONTINUOUS
10
0.3943831496062992
20
0.3322188976377953
11
0.3954475590551181
21
0.3326598031496063
0
LINE
8
BLACK
6
CONTINUOUS
10
0.3954475590551181
20
0.3326598031496063
11
0.3960236220472441
21
0.3327165354330708
0
LINE
8
BLACK
6
CONTINUOUS
10
0.3960236220472441
20
0.3327165354330708
11
0.4560236220472441
21
0.3327165354330708
0
LINE
8
BLACK
6
CONTINUOUS
10
0.4560236220472441
20
0.3327165354330708
11
0.4565996850393701
21
0.3326598031496063
0
LINE
8
BLACK
6
CONTINUOUS
10
0.3356863385826772
20
0.4133055511811023
11
0.3358661417322835
21
0.4124015748031496
0
LINE
8
BLACK
6
CONTINUOUS
10
0.3358661417322835
20
0.4124015748031496
11
0.3358661417322835
21
0.3419291338582677
0
LINE
8
BLACK
6
CONTINUOUS
10
0.3358661417322835
20
0.3419291338582677
11
0.3783858267716536
21
0.3419291338582677
0
LINE
8
BLACK
6
CONTINUOUS
10
0.3783858267716536
20
0.3419291338582677
11
0.3783858267716536
21
0.4124015748031496
0
LINE
8
BLACK
6
CONTINUOUS
10
0.3783858267716536
20
0.4124015748031496
11
0.3785656299212599
21
0.4133055511811023
0
LINE
8
BLACK
6
CONTINUOUS
10
0.3785656299212599
20
0.4133055511811023
11
0.3798440551181102
21
0.4145839763779527
0
LINE
8
BLACK
6
CONTINUOUS
10
0.3798440551181102
20
0.4145839763779527
11
0.3816520078740158
21
0.4145839763779527
0
LINE
8
BLACK
6
CONTINUOUS
10
0.3816520078740158
20
0.4145839763779527
11
0.3829304330708661
21
0.4133055511811023
0
LINE
8
BLACK
6
CONTINUOUS
10
0.3829304330708661
20
0.4133055511811023
11
0.3831102362204724
21
0.4124015748031496
0
LINE
8
BLACK
6
CONTINUOUS
10
0.3831102362204724
20
0.4124015748031496
11
0.3831102362204724
21
0.3395669291338583
0
LINE
8
BLACK
6
CONTINUOUS
10
0.3831102362204724
20
0.3395669291338583
11
0.3829304330708661
21
0.3386629527559055
0
LINE
8
BLACK
6
CONTINUOUS
10
0.3829304330708661
20
0.3386629527559055
11
0.3816520078740158
21
0.3373845275590551
0
LINE
8
BLACK
6
CONTINUOUS
10
0.3816520078740158
20
0.3373845275590551
11
0.380748031496063
21
0.3372047244094488
0
LINE
8
BLACK
6
CONTINUOUS
10
0.380748031496063
20
0.3372047244094488
11
0.333503937007874
21
0.3372047244094488
0
LINE
8
BLACK
6
CONTINUOUS
10
0.333503937007874
20
0.3372047244094488
11
0.3325999606299213
21
0.3373845275590551
0
LINE
8
BLACK
6
CONTINUOUS
10
0.3325999606299213
20
0.3373845275590551
11
0.3313215354330709
21
0.3386629527559055
0
LINE
8
BLACK
6
CONTINUOUS
10
0.3313215354330709
20
0.3386629527559055
11
0.3311417322834646
21
0.3395669291338583
0
LINE
8
BLACK
6
CONTINUOUS
10
0.3311417322834646
20
0.3395669291338583
11
0.3311417322834646
21
0.4124015748031496
0
LINE
8
BLACK
6
CONTINUOUS
10
0.3311417322834646
20
0.4124015748031496
11
0.3313215354330709
21
0.4133055511811023
0
LINE
8
BLACK
6
CONTINUOUS
10
0.3313215354330709
20
0.4133055511811023
11
0.3325999606299213
21
0.4145839763779527
0
LINE
8
BLACK
6
CONTINUOUS
10
0.3325999606299213
20
0.4145839763779527
11
0.3344079133858268
21
0.4145839763779527
0
LINE
8
BLACK
6
CONTINUOUS
10
0.3344079133858268
20
0.4145839763779527
11
0.3356863385826772
21
0.4133055511811023
0
LINE
8
BLACK
6
CONTINUOUS
10
0.3982060236220472
20
0.4056677559055118
11
0.3983858267716535
21
0.404763779527559
0
LINE
8
BLACK
6
CONTINUOUS
10
0.3983858267716535
20
0.404763779527559
11
0.3983858267716535
21
0.3747637795275591
0
LINE
8
BLACK
6
CONTINUOUS
10
0.3983858267716535
20
0.3747637795275591
11
0.3982060236220472
21
0.3738598031496063
0
LINE
8
BLACK
6
CONTINUOUS
10
0.3982060236220472
20
0.3738598031496063
11
0.3969275984251968
21
0.3725813779527559
0
LINE
8
BLACK
6
CONTINUOUS
10
0.3969275984251968
20
0.3725813779527559
11
0.3951196456692913
21
0.3725813779527559
0
LINE
8
BLACK
6
CONTINUOUS
10
0.3951196456692913
20
0.3725813779527559
11
0.3938412204724409
21
0.3738598031496063
0
LINE
8
BLACK
6
CONTINUOUS
10
0.3938412204724409
20
0.3738598031496063
11
0.3936614173228347
21
0.3747637795275591
0
LINE
8
BLACK
6
CONTINUOUS
10
0.3936614173228347
20
0.3747637795275591
11
0.3936614173228347
21
0.404763779527559
0
LINE
8
BLACK
6
CONTINUOUS
10
0.3936614173228347
20
0.404763779527559
11
0.3938412204724409
21
0.4056677559055118
0
LINE
8
BLACK
6
CONTINUOUS
10
0.3938412204724409
20
0.4056677559055118
11
0.3951196456692913
21
0.4069461811023622
0
LINE
8
BLACK
6
CONTINUOUS
10
0.3951196456692913
20
0.4069461811023622
11
0.3969275984251968
21
0.4069461811023622
0
LINE
8
BLACK
6
CONTINUOUS
10
0.3969275984251968
20
0.4069461811023622
11
0.3982060236220472
21
0.4056677559055118
0
LINE
8
BLACK
6
CONTINUOUS
10
0.4582060236220472
20
0.4056677559055118
11
0.4583858267716535
21
0.404763779527559
0
LINE
8
BLACK
6
CONTINUOUS
10
0.4583858267716535
20
0.404763779527559
11
0.4583858267716535
21
0.3747637795275591
0
LINE
8
BLACK
6
CONTINUOUS
10
0.4583858267716535
20
0.3747637795275591
11
0.4582060236220472
21
0.3738598031496063
0
LINE
8
BLACK
6
CONTINUOUS
10
0.4582060236220472
20
0.3738598031496063
11
0.4569275984251968
21
0.3725813779527559
0
LINE
8
BLACK
6
CONTINUOUS
10
0.4569275984251968
20
0.3725813779527559
11
0.4551196456692913
21
0.3725813779527559
0
LINE
8
BLACK
6
CONTINUOUS
10
0.4551196456692913
20
0.3725813779527559
11
0.4538412204724409
21
0.3738598031496063
0
LINE
8
BLACK
6
CONTINUOUS
10
0.4538412204724409
20
0.3738598031496063
11
0.4536614173228347
21
0.3747637795275591
0
LINE
8
BLACK
6
CONTINUOUS
10
0.4536614173228347
20
0.3747637795275591
11
0.4536614173228347
21
0.404763779527559
0
LINE
8
BLACK
6
CONTINUOUS
10
0.4536614173228347
20
0.404763779527559
11
0.4538412204724409
21
0.4056677559055118
0
LINE
8
BLACK
6
CONTINUOUS
10
0.4538412204724409
20
0.4056677559055118
11
0.4551196456692913
21
0.4069461811023622
0
LINE
8
BLACK
6
CONTINUOUS
10
0.4551196456692913
20
0.4069461811023622
11
0.4569275984251968
21
0.4069461811023622
0
LINE
8
BLACK
6
CONTINUOUS
10
0.4569275984251968
20
0.4069461811023622
11
0.4582060236220472
21
0.4056677559055118
0
LINE
8
BLACK
6
CONTINUOUS
10
0.4898201968503937
20
0.3911708661417323
11
0.49
21
0.3902668897637795
0
LINE
8
BLACK
6
CONTINUOUS
10
0.49
20
0.3902668897637795
11
0.49
21
0.3774496456692913
0
LINE
8
BLACK
6
CONTINUOUS
10
0.49
20
0.3774496456692913
11
0.4898201968503937
21
0.3765456692913386
0
LINE
8
BLACK
6
CONTINUOUS
10
0.4898201968503937
20
0.3765456692913386
11
0.4885417716535433
21
0.3752672440944882
0
LINE
8
BLACK
6
CONTINUOUS
10
0.4885417716535433
20
0.3752672440944882
11
0.4867338188976378
21
0.3752672440944882
0
LINE
8
BLACK
6
CONTINUOUS
10
0.4867338188976378
20
0.3752672440944882
11
0.4854553937007874
21
0.3765456692913386
0
LINE
8
BLACK
6
CONTINUOUS
10
0.4854553937007874
20
0.3765456692913386
11
0.4852755905511811
21
0.3774496456692913
0
LINE
8
BLACK
6
CONTINUOUS
10
0.4852755905511811
20
0.3774496456692913
11
0.4852755905511811
21
0.3902668897637795
0
LINE
8
BLACK
6
CONTINUOUS
10
0.4852755905511811
20
0.3902668897637795
11
0.4854553937007874
21
0.3911708661417323
0
LINE
8
BLACK
6
CONTINUOUS
10
0.4854553937007874
20
0.3911708661417323
11
0.4867338188976378
21
0.3924492913385827
0
LINE
8
BLACK
6
CONTINUOUS
10
0.4867338188976378
20
0.3924492913385827
11
0.4885417716535433
21
0.3924492913385827
0
LINE
8
BLACK
6
CONTINUOUS
10
0.4885417716535433
20
0.3924492913385827
11
0.4898201968503937
21
0.3911708661417323
0
LINE
8
BLACK
6
CONTINUOUS
10
0.5299776771653543
20
0.3911708661417323
11
0.5301574803149606
21
0.3902668897637795
0
LINE
8
BLACK
6
CONTINUOUS
10
0.5301574803149606
20
0.3902668897637795
11
0.5301574803149606
21
0.3774496456692913
0
LINE
8
BLACK
6
CONTINUOUS
10
0.5301574803149606
20
0.3774496456692913
11
0.5299776771653543
21
0.3765456692913386
0
LINE
8
BLACK
6
CONTINUOUS
10
0.5299776771653543
20
0.3765456692913386
11
0.528699251968504
21
0.3752672440944882
0
LINE
8
BLACK
6
CONTINUOUS
10
0.528699251968504
20
0.3752672440944882
11
0.5268912992125984
21
0.3752672440944882
0
LINE
8
BLACK
6
CONTINUOUS
10
0.5268912992125984
20
0.3752672440944882
11
0.525612874015748
21
0.3765456692913386
0
LINE
8
BLACK
6
CONTINUOUS
10
0.525612874015748
20
0.3765456692913386
11
0.5254330708661418
21
0.3774496456692913
0
LINE
8
BLACK
6
CONTINUOUS
10
0.5254330708661418
20
0.3774496456692913
11
0.5254330708661418
21
0.3902668897637795
0
LINE
8
BLACK
6
CONTINUOUS
10
0.5254330708661418
20
0.3902668897637795
11
0.525612874015748
21
0.3911708661417323
0
LINE
8
BLACK
6
CONTINUOUS
10
0.525612874015748
20
0.3911708661417323
11
0.5268912992125984
21
0.3924492913385827
0
LINE
8
BLACK
6
CONTINUOUS
10
0.5268912992125984
20
0.3924492913385827
11
0.528699251968504
21
0.3924492913385827
0
LINE
8
BLACK
6
CONTINUOUS
10
0.528699251968504
20
0.3924492913385827
11
0.5299776771653543
21
0.3911708661417323
0
LINE
8
BLACK
6
CONTINUOUS
10
0.5621036614173228
20
0.3923125984251968
11
0.5622834645669291
21
0.3914086220472441
0
LINE
8
BLACK
6
CONTINUOUS
10
0.5622834645669291
20
0.3914086220472441
11
0.5622834645669291
21
0.3785913779527559
0
LINE
8
BLACK
6
CONTINUOUS
10
0.5622834645669291
20
0.3785913779527559
11
0.5621036614173228
21
0.3776874015748031
0
LINE
8
BLACK
6
CONTINUOUS
10
0.5621036614173228
20
0.3776874015748031
11
0.5608252362204724
21
0.3764089763779527
0
LINE
8
BLACK
6
CONTINUOUS
10
0.5608252362204724
20
0.3764089763779527
11
0.5590172834645669
21
0.3764089763779527
0
LINE
8
BLACK
6
CONTINUOUS
10
0.5590172834645669
20
0.3764089763779527
11
0.5577388582677165
21
0.3776874015748031
0
LINE
8
BLACK
6
CONTINUOUS
10
0.5577388582677165
20
0.3776874015748031
11
0.5575590551181102
21
0.3785913779527559
0
LINE
8
BLACK
6
CONTINUOUS
10
0.5575590551181102
20
0.3785913779527559
11
0.5575590551181102
21
0.3914086220472441
0
LINE
8
BLACK
6
CONTINUOUS
10
0.5575590551181102
20
0.3914086220472441
11
0.5577388582677165
21
0.3923125984251968
0
LINE
8
BLACK
6
CONTINUOUS
10
0.5577388582677165
20
0.3923125984251968
11
0.5590172834645669
21
0.3935910236220472
0
LINE
8
BLACK
6
CONTINUOUS
10
0.5590172834645669
20
0.3935910236220472
11
0.5608252362204724
21
0.3935910236220472
0
LINE
8
BLACK
6
CONTINUOUS
10
0.5608252362204724
20
0.3935910236220472
11
0.5621036614173228
21
0.3923125984251968
0
LINE
8
BLACK
6
CONTINUOUS
10
0.6022611417322834
20
0.3923125984251968
11
0.6024409448818897
21
0.3914086220472441
0
LINE
8
BLACK
6
CONTINUOUS
10
0.6024409448818897
20
0.3914086220472441
11
0.6024409448818897
21
0.3785913779527559
0
LINE
8
BLACK
6
CONTINUOUS
10
0.6024409448818897
20
0.3785913779527559
11
0.6022611417322834
21
0.3776874015748031
0
LINE
8
BLACK
6
CONTINUOUS
10
0.6022611417322834
20
0.3776874015748031
11
0.600982716535433
21
0.3764089763779527
0
LINE
8
BLACK
6
CONTINUOUS
10
0.600982716535433
20
0.3764089763779527
11
0.5991747637795275
21
0.3764089763779527
0
LINE
8
BLACK
6
CONTINUOUS
10
0.5991747637795275
20
0.3764089763779527
11
0.5978963385826771
21
0.3776874015748031
0
LINE
8
BLACK
6
CONTINUOUS
10
0.5978963385826771
20
0.3776874015748031
11
0.5977165354330709
21
0.3785913779527559
0
LINE
8
BLACK
6
CONTINUOUS
10
0.5977165354330709
20
0.3785913779527559
11
0.5977165354330709
21
0.3914086220472441
0
LINE
8
BLACK
6
CONTINUOUS
10
0.5977165354330709
20
0.3914086220472441
11
0.5978963385826771
21
0.3923125984251968
0
LINE
8
BLACK
6
CONTINUOUS
10
0.5978963385826771
20
0.3923125984251968
11
0.5991747637795275
21
0.3935910236220472
0
LINE
8
BLACK
6
CONTINUOUS
10
0.5991747637795275
20
0.3935910236220472
11
0.600982716535433
21
0.3935910236220472
0
LINE
8
BLACK
6
CONTINUOUS
10
0.600982716535433
20
0.3935910236220472
11
0.6022611417322834
21
0.3923125984251968
0
LINE
8
BLACK
6
CONTINUOUS
10
0.6371036614173228
20
0.3923125984251968
11
0.6372834645669291
21
0.3914086220472441
0
LINE
8
BLACK
6
CONTINUOUS
10
0.6372834645669291
20
0.3914086220472441
11
0.6372834645669291
21
0.3785913779527559
0
LINE
8
BLACK
6
CONTINUOUS
10
0.6372834645669291
20
0.3785913779527559
11
0.6371036614173228
21
0.3776874015748031
0
LINE
8
BLACK
6
CONTINUOUS
10
0.6371036614173228
20
0.3776874015748031
11
0.6358252362204724
21
0.3764089763779527
0
LINE
8
BLACK
6
CONTINUOUS
10
0.6358252362204724
20
0.3764089763779527
11
0.6340172834645669
21
0.3764089763779527
0
LINE
8
BLACK
6
CONTINUOUS
10
0.6340172834645669
20
0.3764089763779527
11
0.6327388582677165
21
0.3776874015748031
0
LINE
8
BLACK
6
CONTINUOUS
10
0.6327388582677165
20
0.3776874015748031
11
0.6325590551181102
21
0.3785913779527559
0
LINE
8
BLACK
6
CONTINUOUS
10
0.6325590551181102
20
0.3785913779527559
11
0.6325590551181102
21
0.3914086220472441
0
LINE
8
BLACK
6
CONTINUOUS
10
0.6325590551181102
20
0.3914086220472441
11
0.6327388582677165
21
0.3923125984251968
0
LINE
8
BLACK
6
CONTINUOUS
10
0.6327388582677165
20
0.3923125984251968
11
0.6340172834645669
21
0.3935910236220472
0
LINE
8
BLACK
6
CONTINUOUS
10
0.6340172834645669
20
0.3935910236220472
11
0.6358252362204724
21
0.3935910236220472
0
LINE
8
BLACK
6
CONTINUOUS
10
0.6358252362204724
20
0.3935910236220472
11
0.6371036614173228
21
0.3923125984251968
0
LINE
8
BLACK
6
CONTINUOUS
10
0.6772611417322835
20
0.3923125984251968
11
0.6774409448818898
21
0.3914086220472441
0
LINE
8
BLACK
6
CONTINUOUS
10
0.6774409448818898
20
0.3914086220472441
11
0.6774409448818898
21
0.3785913779527559
0
LINE
8
BLACK
6
CONTINUOUS
10
0.6774409448818898
20
0.3785913779527559
11
0.6772611417322835
21
0.3776874015748031
0
LINE
8
BLACK
6
CONTINUOUS
10
0.6772611417322835
20
0.3776874015748031
11
0.6759827165354331
21
0.3764089763779527
0
LINE
8
BLACK
6
CONTINUOUS
10
0.6759827165354331
20
0.3764089763779527
11
0.6741747637795276
21
0.3764089763779527
0
LINE
8
BLACK
6
CONTINUOUS
10
0.6741747637795276
20
0.3764089763779527
11
0.6728963385826772
21
0.3776874015748031
0
LINE
8
BLACK
6
CONTINUOUS
10
0.6728963385826772
20
0.3776874015748031
11
0.6727165354330709
21
0.3785913779527559
0
LINE
8
BLACK
6
CONTINUOUS
10
0.6727165354330709
20
0.3785913779527559
11
0.6727165354330709
21
0.3914086220472441
0
LINE
8
BLACK
6
CONTINUOUS
10
0.6727165354330709
20
0.3914086220472441
11
0.6728963385826772
21
0.3923125984251968
0
LINE
8
BLACK
6
CONTINUOUS
10
0.6728963385826772
20
0.3923125984251968
11
0.6741747637795276
21
0.3935910236220472
0
LINE
8
BLACK
6
CONTINUOUS
10
0.6741747637795276
20
0.3935910236220472
11
0.6759827165354331
21
0.3935910236220472
0
LINE
8
BLACK
6
CONTINUOUS
10
0.6759827165354331
20
0.3935910236220472
11
0.6772611417322835
21
0.3923125984251968
0
LINE
8
BLACK
6
CONTINUOUS
10
0.2742690157480315
20
0.395107874015748
11
0.2744488188976378
21
0.3942038976377953
0
LINE
8
BLACK
6
CONTINUOUS
10
0.2744488188976378
20
0.3942038976377953
11
0.2744488188976378
21
0.3813866535433071
0
LINE
8
BLACK
6
CONTINUOUS
10
0.2744488188976378
20
0.3813866535433071
11
0.2742690157480315
21
0.3804826771653543
0
LINE
8
BLACK
6
CONTINUOUS
10
0.2742690157480315
20
0.3804826771653543
11
0.2729905905511811
21
0.3792042519685039
0
LINE
8
BLACK
6
CONTINUOUS
10
0.2729905905511811
20
0.3792042519685039
11
0.2711826377952756
21
0.3792042519685039
0
LINE
8
BLACK
6
CONTINUOUS
10
0.2711826377952756
20
0.3792042519685039
11
0.2699042125984252
21
0.3804826771653543
0
LINE
8
BLACK
6
CONTINUOUS
10
0.2699042125984252
20
0.3804826771653543
11
0.2697244094488189
21
0.3813866535433071
0
LINE
8
BLACK
6
CONTINUOUS
10
0.2697244094488189
20
0.3813866535433071
11
0.2697244094488189
21
0.3942038976377953
0
LINE
8
BLACK
6
CONTINUOUS
10
0.2697244094488189
20
0.3942038976377953
11
0.2699042125984252
21
0.395107874015748
0
LINE
8
BLACK
6
CONTINUOUS
10
0.2699042125984252
20
0.395107874015748
11
0.2711826377952756
21
0.3963862992125984
0
LINE
8
BLACK
6
CONTINUOUS
10
0.2711826377952756
20
0.3963862992125984
11
0.2729905905511811
21
0.3963862992125984
0
LINE
8
BLACK
6
CONTINUOUS
10
0.2729905905511811
20
0.3963862992125984
11
0.2742690157480315
21
0.395107874015748
0
LINE
8
BLACK
6
CONTINUOUS
10
0.3144264960629921
20
0.395107874015748
11
0.3146062992125984
21
0.3942038976377953
0
LINE
8
BLACK
6
CONTINUOUS
10
0.3146062992125984
20
0.3942038976377953
11
0.3146062992125984
21
0.3813866535433071
0
LINE
8
BLACK
6
CONTINUOUS
10
0.3146062992125984
20
0.3813866535433071
11
0.3144264960629921
21
0.3804826771653543
0
LINE
8
BLACK
6
CONTINUOUS
10
0.3144264960629921
20
0.3804826771653543
11
0.3131480708661417
21
0.3792042519685039
0
LINE
8
BLACK
6
CONTINUOUS
10
0.3131480708661417
20
0.3792042519685039
11
0.3113401181102362
21
0.3792042519685039
0
LINE
8
BLACK
6
CONTINUOUS
10
0.3113401181102362
20
0.3792042519685039
11
0.3100616929133858
21
0.3804826771653543
0
LINE
8
BLACK
6
CONTINUOUS
10
0.3100616929133858
20
0.3804826771653543
11
0.3098818897637795
21
0.3813866535433071
0
LINE
8
BLACK
6
CONTINUOUS
10
0.3098818897637795
20
0.3813866535433071
11
0.3098818897637795
21
0.3942038976377953
0
LINE
8
BLACK
6
CONTINUOUS
10
0.3098818897637795
20
0.3942038976377953
11
0.3100616929133858
21
0.395107874015748
0
LINE
8
BLACK
6
CONTINUOUS
10
0.3100616929133858
20
0.395107874015748
11
0.3113401181102362
21
0.3963862992125984
0
LINE
8
BLACK
6
CONTINUOUS
10
0.3113401181102362
20
0.3963862992125984
11
0.3131480708661417
21
0.3963862992125984
0
LINE
8
BLACK
6
CONTINUOUS
10
0.3131480708661417
20
0.3963862992125984
11
0.3144264960629921
21
0.395107874015748
0
LINE
8
BLACK
6
CONTINUOUS
10
0.186226811023622
20
0.4641902755905511
11
0.1875052362204724
21
0.4629118503937008
0
LINE
8
BLACK
6
CONTINUOUS
10
0.1875052362204724
20
0.4629118503937008
11
0.1876850393700787
21
0.462007874015748
0
LINE
8
BLACK
6
CONTINUOUS
10
0.1876850393700787
20
0.462007874015748
11
0.1876850393700787
21
0.3911417322834645
0
LINE
8
BLACK
6
CONTINUOUS
10
0.1876850393700787
20
0.3911417322834645
11
0.1875052362204724
21
0.3902377559055118
0
LINE
8
BLACK
6
CONTINUOUS
10
0.1875052362204724
20
0.3902377559055118
11
0.186226811023622
21
0.3889593307086614
0
LINE
8
BLACK
6
CONTINUOUS
10
0.186226811023622
20
0.3889593307086614
11
0.1844188582677165
21
0.3889593307086614
0
LINE
8
BLACK
6
CONTINUOUS
10
0.1844188582677165
20
0.3889593307086614
11
0.1831404330708661
21
0.3902377559055118
0
LINE
8
BLACK
6
CONTINUOUS
10
0.1831404330708661
20
0.3902377559055118
11
0.1829606299212598
21
0.3911417322834645
0
LINE
8
BLACK
6
CONTINUOUS
10
0.1829606299212598
20
0.3911417322834645
11
0.1829606299212598
21
0.4596456692913386
0
LINE
8
BLACK
6
CONTINUOUS
10
0.1829606299212598
20
0.4596456692913386
11
0.1282362204724409
21
0.4596456692913386
0
LINE
8
BLACK
6
CONTINUOUS
10
0.1282362204724409
20
0.4596456692913386
11
0.1273322440944882
21
0.4598254724409448
0
LINE
8
BLACK
6
CONTINUOUS
10
0.1273322440944882
20
0.4598254724409448
11
0.1260538188976378
21
0.4611038976377952
0
LINE
8
BLACK
6
CONTINUOUS
10
0.1260538188976378
20
0.4611038976377952
11
0.1260538188976378
21
0.4629118503937008
0
LINE
8
BLACK
6
CONTINUOUS
10
0.1260538188976378
20
0.4629118503937008
11
0.1273322440944882
21
0.4641902755905511
0
LINE
8
BLACK
6
CONTINUOUS
10
0.1273322440944882
20
0.4641902755905511
11
0.1282362204724409
21
0.4643700787401575
0
LINE
8
BLACK
6
CONTINUOUS
10
0.1282362204724409
20
0.4643700787401575
11
0.1853228346456693
21
0.4643700787401575
0
LINE
8
BLACK
6
CONTINUOUS
10
0.1853228346456693
20
0.4643700787401575
11
0.186226811023622
21
0.4641902755905511
0
LINE
8
BLACK
6
CONTINUOUS
10
0.2305646456692913
20
0.4194114566929134
11
0.231595157480315
21
0.4188961811023622
0
LINE
8
BLACK
6
CONTINUOUS
10
0.231595157480315
20
0.4188961811023622
11
0.23235
21
0.4180258267716535
0
LINE
8
BLACK
6
CONTINUOUS
10
0.23235
20
0.4180258267716535
11
0.2327143307086614
21
0.4169328346456693
0
LINE
8
BLACK
6
CONTINUOUS
10
0.2327143307086614
20
0.4169328346456693
11
0.2326326771653543
21
0.4157836220472441
0
LINE
8
BLACK
6
CONTINUOUS
10
0.2326326771653543
20
0.4157836220472441
11
0.2324257874015748
21
0.415243031496063
0
LINE
8
BLACK
6
CONTINUOUS
10
0.2324257874015748
20
0.415243031496063
11
0.2305510236220472
21
0.4114935039370078
0
LINE
8
BLACK
6
CONTINUOUS
10
0.2305510236220472
20
0.4114935039370078
11
0.230395
21
0.4112457086614173
0
LINE
8
BLACK
6
CONTINUOUS
10
0.230395
20
0.4112457086614173
11
0.2303651574803149
21
0.4111735433070866
0
LINE
8
BLACK
6
CONTINUOUS
10
0.2303651574803149
20
0.4111735433070866
11
0.2302985433070866
21
0.4110924015748031
0
LINE
8
BLACK
6
CONTINUOUS
10
0.2302985433070866
20
0.4110924015748031
11
0.2302426771653543
21
0.4110036220472441
0
LINE
8
BLACK
6
CONTINUOUS
10
0.2302426771653543
20
0.4110036220472441
11
0.2301837401574803
21
0.4109525196850394
0
LINE
8
BLACK
6
CONTINUOUS
10
0.2301837401574803
20
0.4109525196850394
11
0.2299979133858268
21
0.4107261023622047
0
LINE
8
BLACK
6
CONTINUOUS
10
0.2299979133858268
20
0.4107261023622047
11
0.2275395275590551
21
0.408267716535433
0
LINE
8
BLACK
6
CONTINUOUS
10
0.2275395275590551
20
0.408267716535433
11
0.2549535039370079
21
0.408267716535433
0
LINE
8
BLACK
6
CONTINUOUS
10
0.2549535039370079
20
0.408267716535433
11
0.2549535039370079
21
0.4165635433070866
0
LINE
8
BLACK
6
CONTINUOUS
10
0.2549535039370079
20
0.4165635433070866
11
0.2550102362204724
21
0.4171396062992126
0
LINE
8
BLACK
6
CONTINUOUS
10
0.2550102362204724
20
0.4171396062992126
11
0.2554511417322834
21
0.4182040157480315
0
LINE
8
BLACK
6
CONTINUOUS
10
0.2554511417322834
20
0.4182040157480315
11
0.2562657874015748
21
0.4190186614173228
0
LINE
8
BLACK
6
CONTINUOUS
10
0.2562657874015748
20
0.4190186614173228
11
0.2573301968503937
21
0.4194595669291338
0
LINE
8
BLACK
6
CONTINUOUS
10
0.2573301968503937
20
0.4194595669291338
11
0.2584823228346457
21
0.4194595669291338
0
LINE
8
BLACK
6
CONTINUOUS
10
0.2584823228346457
20
0.4194595669291338
11
0.2595467322834646
21
0.4190186614173228
0
LINE
8
BLACK
6
CONTINUOUS
10
0.2595467322834646
20
0.4190186614173228
11
0.2603613779527559
21
0.4182040157480315
0
LINE
8
BLACK
6
CONTINUOUS
10
0.2603613779527559
20
0.4182040157480315
11
0.2608022834645669
21
0.4171396062992126
0
LINE
8
BLACK
6
CONTINUOUS
10
0.2608022834645669
20
0.4171396062992126
11
0.2608590157480315
21
0.4165635433070866
0
LINE
8
BLACK
6
CONTINUOUS
10
0.2608590157480315
20
0.4165635433070866
11
0.2608590157480315
21
0.3940663779527559
0
LINE
8
BLACK
6
CONTINUOUS
10
0.2608590157480315
20
0.3940663779527559
11
0.2608022834645669
21
0.3934903149606299
0
LINE
8
BLACK
6
CONTINUOUS
10
0.2608022834645669
20
0.3934903149606299
11
0.2603613779527559
21
0.392425905511811
0
LINE
8
BLACK
6
CONTINUOUS
10
0.2603613779527559
20
0.392425905511811
11
0.2595467322834646
21
0.3916112598425197
0
LINE
8
BLACK
6
CONTINUOUS
10
0.2595467322834646
20
0.3916112598425197
11
0.2584823228346457
21
0.3911703543307086
0
LINE
8
BLACK
6
CONTINUOUS
10
0.2584823228346457
20
0.3911703543307086
11
0.2573301968503937
21
0.3911703543307086
0
LINE
8
BLACK
6
CONTINUOUS
10
0.2573301968503937
20
0.3911703543307086
11
0.2562657874015748
21
0.3916112598425197
0
LINE
8
BLACK
6
CONTINUOUS
10
0.2562657874015748
20
0.3916112598425197
11
0.2554511417322834
21
0.392425905511811
0
LINE
8
BLACK
6
CONTINUOUS
10
0.2554511417322834
20
0.392425905511811
11
0.2550102362204724
21
0.3934903149606299
0
LINE
8
BLACK
6
CONTINUOUS
10
0.2550102362204724
20
0.3934903149606299
11
0.2549535039370079
21
0.3940663779527559
0
LINE
8
BLACK
6
CONTINUOUS
10
0.2549535039370079
20
0.3940663779527559
11
0.2549535039370079
21
0.4023622047244094
0
LINE
8
BLACK
6
CONTINUOUS
10
0.2549535039370079
20
0.4023622047244094
11
0.2185361811023622
21
0.4023622047244094
0
LINE
8
BLACK
6
CONTINUOUS
10
0.2185361811023622
20
0.4023622047244094
11
0.218534094488189
21
0.4023624409448819
0
LINE
8
BLACK
6
CONTINUOUS
10
0.218534094488189
20
0.4023624409448819
11
0.2185330708661417
21
0.4023622047244094
0
LINE
8
BLACK
6
CONTINUOUS
10
0.2185330708661417
20
0.4023622047244094
11
0.2185300393700787
21
0.4023628346456693
0
LINE
8
BLACK
6
CONTINUOUS
10
0.2185300393700787
20
0.4023628346456693
11
0.2179601181102362
21
0.402418937007874
0
LINE
8
BLACK
6
CONTINUOUS
10
0.2179601181102362
20
0.402418937007874
11
0.21769
21
0.4025308267716535
0
LINE
8
BLACK
6
CONTINUOUS
10
0.21769
20
0.4025308267716535
11
0.2174033858267717
21
0.4025881496062992
0
LINE
8
BLACK
6
CONTINUOUS
10
0.2174033858267717
20
0.4025881496062992
11
0.2171629921259842
21
0.4027491338582677
0
LINE
8
BLACK
6
CONTINUOUS
10
0.2171629921259842
20
0.4027491338582677
11
0.2168957086614173
21
0.402859842519685
0
LINE
8
BLACK
6
CONTINUOUS
10
0.2168957086614173
20
0.402859842519685
11
0.2166889763779528
21
0.4030665748031496
0
LINE
8
BLACK
6
CONTINUOUS
10
0.2166889763779528
20
0.4030665748031496
11
0.2164461023622047
21
0.4032292125984252
0
LINE
8
BLACK
6
CONTINUOUS
10
0.2164461023622047
20
0.4032292125984252
11
0.2162855905511811
21
0.4034699606299212
0
LINE
8
BLACK
6
CONTINUOUS
10
0.2162855905511811
20
0.4034699606299212
11
0.216081062992126
21
0.4036744881889764
0
LINE
8
BLACK
6
CONTINUOUS
10
0.216081062992126
20
0.4036744881889764
11
0.2159691732283464
21
0.4039446062992126
0
LINE
8
BLACK
6
CONTINUOUS
10
0.2159691732283464
20
0.4039446062992126
11
0.2158070078740157
21
0.4041878346456693
0
LINE
8
BLACK
6
CONTINUOUS
10
0.2158070078740157
20
0.4041878346456693
11
0.2157508661417323
21
0.4044716535433071
0
LINE
8
BLACK
6
CONTINUOUS
10
0.2157508661417323
20
0.4044716535433071
11
0.215640157480315
21
0.4047388976377952
0
LINE
8
BLACK
6
CONTINUOUS
10
0.215640157480315
20
0.4047388976377952
11
0.215640157480315
21
0.4050312992125984
0
LINE
8
BLACK
6
CONTINUOUS
10
0.215640157480315
20
0.4050312992125984
11
0.2155834251968504
21
0.4053180708661417
0
LINE
8
BLACK
6
CONTINUOUS
10
0.2155834251968504
20
0.4053180708661417
11
0.215640157480315
21
0.4056017322834646
0
LINE
8
BLACK
6
CONTINUOUS
10
0.215640157480315
20
0.4056017322834646
11
0.215640157480315
21
0.4058910236220472
0
LINE
8
BLACK
6
CONTINUOUS
10
0.215640157480315
20
0.4058910236220472
11
0.2157520078740157
21
0.4061611417322835
0
LINE
8
BLACK
6
CONTINUOUS
10
0.2157520078740157
20
0.4061611417322835
11
0.2158093700787402
21
0.4064477559055118
0
LINE
8
BLACK
6
CONTINUOUS
10
0.2158093700787402
20
0.4064477559055118
11
0.2159703149606299
21
0.4066881496062992
0
LINE
8
BLACK
6
CONTINUOUS
10
0.2159703149606299
20
0.4066881496062992
11
0.216081062992126
21
0.4069554330708661
0
LINE
8
BLACK
6
CONTINUOUS
10
0.216081062992126
20
0.4069554330708661
11
0.2162877559055118
21
0.4071621653543307
0
LINE
8
BLACK
6
CONTINUOUS
10
0.2162877559055118
20
0.4071621653543307
11
0.2164504330708661
21
0.4074050393700787
0
LINE
8
BLACK
6
CONTINUOUS
10
0.2164504330708661
20
0.4074050393700787
11
0.2168936614173228
21
0.4077680708661417
0
LINE
8
BLACK
6
CONTINUOUS
10
0.2168936614173228
20
0.4077680708661417
11
0.2168957086614173
21
0.4077700787401575
0
LINE
8
BLACK
6
CONTINUOUS
10
0.2168957086614173
20
0.4077700787401575
11
0.2168965748031496
21
0.4077704724409449
0
LINE
8
BLACK
6
CONTINUOUS
10
0.2168965748031496
20
0.4077704724409449
11
0.2168982677165354
21
0.407771811023622
0
LINE
8
BLACK
6
CONTINUOUS
10
0.2168982677165354
20
0.407771811023622
11
0.2222792913385827
21
0.4113591732283464
0
LINE
8
BLACK
6
CONTINUOUS
10
0.2222792913385827
20
0.4113591732283464
11
0.2254832677165354
21
0.4145631102362204
0
LINE
8
BLACK
6
CONTINUOUS
10
0.2254832677165354
20
0.4145631102362204
11
0.2271437401574803
21
0.4178840551181102
0
LINE
8
BLACK
6
CONTINUOUS
10
0.2271437401574803
20
0.4178840551181102
11
0.2274520866141732
21
0.418373937007874
0
LINE
8
BLACK
6
CONTINUOUS
10
0.2274520866141732
20
0.418373937007874
11
0.2283224803149606
21
0.4191287795275591
0
LINE
8
BLACK
6
CONTINUOUS
10
0.2283224803149606
20
0.4191287795275591
11
0.2294154330708661
21
0.4194931102362205
0
LINE
8
BLACK
6
CONTINUOUS
10
0.2294154330708661
20
0.4194931102362205
11
0.2305646456692913
21
0.4194114566929134
0
LINE
8
BLACK
6
CONTINUOUS
10
0.8155102755905511
20
0.5006075984251969
11
0.8167887007874015
21
0.4993291732283465
0
LINE
8
BLACK
6
CONTINUOUS
10
0.8167887007874015
20
0.4993291732283465
11
0.8167887007874015
21
0.4975212204724409
0
LINE
8
BLACK
6
CONTINUOUS
10
0.8167887007874015
20
0.4975212204724409
11
0.8155102755905511
21
0.4962427952755906
0
LINE
8
BLACK
6
CONTINUOUS
10
0.8155102755905511
20
0.4962427952755906
11
0.8146062992125984
21
0.4960629921259843
0
LINE
8
BLACK
6
CONTINUOUS
10
0.8146062992125984
20
0.4960629921259843
11
0.7392125984251968
21
0.4960629921259843
0
LINE
8
BLACK
6
CONTINUOUS
10
0.7392125984251968
20
0.4960629921259843
11
0.7392125984251968
21
0.4206692913385827
0
LINE
8
BLACK
6
CONTINUOUS
10
0.7392125984251968
20
0.4206692913385827
11
0.7390327952755905
21
0.4197653149606299
0
LINE
8
BLACK
6
CONTINUOUS
10
0.7390327952755905
20
0.4197653149606299
11
0.7377543700787401
21
0.4184868897637795
0
LINE
8
BLACK
6
CONTINUOUS
10
0.7377543700787401
20
0.4184868897637795
11
0.7359464173228346
21
0.4184868897637795
0
LINE
8
BLACK
6
CONTINUOUS
10
0.7359464173228346
20
0.4184868897637795
11
0.7346679921259842
21
0.4197653149606299
0
LINE
8
BLACK
6
CONTINUOUS
10
0.7346679921259842
20
0.4197653149606299
11
0.7344881889763779
21
0.4206692913385827
0
LINE
8
BLACK
6
CONTINUOUS
10
0.7344881889763779
20
0.4206692913385827
11
0.7344881889763779
21
0.4984251968503937
0
LINE
8
BLACK
6
CONTINUOUS
10
0.7344881889763779
20
0.4984251968503937
11
0.7346679921259842
21
0.4993291732283465
0
LINE
8
BLACK
6
CONTINUOUS
10
0.7346679921259842
20
0.4993291732283465
11
0.7359464173228346
21
0.5006075984251969
0
LINE
8
BLACK
6
CONTINUOUS
10
0.7359464173228346
20
0.5006075984251969
11
0.7368503937007874
21
0.5007874015748032
0
LINE
8
BLACK
6
CONTINUOUS
10
0.7368503937007874
20
0.5007874015748032
11
0.8146062992125984
21
0.5007874015748032
0
LINE
8
BLACK
6
CONTINUOUS
10
0.8146062992125984
20
0.5007874015748032
11
0.8155102755905511
21
0.5006075984251969
0
LINE
8
BLACK
6
CONTINUOUS
10
1.1440535826771654
20
0.5006075984251969
11
1.1453320078740157
21
0.4993291732283465
0
LINE
8
BLACK
6
CONTINUOUS
10
1.1453320078740157
20
0.4993291732283465
11
1.145511811023622
21
0.4984251968503937
0
LINE
8
BLACK
6
CONTINUOUS
10
1.145511811023622
20
0.4984251968503937
11
1.145511811023622
21
0.4206692913385827
0
LINE
8
BLACK
6
CONTINUOUS
10
1.145511811023622
20
0.4206692913385827
11
1.1453320078740157
21
0.4197653149606299
0
LINE
8
BLACK
6
CONTINUOUS
10
1.1453320078740157
20
0.4197653149606299
11
1.1440535826771654
21
0.4184868897637795
0
LINE
8
BLACK
6
CONTINUOUS
10
1.1440535826771654
20
0.4184868897637795
11
1.1422456299212598
21
0.4184868897637795
0
LINE
8
BLACK
6
CONTINUOUS
10
1.1422456299212598
20
0.4184868897637795
11
1.1409672047244095
21
0.4197653149606299
0
LINE
8
BLACK
6
CONTINUOUS
10
1.1409672047244095
20
0.4197653149606299
11
1.1407874015748032
21
0.4206692913385827
0
LINE
8
BLACK
6
CONTINUOUS
10
1.1407874015748032
20
0.4206692913385827
11
1.1407874015748032
21
0.4960629921259843
0
LINE
8
BLACK
6
CONTINUOUS
10
1.1407874015748032
20
0.4960629921259843
11
1.0653937007874015
21
0.4960629921259843
0
LINE
8
BLACK
6
CONTINUOUS
10
1.0653937007874015
20
0.4960629921259843
11
1.0644897244094489
21
0.4962427952755906
0
LINE
8
BLACK
6
CONTINUOUS
10
1.0644897244094489
20
0.4962427952755906
11
1.0632112992125984
21
0.4975212204724409
0
LINE
8
BLACK
6
CONTINUOUS
10
1.0632112992125984
20
0.4975212204724409
11
1.0632112992125984
21
0.4993291732283465
0
LINE
8
BLACK
6
CONTINUOUS
10
1.0632112992125984
20
0.4993291732283465
11
1.0644897244094489
21
0.5006075984251969
0
LINE
8
BLACK
6
CONTINUOUS
10
1.0644897244094489
20
0.5006075984251969
11
1.0653937007874015
21
0.5007874015748032
0
LINE
8
BLACK
6
CONTINUOUS
10
1.0653937007874015
20
0.5007874015748032
11
1.1431496062992126
21
0.5007874015748032
0
LINE
8
BLACK
6
CONTINUOUS
10
1.1431496062992126
20
0.5007874015748032
11
1.1440535826771654
21
0.5006075984251969
0
LINE
8
BLACK
6
CONTINUOUS
10
0.2584823228346457
20
0.4569548818897637
11
0.2595467322834646
21
0.4565139763779528
0
LINE
8
BLACK
6
CONTINUOUS
10
0.2595467322834646
20
0.4565139763779528
11
0.2603613779527559
21
0.4556993307086614
0
LINE
8
BLACK
6
CONTINUOUS
10
0.2603613779527559
20
0.4556993307086614
11
0.2608022834645669
21
0.4546349212598425
0
LINE
8
BLACK
6
CONTINUOUS
10
0.2608022834645669
20
0.4546349212598425
11
0.2608022834645669
21
0.4534827952755905
0
LINE
8
BLACK
6
CONTINUOUS
10
0.2608022834645669
20
0.4534827952755905
11
0.2603613779527559
21
0.4524183858267716
0
LINE
8
BLACK
6
CONTINUOUS
10
0.2603613779527559
20
0.4524183858267716
11
0.2595467322834646
21
0.4516037401574803
0
LINE
8
BLACK
6
CONTINUOUS
10
0.2595467322834646
20
0.4516037401574803
11
0.2584823228346457
21
0.4511628346456693
0
LINE
8
BLACK
6
CONTINUOUS
10
0.2584823228346457
20
0.4511628346456693
11
0.2579062598425197
21
0.4511061023622047
0
LINE
8
BLACK
6
CONTINUOUS
10
0.2579062598425197
20
0.4511061023622047
11
0.2421113385826772
21
0.4511061023622047
0
LINE
8
BLACK
6
CONTINUOUS
10
0.2421113385826772
20
0.4511061023622047
11
0.2421113385826772
21
0.4462224409448819
0
LINE
8
BLACK
6
CONTINUOUS
10
0.2421113385826772
20
0.4462224409448819
11
0.2595995669291338
21
0.4339806692913385
0
LINE
8
BLACK
6
CONTINUOUS
10
0.2595995669291338
20
0.4339806692913385
11
0.260038937007874
21
0.4336038582677165
0
LINE
8
BLACK
6
CONTINUOUS
10
0.260038937007874
20
0.4336038582677165
11
0.2606581102362205
21
0.4326322440944882
0
LINE
8
BLACK
6
CONTINUOUS
10
0.2606581102362205
20
0.4326322440944882
11
0.2608583464566929
21
0.4314977165354331
0
LINE
8
BLACK
6
CONTINUOUS
10
0.2608583464566929
20
0.4314977165354331
11
0.2606091338582677
21
0.430372874015748
0
LINE
8
BLACK
6
CONTINUOUS
10
0.2606091338582677
20
0.430372874015748
11
0.2599484251968504
21
0.4294290157480315
0
LINE
8
BLACK
6
CONTINUOUS
10
0.2599484251968504
20
0.4294290157480315
11
0.2589768503937008
21
0.428809842519685
0
LINE
8
BLACK
6
CONTINUOUS
10
0.2589768503937008
20
0.428809842519685
11
0.2578422834645669
21
0.4286096456692913
0
LINE
8
BLACK
6
CONTINUOUS
10
0.2578422834645669
20
0.4286096456692913
11
0.2567174409448819
21
0.4288588188976378
0
LINE
8
BLACK
6
CONTINUOUS
10
0.2567174409448819
20
0.4288588188976378
11
0.2562129921259843
21
0.4291426771653543
0
LINE
8
BLACK
6
CONTINUOUS
10
0.2562129921259843
20
0.4291426771653543
11
0.2421070078740157
21
0.4390168503937008
0
LINE
8
BLACK
6
CONTINUOUS
10
0.2421070078740157
20
0.4390168503937008
11
0.2420546062992126
21
0.43848468503937
0
LINE
8
BLACK
6
CONTINUOUS
10
0.2420546062992126
20
0.43848468503937
11
0.2420140157480315
21
0.4383867322834645
0
LINE
8
BLACK
6
CONTINUOUS
10
0.2420140157480315
20
0.4383867322834645
11
0.2420064960629921
21
0.4382808267716535
0
LINE
8
BLACK
6
CONTINUOUS
10
0.2420064960629921
20
0.4382808267716535
11
0.2417996062992126
21
0.4377402362204724
0
LINE
8
BLACK
6
CONTINUOUS
10
0.2417996062992126
20
0.4377402362204724
11
0.239924842519685
21
0.4339907086614173
0
LINE
8
BLACK
6
CONTINUOUS
10
0.239924842519685
20
0.4339907086614173
11
0.2397687401574803
21
0.4337427165354331
0
LINE
8
BLACK
6
CONTINUOUS
10
0.2397687401574803
20
0.4337427165354331
11
0.239738937007874
21
0.4336707480314961
0
LINE
8
BLACK
6
CONTINUOUS
10
0.239738937007874
20
0.4336707480314961
11
0.2396724409448819
21
0.4335898031496063
0
LINE
8
BLACK
6
CONTINUOUS
10
0.2396724409448819
20
0.4335898031496063
11
0.2396164960629921
21
0.4335008267716535
0
LINE
8
BLACK
6
CONTINUOUS
10
0.2396164960629921
20
0.4335008267716535
11
0.2395574803149606
21
0.4334496850393701
0
LINE
8
BLACK
6
CONTINUOUS
10
0.2395574803149606
20
0.4334496850393701
11
0.2393717322834646
21
0.4332233070866142
0
LINE
8
BLACK
6
CONTINUOUS
10
0.2393717322834646
20
0.4332233070866142
11
0.237496968503937
21
0.4313485433070866
0
LINE
8
BLACK
6
CONTINUOUS
10
0.237496968503937
20
0.4313485433070866
11
0.2372705905511811
21
0.4311627952755905
0
LINE
8
BLACK
6
CONTINUOUS
10
0.2372705905511811
20
0.4311627952755905
11
0.2372194488188976
21
0.4311037795275591
0
LINE
8
BLACK
6
CONTINUOUS
10
0.2372194488188976
20
0.4311037795275591
11
0.2371304724409449
21
0.4310478346456693
0
LINE
8
BLACK
6
CONTINUOUS
10
0.2371304724409449
20
0.4310478346456693
11
0.2370495275590551
21
0.4309813385826772
0
LINE
8
BLACK
6
CONTINUOUS
10
0.2370495275590551
20
0.4309813385826772
11
0.2369775590551181
21
0.4309515354330709
0
LINE
8
BLACK
6
CONTINUOUS
10
0.2369775590551181
20
0.4309515354330709
11
0.2367295669291339
21
0.4307954330708662
0
LINE
8
BLACK
6
CONTINUOUS
10
0.2367295669291339
20
0.4307954330708662
11
0.2329800393700787
21
0.4289206692913386
0
LINE
8
BLACK
6
CONTINUOUS
10
0.2329800393700787
20
0.4289206692913386
11
0.2324394094488189
21
0.4287137795275591
0
LINE
8
BLACK
6
CONTINUOUS
10
0.2324394094488189
20
0.4287137795275591
11
0.2323335826771654
21
0.4287062992125984
0
LINE
8
BLACK
6
CONTINUOUS
10
0.2323335826771654
20
0.4287062992125984
11
0.2322355905511811
21
0.4286656692913386
0
LINE
8
BLACK
6
CONTINUOUS
10
0.2322355905511811
20
0.4286656692913386
11
0.2316595275590551
21
0.428608937007874
0
LINE
8
BLACK
6
CONTINUOUS
10
0.2316595275590551
20
0.428608937007874
11
0.2260352362204724
21
0.428608937007874
0
LINE
8
BLACK
6
CONTINUOUS
10
0.2260352362204724
20
0.428608937007874
11
0.2254591732283464
21
0.4286656692913386
0
LINE
8
BLACK
6
CONTINUOUS
10
0.2254591732283464
20
0.4286656692913386
11
0.2253611811023622
21
0.4287062598425197
0
LINE
8
BLACK
6
CONTINUOUS
10
0.2253611811023622
20
0.4287062598425197
11
0.2252553149606299
21
0.4287137795275591
0
LINE
8
BLACK
6
CONTINUOUS
10
0.2252553149606299
20
0.4287137795275591
11
0.2247147244094488
21
0.4289206692913386
0
LINE
8
BLACK
6
CONTINUOUS
10
0.2247147244094488
20
0.4289206692913386
11
0.2209651968503937
21
0.4307954330708662
0
LINE
8
BLACK
6
CONTINUOUS
10
0.2209651968503937
20
0.4307954330708662
11
0.2207171653543307
21
0.4309515354330709
0
LINE
8
BLACK
6
CONTINUOUS
10
0.2207171653543307
20
0.4309515354330709
11
0.2206452362204724
21
0.4309813385826772
0
LINE
8
BLACK
6
CONTINUOUS
10
0.2206452362204724
20
0.4309813385826772
11
0.2205642519685039
21
0.4310478346456693
0
LINE
8
BLACK
6
CONTINUOUS
10
0.2205642519685039
20
0.4310478346456693
11
0.2204753149606299
21
0.4311037795275591
0
LINE
8
BLACK
6
CONTINUOUS
10
0.2204753149606299
20
0.4311037795275591
11
0.2204241338582677
21
0.4311627952755905
0
LINE
8
BLACK
6
CONTINUOUS
10
0.2204241338582677
20
0.4311627952755905
11
0.2201977952755906
21
0.4313485433070866
0
LINE
8
BLACK
6
CONTINUOUS
10
0.2201977952755906
20
0.4313485433070866
11
0.218323031496063
21
0.4332233070866142
0
LINE
8
BLACK
6
CONTINUOUS
10
0.218323031496063
20
0.4332233070866142
11
0.2181372440944882
21
0.4334496850393701
0
LINE
8
BLACK
6
CONTINUOUS
10
0.2181372440944882
20
0.4334496850393701
11
0.2180782677165354
21
0.4335008267716535
0
LINE
8
BLACK
6
CONTINUOUS
10
0.2180782677165354
20
0.4335008267716535
11
0.2180222834645669
21
0.4335898031496063
0
LINE
8
BLACK
6
CONTINUOUS
10
0.2180222834645669
20
0.4335898031496063
11
0.2179558267716535
21
0.4336707480314961
0
LINE
8
BLACK
6
CONTINUOUS
10
0.2179558267716535
20
0.4336707480314961
11
0.2179259842519685
21
0.4337427165354331
0
LINE
8
BLACK
6
CONTINUOUS
10
0.2179259842519685
20
0.4337427165354331
11
0.2177699212598425
21
0.4339907086614173
0
LINE
8
BLACK
6
CONTINUOUS
10
0.2177699212598425
20
0.4339907086614173
11
0.215895157480315
21
0.4377402362204724
0
LINE
8
BLACK
6
CONTINUOUS
10
0.215895157480315
20
0.4377402362204724
11
0.2156882677165354
21
0.4382808661417323
0
LINE
8
BLACK
6
CONTINUOUS
10
0.2156882677165354
20
0.4382808661417323
11
0.2156807480314961
21
0.4383866929133858
0
LINE
8
BLACK
6
CONTINUOUS
10
0.2156807480314961
20
0.4383866929133858
11
0.215640157480315
21
0.43848468503937
0
LINE
8
BLACK
6
CONTINUOUS
10
0.215640157480315
20
0.43848468503937
11
0.2155834251968504
21
0.439060748031496
0
LINE
8
BLACK
6
CONTINUOUS
10
0.2155834251968504
20
0.439060748031496
11
0.2155834251968504
21
0.4540588582677165
0
LINE
8
BLACK
6
CONTINUOUS
10
0.2155834251968504
20
0.4540588582677165
11
0.215640157480315
21
0.4546349212598425
0
LINE
8
BLACK
6
CONTINUOUS
10
0.215640157480315
20
0.4546349212598425
11
0.216081062992126
21
0.4556993307086614
0
LINE
8
BLACK
6
CONTINUOUS
10
0.216081062992126
20
0.4556993307086614
11
0.2168957086614173
21
0.4565139763779528
0
LINE
8
BLACK
6
CONTINUOUS
10
0.2168957086614173
20
0.4565139763779528
11
0.2179601181102362
21
0.4569548818897637
0
LINE
8
BLACK
6
CONTINUOUS
10
0.2179601181102362
20
0.4569548818897637
11
0.2185361811023622
21
0.4570116141732283
0
LINE
8
BLACK
6
CONTINUOUS
10
0.2185361811023622
20
0.4570116141732283
11
0.2579062598425197
21
0.4570116141732283
0
LINE
8
BLACK
6
CONTINUOUS
10
0.2579062598425197
20
0.4570116141732283
11
0.2584823228346457
21
0.4569548818897637
0
LINE
8
BLACK
6
CONTINUOUS
10
0.221488937007874
20
0.4397577952755906
11
0.2228376771653543
21
0.4370603149606299
0
LINE
8
BLACK
6
CONTINUOUS
10
0.2228376771653543
20
0.4370603149606299
11
0.2240348031496063
21
0.4358631889763779
0
LINE
8
BLACK
6
CONTINUOUS
10
0.2240348031496063
20
0.4358631889763779
11
0.2267322834645669
21
0.4345144488188976
0
LINE
8
BLACK
6
CONTINUOUS
10
0.2267322834645669
20
0.4345144488188976
11
0.2309624803149606
21
0.4345144488188976
0
LINE
8
BLACK
6
CONTINUOUS
10
0.2309624803149606
20
0.4345144488188976
11
0.2336599606299213
21
0.4358631889763779
0
LINE
8
BLACK
6
CONTINUOUS
10
0.2336599606299213
20
0.4358631889763779
11
0.2348570866141732
21
0.4370603149606299
0
LINE
8
BLACK
6
CONTINUOUS
10
0.2348570866141732
20
0.4370603149606299
11
0.2362058267716535
21
0.4397577952755906
0
LINE
8
BLACK
6
CONTINUOUS
10
0.2362058267716535
20
0.4397577952755906
11
0.2362058267716535
21
0.4511061023622047
0
LINE
8
BLACK
6
CONTINUOUS
10
0.2362058267716535
20
0.4511061023622047
11
0.221488937007874
21
0.4511061023622047
0
LINE
8
BLACK
6
CONTINUOUS
10
0.221488937007874
20
0.4511061023622047
11
0.221488937007874
21
0.4397577952755906
0
LINE
8
BLACK
6
CONTINUOUS
10
0.5155646456692913
20
0.4744114566929134
11
0.5165951574803149
21
0.4738961811023622
0
LINE
8
BLACK
6
CONTINUOUS
10
0.5165951574803149
20
0.4738961811023622
11
0.51735
21
0.4730258267716536
0
LINE
8
BLACK
6
CONTINUOUS
10
0.51735
20
0.4730258267716536
11
0.5177143307086614
21
0.4719328346456693
0
LINE
8
BLACK
6
CONTINUOUS
10
0.5177143307086614
20
0.4719328346456693
11
0.5176326771653543
21
0.4707836220472441
0
LINE
8
BLACK
6
CONTINUOUS
10
0.5176326771653543
20
0.4707836220472441
11
0.5174257874015747
21
0.470243031496063
0
LINE
8
BLACK
6
CONTINUOUS
10
0.5174257874015747
20
0.470243031496063
11
0.5155510236220472
21
0.4664935039370078
0
LINE
8
BLACK
6
CONTINUOUS
10
0.5155510236220472
20
0.4664935039370078
11
0.5153949999999999
21
0.4662457086614173
0
LINE
8
BLACK
6
CONTINUOUS
10
0.5153949999999999
20
0.4662457086614173
11
0.515365157480315
21
0.4661735433070866
0
LINE
8
BLACK
6
CONTINUOUS
10
0.515365157480315
20
0.4661735433070866
11
0.5152985433070866
21
0.4660924015748031
0
LINE
8
BLACK
6
CONTINUOUS
10
0.5152985433070866
20
0.4660924015748031
11
0.5152426771653543
21
0.4660036220472441
0
LINE
8
BLACK
6
CONTINUOUS
10
0.5152426771653543
20
0.4660036220472441
11
0.5151837401574803
21
0.4659525196850394
0
LINE
8
BLACK
6
CONTINUOUS
10
0.5151837401574803
20
0.4659525196850394
11
0.5149979133858268
21
0.4657261023622047
0
LINE
8
BLACK
6
CONTINUOUS
10
0.5149979133858268
20
0.4657261023622047
11
0.5125395275590551
21
0.4632677165354331
0
LINE
8
BLACK
6
CONTINUOUS
10
0.5125395275590551
20
0.4632677165354331
11
0.5399535039370079
21
0.4632677165354331
0
LINE
8
BLACK
6
CONTINUOUS
10
0.5399535039370079
20
0.4632677165354331
11
0.5399535039370079
21
0.4715635433070866
0
LINE
8
BLACK
6
CONTINUOUS
10
0.5399535039370079
20
0.4715635433070866
11
0.5400102362204724
21
0.4721396062992126
0
LINE
8
BLACK
6
CONTINUOUS
10
0.5400102362204724
20
0.4721396062992126
11
0.5404511417322835
21
0.4732040157480315
0
LINE
8
BLACK
6
CONTINUOUS
10
0.5404511417322835
20
0.4732040157480315
11
0.5412657874015748
21
0.4740186614173229
0
LINE
8
BLACK
6
CONTINUOUS
10
0.5412657874015748
20
0.4740186614173229
11
0.5423301968503937
21
0.4744595669291338
0
LINE
8
BLACK
6
CONTINUOUS
10
0.5423301968503937
20
0.4744595669291338
11
0.5434823228346457
21
0.4744595669291338
0
LINE
8
BLACK
6
CONTINUOUS
10
0.5434823228346457
20
0.4744595669291338
11
0.5445467322834645
21
0.4740186614173229
0
LINE
8
BLACK
6
CONTINUOUS
10
0.5445467322834645
20
0.4740186614173229
11
0.5453613779527559
21
0.4732040157480315
0
LINE
8
BLACK
6
CONTINUOUS
10
0.5453613779527559
20
0.4732040157480315
11
0.5458022834645669
21
0.4721396062992126
0
LINE
8
BLACK
6
CONTINUOUS
10
0.5458022834645669
20
0.4721396062992126
11
0.5458590157480315
21
0.4715635433070866
0
LINE
8
BLACK
6
CONTINUOUS
10
0.5458590157480315
20
0.4715635433070866
11
0.5458590157480315
21
0.4490663779527559
0
LINE
8
BLACK
6
CONTINUOUS
10
0.5458590157480315
20
0.4490663779527559
11
0.5458022834645669
21
0.4484903149606299
0
LINE
8
BLACK
6
CONTINUOUS
10
0.5458022834645669
20
0.4484903149606299
11
0.5453613779527559
21
0.447425905511811
0
LINE
8
BLACK
6
CONTINUOUS
10
0.5453613779527559
20
0.447425905511811
11
0.5445467322834645
21
0.4466112598425196
0
LINE
8
BLACK
6
CONTINUOUS
10
0.5445467322834645
20
0.4466112598425196
11
0.5434823228346457
21
0.4461703543307087
0
LINE
8
BLACK
6
CONTINUOUS
10
0.5434823228346457
20
0.4461703543307087
11
0.5423301968503937
21
0.4461703543307087
0
LINE
8
BLACK
6
CONTINUOUS
10
0.5423301968503937
20
0.4461703543307087
11
0.5412657874015748
21
0.4466112598425196
0
LINE
8
BLACK
6
CONTINUOUS
10
0.5412657874015748
20
0.4466112598425196
11
0.5404511417322835
21
0.447425905511811
0
LINE
8
BLACK
6
CONTINUOUS
10
0.5404511417322835
20
0.447425905511811
11
0.5400102362204724
21
0.4484903149606299
0
LINE
8
BLACK
6
CONTINUOUS
10
0.5400102362204724
20
0.4484903149606299
11
0.5399535039370079
21
0.4490663779527559
0
LINE
8
BLACK
6
CONTINUOUS
10
0.5399535039370079
20
0.4490663779527559
11
0.5399535039370079
21
0.4573622047244094
0
LINE
8
BLACK
6
CONTINUOUS
10
0.5399535039370079
20
0.4573622047244094
11
0.5035361811023622
21
0.4573622047244094
0
LINE
8
BLACK
6
CONTINUOUS
10
0.5035361811023622
20
0.4573622047244094
11
0.503534094488189
21
0.4573624409448819
0
LINE
8
BLACK
6
CONTINUOUS
10
0.503534094488189
20
0.4573624409448819
11
0.5035330708661417
21
0.4573622047244094
0
LINE
8
BLACK
6
CONTINUOUS
10
0.5035330708661417
20
0.4573622047244094
11
0.5035300393700787
21
0.4573628346456693
0
LINE
8
BLACK
6
CONTINUOUS
10
0.5035300393700787
20
0.4573628346456693
11
0.5029601181102362
21
0.457418937007874
0
LINE
8
BLACK
6
CONTINUOUS
10
0.5029601181102362
20
0.457418937007874
11
0.50269
21
0.4575308267716535
0
LINE
8
BLACK
6
CONTINUOUS
10
0.50269
20
0.4575308267716535
11
0.5024033858267717
21
0.4575881496062992
0
LINE
8
BLACK
6
CONTINUOUS
10
0.5024033858267717
20
0.4575881496062992
11
0.5021629921259843
21
0.4577491338582677
0
LINE
8
BLACK
6
CONTINUOUS
10
0.5021629921259843
20
0.4577491338582677
11
0.5018957086614173
21
0.457859842519685
0
LINE
8
BLACK
6
CONTINUOUS
10
0.5018957086614173
20
0.457859842519685
11
0.5016889763779527
21
0.4580665748031496
0
LINE
8
BLACK
6
CONTINUOUS
10
0.5016889763779527
20
0.4580665748031496
11
0.5014461023622047
21
0.4582292125984252
0
LINE
8
BLACK
6
CONTINUOUS
10
0.5014461023622047
20
0.4582292125984252
11
0.501285590551181
21
0.4584699606299212
0
LINE
8
BLACK
6
CONTINUOUS
10
0.501285590551181
20
0.4584699606299212
11
0.501081062992126
21
0.4586744881889764
0
LINE
8
BLACK
6
CONTINUOUS
10
0.501081062992126
20
0.4586744881889764
11
0.5009691732283464
21
0.4589446062992126
0
LINE
8
BLACK
6
CONTINUOUS
10
0.5009691732283464
20
0.4589446062992126
11
0.5008070078740158
21
0.4591878346456693
0
LINE
8
BLACK
6
CONTINUOUS
10
0.5008070078740158
20
0.4591878346456693
11
0.5007508661417323
21
0.4594716535433071
0
LINE
8
BLACK
6
CONTINUOUS
10
0.5007508661417323
20
0.4594716535433071
11
0.500640157480315
21
0.4597388976377952
0
LINE
8
BLACK
6
CONTINUOUS
10
0.500640157480315
20
0.4597388976377952
11
0.500640157480315
21
0.4600312992125984
0
LINE
8
BLACK
6
CONTINUOUS
10
0.500640157480315
20
0.4600312992125984
11
0.5005834251968504
21
0.4603180708661417
0
LINE
8
BLACK
6
CONTINUOUS
10
0.5005834251968504
20
0.4603180708661417
11
0.500640157480315
21
0.4606017322834646
0
LINE
8
BLACK
6
CONTINUOUS
10
0.500640157480315
20
0.4606017322834646
11
0.500640157480315
21
0.4608910236220473
0
LINE
8
BLACK
6
CONTINUOUS
10
0.500640157480315
20
0.4608910236220473
11
0.5007520078740157
21
0.4611611417322835
0
LINE
8
BLACK
6
CONTINUOUS
10
0.5007520078740157
20
0.4611611417322835
11
0.5008093700787402
21
0.4614477559055118
0
LINE
8
BLACK
6
CONTINUOUS
10
0.5008093700787402
20
0.4614477559055118
11
0.5009703149606299
21
0.4616881496062992
0
LINE
8
BLACK
6
CONTINUOUS
10
0.5009703149606299
20
0.4616881496062992
11
0.501081062992126
21
0.4619554330708661
0
LINE
8
BLACK
6
CONTINUOUS
10
0.501081062992126
20
0.4619554330708661
11
0.5012877559055118
21
0.4621621653543307
0
LINE
8
BLACK
6
CONTINUOUS
10
0.5012877559055118
20
0.4621621653543307
11
0.5014504330708661
21
0.4624050393700787
0
LINE
8
BLACK
6
CONTINUOUS
10
0.5014504330708661
20
0.4624050393700787
11
0.5018936614173228
21
0.4627680708661417
0
LINE
8
BLACK
6
CONTINUOUS
10
0.5018936614173228
20
0.4627680708661417
11
0.5018957086614173
21
0.4627700787401575
0
LINE
8
BLACK
6
CONTINUOUS
10
0.5018957086614173
20
0.4627700787401575
11
0.5018965748031496
21
0.4627704724409449
0
LINE
8
BLACK
6
CONTINUOUS
10
0.5018965748031496
20
0.4627704724409449
11
0.5018982677165355
21
0.462771811023622
0
LINE
8
BLACK
6
CONTINUOUS
10
0.5018982677165355
20
0.462771811023622
11
0.5072792913385826
21
0.4663591732283465
0
LINE
8
BLACK
6
CONTINUOUS
10
0.5072792913385826
20
0.4663591732283465
11
0.5104832677165354
21
0.4695631102362204
0
LINE
8
BLACK
6
CONTINUOUS
10
0.5104832677165354
20
0.4695631102362204
11
0.5121437401574803
21
0.4728840551181102
0
LINE
8
BLACK
6
CONTINUOUS
10
0.5121437401574803
20
0.4728840551181102
11
0.5124520866141732
21
0.473373937007874
0
LINE
8
BLACK
6
CONTINUOUS
10
0.5124520866141732
20
0.473373937007874
11
0.5133224803149606
21
0.4741287795275591
0
LINE
8
BLACK
6
CONTINUOUS
10
0.5133224803149606
20
0.4741287795275591
11
0.5144154330708661
21
0.4744931102362205
0
LINE
8
BLACK
6
CONTINUOUS
10
0.5144154330708661
20
0.4744931102362205
11
0.5155646456692913
21
0.4744114566929134
0
LINE
8
BLACK
6
CONTINUOUS
10
0.4565996850393701
20
0.4526598031496063
11
0.457664094488189
21
0.4522188976377953
0
LINE
8
BLACK
6
CONTINUOUS
10
0.457664094488189
20
0.4522188976377953
11
0.4584787401574803
21
0.4514042519685039
0
LINE
8
BLACK
6
CONTINUOUS
10
0.4584787401574803
20
0.4514042519685039
11
0.4589196456692913
21
0.450339842519685
0
LINE
8
BLACK
6
CONTINUOUS
10
0.4589196456692913
20
0.450339842519685
11
0.4589196456692913
21
0.449187716535433
0
LINE
8
BLACK
6
CONTINUOUS
10
0.4589196456692913
20
0.449187716535433
11
0.4584787401574803
21
0.4481233070866142
0
LINE
8
BLACK
6
CONTINUOUS
10
0.4584787401574803
20
0.4481233070866142
11
0.457664094488189
21
0.4473086614173228
0
LINE
8
BLACK
6
CONTINUOUS
10
0.457664094488189
20
0.4473086614173228
11
0.4565996850393701
21
0.4468677559055118
0
LINE
8
BLACK
6
CONTINUOUS
10
0.4565996850393701
20
0.4468677559055118
11
0.4560236220472441
21
0.4468110236220472
0
LINE
8
BLACK
6
CONTINUOUS
10
0.4560236220472441
20
0.4468110236220472
11
0.3960236220472441
21
0.4468110236220472
0
LINE
8
BLACK
6
CONTINUOUS
10
0.3960236220472441
20
0.4468110236220472
11
0.3954475590551181
21
0.4468677559055118
0
LINE
8
BLACK
6
CONTINUOUS
10
0.3954475590551181
20
0.4468677559055118
11
0.3943831496062992
21
0.4473086614173228
0
LINE
8
BLACK
6
CONTINUOUS
10
0.3943831496062992
20
0.4473086614173228
11
0.3935685039370079
21
0.4481233070866142
0
LINE
8
BLACK
6
CONTINUOUS
10
0.3935685039370079
20
0.4481233070866142
11
0.3931275984251968
21
0.449187716535433
0
LINE
8
BLACK
6
CONTINUOUS
10
0.3931275984251968
20
0.449187716535433
11
0.3931275984251968
21
0.450339842519685
0
LINE
8
BLACK
6
CONTINUOUS
10
0.3931275984251968
20
0.450339842519685
11
0.3935685039370079
21
0.4514042519685039
0
LINE
8
BLACK
6
CONTINUOUS
10
0.3935685039370079
20
0.4514042519685039
11
0.3943831496062992
21
0.4522188976377953
0
LINE
8
BLACK
6
CONTINUOUS
10
0.3943831496062992
20
0.4522188976377953
11
0.3954475590551181
21
0.4526598031496063
0
LINE
8
BLACK
6
CONTINUOUS
10
0.3954475590551181
20
0.4526598031496063
11
0.3960236220472441
21
0.4527165354330708
0
LINE
8
BLACK
6
CONTINUOUS
10
0.3960236220472441
20
0.4527165354330708
11
0.4560236220472441
21
0.4527165354330708
0
LINE
8
BLACK
6
CONTINUOUS
10
0.4560236220472441
20
0.4527165354330708
11
0.4565996850393701
21
0.4526598031496063
0
LINE
8
BLACK
6
CONTINUOUS
10
0.6301766535433071
20
0.4808934251968504
11
0.6309912992125984
21
0.4800787795275591
0
LINE
8
BLACK
6
CONTINUOUS
10
0.6309912992125984
20
0.4800787795275591
11
0.6314322047244094
21
0.4790143700787401
0
LINE
8
BLACK
6
CONTINUOUS
10
0.6314322047244094
20
0.4790143700787401
11
0.631488937007874
21
0.4784383070866142
0
LINE
8
BLACK
6
CONTINUOUS
10
0.631488937007874
20
0.4784383070866142
11
0.631488937007874
21
0.4605735826771654
0
LINE
8
BLACK
6
CONTINUOUS
10
0.631488937007874
20
0.4605735826771654
11
0.6415898818897637
21
0.4694118897637795
0
LINE
8
BLACK
6
CONTINUOUS
10
0.6415898818897637
20
0.4694118897637795
11
0.6418388582677165
21
0.4695899212598425
0
LINE
8
BLACK
6
CONTINUOUS
10
0.6418388582677165
20
0.4695899212598425
11
0.6418938188976377
21
0.469644842519685
0
LINE
8
BLACK
6
CONTINUOUS
10
0.6418938188976377
20
0.469644842519685
11
0.641945905511811
21
0.4696664566929133
0
LINE
8
BLACK
6
CONTINUOUS
10
0.641945905511811
20
0.4696664566929133
11
0.6420607874015748
21
0.4697485433070866
0
LINE
8
BLACK
6
CONTINUOUS
10
0.6420607874015748
20
0.4697485433070866
11
0.6425149999999999
21
0.4699021653543307
0
LINE
8
BLACK
6
CONTINUOUS
10
0.6425149999999999
20
0.4699021653543307
11
0.6429582283464567
21
0.4700857480314961
0
LINE
8
BLACK
6
CONTINUOUS
10
0.6429582283464567
20
0.4700857480314961
11
0.643057874015748
21
0.4700857480314961
0
LINE
8
BLACK
6
CONTINUOUS
10
0.643057874015748
20
0.4700857480314961
11
0.6431521653543307
21
0.4701176377952756
0
LINE
8
BLACK
6
CONTINUOUS
10
0.6431521653543307
20
0.4701176377952756
11
0.6436306299212599
21
0.4700857480314961
0
LINE
8
BLACK
6
CONTINUOUS
10
0.6436306299212599
20
0.4700857480314961
11
0.6441103543307086
21
0.4700857480314961
0
LINE
8
BLACK
6
CONTINUOUS
10
0.6441103543307086
20
0.4700857480314961
11
0.6442023228346456
21
0.4700476771653543
0
LINE
8
BLACK
6
CONTINUOUS
10
0.6442023228346456
20
0.4700476771653543
11
0.6443016929133858
21
0.4700410236220472
0
LINE
8
BLACK
6
CONTINUOUS
10
0.6443016929133858
20
0.4700410236220472
11
0.644731811023622
21
0.4698283464566929
0
LINE
8
BLACK
6
CONTINUOUS
10
0.644731811023622
20
0.4698283464566929
11
0.6451747637795275
21
0.469644842519685
0
LINE
8
BLACK
6
CONTINUOUS
10
0.6451747637795275
20
0.469644842519685
11
0.6452450787401575
21
0.4695745275590551
0
LINE
8
BLACK
6
CONTINUOUS
10
0.6452450787401575
20
0.4695745275590551
11
0.6453344488188977
21
0.4695303149606299
0
LINE
8
BLACK
6
CONTINUOUS
10
0.6453344488188977
20
0.4695303149606299
11
0.6456503937007874
21
0.4691692125984252
0
LINE
8
BLACK
6
CONTINUOUS
10
0.6456503937007874
20
0.4691692125984252
11
0.6459894094488189
21
0.4688301968503937
0
LINE
8
BLACK
6
CONTINUOUS
10
0.6459894094488189
20
0.4688301968503937
11
0.6460275196850394
21
0.4687382283464567
0
LINE
8
BLACK
6
CONTINUOUS
10
0.6460275196850394
20
0.4687382283464567
11
0.6460931102362204
21
0.4686632283464567
0
LINE
8
BLACK
6
CONTINUOUS
10
0.6460931102362204
20
0.4686632283464567
11
0.6462466929133858
21
0.4682090157480315
0
LINE
8
BLACK
6
CONTINUOUS
10
0.6462466929133858
20
0.4682090157480315
11
0.6464303149606299
21
0.4677657874015748
0
LINE
8
BLACK
6
CONTINUOUS
10
0.6464303149606299
20
0.4677657874015748
11
0.6464441338582677
21
0.4676252362204724
0
LINE
8
BLACK
6
CONTINUOUS
10
0.6464441338582677
20
0.4676252362204724
11
0.6464622047244094
21
0.4675718503937007
0
LINE
8
BLACK
6
CONTINUOUS
10
0.6464622047244094
20
0.4675718503937007
11
0.6464570078740157
21
0.4674944094488189
0
LINE
8
BLACK
6
CONTINUOUS
10
0.6464570078740157
20
0.4674944094488189
11
0.6464870472440944
21
0.4671897244094488
0
LINE
8
BLACK
6
CONTINUOUS
10
0.6464870472440944
20
0.4671897244094488
11
0.6464870472440944
21
0.4622624803149606
0
LINE
8
BLACK
6
CONTINUOUS
10
0.6464870472440944
20
0.4622624803149606
11
0.6478357874015748
21
0.459565
0
LINE
8
BLACK
6
CONTINUOUS
10
0.6478357874015748
20
0.459565
11
0.6490329133858268
21
0.458367874015748
0
LINE
8
BLACK
6
CONTINUOUS
10
0.6490329133858268
20
0.458367874015748
11
0.6517303937007873
21
0.4570191338582677
0
LINE
8
BLACK
6
CONTINUOUS
10
0.6517303937007873
20
0.4570191338582677
11
0.6597101181102362
21
0.4570191338582677
0
LINE
8
BLACK
6
CONTINUOUS
10
0.6597101181102362
20
0.4570191338582677
11
0.6624075984251968
21
0.4583679133858268
0
LINE
8
BLACK
6
CONTINUOUS
10
0.6624075984251968
20
0.4583679133858268
11
0.6636047637795276
21
0.4595650393700788
0
LINE
8
BLACK
6
CONTINUOUS
10
0.6636047637795276
20
0.4595650393700788
11
0.6649535039370078
21
0.4622624803149606
0
LINE
8
BLACK
6
CONTINUOUS
10
0.6649535039370078
20
0.4622624803149606
11
0.6649535039370078
21
0.472116968503937
0
LINE
8
BLACK
6
CONTINUOUS
10
0.6649535039370078
20
0.472116968503937
11
0.6636047637795276
21
0.4748144488188976
0
LINE
8
BLACK
6
CONTINUOUS
10
0.6636047637795276
20
0.4748144488188976
11
0.6620688188976378
21
0.4763503543307087
0
LINE
8
BLACK
6
CONTINUOUS
10
0.6620688188976378
20
0.4763503543307087
11
0.6617015748031496
21
0.4767978346456693
0
LINE
8
BLACK
6
CONTINUOUS
10
0.6617015748031496
20
0.4767978346456693
11
0.6612606692913385
21
0.4778622440944882
0
LINE
8
BLACK
6
CONTINUOUS
10
0.6612606692913385
20
0.4778622440944882
11
0.6612606692913385
21
0.4790143307086614
0
LINE
8
BLACK
6
CONTINUOUS
10
0.6612606692913385
20
0.4790143307086614
11
0.6617015354330709
21
0.4800787401574803
0
LINE
8
BLACK
6
CONTINUOUS
10
0.6617015354330709
20
0.4800787401574803
11
0.662516220472441
21
0.4808934251968504
0
LINE
8
BLACK
6
CONTINUOUS
10
0.662516220472441
20
0.4808934251968504
11
0.6635806299212599
21
0.4813343307086614
0
LINE
8
BLACK
6
CONTINUOUS
10
0.6635806299212599
20
0.4813343307086614
11
0.6647327165354331
21
0.4813343307086614
0
LINE
8
BLACK
6
CONTINUOUS
10
0.6647327165354331
20
0.4813343307086614
11
0.665797125984252
21
0.4808934645669291
0
LINE
8
BLACK
6
CONTINUOUS
10
0.665797125984252
20
0.4808934645669291
11
0.6662445669291338
21
0.4805262598425197
0
LINE
8
BLACK
6
CONTINUOUS
10
0.6662445669291338
20
0.4805262598425197
11
0.6681193700787401
21
0.4786514960629921
0
LINE
8
BLACK
6
CONTINUOUS
10
0.6681193700787401
20
0.4786514960629921
11
0.6683051181102362
21
0.4784251574803149
0
LINE
8
BLACK
6
CONTINUOUS
10
0.6683051181102362
20
0.4784251574803149
11
0.6683641732283464
21
0.478373937007874
0
LINE
8
BLACK
6
CONTINUOUS
10
0.6683641732283464
20
0.478373937007874
11
0.6684201574803149
21
0.478285
0
LINE
8
BLACK
6
CONTINUOUS
10
0.6684201574803149
20
0.478285
11
0.6684866141732283
21
0.4782040157480315
0
LINE
8
BLACK
6
CONTINUOUS
10
0.6684866141732283
20
0.4782040157480315
11
0.6685164173228346
21
0.4781320866141732
0
LINE
8
BLACK
6
CONTINUOUS
10
0.6685164173228346
20
0.4781320866141732
11
0.6686725196850394
21
0.4778840551181102
0
LINE
8
BLACK
6
CONTINUOUS
10
0.6686725196850394
20
0.4778840551181102
11
0.6705472834645669
21
0.4741345275590551
0
LINE
8
BLACK
6
CONTINUOUS
10
0.6705472834645669
20
0.4741345275590551
11
0.6707541732283464
21
0.473593937007874
0
LINE
8
BLACK
6
CONTINUOUS
10
0.6707541732283464
20
0.473593937007874
11
0.6707616929133858
21
0.4734880708661417
0
LINE
8
BLACK
6
CONTINUOUS
10
0.6707616929133858
20
0.4734880708661417
11
0.6708022834645669
21
0.4733900787401575
0
LINE
8
BLACK
6
CONTINUOUS
10
0.6708022834645669
20
0.4733900787401575
11
0.6708590157480315
21
0.4728140157480315
0
LINE
8
BLACK
6
CONTINUOUS
10
0.6708590157480315
20
0.4728140157480315
11
0.6708590157480315
21
0.4615654330708661
0
LINE
8
BLACK
6
CONTINUOUS
10
0.6708590157480315
20
0.4615654330708661
11
0.6708022834645669
21
0.4609893700787401
0
LINE
8
BLACK
6
CONTINUOUS
10
0.6708022834645669
20
0.4609893700787401
11
0.6707616929133858
21
0.4608914173228346
0
LINE
8
BLACK
6
CONTINUOUS
10
0.6707616929133858
20
0.4608914173228346
11
0.6707541732283464
21
0.4607855118110236
0
LINE
8
BLACK
6
CONTINUOUS
10
0.6707541732283464
20
0.4607855118110236
11
0.6705472834645669
21
0.4602449212598425
0
LINE
8
BLACK
6
CONTINUOUS
10
0.6705472834645669
20
0.4602449212598425
11
0.6686725196850394
21
0.4564953937007874
0
LINE
8
BLACK
6
CONTINUOUS
10
0.6686725196850394
20
0.4564953937007874
11
0.6685164173228346
21
0.4562474015748031
0
LINE
8
BLACK
6
CONTINUOUS
10
0.6685164173228346
20
0.4562474015748031
11
0.6684866141732283
21
0.4561754330708661
0
LINE
8
BLACK
6
CONTINUOUS
10
0.6684866141732283
20
0.4561754330708661
11
0.6684201574803149
21
0.4560944881889764
0
LINE
8
BLACK
6
CONTINUOUS
10
0.6684201574803149
20
0.4560944881889764
11
0.6683641732283464
21
0.4560055118110236
0
LINE
8
BLACK
6
CONTINUOUS
10
0.6683641732283464
20
0.4560055118110236
11
0.6683051181102362
21
0.4559543307086614
0
LINE
8
BLACK
6
CONTINUOUS
10
0.6683051181102362
20
0.4559543307086614
11
0.6681193700787401
21
0.4557279527559055
0
LINE
8
BLACK
6
CONTINUOUS
10
0.6681193700787401
20
0.4557279527559055
11
0.6662445669291338
21
0.4538531889763779
0
LINE
8
BLACK
6
CONTINUOUS
10
0.6662445669291338
20
0.4538531889763779
11
0.6660182283464566
21
0.4536674803149606
0
LINE
8
BLACK
6
CONTINUOUS
10
0.6660182283464566
20
0.4536674803149606
11
0.6659670866141733
21
0.4536084645669291
0
LINE
8
BLACK
6
CONTINUOUS
10
0.6659670866141733
20
0.4536084645669291
11
0.6658781496062992
21
0.4535525196850393
0
LINE
8
BLACK
6
CONTINUOUS
10
0.6658781496062992
20
0.4535525196850393
11
0.665797125984252
21
0.4534859842519685
0
LINE
8
BLACK
6
CONTINUOUS
10
0.665797125984252
20
0.4534859842519685
11
0.6657250787401575
21
0.4534561811023622
0
LINE
8
BLACK
6
CONTINUOUS
10
0.6657250787401575
20
0.4534561811023622
11
0.6654772047244094
21
0.4533001181102362
0
LINE
8
BLACK
6
CONTINUOUS
10
0.6654772047244094
20
0.4533001181102362
11
0.6617276771653543
21
0.4514253543307086
0
LINE
8
BLACK
6
CONTINUOUS
10
0.6617276771653543
20
0.4514253543307086
11
0.6611870472440945
21
0.4512184645669291
0
LINE
8
BLACK
6
CONTINUOUS
10
0.6611870472440945
20
0.4512184645669291
11
0.6610812204724409
21
0.4512109842519685
0
LINE
8
BLACK
6
CONTINUOUS
10
0.6610812204724409
20
0.4512109842519685
11
0.6609832283464567
21
0.4511703543307087
0
LINE
8
BLACK
6
CONTINUOUS
10
0.6609832283464567
20
0.4511703543307087
11
0.6604071653543306
21
0.4511136220472441
0
LINE
8
BLACK
6
CONTINUOUS
10
0.6604071653543306
20
0.4511136220472441
11
0.6510333464566929
21
0.4511136220472441
0
LINE
8
BLACK
6
CONTINUOUS
10
0.6510333464566929
20
0.4511136220472441
11
0.6504572834645669
21
0.4511703543307087
0
LINE
8
BLACK
6
CONTINUOUS
10
0.6504572834645669
20
0.4511703543307087
11
0.6503592913385826
21
0.4512109448818897
0
LINE
8
BLACK
6
CONTINUOUS
10
0.6503592913385826
20
0.4512109448818897
11
0.6502534251968504
21
0.4512184645669291
0
LINE
8
BLACK
6
CONTINUOUS
10
0.6502534251968504
20
0.4512184645669291
11
0.6497128346456693
21
0.4514253543307086
0
LINE
8
BLACK
6
CONTINUOUS
10
0.6497128346456693
20
0.4514253543307086
11
0.6459633070866142
21
0.4533001181102362
0
LINE
8
BLACK
6
CONTINUOUS
10
0.6459633070866142
20
0.4533001181102362
11
0.6457152755905512
21
0.4534562204724409
0
LINE
8
BLACK
6
CONTINUOUS
10
0.6457152755905512
20
0.4534562204724409
11
0.6456433464566929
21
0.4534860236220472
0
LINE
8
BLACK
6
CONTINUOUS
10
0.6456433464566929
20
0.4534860236220472
11
0.6455623622047244
21
0.4535525196850393
0
LINE
8
BLACK
6
CONTINUOUS
10
0.6455623622047244
20
0.4535525196850393
11
0.6454734251968504
21
0.4536084645669291
0
LINE
8
BLACK
6
CONTINUOUS
10
0.6454734251968504
20
0.4536084645669291
11
0.6454222440944882
21
0.4536674803149606
0
LINE
8
BLACK
6
CONTINUOUS
10
0.6454222440944882
20
0.4536674803149606
11
0.6451959055118111
21
0.4538532283464567
0
LINE
8
BLACK
6
CONTINUOUS
10
0.6451959055118111
20
0.4538532283464567
11
0.6433211417322835
21
0.4557279921259842
0
LINE
8
BLACK
6
CONTINUOUS
10
0.6433211417322835
20
0.4557279921259842
11
0.6431353543307087
21
0.4559543700787401
0
LINE
8
BLACK
6
CONTINUOUS
10
0.6431353543307087
20
0.4559543700787401
11
0.6430763779527559
21
0.4560055118110236
0
LINE
8
BLACK
6
CONTINUOUS
10
0.6430763779527559
20
0.4560055118110236
11
0.6430203937007873
21
0.4560944881889764
0
LINE
8
BLACK
6
CONTINUOUS
10
0.6430203937007873
20
0.4560944881889764
11
0.642953937007874
21
0.4561754330708661
0
LINE
8
BLACK
6
CONTINUOUS
10
0.642953937007874
20
0.4561754330708661
11
0.642924094488189
21
0.4562474015748031
0
LINE
8
BLACK
6
CONTINUOUS
10
0.642924094488189
20
0.4562474015748031
11
0.642768031496063
21
0.4564953937007874
0
LINE
8
BLACK
6
CONTINUOUS
10
0.642768031496063
20
0.4564953937007874
11
0.6408932677165354
21
0.4602449212598425
0
LINE
8
BLACK
6
CONTINUOUS
10
0.6408932677165354
20
0.4602449212598425
11
0.6406896062992126
21
0.460777125984252
0
LINE
8
BLACK
6
CONTINUOUS
10
0.6406896062992126
20
0.460777125984252
11
0.6304805905511811
21
0.4518442125984252
0
LINE
8
BLACK
6
CONTINUOUS
10
0.6304805905511811
20
0.4518442125984252
11
0.6302315748031496
21
0.4516662204724409
0
LINE
8
BLACK
6
CONTINUOUS
10
0.6302315748031496
20
0.4516662204724409
11
0.6301766535433071
21
0.4516112598425197
0
LINE
8
BLACK
6
CONTINUOUS
10
0.6301766535433071
20
0.4516112598425197
11
0.6301245275590551
21
0.4515896850393701
0
LINE
8
BLACK
6
CONTINUOUS
10
0.6301245275590551
20
0.4515896850393701
11
0.63000968503937
21
0.4515075590551181
0
LINE
8
BLACK
6
CONTINUOUS
10
0.63000968503937
20
0.4515075590551181
11
0.6295554330708661
21
0.4513539763779528
0
LINE
8
BLACK
6
CONTINUOUS
10
0.6295554330708661
20
0.4513539763779528
11
0.6291122440944882
21
0.4511703543307087
0
LINE
8
BLACK
6
CONTINUOUS
10
0.6291122440944882
20
0.4511703543307087
11
0.6290125984251969
21
0.4511703543307087
0
LINE
8
BLACK
6
CONTINUOUS
10
0.6290125984251969
20
0.4511703543307087
11
0.6289183070866141
21
0.4511384645669291
0
LINE
8
BLACK
6
CONTINUOUS
10
0.6289183070866141
20
0.4511384645669291
11
0.628439842519685
21
0.4511703543307087
0
LINE
8
BLACK
6
CONTINUOUS
10
0.628439842519685
20
0.4511703543307087
11
0.6279601181102362
21
0.4511703543307087
0
LINE
8
BLACK
6
CONTINUOUS
10
0.6279601181102362
20
0.4511703543307087
11
0.6278681102362205
21
0.4512084645669291
0
LINE
8
BLACK
6
CONTINUOUS
10
0.6278681102362205
20
0.4512084645669291
11
0.6277687795275591
21
0.4512150787401575
0
LINE
8
BLACK
6
CONTINUOUS
10
0.6277687795275591
20
0.4512150787401575
11
0.6273386220472441
21
0.4514277952755905
0
LINE
8
BLACK
6
CONTINUOUS
10
0.6273386220472441
20
0.4514277952755905
11
0.6268957086614173
21
0.4516112598425197
0
LINE
8
BLACK
6
CONTINUOUS
10
0.6268957086614173
20
0.4516112598425197
11
0.6268253543307086
21
0.4516816141732283
0
LINE
8
BLACK
6
CONTINUOUS
10
0.6268253543307086
20
0.4516816141732283
11
0.6267360236220473
21
0.4517257874015748
0
LINE
8
BLACK
6
CONTINUOUS
10
0.6267360236220473
20
0.4517257874015748
11
0.6264200393700787
21
0.4520869291338583
0
LINE
8
BLACK
6
CONTINUOUS
10
0.6264200393700787
20
0.4520869291338583
11
0.626081062992126
21
0.452425905511811
0
LINE
8
BLACK
6
CONTINUOUS
10
0.626081062992126
20
0.452425905511811
11
0.6260429133858267
21
0.4525179133858268
0
LINE
8
BLACK
6
CONTINUOUS
10
0.6260429133858267
20
0.4525179133858268
11
0.6259773622047244
21
0.452592874015748
0
LINE
8
BLACK
6
CONTINUOUS
10
0.6259773622047244
20
0.452592874015748
11
0.6258237401574803
21
0.453047125984252
0
LINE
8
BLACK
6
CONTINUOUS
10
0.6258237401574803
20
0.453047125984252
11
0.625640157480315
21
0.4534903149606299
0
LINE
8
BLACK
6
CONTINUOUS
10
0.625640157480315
20
0.4534903149606299
11
0.6256262992125984
21
0.453630905511811
0
LINE
8
BLACK
6
CONTINUOUS
10
0.6256262992125984
20
0.453630905511811
11
0.6256082677165354
21
0.4536842519685039
0
LINE
8
BLACK
6
CONTINUOUS
10
0.6256082677165354
20
0.4536842519685039
11
0.6256134251968504
21
0.4537617322834646
0
LINE
8
BLACK
6
CONTINUOUS
10
0.6256134251968504
20
0.4537617322834646
11
0.6255834251968504
21
0.4540663779527559
0
LINE
8
BLACK
6
CONTINUOUS
10
0.6255834251968504
20
0.4540663779527559
11
0.6255834251968504
21
0.4784383070866142
0
LINE
8
BLACK
6
CONTINUOUS
10
0.6255834251968504
20
0.4784383070866142
11
0.625640157480315
21
0.4790143700787401
0
LINE
8
BLACK
6
CONTINUOUS
10
0.625640157480315
20
0.4790143700787401
11
0.626081062992126
21
0.4800787795275591
0
LINE
8
BLACK
6
CONTINUOUS
10
0.626081062992126
20
0.4800787795275591
11
0.6268957086614173
21
0.4808934251968504
0
LINE
8
BLACK
6
CONTINUOUS
10
0.6268957086614173
20
0.4808934251968504
11
0.6279601181102362
21
0.4813343307086614
0
LINE
8
BLACK
6
CONTINUOUS
10
0.6279601181102362
20
0.4813343307086614
11
0.6291122440944882
21
0.4813343307086614
0
LINE
8
BLACK
6
CONTINUOUS
10
0.6291122440944882
20
0.4813343307086614
11
0.6301766535433071
21
0.4808934251968504
0
LINE
8
BLACK
6
CONTINUOUS
10
0.5830086220472441
20
0.480758779527559
11
0.5830516535433071
21
0.480765157480315
0
LINE
8
BLACK
6
CONTINUOUS
10
0.5830516535433071
20
0.480765157480315
11
0.583267125984252
21
0.4807333070866142
0
LINE
8
BLACK
6
CONTINUOUS
10
0.583267125984252
20
0.4807333070866142
11
0.5834841732283464
21
0.4807119291338582
0
LINE
8
BLACK
6
CONTINUOUS
10
0.5834841732283464
20
0.4807119291338582
11
0.5835243700787401
21
0.4806953149606299
0
LINE
8
BLACK
6
CONTINUOUS
10
0.5835243700787401
20
0.4806953149606299
11
0.5836242519685039
21
0.4806805118110236
0
LINE
8
BLACK
6
CONTINUOUS
10
0.5836242519685039
20
0.4806805118110236
11
0.5911233070866142
21
0.4788057480314961
0
LINE
8
BLACK
6
CONTINUOUS
10
0.5911233070866142
20
0.4788057480314961
11
0.5911657874015748
21
0.4787905905511811
0
LINE
8
BLACK
6
CONTINUOUS
10
0.5911657874015748
20
0.4787905905511811
11
0.5911870472440944
21
0.4787890551181102
0
LINE
8
BLACK
6
CONTINUOUS
10
0.5911870472440944
20
0.4787890551181102
11
0.5914264566929134
21
0.4786974409448819
0
LINE
8
BLACK
6
CONTINUOUS
10
0.5914264566929134
20
0.4786974409448819
11
0.5916684251968504
21
0.4786109842519685
0
LINE
8
BLACK
6
CONTINUOUS
10
0.5916684251968504
20
0.4786109842519685
11
0.5916855511811023
21
0.4785983070866142
0
LINE
8
BLACK
6
CONTINUOUS
10
0.5916855511811023
20
0.4785983070866142
11
0.5917276771653543
21
0.4785821653543307
0
LINE
8
BLACK
6
CONTINUOUS
10
0.5917276771653543
20
0.4785821653543307
11
0.5954772047244095
21
0.4767074015748031
0
LINE
8
BLACK
6
CONTINUOUS
10
0.5954772047244095
20
0.4767074015748031
11
0.5957250787401575
21
0.4765513779527559
0
LINE
8
BLACK
6
CONTINUOUS
10
0.5957250787401575
20
0.4765513779527559
11
0.5957971259842519
21
0.4765215354330709
0
LINE
8
BLACK
6
CONTINUOUS
10
0.5957971259842519
20
0.4765215354330709
11
0.5958781496062991
21
0.4764550393700787
0
LINE
8
BLACK
6
CONTINUOUS
10
0.5958781496062991
20
0.4764550393700787
11
0.5959670866141732
21
0.4763990551181102
0
LINE
8
BLACK
6
CONTINUOUS
10
0.5959670866141732
20
0.4763990551181102
11
0.5960182283464567
21
0.4763400787401575
0
LINE
8
BLACK
6
CONTINUOUS
10
0.5960182283464567
20
0.4763400787401575
11
0.5962445669291339
21
0.4761543307086614
0
LINE
8
BLACK
6
CONTINUOUS
10
0.5962445669291339
20
0.4761543307086614
11
0.5981193700787402
21
0.4742795669291339
0
LINE
8
BLACK
6
CONTINUOUS
10
0.5981193700787402
20
0.4742795669291339
11
0.5983051181102362
21
0.4740532283464567
0
LINE
8
BLACK
6
CONTINUOUS
10
0.5983051181102362
20
0.4740532283464567
11
0.5983641732283465
21
0.4740020078740158
0
LINE
8
BLACK
6
CONTINUOUS
10
0.5983641732283465
20
0.4740020078740158
11
0.598420157480315
21
0.4739130708661417
0
LINE
8
BLACK
6
CONTINUOUS
10
0.598420157480315
20
0.4739130708661417
11
0.5984866141732283
21
0.4738320866141732
0
LINE
8
BLACK
6
CONTINUOUS
10
0.5984866141732283
20
0.4738320866141732
11
0.5985164173228347
21
0.473760157480315
0
LINE
8
BLACK
6
CONTINUOUS
10
0.5985164173228347
20
0.473760157480315
11
0.5986725196850393
21
0.473512125984252
0
LINE
8
BLACK
6
CONTINUOUS
10
0.5986725196850393
20
0.473512125984252
11
0.6005472834645669
21
0.4697625984251969
0
LINE
8
BLACK
6
CONTINUOUS
10
0.6005472834645669
20
0.4697625984251969
11
0.6007541732283465
21
0.4692220078740157
0
LINE
8
BLACK
6
CONTINUOUS
10
0.6007541732283465
20
0.4692220078740157
11
0.6007616929133858
21
0.4691161417322834
0
LINE
8
BLACK
6
CONTINUOUS
10
0.6007616929133858
20
0.4691161417322834
11
0.6008022834645669
21
0.4690181496062992
0
LINE
8
BLACK
6
CONTINUOUS
10
0.6008022834645669
20
0.4690181496062992
11
0.6008590157480315
21
0.4684420866141732
0
LINE
8
BLACK
6
CONTINUOUS
10
0.6008590157480315
20
0.4684420866141732
11
0.6008590157480315
21
0.4646925590551181
0
LINE
8
BLACK
6
CONTINUOUS
10
0.6008590157480315
20
0.4646925590551181
11
0.6008022834645669
21
0.4641164960629921
0
LINE
8
BLACK
6
CONTINUOUS
10
0.6008022834645669
20
0.4641164960629921
11
0.6007616929133858
21
0.4640185433070866
0
LINE
8
BLACK
6
CONTINUOUS
10
0.6007616929133858
20
0.4640185433070866
11
0.6007541732283465
21
0.4639126377952756
0
LINE
8
BLACK
6
CONTINUOUS
10
0.6007541732283465
20
0.4639126377952756
11
0.6005472834645669
21
0.4633720472440945
0
LINE
8
BLACK
6
CONTINUOUS
10
0.6005472834645669
20
0.4633720472440945
11
0.5986725196850393
21
0.4596225196850394
0
LINE
8
BLACK
6
CONTINUOUS
10
0.5986725196850393
20
0.4596225196850394
11
0.5985164173228347
21
0.4593745275590551
0
LINE
8
BLACK
6
CONTINUOUS
10
0.5985164173228347
20
0.4593745275590551
11
0.5984866141732283
21
0.4593025590551181
0
LINE
8
BLACK
6
CONTINUOUS
10
0.5984866141732283
20
0.4593025590551181
11
0.598420157480315
21
0.4592216141732283
0
LINE
8
BLACK
6
CONTINUOUS
10
0.598420157480315
20
0.4592216141732283
11
0.5983641732283465
21
0.4591326377952756
0
LINE
8
BLACK
6
CONTINUOUS
10
0.5983641732283465
20
0.4591326377952756
11
0.5983051181102362
21
0.4590814566929134
0
LINE
8
BLACK
6
CONTINUOUS
10
0.5983051181102362
20
0.4590814566929134
11
0.5981193700787402
21
0.4588550787401575
0
LINE
8
BLACK
6
CONTINUOUS
10
0.5981193700787402
20
0.4588550787401575
11
0.5962445669291339
21
0.4569803149606299
0
LINE
8
BLACK
6
CONTINUOUS
10
0.5962445669291339
20
0.4569803149606299
11
0.5960182283464567
21
0.4567946062992126
0
LINE
8
BLACK
6
CONTINUOUS
10
0.5960182283464567
20
0.4567946062992126
11
0.5959670866141732
21
0.4567355905511811
0
LINE
8
BLACK
6
CONTINUOUS
10
0.5959670866141732
20
0.4567355905511811
11
0.5958781496062991
21
0.4566796456692913
0
LINE
8
BLACK
6
CONTINUOUS
10
0.5958781496062991
20
0.4566796456692913
11
0.5957971259842519
21
0.4566131102362205
0
LINE
8
BLACK
6
CONTINUOUS
10
0.5957971259842519
20
0.4566131102362205
11
0.5957250787401575
21
0.4565833070866142
0
LINE
8
BLACK
6
CONTINUOUS
10
0.5957250787401575
20
0.4565833070866142
11
0.5954772047244095
21
0.4564272440944882
0
LINE
8
BLACK
6
CONTINUOUS
10
0.5954772047244095
20
0.4564272440944882
11
0.5917276771653543
21
0.4545524803149606
0
LINE
8
BLACK
6
CONTINUOUS
10
0.5917276771653543
20
0.4545524803149606
11
0.5916855511811023
21
0.4545363779527559
0
LINE
8
BLACK
6
CONTINUOUS
10
0.5916855511811023
20
0.4545363779527559
11
0.5916684251968504
21
0.4545236614173228
0
LINE
8
BLACK
6
CONTINUOUS
10
0.5916684251968504
20
0.4545236614173228
11
0.5914264566929134
21
0.4544372440944882
0
LINE
8
BLACK
6
CONTINUOUS
10
0.5914264566929134
20
0.4544372440944882
11
0.5911870472440944
21
0.4543455905511811
0
LINE
8
BLACK
6
CONTINUOUS
10
0.5911870472440944
20
0.4543455905511811
11
0.5911657874015748
21
0.454344094488189
0
LINE
8
BLACK
6
CONTINUOUS
10
0.5911657874015748
20
0.454344094488189
11
0.5911233070866142
21
0.4543288976377953
0
LINE
8
BLACK
6
CONTINUOUS
10
0.5911233070866142
20
0.4543288976377953
11
0.5836242519685039
21
0.4524541338582677
0
LINE
8
BLACK
6
CONTINUOUS
10
0.5836242519685039
20
0.4524541338582677
11
0.5835243700787401
21
0.4524393700787401
0
LINE
8
BLACK
6
CONTINUOUS
10
0.5835243700787401
20
0.4524393700787401
11
0.5834841732283464
21
0.452422716535433
0
LINE
8
BLACK
6
CONTINUOUS
10
0.5834841732283464
20
0.452422716535433
11
0.583267125984252
21
0.4524013779527559
0
LINE
8
BLACK
6
CONTINUOUS
10
0.583267125984252
20
0.4524013779527559
11
0.5830516535433071
21
0.4523694881889764
0
LINE
8
BLACK
6
CONTINUOUS
10
0.5830516535433071
20
0.4523694881889764
11
0.5830086220472441
21
0.452375905511811
0
LINE
8
BLACK
6
CONTINUOUS
10
0.5830086220472441
20
0.452375905511811
11
0.5829081102362205
21
0.4523659842519685
0
LINE
8
BLACK
6
CONTINUOUS
10
0.5829081102362205
20
0.4523659842519685
11
0.5735342913385827
21
0.4523659842519685
0
LINE
8
BLACK
6
CONTINUOUS
10
0.5735342913385827
20
0.4523659842519685
11
0.5734337401574803
21
0.452375905511811
0
LINE
8
BLACK
6
CONTINUOUS
10
0.5734337401574803
20
0.452375905511811
11
0.573390748031496
21
0.4523694881889764
0
LINE
8
BLACK
6
CONTINUOUS
10
0.573390748031496
20
0.4523694881889764
11
0.5731752362204724
21
0.4524013779527559
0
LINE
8
BLACK
6
CONTINUOUS
10
0.5731752362204724
20
0.4524013779527559
11
0.5729582283464567
21
0.452422716535433
0
LINE
8
BLACK
6
CONTINUOUS
10
0.5729582283464567
20
0.452422716535433
11
0.5729179921259843
21
0.4524393700787401
0
LINE
8
BLACK
6
CONTINUOUS
10
0.5729179921259843
20
0.4524393700787401
11
0.5728181496062992
21
0.4524541338582677
0
LINE
8
BLACK
6
CONTINUOUS
10
0.5728181496062992
20
0.4524541338582677
11
0.565319094488189
21
0.4543288976377953
0
LINE
8
BLACK
6
CONTINUOUS
10
0.565319094488189
20
0.4543288976377953
11
0.5652765748031496
21
0.454344094488189
0
LINE
8
BLACK
6
CONTINUOUS
10
0.5652765748031496
20
0.454344094488189
11
0.5652553149606299
21
0.4543455905511811
0
LINE
8
BLACK
6
CONTINUOUS
10
0.5652553149606299
20
0.4543455905511811
11
0.5650155511811024
21
0.4544373622047244
0
LINE
8
BLACK
6
CONTINUOUS
10
0.5650155511811024
20
0.4544373622047244
11
0.5647739763779528
21
0.4545236614173228
0
LINE
8
BLACK
6
CONTINUOUS
10
0.5647739763779528
20
0.4545236614173228
11
0.5647568110236221
21
0.4545363779527559
0
LINE
8
BLACK
6
CONTINUOUS
10
0.5647568110236221
20
0.4545363779527559
11
0.5647147244094488
21
0.4545524803149606
0
LINE
8
BLACK
6
CONTINUOUS
10
0.5647147244094488
20
0.4545524803149606
11
0.5609651968503937
21
0.4564272440944882
0
LINE
8
BLACK
6
CONTINUOUS
10
0.5609651968503937
20
0.4564272440944882
11
0.5607171653543307
21
0.4565833464566929
0
LINE
8
BLACK
6
CONTINUOUS
10
0.5607171653543307
20
0.4565833464566929
11
0.5606452362204725
21
0.4566131496062992
0
LINE
8
BLACK
6
CONTINUOUS
10
0.5606452362204725
20
0.4566131496062992
11
0.5605642519685039
21
0.4566796456692913
0
LINE
8
BLACK
6
CONTINUOUS
10
0.5605642519685039
20
0.4566796456692913
11
0.5604753149606299
21
0.4567355905511811
0
LINE
8
BLACK
6
CONTINUOUS
10
0.5604753149606299
20
0.4567355905511811
11
0.5604241338582677
21
0.4567946062992126
0
LINE
8
BLACK
6
CONTINUOUS
10
0.5604241338582677
20
0.4567946062992126
11
0.5601977952755905
21
0.4569803543307087
0
LINE
8
BLACK
6
CONTINUOUS
10
0.5601977952755905
20
0.4569803543307087
11
0.558323031496063
21
0.4588551181102362
0
LINE
8
BLACK
6
CONTINUOUS
10
0.558323031496063
20
0.4588551181102362
11
0.5581372440944882
21
0.4590814960629921
0
LINE
8
BLACK
6
CONTINUOUS
10
0.5581372440944882
20
0.4590814960629921
11
0.5580782677165355
21
0.4591326377952756
0
LINE
8
BLACK
6
CONTINUOUS
10
0.5580782677165355
20
0.4591326377952756
11
0.5580222834645669
21
0.4592216141732283
0
LINE
8
BLACK
6
CONTINUOUS
10
0.5580222834645669
20
0.4592216141732283
11
0.5579558267716536
21
0.4593025590551181
0
LINE
8
BLACK
6
CONTINUOUS
10
0.5579558267716536
20
0.4593025590551181
11
0.5579259842519685
21
0.4593745275590551
0
LINE
8
BLACK
6
CONTINUOUS
10
0.5579259842519685
20
0.4593745275590551
11
0.5577699212598425
21
0.4596225196850394
0
LINE
8
BLACK
6
CONTINUOUS
10
0.5577699212598425
20
0.4596225196850394
11
0.5558951574803149
21
0.4633720472440945
0
LINE
8
BLACK
6
CONTINUOUS
10
0.5558951574803149
20
0.4633720472440945
11
0.5556882677165355
21
0.4639126771653543
0
LINE
8
BLACK
6
CONTINUOUS
10
0.5556882677165355
20
0.4639126771653543
11
0.555680748031496
21
0.4640185039370079
0
LINE
8
BLACK
6
CONTINUOUS
10
0.555680748031496
20
0.4640185039370079
11
0.5556401574803149
21
0.4641164960629921
0
LINE
8
BLACK
6
CONTINUOUS
10
0.5556401574803149
20
0.4641164960629921
11
0.5555834251968503
21
0.4646925590551181
0
LINE
8
BLACK
6
CONTINUOUS
10
0.5555834251968503
20
0.4646925590551181
11
0.5555834251968503
21
0.4684420866141732
0
LINE
8
BLACK
6
CONTINUOUS
10
0.5555834251968503
20
0.4684420866141732
11
0.5556401574803149
21
0.4690181496062992
0
LINE
8
BLACK
6
CONTINUOUS
10
0.5556401574803149
20
0.4690181496062992
11
0.555680748031496
21
0.4691161811023622
0
LINE
8
BLACK
6
CONTINUOUS
10
0.555680748031496
20
0.4691161811023622
11
0.5556882677165355
21
0.469221968503937
0
LINE
8
BLACK
6
CONTINUOUS
10
0.5556882677165355
20
0.469221968503937
11
0.5558951574803149
21
0.4697625984251969
0
LINE
8
BLACK
6
CONTINUOUS
10
0.5558951574803149
20
0.4697625984251969
11
0.5577699212598425
21
0.473512125984252
0
LINE
8
BLACK
6
CONTINUOUS
10
0.5577699212598425
20
0.473512125984252
11
0.5579259842519685
21
0.473760157480315
0
LINE
8
BLACK
6
CONTINUOUS
10
0.5579259842519685
20
0.473760157480315
11
0.5579558267716536
21
0.4738320866141732
0
LINE
8
BLACK
6
CONTINUOUS
10
0.5579558267716536
20
0.4738320866141732
11
0.5580222834645669
21
0.4739130708661417
0
LINE
8
BLACK
6
CONTINUOUS
10
0.5580222834645669
20
0.4739130708661417
11
0.5580782677165355
21
0.4740020078740158
0
LINE
8
BLACK
6
CONTINUOUS
10
0.5580782677165355
20
0.4740020078740158
11
0.5581372440944882
21
0.4740531889763779
0
LINE
8
BLACK
6
CONTINUOUS
10
0.5581372440944882
20
0.4740531889763779
11
0.558323031496063
21
0.4742795275590551
0
LINE
8
BLACK
6
CONTINUOUS
10
0.558323031496063
20
0.4742795275590551
11
0.5601977952755905
21
0.4761542913385827
0
LINE
8
BLACK
6
CONTINUOUS
10
0.5601977952755905
20
0.4761542913385827
11
0.5604241338582677
21
0.4763400787401575
0
LINE
8
BLACK
6
CONTINUOUS
10
0.5604241338582677
20
0.4763400787401575
11
0.5604753149606299
21
0.4763990551181102
0
LINE
8
BLACK
6
CONTINUOUS
10
0.5604753149606299
20
0.4763990551181102
11
0.5605642519685039
21
0.4764550393700787
0
LINE
8
BLACK
6
CONTINUOUS
10
0.5605642519685039
20
0.4764550393700787
11
0.5606452362204725
21
0.4765214960629921
0
LINE
8
BLACK
6
CONTINUOUS
10
0.5606452362204725
20
0.4765214960629921
11
0.5607171653543307
21
0.4765513385826772
0
LINE
8
BLACK
6
CONTINUOUS
10
0.5607171653543307
20
0.4765513385826772
11
0.5609651968503937
21
0.4767074015748031
0
LINE
8
BLACK
6
CONTINUOUS
10
0.5609651968503937
20
0.4767074015748031
11
0.5647147244094488
21
0.4785821653543307
0
LINE
8
BLACK
6
CONTINUOUS
10
0.5647147244094488
20
0.4785821653543307
11
0.5647568110236221
21
0.4785983070866142
0
LINE
8
BLACK
6
CONTINUOUS
10
0.5647568110236221
20
0.4785983070866142
11
0.5647739763779528
21
0.4786109842519685
0
LINE
8
BLACK
6
CONTINUOUS
10
0.5647739763779528
20
0.4786109842519685
11
0.5650155511811024
21
0.4786973228346457
0
LINE
8
BLACK
6
CONTINUOUS
10
0.5650155511811024
20
0.4786973228346457
11
0.5652553149606299
21
0.4787890551181102
0
LINE
8
BLACK
6
CONTINUOUS
10
0.5652553149606299
20
0.4787890551181102
11
0.5652765748031496
21
0.4787905905511811
0
LINE
8
BLACK
6
CONTINUOUS
10
0.5652765748031496
20
0.4787905905511811
11
0.565319094488189
21
0.4788057480314961
0
LINE
8
BLACK
6
CONTINUOUS
10
0.565319094488189
20
0.4788057480314961
11
0.5728181496062992
21
0.4806805118110236
0
LINE
8
BLACK
6
CONTINUOUS
10
0.5728181496062992
20
0.4806805118110236
11
0.5729179921259843
21
0.4806953149606299
0
LINE
8
BLACK
6
CONTINUOUS
10
0.5729179921259843
20
0.4806953149606299
11
0.5729582283464567
21
0.4807119291338582
0
LINE
8
BLACK
6
CONTINUOUS
10
0.5729582283464567
20
0.4807119291338582
11
0.5731752362204724
21
0.4807333070866142
0
LINE
8
BLACK
6
CONTINUOUS
10
0.5731752362204724
20
0.4807333070866142
11
0.573390748031496
21
0.480765157480315
0
LINE
8
BLACK
6
CONTINUOUS
10
0.573390748031496
20
0.480765157480315
11
0.5734337401574803
21
0.480758779527559
0
LINE
8
BLACK
6
CONTINUOUS
10
0.5734337401574803
20
0.480758779527559
11
0.5735342913385827
21
0.4807686614173228
0
LINE
8
BLACK
6
CONTINUOUS
10
0.5735342913385827
20
0.4807686614173228
11
0.5829081102362205
21
0.4807686614173228
0
LINE
8
BLACK
6
CONTINUOUS
10
0.5829081102362205
20
0.4807686614173228
11
0.5830086220472441
21
0.480758779527559
0
LINE
8
BLACK
6
CONTINUOUS
10
0.5670657874015748
20
0.4731551574803149
11
0.5640348031496063
21
0.4716396456692913
0
LINE
8
BLACK
6
CONTINUOUS
10
0.5640348031496063
20
0.4716396456692913
11
0.5628376771653543
21
0.4704425196850394
0
LINE
8
BLACK
6
CONTINUOUS
10
0.5628376771653543
20
0.4704425196850394
11
0.5614889370078741
21
0.4677450393700787
0
LINE
8
BLACK
6
CONTINUOUS
10
0.5614889370078741
20
0.4677450393700787
11
0.5614889370078741
21
0.4653896062992126
0
LINE
8
BLACK
6
CONTINUOUS
10
0.5614889370078741
20
0.4653896062992126
11
0.5628376771653543
21
0.462692125984252
0
LINE
8
BLACK
6
CONTINUOUS
10
0.5628376771653543
20
0.462692125984252
11
0.5640348031496063
21
0.461495
0
LINE
8
BLACK
6
CONTINUOUS
10
0.5640348031496063
20
0.461495
11
0.5670657874015748
21
0.4599795275590551
0
LINE
8
BLACK
6
CONTINUOUS
10
0.5670657874015748
20
0.4599795275590551
11
0.5738978346456692
21
0.4582714960629921
0
LINE
8
BLACK
6
CONTINUOUS
10
0.5738978346456692
20
0.4582714960629921
11
0.5825445669291338
21
0.4582714960629921
0
LINE
8
BLACK
6
CONTINUOUS
10
0.5825445669291338
20
0.4582714960629921
11
0.5893766141732283
21
0.4599795275590551
0
LINE
8
BLACK
6
CONTINUOUS
10
0.5893766141732283
20
0.4599795275590551
11
0.5924075984251969
21
0.4614950393700787
0
LINE
8
BLACK
6
CONTINUOUS
10
0.5924075984251969
20
0.4614950393700787
11
0.5936047637795275
21
0.4626921653543307
0
LINE
8
BLACK
6
CONTINUOUS
10
0.5936047637795275
20
0.4626921653543307
11
0.5949535039370079
21
0.4653896062992126
0
LINE
8
BLACK
6
CONTINUOUS
10
0.5949535039370079
20
0.4653896062992126
11
0.5949535039370079
21
0.4677450393700787
0
LINE
8
BLACK
6
CONTINUOUS
10
0.5949535039370079
20
0.4677450393700787
11
0.5936047637795275
21
0.4704425196850394
0
LINE
8
BLACK
6
CONTINUOUS
10
0.5936047637795275
20
0.4704425196850394
11
0.5924075984251969
21
0.4716396456692913
0
LINE
8
BLACK
6
CONTINUOUS
10
0.5924075984251969
20
0.4716396456692913
11
0.5893766141732283
21
0.4731551574803149
0
LINE
8
BLACK
6
CONTINUOUS
10
0.5893766141732283
20
0.4731551574803149
11
0.5825445669291338
21
0.4748631496062992
0
LINE
8
BLACK
6
CONTINUOUS
10
0.5825445669291338
20
0.4748631496062992
11
0.5738978346456692
21
0.4748631496062992
0
LINE
8
BLACK
6
CONTINUOUS
10
0.5738978346456692
20
0.4748631496062992
11
0.5670657874015748
21
0.4731551574803149
0
LINE
8
BLACK
6
CONTINUOUS
10
0.4611762992125984
20
0.4775394488188976
11
0.4613399606299213
21
0.4767166929133858
0
LINE
8
BLACK
6
CONTINUOUS
10
0.4613399606299213
20
0.4767166929133858
11
0.4613399606299213
21
0.4692595669291338
0
LINE
8
BLACK
6
CONTINUOUS
10
0.4613399606299213
20
0.4692595669291338
11
0.465278937007874
21
0.4727061417322835
0
LINE
8
BLACK
6
CONTINUOUS
10
0.465278937007874
20
0.4727061417322835
11
0.4658087401574803
21
0.4730112598425197
0
LINE
8
BLACK
6
CONTINUOUS
10
0.4658087401574803
20
0.4730112598425197
11
0.465871968503937
21
0.4730744488188977
0
LINE
8
BLACK
6
CONTINUOUS
10
0.465871968503937
20
0.4730744488188977
11
0.4659185433070866
21
0.4730744488188977
0
LINE
8
BLACK
6
CONTINUOUS
10
0.4659185433070866
20
0.4730744488188977
11
0.466005905511811
21
0.4731247637795276
0
LINE
8
BLACK
6
CONTINUOUS
10
0.466005905511811
20
0.4731247637795276
11
0.4667607086614173
21
0.4730744488188977
0
LINE
8
BLACK
6
CONTINUOUS
10
0.4667607086614173
20
0.4730744488188977
11
0.4675174803149606
21
0.4730744488188977
0
LINE
8
BLACK
6
CONTINUOUS
10
0.4675174803149606
20
0.4730744488188977
11
0.4675714960629921
21
0.4730204330708661
0
LINE
8
BLACK
6
CONTINUOUS
10
0.4675714960629921
20
0.4730204330708661
11
0.4676477952755905
21
0.4730153149606299
0
LINE
8
BLACK
6
CONTINUOUS
10
0.4676477952755905
20
0.4730153149606299
11
0.4681460236220472
21
0.472445905511811
0
LINE
8
BLACK
6
CONTINUOUS
10
0.4681460236220472
20
0.472445905511811
11
0.468681062992126
21
0.4719108661417323
0
LINE
8
BLACK
6
CONTINUOUS
10
0.468681062992126
20
0.4719108661417323
11
0.4687007086614173
21
0.471811968503937
0
LINE
8
BLACK
6
CONTINUOUS
10
0.4687007086614173
20
0.471811968503937
11
0.4687313779527559
21
0.4717769291338583
0
LINE
8
BLACK
6
CONTINUOUS
10
0.4687313779527559
20
0.4717769291338583
11
0.4687254330708661
21
0.4716877952755905
0
LINE
8
BLACK
6
CONTINUOUS
10
0.4687254330708661
20
0.4716877952755905
11
0.4688447244094488
21
0.4710881102362204
0
LINE
8
BLACK
6
CONTINUOUS
10
0.4688447244094488
20
0.4710881102362204
11
0.4688447244094488
21
0.4687813779527559
0
LINE
8
BLACK
6
CONTINUOUS
10
0.4688447244094488
20
0.4687813779527559
11
0.4693998031496063
21
0.4676712204724409
0
LINE
8
BLACK
6
CONTINUOUS
10
0.4693998031496063
20
0.4676712204724409
11
0.4698444488188976
21
0.4672265748031496
0
LINE
8
BLACK
6
CONTINUOUS
10
0.4698444488188976
20
0.4672265748031496
11
0.47095468503937
21
0.4666714566929134
0
LINE
8
BLACK
6
CONTINUOUS
10
0.47095468503937
20
0.4666714566929134
11
0.4746300393700787
21
0.4666714566929134
0
LINE
8
BLACK
6
CONTINUOUS
10
0.4746300393700787
20
0.4666714566929134
11
0.4757402362204725
21
0.4672265748031496
0
LINE
8
BLACK
6
CONTINUOUS
10
0.4757402362204725
20
0.4672265748031496
11
0.476184842519685
21
0.4676711811023622
0
LINE
8
BLACK
6
CONTINUOUS
10
0.476184842519685
20
0.4676711811023622
11
0.4767399606299212
21
0.4687813779527559
0
LINE
8
BLACK
6
CONTINUOUS
10
0.4767399606299212
20
0.4687813779527559
11
0.4767399606299212
21
0.4733948818897638
0
LINE
8
BLACK
6
CONTINUOUS
10
0.4767399606299212
20
0.4733948818897638
11
0.476184842519685
21
0.4745050787401575
0
LINE
8
BLACK
6
CONTINUOUS
10
0.476184842519685
20
0.4745050787401575
11
0.4754935039370078
21
0.4751964173228346
0
LINE
8
BLACK
6
CONTINUOUS
10
0.4754935039370078
20
0.4751964173228346
11
0.4750274409448819
21
0.4758938976377953
0
LINE
8
BLACK
6
CONTINUOUS
10
0.4750274409448819
20
0.4758938976377953
11
0.4750274409448819
21
0.4775394881889763
0
LINE
8
BLACK
6
CONTINUOUS
10
0.4750274409448819
20
0.4775394881889763
11
0.4761909842519685
21
0.478703031496063
0
LINE
8
BLACK
6
CONTINUOUS
10
0.4761909842519685
20
0.478703031496063
11
0.4778365748031496
21
0.478703031496063
0
LINE
8
BLACK
6
CONTINUOUS
10
0.4778365748031496
20
0.478703031496063
11
0.4785340551181102
21
0.478236968503937
0
LINE
8
BLACK
6
CONTINUOUS
10
0.4785340551181102
20
0.478236968503937
11
0.4794721653543307
21
0.4772988582677165
0
LINE
8
BLACK
6
CONTINUOUS
10
0.4794721653543307
20
0.4772988582677165
11
0.4796635039370079
21
0.4770124803149606
0
LINE
8
BLACK
6
CONTINUOUS
10
0.4796635039370079
20
0.4770124803149606
11
0.4798749212598425
21
0.4767400787401574
0
LINE
8
BLACK
6
CONTINUOUS
10
0.4798749212598425
20
0.4767400787401574
11
0.4808129921259842
21
0.4748638976377952
0
LINE
8
BLACK
6
CONTINUOUS
10
0.4808129921259842
20
0.4748638976377952
11
0.4808414173228346
21
0.4747600393700787
0
LINE
8
BLACK
6
CONTINUOUS
10
0.4808414173228346
20
0.4747600393700787
11
0.4808762992125984
21
0.474725157480315
0
LINE
8
BLACK
6
CONTINUOUS
10
0.4808762992125984
20
0.474725157480315
11
0.4809434645669291
21
0.4743874015748031
0
LINE
8
BLACK
6
CONTINUOUS
10
0.4809434645669291
20
0.4743874015748031
11
0.4810345669291338
21
0.4740548031496063
0
LINE
8
BLACK
6
CONTINUOUS
10
0.4810345669291338
20
0.4740548031496063
11
0.481018937007874
21
0.4740079921259843
0
LINE
8
BLACK
6
CONTINUOUS
10
0.481018937007874
20
0.4740079921259843
11
0.4810399606299213
21
0.4739024015748031
0
LINE
8
BLACK
6
CONTINUOUS
10
0.4810399606299213
20
0.4739024015748031
11
0.4810399606299213
21
0.4682738188976378
0
LINE
8
BLACK
6
CONTINUOUS
10
0.4810399606299213
20
0.4682738188976378
11
0.481018937007874
21
0.4681682677165354
0
LINE
8
BLACK
6
CONTINUOUS
10
0.481018937007874
20
0.4681682677165354
11
0.4810345669291338
21
0.4681214173228346
0
LINE
8
BLACK
6
CONTINUOUS
10
0.4810345669291338
20
0.4681214173228346
11
0.4809434645669291
21
0.4677888582677165
0
LINE
8
BLACK
6
CONTINUOUS
10
0.4809434645669291
20
0.4677888582677165
11
0.4808762992125984
21
0.467451062992126
0
LINE
8
BLACK
6
CONTINUOUS
10
0.4808762992125984
20
0.467451062992126
11
0.4808414173228346
21
0.4674162204724409
0
LINE
8
BLACK
6
CONTINUOUS
10
0.4808414173228346
20
0.4674162204724409
11
0.4808129921259842
21
0.4673123228346456
0
LINE
8
BLACK
6
CONTINUOUS
10
0.4808129921259842
20
0.4673123228346456
11
0.4798749212598425
21
0.4654361417322835
0
LINE
8
BLACK
6
CONTINUOUS
10
0.4798749212598425
20
0.4654361417322835
11
0.4796635039370079
21
0.4651637795275591
0
LINE
8
BLACK
6
CONTINUOUS
10
0.4796635039370079
20
0.4651637795275591
11
0.4794721653543307
21
0.4648773622047244
0
LINE
8
BLACK
6
CONTINUOUS
10
0.4794721653543307
20
0.4648773622047244
11
0.4785340551181102
21
0.4639392519685039
0
LINE
8
BLACK
6
CONTINUOUS
10
0.4785340551181102
20
0.4639392519685039
11
0.4782475196850394
21
0.4637478346456693
0
LINE
8
BLACK
6
CONTINUOUS
10
0.4782475196850394
20
0.4637478346456693
11
0.4779752755905512
21
0.4635364960629921
0
LINE
8
BLACK
6
CONTINUOUS
10
0.4779752755905512
20
0.4635364960629921
11
0.476099094488189
21
0.4625984251968504
0
LINE
8
BLACK
6
CONTINUOUS
10
0.476099094488189
20
0.4625984251968504
11
0.4759951968503937
21
0.46257
0
LINE
8
BLACK
6
CONTINUOUS
10
0.4759951968503937
20
0.46257
11
0.4759603543307087
21
0.4625351181102362
0
LINE
8
BLACK
6
CONTINUOUS
10
0.4759603543307087
20
0.4625351181102362
11
0.4756222440944882
21
0.462467874015748
0
LINE
8
BLACK
6
CONTINUOUS
10
0.4756222440944882
20
0.462467874015748
11
0.47529
21
0.4623768897637795
0
LINE
8
BLACK
6
CONTINUOUS
10
0.47529
20
0.4623768897637795
11
0.4752432283464567
21
0.4623924803149606
0
LINE
8
BLACK
6
CONTINUOUS
10
0.4752432283464567
20
0.4623924803149606
11
0.4751375984251968
21
0.4623714566929134
0
LINE
8
BLACK
6
CONTINUOUS
10
0.4751375984251968
20
0.4623714566929134
11
0.470447125984252
21
0.4623714566929134
0
LINE
8
BLACK
6
CONTINUOUS
10
0.470447125984252
20
0.4623714566929134
11
0.4703415354330708
21
0.4623924803149606
0
LINE
8
BLACK
6
CONTINUOUS
10
0.4703415354330708
20
0.4623924803149606
11
0.4702947637795276
21
0.4623768503937008
0
LINE
8
BLACK
6
CONTINUOUS
10
0.4702947637795276
20
0.4623768503937008
11
0.4699622834645669
21
0.4624679133858268
0
LINE
8
BLACK
6
CONTINUOUS
10
0.4699622834645669
20
0.4624679133858268
11
0.4696243700787401
21
0.4625351181102362
0
LINE
8
BLACK
6
CONTINUOUS
10
0.4696243700787401
20
0.4625351181102362
11
0.4695894881889764
21
0.46257
0
LINE
8
BLACK
6
CONTINUOUS
10
0.4695894881889764
20
0.46257
11
0.4694856692913386
21
0.4625984251968504
0
LINE
8
BLACK
6
CONTINUOUS
10
0.4694856692913386
20
0.4625984251968504
11
0.4676094094488189
21
0.4635364960629921
0
LINE
8
BLACK
6
CONTINUOUS
10
0.4676094094488189
20
0.4635364960629921
11
0.467337125984252
21
0.4637478346456693
0
LINE
8
BLACK
6
CONTINUOUS
10
0.467337125984252
20
0.4637478346456693
11
0.4670505905511811
21
0.4639392913385827
0
LINE
8
BLACK
6
CONTINUOUS
10
0.4670505905511811
20
0.4639392913385827
11
0.4661125196850394
21
0.4648774015748031
0
LINE
8
BLACK
6
CONTINUOUS
10
0.4661125196850394
20
0.4648774015748031
11
0.4659212204724409
21
0.4651637401574803
0
LINE
8
BLACK
6
CONTINUOUS
10
0.4659212204724409
20
0.4651637401574803
11
0.4657098031496063
21
0.4654361023622047
0
LINE
8
BLACK
6
CONTINUOUS
10
0.4657098031496063
20
0.4654361023622047
11
0.4650373228346457
21
0.466781062992126
0
LINE
8
BLACK
6
CONTINUOUS
10
0.4650373228346457
20
0.466781062992126
11
0.4606057480314961
21
0.4629034251968504
0
LINE
8
BLACK
6
CONTINUOUS
10
0.4606057480314961
20
0.4629034251968504
11
0.460075905511811
21
0.4625983464566929
0
LINE
8
BLACK
6
CONTINUOUS
10
0.460075905511811
20
0.4625983464566929
11
0.4600127165354331
21
0.4625351181102362
0
LINE
8
BLACK
6
CONTINUOUS
10
0.4600127165354331
20
0.4625351181102362
11
0.4599661417322835
21
0.4625351181102362
0
LINE
8
BLACK
6
CONTINUOUS
10
0.4599661417322835
20
0.4625351181102362
11
0.4598787795275591
21
0.4624848031496063
0
LINE
8
BLACK
6
CONTINUOUS
10
0.4598787795275591
20
0.4624848031496063
11
0.4591239763779528
21
0.4625351181102362
0
LINE
8
BLACK
6
CONTINUOUS
10
0.4591239763779528
20
0.4625351181102362
11
0.4583672047244094
21
0.4625351181102362
0
LINE
8
BLACK
6
CONTINUOUS
10
0.4583672047244094
20
0.4625351181102362
11
0.4583131496062992
21
0.4625891732283465
0
LINE
8
BLACK
6
CONTINUOUS
10
0.4583131496062992
20
0.4625891732283465
11
0.4582368897637795
21
0.4625942519685039
0
LINE
8
BLACK
6
CONTINUOUS
10
0.4582368897637795
20
0.4625942519685039
11
0.4577386220472441
21
0.4631637007874015
0
LINE
8
BLACK
6
CONTINUOUS
10
0.4577386220472441
20
0.4631637007874015
11
0.4572036220472441
21
0.4636987007874016
0
LINE
8
BLACK
6
CONTINUOUS
10
0.4572036220472441
20
0.4636987007874016
11
0.457183937007874
21
0.4637976377952756
0
LINE
8
BLACK
6
CONTINUOUS
10
0.457183937007874
20
0.4637976377952756
11
0.4571533070866142
21
0.4638326377952756
0
LINE
8
BLACK
6
CONTINUOUS
10
0.4571533070866142
20
0.4638326377952756
11
0.4571592125984252
21
0.463921811023622
0
LINE
8
BLACK
6
CONTINUOUS
10
0.4571592125984252
20
0.463921811023622
11
0.4570399606299212
21
0.4645214566929134
0
LINE
8
BLACK
6
CONTINUOUS
10
0.4570399606299212
20
0.4645214566929134
11
0.4570399606299212
21
0.4767166929133858
0
LINE
8
BLACK
6
CONTINUOUS
10
0.4570399606299212
20
0.4767166929133858
11
0.4572036220472441
21
0.4775394488188976
0
LINE
8
BLACK
6
CONTINUOUS
10
0.4572036220472441
20
0.4775394488188976
11
0.4583672047244094
21
0.478703031496063
0
LINE
8
BLACK
6
CONTINUOUS
10
0.4583672047244094
20
0.478703031496063
11
0.4600127165354331
21
0.478703031496063
0
LINE
8
BLACK
6
CONTINUOUS
10
0.4600127165354331
20
0.478703031496063
11
0.4611762992125984
21
0.4775394488188976
0
LINE
8
BLACK
6
CONTINUOUS
10
0.4707055511811024
20
0.4975772047244094
11
0.4709685826771653
21
0.4975643700787402
0
LINE
8
BLACK
6
CONTINUOUS
10
0.4709685826771653
20
0.4975643700787402
11
0.4747209448818898
21
0.4966262992125984
0
LINE
8
BLACK
6
CONTINUOUS
10
0.4747209448818898
20
0.4966262992125984
11
0.4749338976377953
21
0.4965257086614173
0
LINE
8
BLACK
6
CONTINUOUS
10
0.4749338976377953
20
0.4965257086614173
11
0.4751609842519685
21
0.4964635039370079
0
LINE
8
BLACK
6
CONTINUOUS
10
0.4751609842519685
20
0.4964635039370079
11
0.4770371653543307
21
0.4955254330708661
0
LINE
8
BLACK
6
CONTINUOUS
10
0.4770371653543307
20
0.4955254330708661
11
0.4773092913385827
21
0.4953142519685039
0
LINE
8
BLACK
6
CONTINUOUS
10
0.4773092913385827
20
0.4953142519685039
11
0.4775959448818898
21
0.495122716535433
0
LINE
8
BLACK
6
CONTINUOUS
10
0.4775959448818898
20
0.495122716535433
11
0.4794721653543307
21
0.4932465354330708
0
LINE
8
BLACK
6
CONTINUOUS
10
0.4794721653543307
20
0.4932465354330708
11
0.4795320078740157
21
0.493156968503937
0
LINE
8
BLACK
6
CONTINUOUS
10
0.4795320078740157
20
0.493156968503937
11
0.4795761417322835
21
0.4931348818897638
0
LINE
8
BLACK
6
CONTINUOUS
10
0.4795761417322835
20
0.4931348818897638
11
0.4797467322834645
21
0.4928355905511811
0
LINE
8
BLACK
6
CONTINUOUS
10
0.4797467322834645
20
0.4928355905511811
11
0.4799382283464567
21
0.4925490157480315
0
LINE
8
BLACK
6
CONTINUOUS
10
0.4799382283464567
20
0.4925490157480315
11
0.4799382283464567
21
0.4924997244094488
0
LINE
8
BLACK
6
CONTINUOUS
10
0.4799382283464567
20
0.4924997244094488
11
0.4799915748031496
21
0.4924061023622047
0
LINE
8
BLACK
6
CONTINUOUS
10
0.4799915748031496
20
0.4924061023622047
11
0.4809296456692913
21
0.489591811023622
0
LINE
8
BLACK
6
CONTINUOUS
10
0.4809296456692913
20
0.489591811023622
11
0.4809727165354331
21
0.4892499212598425
0
LINE
8
BLACK
6
CONTINUOUS
10
0.4809727165354331
20
0.4892499212598425
11
0.4810399606299213
21
0.4889119291338583
0
LINE
8
BLACK
6
CONTINUOUS
10
0.4810399606299213
20
0.4889119291338583
11
0.4810399606299213
21
0.4870357086614173
0
LINE
8
BLACK
6
CONTINUOUS
10
0.4810399606299213
20
0.4870357086614173
11
0.4809727559055118
21
0.4866979527559055
0
LINE
8
BLACK
6
CONTINUOUS
10
0.4809727559055118
20
0.4866979527559055
11
0.4809296456692913
21
0.4863558267716535
0
LINE
8
BLACK
6
CONTINUOUS
10
0.4809296456692913
20
0.4863558267716535
11
0.4799915748031496
21
0.4835415748031496
0
LINE
8
BLACK
6
CONTINUOUS
10
0.4799915748031496
20
0.4835415748031496
11
0.4799382283464567
21
0.4834479921259842
0
LINE
8
BLACK
6
CONTINUOUS
10
0.4799382283464567
20
0.4834479921259842
11
0.4799382283464567
21
0.4833987007874015
0
LINE
8
BLACK
6
CONTINUOUS
10
0.4799382283464567
20
0.4833987007874015
11
0.4797468897637795
21
0.4831124015748031
0
LINE
8
BLACK
6
CONTINUOUS
10
0.4797468897637795
20
0.4831124015748031
11
0.4795761417322835
21
0.4828127952755906
0
LINE
8
BLACK
6
CONTINUOUS
10
0.4795761417322835
20
0.4828127952755906
11
0.479531968503937
21
0.4827907480314961
0
LINE
8
BLACK
6
CONTINUOUS
10
0.479531968503937
20
0.4827907480314961
11
0.4794721653543307
21
0.4827011811023622
0
LINE
8
BLACK
6
CONTINUOUS
10
0.4794721653543307
20
0.4827011811023622
11
0.4785340551181102
21
0.4817630708661417
0
LINE
8
BLACK
6
CONTINUOUS
10
0.4785340551181102
20
0.4817630708661417
11
0.4778365748031496
21
0.4812970078740157
0
LINE
8
BLACK
6
CONTINUOUS
10
0.4778365748031496
20
0.4812970078740157
11
0.4761909842519685
21
0.4812970078740157
0
LINE
8
BLACK
6
CONTINUOUS
10
0.4761909842519685
20
0.4812970078740157
11
0.4750274409448819
21
0.4824605511811024
0
LINE
8
BLACK
6
CONTINUOUS
10
0.4750274409448819
20
0.4824605511811024
11
0.4750274409448819
21
0.4841061417322834
0
LINE
8
BLACK
6
CONTINUOUS
10
0.4750274409448819
20
0.4841061417322834
11
0.4754935039370078
21
0.4848036220472441
0
LINE
8
BLACK
6
CONTINUOUS
10
0.4754935039370078
20
0.4848036220472441
11
0.4760726771653543
21
0.4853828346456693
0
LINE
8
BLACK
6
CONTINUOUS
10
0.4760726771653543
20
0.4853828346456693
11
0.4767399606299212
21
0.4873846456692913
0
LINE
8
BLACK
6
CONTINUOUS
10
0.4767399606299212
20
0.4873846456692913
11
0.4767399606299212
21
0.4885630708661417
0
LINE
8
BLACK
6
CONTINUOUS
10
0.4767399606299212
20
0.4885630708661417
11
0.4760726771653543
21
0.4905648818897638
0
LINE
8
BLACK
6
CONTINUOUS
10
0.4760726771653543
20
0.4905648818897638
11
0.4748020472440945
21
0.4918354330708661
0
LINE
8
BLACK
6
CONTINUOUS
10
0.4748020472440945
20
0.4918354330708661
11
0.4734490157480315
21
0.492511968503937
0
LINE
8
BLACK
6
CONTINUOUS
10
0.4734490157480315
20
0.492511968503937
11
0.4701825196850394
21
0.4933285826771653
0
LINE
8
BLACK
6
CONTINUOUS
10
0.4701825196850394
20
0.4933285826771653
11
0.4678975984251968
21
0.4933285826771653
0
LINE
8
BLACK
6
CONTINUOUS
10
0.4678975984251968
20
0.4933285826771653
11
0.464630905511811
21
0.492511968503937
0
LINE
8
BLACK
6
CONTINUOUS
10
0.464630905511811
20
0.492511968503937
11
0.4632777559055118
21
0.4918353937007874
0
LINE
8
BLACK
6
CONTINUOUS
10
0.4632777559055118
20
0.4918353937007874
11
0.4620072440944882
21
0.4905648818897638
0
LINE
8
BLACK
6
CONTINUOUS
10
0.4620072440944882
20
0.4905648818897638
11
0.4613399606299213
21
0.4885629921259843
0
LINE
8
BLACK
6
CONTINUOUS
10
0.4613399606299213
20
0.4885629921259843
11
0.4613399606299213
21
0.4873846062992126
0
LINE
8
BLACK
6
CONTINUOUS
10
0.4613399606299213
20
0.4873846062992126
11
0.4620072047244094
21
0.485382874015748
0
LINE
8
BLACK
6
CONTINUOUS
10
0.4620072047244094
20
0.485382874015748
11
0.4625864566929134
21
0.4848035826771653
0
LINE
8
BLACK
6
CONTINUOUS
10
0.4625864566929134
20
0.4848035826771653
11
0.4630524803149606
21
0.4841061023622047
0
LINE
8
BLACK
6
CONTINUOUS
10
0.4630524803149606
20
0.4841061023622047
11
0.4630524409448819
21
0.4824605511811024
0
LINE
8
BLACK
6
CONTINUOUS
10
0.4630524409448819
20
0.4824605511811024
11
0.4618888582677165
21
0.4812970078740157
0
LINE
8
BLACK
6
CONTINUOUS
10
0.4618888582677165
20
0.4812970078740157
11
0.4602433070866142
21
0.4812970472440945
0
LINE
8
BLACK
6
CONTINUOUS
10
0.4602433070866142
20
0.4812970472440945
11
0.4595458267716535
21
0.4817631102362205
0
LINE
8
BLACK
6
CONTINUOUS
10
0.4595458267716535
20
0.4817631102362205
11
0.4586077559055118
21
0.482701220472441
0
LINE
8
BLACK
6
CONTINUOUS
10
0.4586077559055118
20
0.482701220472441
11
0.4585479527559055
21
0.4827907086614173
0
LINE
8
BLACK
6
CONTINUOUS
10
0.4585479527559055
20
0.4827907086614173
11
0.4585038582677165
21
0.4828127559055118
0
LINE
8
BLACK
6
CONTINUOUS
10
0.4585038582677165
20
0.4828127559055118
11
0.4583330708661417
21
0.4831123228346457
0
LINE
8
BLACK
6
CONTINUOUS
10
0.4583330708661417
20
0.4831123228346457
11
0.4581417322834646
21
0.4833987401574803
0
LINE
8
BLACK
6
CONTINUOUS
10
0.4581417322834646
20
0.4833987401574803
11
0.4581417322834646
21
0.483448031496063
0
LINE
8
BLACK
6
CONTINUOUS
10
0.4581417322834646
20
0.483448031496063
11
0.4580884251968504
21
0.4835415354330709
0
LINE
8
BLACK
6
CONTINUOUS
10
0.4580884251968504
20
0.4835415354330709
11
0.4571503149606299
21
0.4863557874015748
0
LINE
8
BLACK
6
CONTINUOUS
10
0.4571503149606299
20
0.4863557874015748
11
0.4571072047244095
21
0.4866975196850394
0
LINE
8
BLACK
6
CONTINUOUS
10
0.4571072047244095
20
0.4866975196850394
11
0.4570399606299212
21
0.4870357086614173
0
LINE
8
BLACK
6
CONTINUOUS
10
0.4570399606299212
20
0.4870357086614173
11
0.4570399606299212
21
0.4889119291338583
0
LINE
8
BLACK
6
CONTINUOUS
10
0.4570399606299212
20
0.4889119291338583
11
0.4571071653543307
21
0.4892499212598425
0
LINE
8
BLACK
6
CONTINUOUS
10
0.4571071653543307
20
0.4892499212598425
11
0.4571502755905512
21
0.489591811023622
0
LINE
8
BLACK
6
CONTINUOUS
10
0.4571502755905512
20
0.489591811023622
11
0.4580884251968504
21
0.4924061417322835
0
LINE
8
BLACK
6
CONTINUOUS
10
0.4580884251968504
20
0.4924061417322835
11
0.4581417322834646
21
0.4924996850393701
0
LINE
8
BLACK
6
CONTINUOUS
10
0.4581417322834646
20
0.4924996850393701
11
0.4581417322834646
21
0.4925490157480315
0
LINE
8
BLACK
6
CONTINUOUS
10
0.4581417322834646
20
0.4925490157480315
11
0.4583332283464567
21
0.4928356299212598
0
LINE
8
BLACK
6
CONTINUOUS
10
0.4583332283464567
20
0.4928356299212598
11
0.4585038582677165
21
0.4931349212598425
0
LINE
8
BLACK
6
CONTINUOUS
10
0.4585038582677165
20
0.4931349212598425
11
0.4585479527559055
21
0.4931570078740157
0
LINE
8
BLACK
6
CONTINUOUS
10
0.4585479527559055
20
0.4931570078740157
11
0.4586077952755905
21
0.4932464960629921
0
LINE
8
BLACK
6
CONTINUOUS
10
0.4586077952755905
20
0.4932464960629921
11
0.4604839763779527
21
0.4951226771653543
0
LINE
8
BLACK
6
CONTINUOUS
10
0.4604839763779527
20
0.4951226771653543
11
0.4607704724409449
21
0.4953141338582677
0
LINE
8
BLACK
6
CONTINUOUS
10
0.4607704724409449
20
0.4953141338582677
11
0.4610427559055118
21
0.4955254330708661
0
LINE
8
BLACK
6
CONTINUOUS
10
0.4610427559055118
20
0.4955254330708661
11
0.462918937007874
21
0.4964635039370079
0
LINE
8
BLACK
6
CONTINUOUS
10
0.462918937007874
20
0.4964635039370079
11
0.4631461417322835
21
0.4965257480314961
0
LINE
8
BLACK
6
CONTINUOUS
10
0.4631461417322835
20
0.4965257480314961
11
0.4633589763779528
21
0.4966262598425197
0
LINE
8
BLACK
6
CONTINUOUS
10
0.4633589763779528
20
0.4966262598425197
11
0.4671113779527559
21
0.4975643700787402
0
LINE
8
BLACK
6
CONTINUOUS
10
0.4671113779527559
20
0.4975643700787402
11
0.4673743700787402
21
0.4975772047244094
0
LINE
8
BLACK
6
CONTINUOUS
10
0.4673743700787402
20
0.4975772047244094
11
0.4676328346456693
21
0.4976285826771654
0
LINE
8
BLACK
6
CONTINUOUS
10
0.4676328346456693
20
0.4976285826771654
11
0.470447125984252
21
0.4976285826771654
0
LINE
8
BLACK
6
CONTINUOUS
10
0.470447125984252
20
0.4976285826771654
11
0.4707055511811024
21
0.4975772047244094
0
LINE
8
BLACK
6
CONTINUOUS
10
0.5261338582677165
20
0.5138764960629921
11
0.5261768897637795
21
0.5138828740157481
0
LINE
8
BLACK
6
CONTINUOUS
10
0.5261768897637795
20
0.5138828740157481
11
0.5263923622047244
21
0.5138510236220473
0
LINE
8
BLACK
6
CONTINUOUS
10
0.5263923622047244
20
0.5138510236220473
11
0.5266094094488188
21
0.5138296456692913
0
LINE
8
BLACK
6
CONTINUOUS
10
0.5266094094488188
20
0.5138296456692913
11
0.5266496062992125
21
0.5138130314960629
0
LINE
8
BLACK
6
CONTINUOUS
10
0.5266496062992125
20
0.5138130314960629
11
0.5267494881889764
21
0.5137982283464567
0
LINE
8
BLACK
6
CONTINUOUS
10
0.5267494881889764
20
0.5137982283464567
11
0.5342485433070866
21
0.5119234645669292
0
LINE
8
BLACK
6
CONTINUOUS
10
0.5342485433070866
20
0.5119234645669292
11
0.5342910236220473
21
0.5119083070866142
0
LINE
8
BLACK
6
CONTINUOUS
10
0.5342910236220473
20
0.5119083070866142
11
0.5343122834645669
21
0.5119067716535433
0
LINE
8
BLACK
6
CONTINUOUS
10
0.5343122834645669
20
0.5119067716535433
11
0.5345516929133858
21
0.5118151574803149
0
LINE
8
BLACK
6
CONTINUOUS
10
0.5345516929133858
20
0.5118151574803149
11
0.5347936614173229
21
0.5117287007874015
0
LINE
8
BLACK
6
CONTINUOUS
10
0.5347936614173229
20
0.5117287007874015
11
0.5348107874015748
21
0.5117160236220473
0
LINE
8
BLACK
6
CONTINUOUS
10
0.5348107874015748
20
0.5117160236220473
11
0.5348529133858267
21
0.5116998818897638
0
LINE
8
BLACK
6
CONTINUOUS
10
0.5348529133858267
20
0.5116998818897638
11
0.5386024409448819
21
0.5098251181102362
0
LINE
8
BLACK
6
CONTINUOUS
10
0.5386024409448819
20
0.5098251181102362
11
0.53885031496063
21
0.509669094488189
0
LINE
8
BLACK
6
CONTINUOUS
10
0.53885031496063
20
0.509669094488189
11
0.5389223622047244
21
0.5096392519685039
0
LINE
8
BLACK
6
CONTINUOUS
10
0.5389223622047244
20
0.5096392519685039
11
0.5390033858267717
21
0.5095727559055118
0
LINE
8
BLACK
6
CONTINUOUS
10
0.5390033858267717
20
0.5095727559055118
11
0.5390923228346457
21
0.5095167716535433
0
LINE
8
BLACK
6
CONTINUOUS
10
0.5390923228346457
20
0.5095167716535433
11
0.5391434645669291
21
0.5094577952755905
0
LINE
8
BLACK
6
CONTINUOUS
10
0.5391434645669291
20
0.5094577952755905
11
0.539369842519685
21
0.5092720078740157
0
LINE
8
BLACK
6
CONTINUOUS
10
0.539369842519685
20
0.5092720078740157
11
0.5431194094488189
21
0.5055224803149606
0
LINE
8
BLACK
6
CONTINUOUS
10
0.5431194094488189
20
0.5055224803149606
11
0.5434866535433071
21
0.5050750393700787
0
LINE
8
BLACK
6
CONTINUOUS
10
0.5434866535433071
20
0.5050750393700787
11
0.5435272440944882
21
0.5049770078740158
0
LINE
8
BLACK
6
CONTINUOUS
10
0.5435272440944882
20
0.5049770078740158
11
0.5435967322834645
21
0.5048968897637796
0
LINE
8
BLACK
6
CONTINUOUS
10
0.5435967322834645
20
0.5048968897637796
11
0.5438327165354331
21
0.5043683070866142
0
LINE
8
BLACK
6
CONTINUOUS
10
0.5438327165354331
20
0.5043683070866142
11
0.5457074803149606
21
0.4987440551181102
0
LINE
8
BLACK
6
CONTINUOUS
10
0.5457074803149606
20
0.4987440551181102
11
0.5457724015748031
21
0.4984584251968504
0
LINE
8
BLACK
6
CONTINUOUS
10
0.5457724015748031
20
0.4984584251968504
11
0.5458022834645669
21
0.4983863385826772
0
LINE
8
BLACK
6
CONTINUOUS
10
0.5458022834645669
20
0.4983863385826772
11
0.5458125590551181
21
0.4982818897637795
0
LINE
8
BLACK
6
CONTINUOUS
10
0.5458125590551181
20
0.4982818897637795
11
0.5458358267716535
21
0.4981796062992126
0
LINE
8
BLACK
6
CONTINUOUS
10
0.5458358267716535
20
0.4981796062992126
11
0.5458302755905512
21
0.4981018897637795
0
LINE
8
BLACK
6
CONTINUOUS
10
0.5458302755905512
20
0.4981018897637795
11
0.5458590157480315
21
0.4978102755905512
0
LINE
8
BLACK
6
CONTINUOUS
10
0.5458590157480315
20
0.4978102755905512
11
0.5458590157480315
21
0.4940607480314961
0
LINE
8
BLACK
6
CONTINUOUS
10
0.5458590157480315
20
0.4940607480314961
11
0.5458302755905512
21
0.4937691732283465
0
LINE
8
BLACK
6
CONTINUOUS
10
0.5458302755905512
20
0.4937691732283465
11
0.5458358267716535
21
0.4936914173228346
0
LINE
8
BLACK
6
CONTINUOUS
10
0.5458358267716535
20
0.4936914173228346
11
0.5458125590551181
21
0.4935891732283464
0
LINE
8
BLACK
6
CONTINUOUS
10
0.5458125590551181
20
0.4935891732283464
11
0.5458022834645669
21
0.49348468503937
0
LINE
8
BLACK
6
CONTINUOUS
10
0.5458022834645669
20
0.49348468503937
11
0.5457724015748031
21
0.4934126377952756
0
LINE
8
BLACK
6
CONTINUOUS
10
0.5457724015748031
20
0.4934126377952756
11
0.5457074803149606
21
0.493126968503937
0
LINE
8
BLACK
6
CONTINUOUS
10
0.5457074803149606
20
0.493126968503937
11
0.5438327165354331
21
0.487502716535433
0
LINE
8
BLACK
6
CONTINUOUS
10
0.5438327165354331
20
0.487502716535433
11
0.5435967322834645
21
0.4869741338582677
0
LINE
8
BLACK
6
CONTINUOUS
10
0.5435967322834645
20
0.4869741338582677
11
0.5435271653543307
21
0.4868939763779527
0
LINE
8
BLACK
6
CONTINUOUS
10
0.5435271653543307
20
0.4868939763779527
11
0.5434866141732283
21
0.4867959842519685
0
LINE
8
BLACK
6
CONTINUOUS
10
0.5434866141732283
20
0.4867959842519685
11
0.5431193700787401
21
0.4863485039370078
0
LINE
8
BLACK
6
CONTINUOUS
10
0.5431193700787401
20
0.4863485039370078
11
0.5412445669291338
21
0.4844737401574803
0
LINE
8
BLACK
6
CONTINUOUS
10
0.5412445669291338
20
0.4844737401574803
11
0.540797125984252
21
0.4841065354330709
0
LINE
8
BLACK
6
CONTINUOUS
10
0.540797125984252
20
0.4841065354330709
11
0.5397327165354331
21
0.4836656692913386
0
LINE
8
BLACK
6
CONTINUOUS
10
0.5397327165354331
20
0.4836656692913386
11
0.5385806299212599
21
0.4836656692913386
0
LINE
8
BLACK
6
CONTINUOUS
10
0.5385806299212599
20
0.4836656692913386
11
0.537516220472441
21
0.4841065748031496
0
LINE
8
BLACK
6
CONTINUOUS
10
0.537516220472441
20
0.4841065748031496
11
0.5367015354330709
21
0.4849212598425197
0
LINE
8
BLACK
6
CONTINUOUS
10
0.5367015354330709
20
0.4849212598425197
11
0.5362606692913385
21
0.4859856692913386
0
LINE
8
BLACK
6
CONTINUOUS
10
0.5362606692913385
20
0.4859856692913386
11
0.5362606692913385
21
0.4871377559055118
0
LINE
8
BLACK
6
CONTINUOUS
10
0.5362606692913385
20
0.4871377559055118
11
0.5367015748031496
21
0.4882021653543307
0
LINE
8
BLACK
6
CONTINUOUS
10
0.5367015748031496
20
0.4882021653543307
11
0.5370688188976378
21
0.4886496456692913
0
LINE
8
BLACK
6
CONTINUOUS
10
0.5370688188976378
20
0.4886496456692913
11
0.5384507086614173
21
0.4900315354330709
0
LINE
8
BLACK
6
CONTINUOUS
10
0.5384507086614173
20
0.4900315354330709
11
0.5399535039370079
21
0.4945398818897638
0
LINE
8
BLACK
6
CONTINUOUS
10
0.5399535039370079
20
0.4945398818897638
11
0.5399535039370079
21
0.4973311417322834
0
LINE
8
BLACK
6
CONTINUOUS
10
0.5399535039370079
20
0.4973311417322834
11
0.5384507086614173
21
0.5018395275590551
0
LINE
8
BLACK
6
CONTINUOUS
10
0.5384507086614173
20
0.5018395275590551
11
0.5355328346456693
21
0.5047573622047244
0
LINE
8
BLACK
6
CONTINUOUS
10
0.5355328346456693
20
0.5047573622047244
11
0.5325018503937008
21
0.5062728740157481
0
LINE
8
BLACK
6
CONTINUOUS
10
0.5325018503937008
20
0.5062728740157481
11
0.5256698031496063
21
0.5079808661417323
0
LINE
8
BLACK
6
CONTINUOUS
10
0.5256698031496063
20
0.5079808661417323
11
0.5207725984251969
21
0.5079808661417323
0
LINE
8
BLACK
6
CONTINUOUS
10
0.5207725984251969
20
0.5079808661417323
11
0.5139405511811024
21
0.5062728740157481
0
LINE
8
BLACK
6
CONTINUOUS
10
0.5139405511811024
20
0.5062728740157481
11
0.5109095669291338
21
0.5047573622047244
0
LINE
8
BLACK
6
CONTINUOUS
10
0.5109095669291338
20
0.5047573622047244
11
0.5079917322834645
21
0.5018395669291339
0
LINE
8
BLACK
6
CONTINUOUS
10
0.5079917322834645
20
0.5018395669291339
11
0.506488937007874
21
0.4973311417322834
0
LINE
8
BLACK
6
CONTINUOUS
10
0.506488937007874
20
0.4973311417322834
11
0.506488937007874
21
0.4945399212598425
0
LINE
8
BLACK
6
CONTINUOUS
10
0.506488937007874
20
0.4945399212598425
11
0.5079917322834645
21
0.4900314960629921
0
LINE
8
BLACK
6
CONTINUOUS
10
0.5079917322834645
20
0.4900314960629921
11
0.5093736220472441
21
0.4886496062992126
0
LINE
8
BLACK
6
CONTINUOUS
10
0.5093736220472441
20
0.4886496062992126
11
0.5097408267716536
21
0.4882021653543307
0
LINE
8
BLACK
6
CONTINUOUS
10
0.5097408267716536
20
0.4882021653543307
11
0.5101817322834645
21
0.4871377559055118
0
LINE
8
BLACK
6
CONTINUOUS
10
0.5101817322834645
20
0.4871377559055118
11
0.5101817322834645
21
0.4859856692913386
0
LINE
8
BLACK
6
CONTINUOUS
10
0.5101817322834645
20
0.4859856692913386
11
0.5097408267716536
21
0.4849212598425197
0
LINE
8
BLACK
6
CONTINUOUS
10
0.5097408267716536
20
0.4849212598425197
11
0.5089261417322835
21
0.4841065748031496
0
LINE
8
BLACK
6
CONTINUOUS
10
0.5089261417322835
20
0.4841065748031496
11
0.5078617322834645
21
0.4836656692913386
0
LINE
8
BLACK
6
CONTINUOUS
10
0.5078617322834645
20
0.4836656692913386
11
0.5067096456692913
21
0.4836656692913386
0
LINE
8
BLACK
6
CONTINUOUS
10
0.5067096456692913
20
0.4836656692913386
11
0.5056452362204724
21
0.4841065748031496
0
LINE
8
BLACK
6
CONTINUOUS
10
0.5056452362204724
20
0.4841065748031496
11
0.5051977952755905
21
0.484473779527559
0
LINE
8
BLACK
6
CONTINUOUS
10
0.5051977952755905
20
0.484473779527559
11
0.5033230314960629
21
0.4863485433070866
0
LINE
8
BLACK
6
CONTINUOUS
10
0.5033230314960629
20
0.4863485433070866
11
0.5029558267716535
21
0.4867959842519685
0
LINE
8
BLACK
6
CONTINUOUS
10
0.5029558267716535
20
0.4867959842519685
11
0.5029151968503937
21
0.4868940551181102
0
LINE
8
BLACK
6
CONTINUOUS
10
0.5029151968503937
20
0.4868940551181102
11
0.5028457086614173
21
0.4869741732283465
0
LINE
8
BLACK
6
CONTINUOUS
10
0.5028457086614173
20
0.4869741732283465
11
0.5026097244094488
21
0.487502716535433
0
LINE
8
BLACK
6
CONTINUOUS
10
0.5026097244094488
20
0.487502716535433
11
0.5007349606299213
21
0.4931270078740158
0
LINE
8
BLACK
6
CONTINUOUS
10
0.5007349606299213
20
0.4931270078740158
11
0.5006699999999999
21
0.4934125984251969
0
LINE
8
BLACK
6
CONTINUOUS
10
0.5006699999999999
20
0.4934125984251969
11
0.500640157480315
21
0.49348468503937
0
LINE
8
BLACK
6
CONTINUOUS
10
0.500640157480315
20
0.49348468503937
11
0.500629842519685
21
0.4935892125984252
0
LINE
8
BLACK
6
CONTINUOUS
10
0.500629842519685
20
0.4935892125984252
11
0.5006066141732284
21
0.4936914566929134
0
LINE
8
BLACK
6
CONTINUOUS
10
0.5006066141732284
20
0.4936914566929134
11
0.500612125984252
21
0.4937692125984252
0
LINE
8
BLACK
6
CONTINUOUS
10
0.500612125984252
20
0.4937692125984252
11
0.5005834251968504
21
0.4940607480314961
0
LINE
8
BLACK
6
CONTINUOUS
10
0.5005834251968504
20
0.4940607480314961
11
0.5005834251968504
21
0.4978102755905512
0
LINE
8
BLACK
6
CONTINUOUS
10
0.5005834251968504
20
0.4978102755905512
11
0.500612125984252
21
0.4981018503937008
0
LINE
8
BLACK
6
CONTINUOUS
10
0.500612125984252
20
0.4981018503937008
11
0.5006066141732284
21
0.4981795669291338
0
LINE
8
BLACK
6
CONTINUOUS
10
0.5006066141732284
20
0.4981795669291338
11
0.500629842519685
21
0.4982818503937008
0
LINE
8
BLACK
6
CONTINUOUS
10
0.500629842519685
20
0.4982818503937008
11
0.500640157480315
21
0.4983863385826772
0
LINE
8
BLACK
6
CONTINUOUS
10
0.500640157480315
20
0.4983863385826772
11
0.5006699999999999
21
0.4984584645669291
0
LINE
8
BLACK
6
CONTINUOUS
10
0.5006699999999999
20
0.4984584645669291
11
0.5007349606299213
21
0.4987440157480315
0
LINE
8
BLACK
6
CONTINUOUS
10
0.5007349606299213
20
0.4987440157480315
11
0.5026097244094488
21
0.5043683070866142
0
LINE
8
BLACK
6
CONTINUOUS
10
0.5026097244094488
20
0.5043683070866142
11
0.5028457086614173
21
0.5048968503937008
0
LINE
8
BLACK
6
CONTINUOUS
10
0.5028457086614173
20
0.5048968503937008
11
0.5029151968503937
21
0.5049770078740158
0
LINE
8
BLACK
6
CONTINUOUS
10
0.5029151968503937
20
0.5049770078740158
11
0.5029558267716535
21
0.5050750393700787
0
LINE
8
BLACK
6
CONTINUOUS
10
0.5029558267716535
20
0.5050750393700787
11
0.5033230314960629
21
0.5055224803149606
0
LINE
8
BLACK
6
CONTINUOUS
10
0.5033230314960629
20
0.5055224803149606
11
0.5070725590551181
21
0.5092720078740157
0
LINE
8
BLACK
6
CONTINUOUS
10
0.5070725590551181
20
0.5092720078740157
11
0.507298937007874
21
0.509457874015748
0
LINE
8
BLACK
6
CONTINUOUS
10
0.507298937007874
20
0.509457874015748
11
0.5073500787401575
21
0.5095167716535433
0
LINE
8
BLACK
6
CONTINUOUS
10
0.5073500787401575
20
0.5095167716535433
11
0.5074388188976378
21
0.5095726771653544
0
LINE
8
BLACK
6
CONTINUOUS
10
0.5074388188976378
20
0.5095726771653544
11
0.50752
21
0.5096392519685039
0
LINE
8
BLACK
6
CONTINUOUS
10
0.50752
20
0.5096392519685039
11
0.507592125984252
21
0.5096691338582677
0
LINE
8
BLACK
6
CONTINUOUS
10
0.507592125984252
20
0.5096691338582677
11
0.5078399606299212
21
0.5098251181102362
0
LINE
8
BLACK
6
CONTINUOUS
10
0.5078399606299212
20
0.5098251181102362
11
0.5115894881889763
21
0.5116998818897638
0
LINE
8
BLACK
6
CONTINUOUS
10
0.5115894881889763
20
0.5116998818897638
11
0.5116315748031496
21
0.5117160236220473
0
LINE
8
BLACK
6
CONTINUOUS
10
0.5116315748031496
20
0.5117160236220473
11
0.5116487401574803
21
0.5117287007874015
0
LINE
8
BLACK
6
CONTINUOUS
10
0.5116487401574803
20
0.5117287007874015
11
0.5118903149606299
21
0.5118150393700788
0
LINE
8
BLACK
6
CONTINUOUS
10
0.5118903149606299
20
0.5118150393700788
11
0.5121300787401575
21
0.5119067716535433
0
LINE
8
BLACK
6
CONTINUOUS
10
0.5121300787401575
20
0.5119067716535433
11
0.5121513385826771
21
0.5119083070866142
0
LINE
8
BLACK
6
CONTINUOUS
10
0.5121513385826771
20
0.5119083070866142
11
0.5121938582677166
21
0.5119234645669292
0
LINE
8
BLACK
6
CONTINUOUS
10
0.5121938582677166
20
0.5119234645669292
11
0.5196929133858268
21
0.5137982283464567
0
LINE
8
BLACK
6
CONTINUOUS
10
0.5196929133858268
20
0.5137982283464567
11
0.5197927559055118
21
0.5138130314960629
0
LINE
8
BLACK
6
CONTINUOUS
10
0.5197927559055118
20
0.5138130314960629
11
0.5198329921259842
21
0.5138296456692913
0
LINE
8
BLACK
6
CONTINUOUS
10
0.5198329921259842
20
0.5138296456692913
11
0.52005
21
0.5138510236220473
0
LINE
8
BLACK
6
CONTINUOUS
10
0.52005
20
0.5138510236220473
11
0.5202655118110237
21
0.5138828740157481
0
LINE
8
BLACK
6
CONTINUOUS
10
0.5202655118110237
20
0.5138828740157481
11
0.5203085039370079
21
0.5138764960629921
0
LINE
8
BLACK
6
CONTINUOUS
10
0.5203085039370079
20
0.5138764960629921
11
0.5204090551181102
21
0.5138863779527559
0
LINE
8
BLACK
6
CONTINUOUS
10
0.5204090551181102
20
0.5138863779527559
11
0.5260333464566929
21
0.5138863779527559
0
LINE
8
BLACK
6
CONTINUOUS
10
0.5260333464566929
20
0.5138863779527559
11
0.5261338582677165
21
0.5138764960629921
0
LINE
8
BLACK
6
CONTINUOUS
10
0.6684823228346457
20
0.5169548818897638
11
0.6695467322834645
21
0.5165139763779527
0
LINE
8
BLACK
6
CONTINUOUS
10
0.6695467322834645
20
0.5165139763779527
11
0.6703613779527559
21
0.5156993307086614
0
LINE
8
BLACK
6
CONTINUOUS
10
0.6703613779527559
20
0.5156993307086614
11
0.6708022834645669
21
0.5146349212598426
0
LINE
8
BLACK
6
CONTINUOUS
10
0.6708022834645669
20
0.5146349212598426
11
0.6708022834645669
21
0.5134827952755905
0
LINE
8
BLACK
6
CONTINUOUS
10
0.6708022834645669
20
0.5134827952755905
11
0.6703613779527559
21
0.5124183858267717
0
LINE
8
BLACK
6
CONTINUOUS
10
0.6703613779527559
20
0.5124183858267717
11
0.6695467322834645
21
0.5116037401574803
0
LINE
8
BLACK
6
CONTINUOUS
10
0.6695467322834645
20
0.5116037401574803
11
0.6684823228346457
21
0.5111628346456693
0
LINE
8
BLACK
6
CONTINUOUS
10
0.6684823228346457
20
0.5111628346456693
11
0.6679062598425197
21
0.5111061023622047
0
LINE
8
BLACK
6
CONTINUOUS
10
0.6679062598425197
20
0.5111061023622047
11
0.6521113385826771
21
0.5111061023622047
0
LINE
8
BLACK
6
CONTINUOUS
10
0.6521113385826771
20
0.5111061023622047
11
0.6521113385826771
21
0.5062224409448819
0
LINE
8
BLACK
6
CONTINUOUS
10
0.6521113385826771
20
0.5062224409448819
11
0.6695995669291338
21
0.4939806692913385
0
LINE
8
BLACK
6
CONTINUOUS
10
0.6695995669291338
20
0.4939806692913385
11
0.670038937007874
21
0.4936038582677165
0
LINE
8
BLACK
6
CONTINUOUS
10
0.670038937007874
20
0.4936038582677165
11
0.6706581102362205
21
0.4926322440944882
0
LINE
8
BLACK
6
CONTINUOUS
10
0.6706581102362205
20
0.4926322440944882
11
0.6708583464566928
21
0.4914977165354331
0
LINE
8
BLACK
6
CONTINUOUS
10
0.6708583464566928
20
0.4914977165354331
11
0.6706091338582677
21
0.490372874015748
0
LINE
8
BLACK
6
CONTINUOUS
10
0.6706091338582677
20
0.490372874015748
11
0.6699484251968504
21
0.4894290157480315
0
LINE
8
BLACK
6
CONTINUOUS
10
0.6699484251968504
20
0.4894290157480315
11
0.6689768503937008
21
0.488809842519685
0
LINE
8
BLACK
6
CONTINUOUS
10
0.6689768503937008
20
0.488809842519685
11
0.6678422834645669
21
0.4886096456692913
0
LINE
8
BLACK
6
CONTINUOUS
10
0.6678422834645669
20
0.4886096456692913
11
0.6667174409448818
21
0.4888588188976378
0
LINE
8
BLACK
6
CONTINUOUS
10
0.6667174409448818
20
0.4888588188976378
11
0.6662129921259843
21
0.4891426771653543
0
LINE
8
BLACK
6
CONTINUOUS
10
0.6662129921259843
20
0.4891426771653543
11
0.6521070078740158
21
0.4990168503937008
0
LINE
8
BLACK
6
CONTINUOUS
10
0.6521070078740158
20
0.4990168503937008
11
0.6520546062992126
21
0.49848468503937
0
LINE
8
BLACK
6
CONTINUOUS
10
0.6520546062992126
20
0.49848468503937
11
0.6520140157480315
21
0.4983867322834645
0
LINE
8
BLACK
6
CONTINUOUS
10
0.6520140157480315
20
0.4983867322834645
11
0.6520064960629921
21
0.4982808267716535
0
LINE
8
BLACK
6
CONTINUOUS
10
0.6520064960629921
20
0.4982808267716535
11
0.6517996062992126
21
0.4977402362204724
0
LINE
8
BLACK
6
CONTINUOUS
10
0.6517996062992126
20
0.4977402362204724
11
0.6499248425196851
21
0.4939907086614173
0
LINE
8
BLACK
6
CONTINUOUS
10
0.6499248425196851
20
0.4939907086614173
11
0.6497687401574803
21
0.4937427165354331
0
LINE
8
BLACK
6
CONTINUOUS
10
0.6497687401574803
20
0.4937427165354331
11
0.649738937007874
21
0.4936707480314961
0
LINE
8
BLACK
6
CONTINUOUS
10
0.649738937007874
20
0.4936707480314961
11
0.6496724409448819
21
0.4935898031496063
0
LINE
8
BLACK
6
CONTINUOUS
10
0.6496724409448819
20
0.4935898031496063
11
0.6496164960629921
21
0.4935008267716535
0
LINE
8
BLACK
6
CONTINUOUS
10
0.6496164960629921
20
0.4935008267716535
11
0.6495574803149606
21
0.4934496850393701
0
LINE
8
BLACK
6
CONTINUOUS
10
0.6495574803149606
20
0.4934496850393701
11
0.6493717322834646
21
0.4932233070866142
0
LINE
8
BLACK
6
CONTINUOUS
10
0.6493717322834646
20
0.4932233070866142
11
0.647496968503937
21
0.4913485433070866
0
LINE
8
BLACK
6
CONTINUOUS
10
0.647496968503937
20
0.4913485433070866
11
0.6472705905511811
21
0.4911627952755905
0
LINE
8
BLACK
6
CONTINUOUS
10
0.6472705905511811
20
0.4911627952755905
11
0.6472194488188976
21
0.4911037795275591
0
LINE
8
BLACK
6
CONTINUOUS
10
0.6472194488188976
20
0.4911037795275591
11
0.6471304724409449
21
0.4910478346456693
0
LINE
8
BLACK
6
CONTINUOUS
10
0.6471304724409449
20
0.4910478346456693
11
0.6470495275590551
21
0.4909813385826772
0
LINE
8
BLACK
6
CONTINUOUS
10
0.6470495275590551
20
0.4909813385826772
11
0.6469775590551181
21
0.4909515354330709
0
LINE
8
BLACK
6
CONTINUOUS
10
0.6469775590551181
20
0.4909515354330709
11
0.6467295669291339
21
0.4907954330708661
0
LINE
8
BLACK
6
CONTINUOUS
10
0.6467295669291339
20
0.4907954330708661
11
0.6429800393700787
21
0.4889206692913386
0
LINE
8
BLACK
6
CONTINUOUS
10
0.6429800393700787
20
0.4889206692913386
11
0.6424394094488188
21
0.4887137795275591
0
LINE
8
BLACK
6
CONTINUOUS
10
0.6424394094488188
20
0.4887137795275591
11
0.6423335826771653
21
0.4887062992125984
0
LINE
8
BLACK
6
CONTINUOUS
10
0.6423335826771653
20
0.4887062992125984
11
0.6422355905511811
21
0.4886656692913386
0
LINE
8
BLACK
6
CONTINUOUS
10
0.6422355905511811
20
0.4886656692913386
11
0.6416595275590551
21
0.488608937007874
0
LINE
8
BLACK
6
CONTINUOUS
10
0.6416595275590551
20
0.488608937007874
11
0.6360352362204724
21
0.488608937007874
0
LINE
8
BLACK
6
CONTINUOUS
10
0.6360352362204724
20
0.488608937007874
11
0.6354591732283464
21
0.4886656692913386
0
LINE
8
BLACK
6
CONTINUOUS
10
0.6354591732283464
20
0.4886656692913386
11
0.6353611811023622
21
0.4887062598425197
0
LINE
8
BLACK
6
CONTINUOUS
10
0.6353611811023622
20
0.4887062598425197
11
0.6352553149606299
21
0.4887137795275591
0
LINE
8
BLACK
6
CONTINUOUS
10
0.6352553149606299
20
0.4887137795275591
11
0.6347147244094488
21
0.4889206692913386
0
LINE
8
BLACK
6
CONTINUOUS
10
0.6347147244094488
20
0.4889206692913386
11
0.6309651968503937
21
0.4907954330708661
0
LINE
8
BLACK
6
CONTINUOUS
10
0.6309651968503937
20
0.4907954330708661
11
0.6307171653543306
21
0.4909515354330709
0
LINE
8
BLACK
6
CONTINUOUS
10
0.6307171653543306
20
0.4909515354330709
11
0.6306452362204724
21
0.4909813385826772
0
LINE
8
BLACK
6
CONTINUOUS
10
0.6306452362204724
20
0.4909813385826772
11
0.630564251968504
21
0.4910478346456693
0
LINE
8
BLACK
6
CONTINUOUS
10
0.630564251968504
20
0.4910478346456693
11
0.6304753149606299
21
0.4911037795275591
0
LINE
8
BLACK
6
CONTINUOUS
10
0.6304753149606299
20
0.4911037795275591
11
0.6304241338582677
21
0.4911627952755905
0
LINE
8
BLACK
6
CONTINUOUS
10
0.6304241338582677
20
0.4911627952755905
11
0.6301977952755905
21
0.4913485433070866
0
LINE
8
BLACK
6
CONTINUOUS
10
0.6301977952755905
20
0.4913485433070866
11
0.6283230314960629
21
0.4932233070866142
0
LINE
8
BLACK
6
CONTINUOUS
10
0.6283230314960629
20
0.4932233070866142
11
0.6281372440944881
21
0.4934496850393701
0
LINE
8
BLACK
6
CONTINUOUS
10
0.6281372440944881
20
0.4934496850393701
11
0.6280782677165354
21
0.4935008267716535
0
LINE
8
BLACK
6
CONTINUOUS
10
0.6280782677165354
20
0.4935008267716535
11
0.6280222834645669
21
0.4935898031496063
0
LINE
8
BLACK
6
CONTINUOUS
10
0.6280222834645669
20
0.4935898031496063
11
0.6279558267716535
21
0.4936707480314961
0
LINE
8
BLACK
6
CONTINUOUS
10
0.6279558267716535
20
0.4936707480314961
11
0.6279259842519684
21
0.4937427165354331
0
LINE
8
BLACK
6
CONTINUOUS
10
0.6279259842519684
20
0.4937427165354331
11
0.6277699212598425
21
0.4939907086614173
0
LINE
8
BLACK
6
CONTINUOUS
10
0.6277699212598425
20
0.4939907086614173
11
0.625895157480315
21
0.4977402362204724
0
LINE
8
BLACK
6
CONTINUOUS
10
0.625895157480315
20
0.4977402362204724
11
0.6256882677165354
21
0.4982808661417323
0
LINE
8
BLACK
6
CONTINUOUS
10
0.6256882677165354
20
0.4982808661417323
11
0.6256807480314961
21
0.4983866929133858
0
LINE
8
BLACK
6
CONTINUOUS
10
0.6256807480314961
20
0.4983866929133858
11
0.625640157480315
21
0.49848468503937
0
LINE
8
BLACK
6
CONTINUOUS
10
0.625640157480315
20
0.49848468503937
11
0.6255834251968504
21
0.499060748031496
0
LINE
8
BLACK
6
CONTINUOUS
10
0.6255834251968504
20
0.499060748031496
11
0.6255834251968504
21
0.5140588582677166
0
LINE
8
BLACK
6
CONTINUOUS
10
0.6255834251968504
20
0.5140588582677166
11
0.625640157480315
21
0.5146349212598426
0
LINE
8
BLACK
6
CONTINUOUS
10
0.625640157480315
20
0.5146349212598426
11
0.626081062992126
21
0.5156993307086614
0
LINE
8
BLACK
6
CONTINUOUS
10
0.626081062992126
20
0.5156993307086614
11
0.6268957086614173
21
0.5165139763779527
0
LINE
8
BLACK
6
CONTINUOUS
10
0.6268957086614173
20
0.5165139763779527
11
0.6279601181102362
21
0.5169548818897638
0
LINE
8
BLACK
6
CONTINUOUS
10
0.6279601181102362
20
0.5169548818897638
11
0.6285361811023622
21
0.5170116141732284
0
LINE
8
BLACK
6
CONTINUOUS
10
0.6285361811023622
20
0.5170116141732284
11
0.6679062598425197
21
0.5170116141732284
0
LINE
8
BLACK
6
CONTINUOUS
10
0.6679062598425197
20
0.5170116141732284
11
0.6684823228346457
21
0.5169548818897638
0
LINE
8
BLACK
6
CONTINUOUS
10
0.631488937007874
20
0.4997577952755906
11
0.6328376771653543
21
0.4970603149606299
0
LINE
8
BLACK
6
CONTINUOUS
10
0.6328376771653543
20
0.4970603149606299
11
0.6340348031496063
21
0.4958631889763779
0
LINE
8
BLACK
6
CONTINUOUS
10
0.6340348031496063
20
0.4958631889763779
11
0.6367322834645669
21
0.4945144488188976
0
LINE
8
BLACK
6
CONTINUOUS
10
0.6367322834645669
20
0.4945144488188976
11
0.6409624803149606
21
0.4945144488188976
0
LINE
8
BLACK
6
CONTINUOUS
10
0.6409624803149606
20
0.4945144488188976
11
0.6436599606299213
21
0.4958631889763779
0
LINE
8
BLACK
6
CONTINUOUS
10
0.6436599606299213
20
0.4958631889763779
11
0.6448570866141732
21
0.4970603149606299
0
LINE
8
BLACK
6
CONTINUOUS
10
0.6448570866141732
20
0.4970603149606299
11
0.6462058267716535
21
0.4997577952755906
0
LINE
8
BLACK
6
CONTINUOUS
10
0.6462058267716535
20
0.4997577952755906
11
0.6462058267716535
21
0.5111061023622047
0
LINE
8
BLACK
6
CONTINUOUS
10
0.6462058267716535
20
0.5111061023622047
11
0.631488937007874
21
0.5111061023622047
0
LINE
8
BLACK
6
CONTINUOUS
10
0.631488937007874
20
0.5111061023622047
11
0.631488937007874
21
0.4997577952755906
0
LINE
8
BLACK
6
CONTINUOUS
10
0.5705646456692913
20
0.5181591338582677
11
0.571595157480315
21
0.5176438582677165
0
LINE
8
BLACK
6
CONTINUOUS
10
0.571595157480315
20
0.5176438582677165
11
0.57235
21
0.5167735039370078
0
LINE
8
BLACK
6
CONTINUOUS
10
0.57235
20
0.5167735039370078
11
0.5727143307086614
21
0.5156805118110236
0
LINE
8
BLACK
6
CONTINUOUS
10
0.5727143307086614
20
0.5156805118110236
11
0.5726326771653543
21
0.5145312992125984
0
LINE
8
BLACK
6
CONTINUOUS
10
0.5726326771653543
20
0.5145312992125984
11
0.5724257874015748
21
0.5139907086614173
0
LINE
8
BLACK
6
CONTINUOUS
10
0.5724257874015748
20
0.5139907086614173
11
0.5705510236220472
21
0.5102411811023622
0
LINE
8
BLACK
6
CONTINUOUS
10
0.5705510236220472
20
0.5102411811023622
11
0.570395
21
0.5099933858267717
0
LINE
8
BLACK
6
CONTINUOUS
10
0.570395
20
0.5099933858267717
11
0.5703651574803149
21
0.5099212204724409
0
LINE
8
BLACK
6
CONTINUOUS
10
0.5703651574803149
20
0.5099212204724409
11
0.5702985433070866
21
0.5098400787401575
0
LINE
8
BLACK
6
CONTINUOUS
10
0.5702985433070866
20
0.5098400787401575
11
0.5702426771653544
21
0.5097512992125984
0
LINE
8
BLACK
6
CONTINUOUS
10
0.5702426771653544
20
0.5097512992125984
11
0.5701837401574803
21
0.5097001968503937
0
LINE
8
BLACK
6
CONTINUOUS
10
0.5701837401574803
20
0.5097001968503937
11
0.5699979133858267
21
0.509473779527559
0
LINE
8
BLACK
6
CONTINUOUS
10
0.5699979133858267
20
0.509473779527559
11
0.5675395275590551
21
0.5070153937007874
0
LINE
8
BLACK
6
CONTINUOUS
10
0.5675395275590551
20
0.5070153937007874
11
0.5949535039370079
21
0.5070153937007874
0
LINE
8
BLACK
6
CONTINUOUS
10
0.5949535039370079
20
0.5070153937007874
11
0.5949535039370079
21
0.5153112204724409
0
LINE
8
BLACK
6
CONTINUOUS
10
0.5949535039370079
20
0.5153112204724409
11
0.5950102362204724
21
0.5158872834645669
0
LINE
8
BLACK
6
CONTINUOUS
10
0.5950102362204724
20
0.5158872834645669
11
0.5954511417322834
21
0.5169516929133858
0
LINE
8
BLACK
6
CONTINUOUS
10
0.5954511417322834
20
0.5169516929133858
11
0.5962657874015748
21
0.5177663385826772
0
LINE
8
BLACK
6
CONTINUOUS
10
0.5962657874015748
20
0.5177663385826772
11
0.5973301968503937
21
0.5182072440944882
0
LINE
8
BLACK
6
CONTINUOUS
10
0.5973301968503937
20
0.5182072440944882
11
0.5984823228346456
21
0.5182072440944882
0
LINE
8
BLACK
6
CONTINUOUS
10
0.5984823228346456
20
0.5182072440944882
11
0.5995467322834646
21
0.5177663385826772
0
LINE
8
BLACK
6
CONTINUOUS
10
0.5995467322834646
20
0.5177663385826772
11
0.6003613779527559
21
0.5169516929133858
0
LINE
8
BLACK
6
CONTINUOUS
10
0.6003613779527559
20
0.5169516929133858
11
0.6008022834645669
21
0.5158872834645669
0
LINE
8
BLACK
6
CONTINUOUS
10
0.6008022834645669
20
0.5158872834645669
11
0.6008590157480315
21
0.5153112204724409
0
LINE
8
BLACK
6
CONTINUOUS
10
0.6008590157480315
20
0.5153112204724409
11
0.6008590157480315
21
0.4928140551181102
0
LINE
8
BLACK
6
CONTINUOUS
10
0.6008590157480315
20
0.4928140551181102
11
0.6008022834645669
21
0.4922379921259842
0
LINE
8
BLACK
6
CONTINUOUS
10
0.6008022834645669
20
0.4922379921259842
11
0.6003613779527559
21
0.4911735826771653
0
LINE
8
BLACK
6
CONTINUOUS
10
0.6003613779527559
20
0.4911735826771653
11
0.5995467322834646
21
0.490358937007874
0
LINE
8
BLACK
6
CONTINUOUS
10
0.5995467322834646
20
0.490358937007874
11
0.5984823228346456
21
0.489918031496063
0
LINE
8
BLACK
6
CONTINUOUS
10
0.5984823228346456
20
0.489918031496063
11
0.5973301968503937
21
0.489918031496063
0
LINE
8
BLACK
6
CONTINUOUS
10
0.5973301968503937
20
0.489918031496063
11
0.5962657874015748
21
0.490358937007874
0
LINE
8
BLACK
6
CONTINUOUS
10
0.5962657874015748
20
0.490358937007874
11
0.5954511417322834
21
0.4911735826771653
0
LINE
8
BLACK
6
CONTINUOUS
10
0.5954511417322834
20
0.4911735826771653
11
0.5950102362204724
21
0.4922379921259842
0
LINE
8
BLACK
6
CONTINUOUS
10
0.5950102362204724
20
0.4922379921259842
11
0.5949535039370079
21
0.4928140551181102
0
LINE
8
BLACK
6
CONTINUOUS
10
0.5949535039370079
20
0.4928140551181102
11
0.5949535039370079
21
0.5011098818897638
0
LINE
8
BLACK
6
CONTINUOUS
10
0.5949535039370079
20
0.5011098818897638
11
0.5585361811023621
21
0.5011098818897638
0
LINE
8
BLACK
6
CONTINUOUS
10
0.5585361811023621
20
0.5011098818897638
11
0.5585340944881889
21
0.5011101181102362
0
LINE
8
BLACK
6
CONTINUOUS
10
0.5585340944881889
20
0.5011101181102362
11
0.5585330708661417
21
0.5011098818897638
0
LINE
8
BLACK
6
CONTINUOUS
10
0.5585330708661417
20
0.5011098818897638
11
0.5585300393700787
21
0.5011105118110236
0
LINE
8
BLACK
6
CONTINUOUS
10
0.5585300393700787
20
0.5011105118110236
11
0.5579601181102362
21
0.5011666141732284
0
LINE
8
BLACK
6
CONTINUOUS
10
0.5579601181102362
20
0.5011666141732284
11
0.55769
21
0.5012785039370079
0
LINE
8
BLACK
6
CONTINUOUS
10
0.55769
20
0.5012785039370079
11
0.5574033858267716
21
0.5013358267716536
0
LINE
8
BLACK
6
CONTINUOUS
10
0.5574033858267716
20
0.5013358267716536
11
0.5571629921259842
21
0.5014968110236221
0
LINE
8
BLACK
6
CONTINUOUS
10
0.5571629921259842
20
0.5014968110236221
11
0.5568957086614174
21
0.5016075196850394
0
LINE
8
BLACK
6
CONTINUOUS
10
0.5568957086614174
20
0.5016075196850394
11
0.5566889763779528
21
0.5018142519685039
0
LINE
8
BLACK
6
CONTINUOUS
10
0.5566889763779528
20
0.5018142519685039
11
0.5564461023622047
21
0.5019768897637795
0
LINE
8
BLACK
6
CONTINUOUS
10
0.5564461023622047
20
0.5019768897637795
11
0.5562855905511811
21
0.5022176377952756
0
LINE
8
BLACK
6
CONTINUOUS
10
0.5562855905511811
20
0.5022176377952756
11
0.556081062992126
21
0.5024221653543307
0
LINE
8
BLACK
6
CONTINUOUS
10
0.556081062992126
20
0.5024221653543307
11
0.5559691732283465
21
0.502692283464567
0
LINE
8
BLACK
6
CONTINUOUS
10
0.5559691732283465
20
0.502692283464567
11
0.5558070078740157
21
0.5029355118110236
0
LINE
8
BLACK
6
CONTINUOUS
10
0.5558070078740157
20
0.5029355118110236
11
0.5557508661417323
21
0.5032193307086614
0
LINE
8
BLACK
6
CONTINUOUS
10
0.5557508661417323
20
0.5032193307086614
11
0.5556401574803149
21
0.5034865748031496
0
LINE
8
BLACK
6
CONTINUOUS
10
0.5556401574803149
20
0.5034865748031496
11
0.5556401574803149
21
0.5037789763779528
0
LINE
8
BLACK
6
CONTINUOUS
10
0.5556401574803149
20
0.5037789763779528
11
0.5555834251968503
21
0.5040657480314961
0
LINE
8
BLACK
6
CONTINUOUS
10
0.5555834251968503
20
0.5040657480314961
11
0.5556401574803149
21
0.5043494094488189
0
LINE
8
BLACK
6
CONTINUOUS
10
0.5556401574803149
20
0.5043494094488189
11
0.5556401574803149
21
0.5046387007874016
0
LINE
8
BLACK
6
CONTINUOUS
10
0.5556401574803149
20
0.5046387007874016
11
0.5557520078740157
21
0.5049088188976378
0
LINE
8
BLACK
6
CONTINUOUS
10
0.5557520078740157
20
0.5049088188976378
11
0.5558093700787401
21
0.5051954330708661
0
LINE
8
BLACK
6
CONTINUOUS
10
0.5558093700787401
20
0.5051954330708661
11
0.5559703149606299
21
0.5054358267716536
0
LINE
8
BLACK
6
CONTINUOUS
10
0.5559703149606299
20
0.5054358267716536
11
0.556081062992126
21
0.5057031102362205
0
LINE
8
BLACK
6
CONTINUOUS
10
0.556081062992126
20
0.5057031102362205
11
0.5562877559055118
21
0.5059098425196851
0
LINE
8
BLACK
6
CONTINUOUS
10
0.5562877559055118
20
0.5059098425196851
11
0.5564504330708662
21
0.506152716535433
0
LINE
8
BLACK
6
CONTINUOUS
10
0.5564504330708662
20
0.506152716535433
11
0.5568936614173228
21
0.506515748031496
0
LINE
8
BLACK
6
CONTINUOUS
10
0.5568936614173228
20
0.506515748031496
11
0.5568957086614174
21
0.5065177559055118
0
LINE
8
BLACK
6
CONTINUOUS
10
0.5568957086614174
20
0.5065177559055118
11
0.5568965748031496
21
0.5065181496062992
0
LINE
8
BLACK
6
CONTINUOUS
10
0.5568965748031496
20
0.5065181496062992
11
0.5568982677165354
21
0.5065194881889764
0
LINE
8
BLACK
6
CONTINUOUS
10
0.5568982677165354
20
0.5065194881889764
11
0.5622792913385827
21
0.5101068503937007
0
LINE
8
BLACK
6
CONTINUOUS
10
0.5622792913385827
20
0.5101068503937007
11
0.5654832677165355
21
0.5133107874015748
0
LINE
8
BLACK
6
CONTINUOUS
10
0.5654832677165355
20
0.5133107874015748
11
0.5671437401574803
21
0.5166317322834646
0
LINE
8
BLACK
6
CONTINUOUS
10
0.5671437401574803
20
0.5166317322834646
11
0.5674520866141732
21
0.5171216141732283
0
LINE
8
BLACK
6
CONTINUOUS
10
0.5674520866141732
20
0.5171216141732283
11
0.5683224803149606
21
0.5178764566929134
0
LINE
8
BLACK
6
CONTINUOUS
10
0.5683224803149606
20
0.5178764566929134
11
0.5694154330708662
21
0.5182407874015748
0
LINE
8
BLACK
6
CONTINUOUS
10
0.5694154330708662
20
0.5182407874015748
11
0.5705646456692913
21
0.5181591338582677
0
LINE
8
BLACK
6
CONTINUOUS
10
1.0855779133858268
20
0.5643598425196851
11
1.085675905511811
21
0.564319251968504
0
LINE
8
BLACK
6
CONTINUOUS
10
1.085675905511811
20
0.564319251968504
11
1.0857817322834646
21
0.5643117322834645
0
LINE
8
BLACK
6
CONTINUOUS
10
1.0857817322834646
20
0.5643117322834645
11
1.0863223622047244
21
0.5641048425196851
0
LINE
8
BLACK
6
CONTINUOUS
10
1.0863223622047244
20
0.5641048425196851
11
1.0900718897637796
21
0.5622300787401575
0
LINE
8
BLACK
6
CONTINUOUS
10
1.0900718897637796
20
0.5622300787401575
11
1.0903198818897637
21
0.5620740157480315
0
LINE
8
BLACK
6
CONTINUOUS
10
1.0903198818897637
20
0.5620740157480315
11
1.0903918503937007
21
0.5620441732283464
0
LINE
8
BLACK
6
CONTINUOUS
10
1.0903918503937007
20
0.5620441732283464
11
1.0904727952755906
21
0.561977716535433
0
LINE
8
BLACK
6
CONTINUOUS
10
1.0904727952755906
20
0.561977716535433
11
1.0905617716535432
21
0.5619217322834645
0
LINE
8
BLACK
6
CONTINUOUS
10
1.0905617716535432
20
0.5619217322834645
11
1.0906129133858267
21
0.5618627559055118
0
LINE
8
BLACK
6
CONTINUOUS
10
1.0906129133858267
20
0.5618627559055118
11
1.0908392913385827
21
0.561676968503937
0
LINE
8
BLACK
6
CONTINUOUS
10
1.0908392913385827
20
0.561676968503937
11
1.0927140551181103
21
0.5598022047244094
0
LINE
8
BLACK
6
CONTINUOUS
10
1.0927140551181103
20
0.5598022047244094
11
1.0930812598425197
21
0.5593547637795275
0
LINE
8
BLACK
6
CONTINUOUS
10
1.0930812598425197
20
0.5593547637795275
11
1.0935221653543308
21
0.5582903543307086
0
LINE
8
BLACK
6
CONTINUOUS
10
1.0935221653543308
20
0.5582903543307086
11
1.0935221653543308
21
0.5571382677165354
0
LINE
8
BLACK
6
CONTINUOUS
10
1.0935221653543308
20
0.5571382677165354
11
1.0930812598425197
21
0.5560738582677165
0
LINE
8
BLACK
6
CONTINUOUS
10
1.0930812598425197
20
0.5560738582677165
11
1.0922665748031495
21
0.5552591732283464
0
LINE
8
BLACK
6
CONTINUOUS
10
1.0922665748031495
20
0.5552591732283464
11
1.0912021653543307
21
0.5548182677165354
0
LINE
8
BLACK
6
CONTINUOUS
10
1.0912021653543307
20
0.5548182677165354
11
1.0900500787401575
21
0.5548182677165354
0
LINE
8
BLACK
6
CONTINUOUS
10
1.0900500787401575
20
0.5548182677165354
11
1.0889856692913387
21
0.5552591732283464
0
LINE
8
BLACK
6
CONTINUOUS
10
1.0889856692913387
20
0.5552591732283464
11
1.0885382283464566
21
0.5556263779527559
0
LINE
8
BLACK
6
CONTINUOUS
10
1.0885382283464566
20
0.5556263779527559
11
1.087002283464567
21
0.5571623228346456
0
LINE
8
BLACK
6
CONTINUOUS
10
1.087002283464567
20
0.5571623228346456
11
1.0843048031496063
21
0.5585110629921259
0
LINE
8
BLACK
6
CONTINUOUS
10
1.0843048031496063
20
0.5585110629921259
11
1.0763250787401575
21
0.5585110629921259
0
LINE
8
BLACK
6
CONTINUOUS
10
1.0763250787401575
20
0.5585110629921259
11
1.0736275984251968
21
0.5571623228346456
0
LINE
8
BLACK
6
CONTINUOUS
10
1.0736275984251968
20
0.5571623228346456
11
1.0724304724409448
21
0.5559651968503937
0
LINE
8
BLACK
6
CONTINUOUS
10
1.0724304724409448
20
0.5559651968503937
11
1.0710817322834645
21
0.5532677165354331
0
LINE
8
BLACK
6
CONTINUOUS
10
1.0710817322834645
20
0.5532677165354331
11
1.0710817322834645
21
0.5506944094488189
0
LINE
8
BLACK
6
CONTINUOUS
10
1.0710817322834645
20
0.5506944094488189
11
1.0725845275590551
21
0.5461859842519685
0
LINE
8
BLACK
6
CONTINUOUS
10
1.0725845275590551
20
0.5461859842519685
11
1.0945888188976378
21
0.524181653543307
0
LINE
8
BLACK
6
CONTINUOUS
10
1.0945888188976378
20
0.524181653543307
11
1.094956062992126
21
0.5237342125984252
0
LINE
8
BLACK
6
CONTINUOUS
10
1.094956062992126
20
0.5237342125984252
11
1.0953969291338583
21
0.5226697637795276
0
LINE
8
BLACK
6
CONTINUOUS
10
1.0953969291338583
20
0.5226697637795276
11
1.0953969291338583
21
0.5215176771653544
0
LINE
8
BLACK
6
CONTINUOUS
10
1.0953969291338583
20
0.5215176771653544
11
1.0949560236220472
21
0.5204532677165354
0
LINE
8
BLACK
6
CONTINUOUS
10
1.0949560236220472
20
0.5204532677165354
11
1.0941413779527558
21
0.5196385826771653
0
LINE
8
BLACK
6
CONTINUOUS
10
1.0941413779527558
20
0.5196385826771653
11
1.0933887007874015
21
0.5193268503937007
0
LINE
8
BLACK
6
CONTINUOUS
10
1.0933887007874015
20
0.5193268503937007
11
1.093076968503937
21
0.519197716535433
0
LINE
8
BLACK
6
CONTINUOUS
10
1.093076968503937
20
0.519197716535433
11
1.0925009055118109
21
0.5191409842519685
0
LINE
8
BLACK
6
CONTINUOUS
10
1.0925009055118109
20
0.5191409842519685
11
1.0681289763779527
21
0.5191409842519685
0
LINE
8
BLACK
6
CONTINUOUS
10
1.0681289763779527
20
0.5191409842519685
11
1.0675529133858268
21
0.519197716535433
0
LINE
8
BLACK
6
CONTINUOUS
10
1.0675529133858268
20
0.519197716535433
11
1.0664885039370078
21
0.5196386220472441
0
LINE
8
BLACK
6
CONTINUOUS
10
1.0664885039370078
20
0.5196386220472441
11
1.0656738582677165
21
0.5204532677165354
0
LINE
8
BLACK
6
CONTINUOUS
10
1.0656738582677165
20
0.5204532677165354
11
1.0652329527559055
21
0.5215176771653544
0
LINE
8
BLACK
6
CONTINUOUS
10
1.0652329527559055
20
0.5215176771653544
11
1.0652329527559055
21
0.5226698031496063
0
LINE
8
BLACK
6
CONTINUOUS
10
1.0652329527559055
20
0.5226698031496063
11
1.0656738582677165
21
0.5237342125984252
0
LINE
8
BLACK
6
CONTINUOUS
10
1.0656738582677165
20
0.5237342125984252
11
1.0664885039370078
21
0.5245488582677166
0
LINE
8
BLACK
6
CONTINUOUS
10
1.0664885039370078
20
0.5245488582677166
11
1.0675529133858268
21
0.5249897637795276
0
LINE
8
BLACK
6
CONTINUOUS
10
1.0675529133858268
20
0.5249897637795276
11
1.0681289763779527
21
0.5250464960629921
0
LINE
8
BLACK
6
CONTINUOUS
10
1.0681289763779527
20
0.5250464960629921
11
1.0853723228346457
21
0.5250464960629921
0
LINE
8
BLACK
6
CONTINUOUS
10
1.0853723228346457
20
0.5250464960629921
11
1.0679158267716535
21
0.5425030314960629
0
LINE
8
BLACK
6
CONTINUOUS
10
1.0679158267716535
20
0.5425030314960629
11
1.0675486220472441
21
0.5429504724409449
0
LINE
8
BLACK
6
CONTINUOUS
10
1.0675486220472441
20
0.5429504724409449
11
1.0675079921259842
21
0.5430485433070866
0
LINE
8
BLACK
6
CONTINUOUS
10
1.0675079921259842
20
0.5430485433070866
11
1.0674385039370078
21
0.5431286614173229
0
LINE
8
BLACK
6
CONTINUOUS
10
1.0674385039370078
20
0.5431286614173229
11
1.0672025196850394
21
0.5436572047244095
0
LINE
8
BLACK
6
CONTINUOUS
10
1.0672025196850394
20
0.5436572047244095
11
1.0653277559055119
21
0.5492814960629921
0
LINE
8
BLACK
6
CONTINUOUS
10
1.0653277559055119
20
0.5492814960629921
11
1.0652627952755904
21
0.5495670866141732
0
LINE
8
BLACK
6
CONTINUOUS
10
1.0652627952755904
20
0.5495670866141732
11
1.0652329527559055
21
0.5496391732283464
0
LINE
8
BLACK
6
CONTINUOUS
10
1.0652329527559055
20
0.5496391732283464
11
1.0652226377952756
21
0.5497437007874015
0
LINE
8
BLACK
6
CONTINUOUS
10
1.0652226377952756
20
0.5497437007874015
11
1.0651994094488189
21
0.5498459448818898
0
LINE
8
BLACK
6
CONTINUOUS
10
1.0651994094488189
20
0.5498459448818898
11
1.0652049212598425
21
0.5499237007874016
0
LINE
8
BLACK
6
CONTINUOUS
10
1.0652049212598425
20
0.5499237007874016
11
1.0651762204724409
21
0.5502152362204724
0
LINE
8
BLACK
6
CONTINUOUS
10
1.0651762204724409
20
0.5502152362204724
11
1.0651762204724409
21
0.5539647637795275
0
LINE
8
BLACK
6
CONTINUOUS
10
1.0651762204724409
20
0.5539647637795275
11
1.0652329527559055
21
0.5545408267716535
0
LINE
8
BLACK
6
CONTINUOUS
10
1.0652329527559055
20
0.5545408267716535
11
1.0652735433070866
21
0.5546388582677165
0
LINE
8
BLACK
6
CONTINUOUS
10
1.0652735433070866
20
0.5546388582677165
11
1.0652810629921259
21
0.5547446456692914
0
LINE
8
BLACK
6
CONTINUOUS
10
1.0652810629921259
20
0.5547446456692914
11
1.0654879527559056
21
0.5552852755905512
0
LINE
8
BLACK
6
CONTINUOUS
10
1.0654879527559056
20
0.5552852755905512
11
1.0673627165354331
21
0.5590348031496063
0
LINE
8
BLACK
6
CONTINUOUS
10
1.0673627165354331
20
0.5590348031496063
11
1.0675187795275591
21
0.5592828346456693
0
LINE
8
BLACK
6
CONTINUOUS
10
1.0675187795275591
20
0.5592828346456693
11
1.0675486220472441
21
0.5593547637795275
0
LINE
8
BLACK
6
CONTINUOUS
10
1.0675486220472441
20
0.5593547637795275
11
1.0676150787401575
21
0.5594357480314961
0
LINE
8
BLACK
6
CONTINUOUS
10
1.0676150787401575
20
0.5594357480314961
11
1.067671062992126
21
0.55952468503937
0
LINE
8
BLACK
6
CONTINUOUS
10
1.067671062992126
20
0.55952468503937
11
1.0677300393700788
21
0.5595758661417323
0
LINE
8
BLACK
6
CONTINUOUS
10
1.0677300393700788
20
0.5595758661417323
11
1.0679158267716535
21
0.5598022047244094
0
LINE
8
BLACK
6
CONTINUOUS
10
1.0679158267716535
20
0.5598022047244094
11
1.0697905905511811
21
0.561676968503937
0
LINE
8
BLACK
6
CONTINUOUS
10
1.0697905905511811
20
0.561676968503937
11
1.0700169291338582
21
0.5618627559055118
0
LINE
8
BLACK
6
CONTINUOUS
10
1.0700169291338582
20
0.5618627559055118
11
1.0700681102362204
21
0.5619217322834645
0
LINE
8
BLACK
6
CONTINUOUS
10
1.0700681102362204
20
0.5619217322834645
11
1.0701570472440944
21
0.561977716535433
0
LINE
8
BLACK
6
CONTINUOUS
10
1.0701570472440944
20
0.561977716535433
11
1.0702380314960629
21
0.5620441732283464
0
LINE
8
BLACK
6
CONTINUOUS
10
1.0702380314960629
20
0.5620441732283464
11
1.0703099606299213
21
0.5620740157480315
0
LINE
8
BLACK
6
CONTINUOUS
10
1.0703099606299213
20
0.5620740157480315
11
1.0705579921259842
21
0.5622300787401575
0
LINE
8
BLACK
6
CONTINUOUS
10
1.0705579921259842
20
0.5622300787401575
11
1.0743075196850393
21
0.5641048425196851
0
LINE
8
BLACK
6
CONTINUOUS
10
1.0743075196850393
20
0.5641048425196851
11
1.0748481102362204
21
0.5643117322834645
0
LINE
8
BLACK
6
CONTINUOUS
10
1.0748481102362204
20
0.5643117322834645
11
1.0749539763779528
21
0.5643192913385827
0
LINE
8
BLACK
6
CONTINUOUS
10
1.0749539763779528
20
0.5643192913385827
11
1.075051968503937
21
0.5643598425196851
0
LINE
8
BLACK
6
CONTINUOUS
10
1.075051968503937
20
0.5643598425196851
11
1.0756280314960629
21
0.5644165748031496
0
LINE
8
BLACK
6
CONTINUOUS
10
1.0756280314960629
20
0.5644165748031496
11
1.0850018503937007
21
0.5644165748031496
0
LINE
8
BLACK
6
CONTINUOUS
10
1.0850018503937007
20
0.5644165748031496
11
1.0855779133858268
21
0.5643598425196851
0
LINE
8
BLACK
6
CONTINUOUS
10
1.109139527559055
20
0.563918937007874
11
1.1099541732283464
21
0.5631042913385826
0
LINE
8
BLACK
6
CONTINUOUS
10
1.1099541732283464
20
0.5631042913385826
11
1.1103950787401575
21
0.5620398818897637
0
LINE
8
BLACK
6
CONTINUOUS
10
1.1103950787401575
20
0.5620398818897637
11
1.1104518110236221
21
0.5614638188976377
0
LINE
8
BLACK
6
CONTINUOUS
10
1.1104518110236221
20
0.5614638188976377
11
1.1104518110236221
21
0.5302898818897638
0
LINE
8
BLACK
6
CONTINUOUS
10
1.1104518110236221
20
0.5302898818897638
11
1.1118005511811024
21
0.5275924015748031
0
LINE
8
BLACK
6
CONTINUOUS
10
1.1118005511811024
20
0.5275924015748031
11
1.1129976771653542
21
0.5263952362204725
0
LINE
8
BLACK
6
CONTINUOUS
10
1.1129976771653542
20
0.5263952362204725
11
1.1156951574803149
21
0.5250464960629921
0
LINE
8
BLACK
6
CONTINUOUS
10
1.1156951574803149
20
0.5250464960629921
11
1.1218001181102362
21
0.5250464960629921
0
LINE
8
BLACK
6
CONTINUOUS
10
1.1218001181102362
20
0.5250464960629921
11
1.1244975590551181
21
0.5263952362204725
0
LINE
8
BLACK
6
CONTINUOUS
10
1.1244975590551181
20
0.5263952362204725
11
1.1256946850393701
21
0.5275924015748031
0
LINE
8
BLACK
6
CONTINUOUS
10
1.1256946850393701
20
0.5275924015748031
11
1.1270434645669292
21
0.5302898818897638
0
LINE
8
BLACK
6
CONTINUOUS
10
1.1270434645669292
20
0.5302898818897638
11
1.1270434645669292
21
0.5614638188976377
0
LINE
8
BLACK
6
CONTINUOUS
10
1.1270434645669292
20
0.5614638188976377
11
1.1271001968503938
21
0.5620398818897637
0
LINE
8
BLACK
6
CONTINUOUS
10
1.1271001968503938
20
0.5620398818897637
11
1.1275411023622046
21
0.5631042913385826
0
LINE
8
BLACK
6
CONTINUOUS
10
1.1275411023622046
20
0.5631042913385826
11
1.1283557480314961
21
0.563918937007874
0
LINE
8
BLACK
6
CONTINUOUS
10
1.1283557480314961
20
0.563918937007874
11
1.1294201574803149
21
0.5643598425196851
0
LINE
8
BLACK
6
CONTINUOUS
10
1.1294201574803149
20
0.5643598425196851
11
1.1305722834645668
21
0.5643598425196851
0
LINE
8
BLACK
6
CONTINUOUS
10
1.1305722834645668
20
0.5643598425196851
11
1.1316366929133859
21
0.563918937007874
0
LINE
8
BLACK
6
CONTINUOUS
10
1.1316366929133859
20
0.563918937007874
11
1.1324513385826771
21
0.5631042913385826
0
LINE
8
BLACK
6
CONTINUOUS
10
1.1324513385826771
20
0.5631042913385826
11
1.1328922440944882
21
0.5620398818897637
0
LINE
8
BLACK
6
CONTINUOUS
10
1.1328922440944882
20
0.5620398818897637
11
1.1329489763779528
21
0.5614638188976377
0
LINE
8
BLACK
6
CONTINUOUS
10
1.1329489763779528
20
0.5614638188976377
11
1.1329489763779528
21
0.5295928346456693
0
LINE
8
BLACK
6
CONTINUOUS
10
1.1329489763779528
20
0.5295928346456693
11
1.1328922440944882
21
0.5290167716535433
0
LINE
8
BLACK
6
CONTINUOUS
10
1.1328922440944882
20
0.5290167716535433
11
1.1328516535433071
21
0.5289188188976378
0
LINE
8
BLACK
6
CONTINUOUS
10
1.1328516535433071
20
0.5289188188976378
11
1.1328441338582678
21
0.5288129133858268
0
LINE
8
BLACK
6
CONTINUOUS
10
1.1328441338582678
20
0.5288129133858268
11
1.1326372440944881
21
0.5282723228346456
0
LINE
8
BLACK
6
CONTINUOUS
10
1.1326372440944881
20
0.5282723228346456
11
1.1307624803149605
21
0.5245227952755905
0
LINE
8
BLACK
6
CONTINUOUS
10
1.1307624803149605
20
0.5245227952755905
11
1.1306064173228345
21
0.5242749212598425
0
LINE
8
BLACK
6
CONTINUOUS
10
1.1306064173228345
20
0.5242749212598425
11
1.1305766141732283
21
0.5242028740157481
0
LINE
8
BLACK
6
CONTINUOUS
10
1.1305766141732283
20
0.5242028740157481
11
1.1305100787401574
21
0.5241218503937007
0
LINE
8
BLACK
6
CONTINUOUS
10
1.1305100787401574
20
0.5241218503937007
11
1.1304541338582677
21
0.5240329133858268
0
LINE
8
BLACK
6
CONTINUOUS
10
1.1304541338582677
20
0.5240329133858268
11
1.1303951181102363
21
0.5239817716535433
0
LINE
8
BLACK
6
CONTINUOUS
10
1.1303951181102363
20
0.5239817716535433
11
1.1302093700787401
21
0.5237553937007874
0
LINE
8
BLACK
6
CONTINUOUS
10
1.1302093700787401
20
0.5237553937007874
11
1.1283346456692913
21
0.5218806299212598
0
LINE
8
BLACK
6
CONTINUOUS
10
1.1283346456692913
20
0.5218806299212598
11
1.1281082677165355
21
0.5216948818897638
0
LINE
8
BLACK
6
CONTINUOUS
10
1.1281082677165355
20
0.5216948818897638
11
1.1280570866141733
21
0.5216358267716535
0
LINE
8
BLACK
6
CONTINUOUS
10
1.1280570866141733
20
0.5216358267716535
11
1.1279681102362205
21
0.521579842519685
0
LINE
8
BLACK
6
CONTINUOUS
10
1.1279681102362205
20
0.521579842519685
11
1.1278871653543308
21
0.5215133858267716
0
LINE
8
BLACK
6
CONTINUOUS
10
1.1278871653543308
20
0.5215133858267716
11
1.1278151968503938
21
0.5214835826771653
0
LINE
8
BLACK
6
CONTINUOUS
10
1.1278151968503938
20
0.5214835826771653
11
1.1275672047244094
21
0.5213274803149606
0
LINE
8
BLACK
6
CONTINUOUS
10
1.1275672047244094
20
0.5213274803149606
11
1.1238176771653543
21
0.519452716535433
0
LINE
8
BLACK
6
CONTINUOUS
10
1.1238176771653543
20
0.519452716535433
11
1.1232770472440945
21
0.5192458267716535
0
LINE
8
BLACK
6
CONTINUOUS
10
1.1232770472440945
20
0.5192458267716535
11
1.1231712204724409
21
0.5192383464566929
0
LINE
8
BLACK
6
CONTINUOUS
10
1.1231712204724409
20
0.5192383464566929
11
1.1230732283464566
21
0.519197716535433
0
LINE
8
BLACK
6
CONTINUOUS
10
1.1230732283464566
20
0.519197716535433
11
1.1224971653543308
21
0.5191409842519685
0
LINE
8
BLACK
6
CONTINUOUS
10
1.1224971653543308
20
0.5191409842519685
11
1.1149981102362205
21
0.5191409842519685
0
LINE
8
BLACK
6
CONTINUOUS
10
1.1149981102362205
20
0.5191409842519685
11
1.1144220472440944
21
0.519197716535433
0
LINE
8
BLACK
6
CONTINUOUS
10
1.1144220472440944
20
0.519197716535433
11
1.1143240551181102
21
0.5192383070866141
0
LINE
8
BLACK
6
CONTINUOUS
10
1.1143240551181102
20
0.5192383070866141
11
1.114218188976378
21
0.5192458267716535
0
LINE
8
BLACK
6
CONTINUOUS
10
1.114218188976378
20
0.5192458267716535
11
1.1136775984251968
21
0.519452716535433
0
LINE
8
BLACK
6
CONTINUOUS
10
1.1136775984251968
20
0.519452716535433
11
1.1099280708661416
21
0.5213274803149606
0
LINE
8
BLACK
6
CONTINUOUS
10
1.1099280708661416
20
0.5213274803149606
11
1.1096800393700788
21
0.5214835826771653
0
LINE
8
BLACK
6
CONTINUOUS
10
1.1096800393700788
20
0.5214835826771653
11
1.1096081102362205
21
0.5215133858267716
0
LINE
8
BLACK
6
CONTINUOUS
10
1.1096081102362205
20
0.5215133858267716
11
1.1095271259842518
21
0.521579842519685
0
LINE
8
BLACK
6
CONTINUOUS
10
1.1095271259842518
20
0.521579842519685
11
1.109438188976378
21
0.5216358267716535
0
LINE
8
BLACK
6
CONTINUOUS
10
1.109438188976378
20
0.5216358267716535
11
1.109386968503937
21
0.5216948818897638
0
LINE
8
BLACK
6
CONTINUOUS
10
1.109386968503937
20
0.5216948818897638
11
1.1091606299212597
21
0.5218806299212598
0
LINE
8
BLACK
6
CONTINUOUS
10
1.1091606299212597
20
0.5218806299212598
11
1.1072858661417322
21
0.5237554330708661
0
LINE
8
BLACK
6
CONTINUOUS
10
1.1072858661417322
20
0.5237554330708661
11
1.1071001181102362
21
0.5239817716535433
0
LINE
8
BLACK
6
CONTINUOUS
10
1.1071001181102362
20
0.5239817716535433
11
1.1070411417322834
21
0.5240329133858268
0
LINE
8
BLACK
6
CONTINUOUS
10
1.1070411417322834
20
0.5240329133858268
11
1.1069851574803149
21
0.5241218503937007
0
LINE
8
BLACK
6
CONTINUOUS
10
1.1069851574803149
20
0.5241218503937007
11
1.1069186614173228
21
0.5242028740157481
0
LINE
8
BLACK
6
CONTINUOUS
10
1.1069186614173228
20
0.5242028740157481
11
1.1068888188976378
21
0.5242749212598425
0
LINE
8
BLACK
6
CONTINUOUS
10
1.1068888188976378
20
0.5242749212598425
11
1.1067327952755905
21
0.5245227952755905
0
LINE
8
BLACK
6
CONTINUOUS
10
1.1067327952755905
20
0.5245227952755905
11
1.104858031496063
21
0.5282723228346456
0
LINE
8
BLACK
6
CONTINUOUS
10
1.104858031496063
20
0.5282723228346456
11
1.1046511417322835
21
0.5288129527559055
0
LINE
8
BLACK
6
CONTINUOUS
10
1.1046511417322835
20
0.5288129527559055
11
1.104643622047244
21
0.5289187795275591
0
LINE
8
BLACK
6
CONTINUOUS
10
1.104643622047244
20
0.5289187795275591
11
1.1046030314960629
21
0.5290167716535433
0
LINE
8
BLACK
6
CONTINUOUS
10
1.1046030314960629
20
0.5290167716535433
11
1.1045462992125985
21
0.5295928346456693
0
LINE
8
BLACK
6
CONTINUOUS
10
1.1045462992125985
20
0.5295928346456693
11
1.1045462992125985
21
0.5614638188976377
0
LINE
8
BLACK
6
CONTINUOUS
10
1.1045462992125985
20
0.5614638188976377
11
1.1046030314960629
21
0.5620398818897637
0
LINE
8
BLACK
6
CONTINUOUS
10
1.1046030314960629
20
0.5620398818897637
11
1.105043937007874
21
0.5631042913385826
0
LINE
8
BLACK
6
CONTINUOUS
10
1.105043937007874
20
0.5631042913385826
11
1.1058585826771654
21
0.563918937007874
0
LINE
8
BLACK
6
CONTINUOUS
10
1.1058585826771654
20
0.563918937007874
11
1.1069229921259842
21
0.5643598425196851
0
LINE
8
BLACK
6
CONTINUOUS
10
1.1069229921259842
20
0.5643598425196851
11
1.1080751181102362
21
0.5643598425196851
0
LINE
8
BLACK
6
CONTINUOUS
10
1.1080751181102362
20
0.5643598425196851
11
1.109139527559055
21
0.563918937007874
0
LINE
8
BLACK
6
CONTINUOUS
10
0.5984823228346456
20
0.5557025590551181
11
0.5995467322834646
21
0.555261653543307
0
LINE
8
BLACK
6
CONTINUOUS
10
0.5995467322834646
20
0.555261653543307
11
0.6003613779527559
21
0.5544470078740157
0
LINE
8
BLACK
6
CONTINUOUS
10
0.6003613779527559
20
0.5544470078740157
11
0.6008022834645669
21
0.5533825984251969
0
LINE
8
BLACK
6
CONTINUOUS
10
0.6008022834645669
20
0.5533825984251969
11
0.6008022834645669
21
0.5522304724409449
0
LINE
8
BLACK
6
CONTINUOUS
10
0.6008022834645669
20
0.5522304724409449
11
0.6003613779527559
21
0.551166062992126
0
LINE
8
BLACK
6
CONTINUOUS
10
0.6003613779527559
20
0.551166062992126
11
0.5995467322834646
21
0.5503514173228347
0
LINE
8
BLACK
6
CONTINUOUS
10
0.5995467322834646
20
0.5503514173228347
11
0.5984823228346456
21
0.5499105118110236
0
LINE
8
BLACK
6
CONTINUOUS
10
0.5984823228346456
20
0.5499105118110236
11
0.5979062598425197
21
0.5498537795275591
0
LINE
8
BLACK
6
CONTINUOUS
10
0.5979062598425197
20
0.5498537795275591
11
0.5821113385826772
21
0.5498537795275591
0
LINE
8
BLACK
6
CONTINUOUS
10
0.5821113385826772
20
0.5498537795275591
11
0.5821113385826772
21
0.5449701181102362
0
LINE
8
BLACK
6
CONTINUOUS
10
0.5821113385826772
20
0.5449701181102362
11
0.5995995669291339
21
0.5327283464566929
0
LINE
8
BLACK
6
CONTINUOUS
10
0.5995995669291339
20
0.5327283464566929
11
0.600038937007874
21
0.5323515354330709
0
LINE
8
BLACK
6
CONTINUOUS
10
0.600038937007874
20
0.5323515354330709
11
0.6006581102362205
21
0.5313799212598425
0
LINE
8
BLACK
6
CONTINUOUS
10
0.6006581102362205
20
0.5313799212598425
11
0.6008583464566929
21
0.5302453937007874
0
LINE
8
BLACK
6
CONTINUOUS
10
0.6008583464566929
20
0.5302453937007874
11
0.6006091338582678
21
0.5291205511811023
0
LINE
8
BLACK
6
CONTINUOUS
10
0.6006091338582678
20
0.5291205511811023
11
0.5999484251968504
21
0.5281766929133859
0
LINE
8
BLACK
6
CONTINUOUS
10
0.5999484251968504
20
0.5281766929133859
11
0.5989768503937007
21
0.5275575196850394
0
LINE
8
BLACK
6
CONTINUOUS
10
0.5989768503937007
20
0.5275575196850394
11
0.5978422834645669
21
0.5273573228346456
0
LINE
8
BLACK
6
CONTINUOUS
10
0.5978422834645669
20
0.5273573228346456
11
0.5967174409448819
21
0.5276064960629921
0
LINE
8
BLACK
6
CONTINUOUS
10
0.5967174409448819
20
0.5276064960629921
11
0.5962129921259842
21
0.5278903543307086
0
LINE
8
BLACK
6
CONTINUOUS
10
0.5962129921259842
20
0.5278903543307086
11
0.5821070078740157
21
0.5377645275590551
0
LINE
8
BLACK
6
CONTINUOUS
10
0.5821070078740157
20
0.5377645275590551
11
0.5820546062992126
21
0.5372323622047244
0
LINE
8
BLACK
6
CONTINUOUS
10
0.5820546062992126
20
0.5372323622047244
11
0.5820140157480315
21
0.5371344094488189
0
LINE
8
BLACK
6
CONTINUOUS
10
0.5820140157480315
20
0.5371344094488189
11
0.5820064960629922
21
0.5370285039370079
0
LINE
8
BLACK
6
CONTINUOUS
10
0.5820064960629922
20
0.5370285039370079
11
0.5817996062992126
21
0.5364879133858268
0
LINE
8
BLACK
6
CONTINUOUS
10
0.5817996062992126
20
0.5364879133858268
11
0.579924842519685
21
0.5327383858267717
0
LINE
8
BLACK
6
CONTINUOUS
10
0.579924842519685
20
0.5327383858267717
11
0.5797687401574803
21
0.5324903937007874
0
LINE
8
BLACK
6
CONTINUOUS
10
0.5797687401574803
20
0.5324903937007874
11
0.579738937007874
21
0.5324184251968503
0
LINE
8
BLACK
6
CONTINUOUS
10
0.579738937007874
20
0.5324184251968503
11
0.5796724409448819
21
0.5323374803149606
0
LINE
8
BLACK
6
CONTINUOUS
10
0.5796724409448819
20
0.5323374803149606
11
0.5796164960629921
21
0.5322485039370078
0
LINE
8
BLACK
6
CONTINUOUS
10
0.5796164960629921
20
0.5322485039370078
11
0.5795574803149606
21
0.5321973622047244
0
LINE
8
BLACK
6
CONTINUOUS
10
0.5795574803149606
20
0.5321973622047244
11
0.5793717322834645
21
0.5319709842519685
0
LINE
8
BLACK
6
CONTINUOUS
10
0.5793717322834645
20
0.5319709842519685
11
0.5774969685039369
21
0.530096220472441
0
LINE
8
BLACK
6
CONTINUOUS
10
0.5774969685039369
20
0.530096220472441
11
0.5772705905511811
21
0.5299104724409449
0
LINE
8
BLACK
6
CONTINUOUS
10
0.5772705905511811
20
0.5299104724409449
11
0.5772194488188976
21
0.5298514566929133
0
LINE
8
BLACK
6
CONTINUOUS
10
0.5772194488188976
20
0.5298514566929133
11
0.5771304724409448
21
0.5297955118110236
0
LINE
8
BLACK
6
CONTINUOUS
10
0.5771304724409448
20
0.5297955118110236
11
0.5770495275590551
21
0.5297290157480314
0
LINE
8
BLACK
6
CONTINUOUS
10
0.5770495275590551
20
0.5297290157480314
11
0.576977559055118
21
0.5296992125984252
0
LINE
8
BLACK
6
CONTINUOUS
10
0.576977559055118
20
0.5296992125984252
11
0.5767295669291338
21
0.5295431102362205
0
LINE
8
BLACK
6
CONTINUOUS
10
0.5767295669291338
20
0.5295431102362205
11
0.5729800393700787
21
0.5276683464566929
0
LINE
8
BLACK
6
CONTINUOUS
10
0.5729800393700787
20
0.5276683464566929
11
0.5724394094488189
21
0.5274614566929133
0
LINE
8
BLACK
6
CONTINUOUS
10
0.5724394094488189
20
0.5274614566929133
11
0.5723335826771654
21
0.5274539763779528
0
LINE
8
BLACK
6
CONTINUOUS
10
0.5723335826771654
20
0.5274539763779528
11
0.5722355905511811
21
0.5274133464566929
0
LINE
8
BLACK
6
CONTINUOUS
10
0.5722355905511811
20
0.5274133464566929
11
0.5716595275590551
21
0.5273566141732283
0
LINE
8
BLACK
6
CONTINUOUS
10
0.5716595275590551
20
0.5273566141732283
11
0.5660352362204725
21
0.5273566141732283
0
LINE
8
BLACK
6
CONTINUOUS
10
0.5660352362204725
20
0.5273566141732283
11
0.5654591732283465
21
0.5274133464566929
0
LINE
8
BLACK
6
CONTINUOUS
10
0.5654591732283465
20
0.5274133464566929
11
0.5653611811023622
21
0.527453937007874
0
LINE
8
BLACK
6
CONTINUOUS
10
0.5653611811023622
20
0.527453937007874
11
0.5652553149606299
21
0.5274614566929133
0
LINE
8
BLACK
6
CONTINUOUS
10
0.5652553149606299
20
0.5274614566929133
11
0.5647147244094488
21
0.5276683464566929
0
LINE
8
BLACK
6
CONTINUOUS
10
0.5647147244094488
20
0.5276683464566929
11
0.5609651968503937
21
0.5295431102362205
0
LINE
8
BLACK
6
CONTINUOUS
10
0.5609651968503937
20
0.5295431102362205
11
0.5607171653543307
21
0.5296992125984252
0
LINE
8
BLACK
6
CONTINUOUS
10
0.5607171653543307
20
0.5296992125984252
11
0.5606452362204725
21
0.5297290157480314
0
LINE
8
BLACK
6
CONTINUOUS
10
0.5606452362204725
20
0.5297290157480314
11
0.5605642519685039
21
0.5297955118110236
0
LINE
8
BLACK
6
CONTINUOUS
10
0.5605642519685039
20
0.5297955118110236
11
0.5604753149606299
21
0.5298514566929133
0
LINE
8
BLACK
6
CONTINUOUS
10
0.5604753149606299
20
0.5298514566929133
11
0.5604241338582677
21
0.5299104724409449
0
LINE
8
BLACK
6
CONTINUOUS
10
0.5604241338582677
20
0.5299104724409449
11
0.5601977952755905
21
0.530096220472441
0
LINE
8
BLACK
6
CONTINUOUS
10
0.5601977952755905
20
0.530096220472441
11
0.558323031496063
21
0.5319709842519685
0
LINE
8
BLACK
6
CONTINUOUS
10
0.558323031496063
20
0.5319709842519685
11
0.5581372440944882
21
0.5321973622047244
0
LINE
8
BLACK
6
CONTINUOUS
10
0.5581372440944882
20
0.5321973622047244
11
0.5580782677165355
21
0.5322485039370078
0
LINE
8
BLACK
6
CONTINUOUS
10
0.5580782677165355
20
0.5322485039370078
11
0.5580222834645669
21
0.5323374803149606
0
LINE
8
BLACK
6
CONTINUOUS
10
0.5580222834645669
20
0.5323374803149606
11
0.5579558267716536
21
0.5324184251968503
0
LINE
8
BLACK
6
CONTINUOUS
10
0.5579558267716536
20
0.5324184251968503
11
0.5579259842519685
21
0.5324903937007874
0
LINE
8
BLACK
6
CONTINUOUS
10
0.5579259842519685
20
0.5324903937007874
11
0.5577699212598425
21
0.5327383858267717
0
LINE
8
BLACK
6
CONTINUOUS
10
0.5577699212598425
20
0.5327383858267717
11
0.5558951574803149
21
0.5364879133858268
0
LINE
8
BLACK
6
CONTINUOUS
10
0.5558951574803149
20
0.5364879133858268
11
0.5556882677165355
21
0.5370285433070866
0
LINE
8
BLACK
6
CONTINUOUS
10
0.5556882677165355
20
0.5370285433070866
11
0.555680748031496
21
0.5371343700787401
0
LINE
8
BLACK
6
CONTINUOUS
10
0.555680748031496
20
0.5371343700787401
11
0.5556401574803149
21
0.5372323622047244
0
LINE
8
BLACK
6
CONTINUOUS
10
0.5556401574803149
20
0.5372323622047244
11
0.5555834251968503
21
0.5378084251968503
0
LINE
8
BLACK
6
CONTINUOUS
10
0.5555834251968503
20
0.5378084251968503
11
0.5555834251968503
21
0.5528065354330709
0
LINE
8
BLACK
6
CONTINUOUS
10
0.5555834251968503
20
0.5528065354330709
11
0.5556401574803149
21
0.5533825984251969
0
LINE
8
BLACK
6
CONTINUOUS
10
0.5556401574803149
20
0.5533825984251969
11
0.556081062992126
21
0.5544470078740157
0
LINE
8
BLACK
6
CONTINUOUS
10
0.556081062992126
20
0.5544470078740157
11
0.5568957086614174
21
0.555261653543307
0
LINE
8
BLACK
6
CONTINUOUS
10
0.5568957086614174
20
0.555261653543307
11
0.5579601181102362
21
0.5557025590551181
0
LINE
8
BLACK
6
CONTINUOUS
10
0.5579601181102362
20
0.5557025590551181
11
0.5585361811023621
21
0.5557592913385827
0
LINE
8
BLACK
6
CONTINUOUS
10
0.5585361811023621
20
0.5557592913385827
11
0.5979062598425197
21
0.5557592913385827
0
LINE
8
BLACK
6
CONTINUOUS
10
0.5979062598425197
20
0.5557592913385827
11
0.5984823228346456
21
0.5557025590551181
0
LINE
8
BLACK
6
CONTINUOUS
10
0.5614889370078741
20
0.5385054724409448
11
0.5628376771653543
21
0.5358079921259843
0
LINE
8
BLACK
6
CONTINUOUS
10
0.5628376771653543
20
0.5358079921259843
11
0.5640348031496063
21
0.5346108661417323
0
LINE
8
BLACK
6
CONTINUOUS
10
0.5640348031496063
20
0.5346108661417323
11
0.5667322834645669
21
0.5332621259842519
0
LINE
8
BLACK
6
CONTINUOUS
10
0.5667322834645669
20
0.5332621259842519
11
0.5709624803149607
21
0.5332621259842519
0
LINE
8
BLACK
6
CONTINUOUS
10
0.5709624803149607
20
0.5332621259842519
11
0.5736599606299212
21
0.5346108661417323
0
LINE
8
BLACK
6
CONTINUOUS
10
0.5736599606299212
20
0.5346108661417323
11
0.5748570866141732
21
0.5358079921259843
0
LINE
8
BLACK
6
CONTINUOUS
10
0.5748570866141732
20
0.5358079921259843
11
0.5762058267716536
21
0.5385054724409448
0
LINE
8
BLACK
6
CONTINUOUS
10
0.5762058267716536
20
0.5385054724409448
11
0.5762058267716536
21
0.5498537795275591
0
LINE
8
BLACK
6
CONTINUOUS
10
0.5762058267716536
20
0.5498537795275591
11
0.5614889370078741
21
0.5498537795275591
0
LINE
8
BLACK
6
CONTINUOUS
10
0.5614889370078741
20
0.5498537795275591
11
0.5614889370078741
21
0.5385054724409448
0
CIRCLE
8
BLACK
10
0.4921259842519685
20
0.5905511811023622
40
0.0068897637795276
0
CIRCLE
8
BLACK
10
0.4921259842519685
20
0.
40
0.0068897637795276
0
CIRCLE
8
BLACK
10
0.0984251968503937
20
0.5905511811023622
40
0.0068897637795276
0
CIRCLE
8
BLACK
10
0.8858267716535433
20
0.
40
0.0068897637795276
0
CIRCLE
8
BLACK
10
0.8858267716535433
20
0.5905511811023622
40
0.0068897637795276
0
CIRCLE
8
BLACK
10
0.0984251968503937
20
0.
40
0.0068897637795276
  0
ENDSEC
  0
EOF
