  0
SECTION
  2
HEADER
  9
$ANGBASE
  50
0.0
  9
$ANGDIR
  70
1
  9
$MEASUREMENT
  70
0
  0
ENDSEC
  0
SECTION
  2
TABLES
  0
TABLE
  2
LTYPE
  70
4
  0
LTYPE
  5
40F
  2
CONTINUOUS
  70
0
  3
Solid line
  72
65
  73
0
  40
0.0
  0
LTYPE
  5
410
  2
DASHDOT
 70
0
  3
Dash Dot ____ _ ____ _
 72
65
 73
4
 40
2.0
 49
1.25
 49
-0.25
 49
0.25
 49
-0.25
  0
LTYPE
  5
411
  2
DASHED
 70
0
  3
Dashed __ __ __ __ __
 72
65
 73
2
 40
0.75
 49
0.5
 49
-0.25
  0
LTYPE
  5
43B
  2
DOTTED
 70
0
  3
Dotted .  .  .  .
 72
65
 73
2
 40
0.2
 49
0.0
 49
-0.2
  0
ENDTAB
  0
TABLE
  2
STYLE
  70
4
  0
STYLE
  2
KICAD
  70
0
  40
0
  41
1
  42
1
  50
0
  71
0
  3
isocp.shx
  0
STYLE
  2
KICADB
  70
0
  40
0
  41
1
  42
1
  50
0
  71
0
  3
isocp.shx
  0
STYLE
  2
KICADI
  70
0
  40
0
  41
1
  42
1
  50
15
  71
0
  3
isocp.shx
  0
STYLE
  2
KICADBI
  70
0
  40
0
  41
1
  42
1
  50
15
  71
0
  3
isocp.shx
  0
ENDTAB
  0
TABLE
  2
LAYER
  70
1
  0
LAYER
  2
BLACK
  70
0
  62
7
  6
CONTINUOUS
  0
ENDTAB
  0
ENDSEC
  0
SECTION
  2
ENTITIES
0
LINE
8
BLACK
6
CONTINUOUS
10
0.8531425196850394
20
0.1686544881889764
11
0.8558566929133858
21
0.1668409448818897
0
LINE
8
BLACK
6
CONTINUOUS
10
0.8558566929133858
20
0.1668409448818897
11
0.8576702362204724
21
0.1641267716535433
0
LINE
8
BLACK
6
CONTINUOUS
10
0.8576702362204724
20
0.1641267716535433
11
0.8583070866141732
21
0.1609251968503937
0
LINE
8
BLACK
6
CONTINUOUS
10
0.8583070866141732
20
0.1609251968503937
11
0.8583070866141732
21
0.1028543307086614
0
LINE
8
BLACK
6
CONTINUOUS
10
0.8583070866141732
20
0.1028543307086614
11
0.8576702362204724
21
0.0996527559055118
0
LINE
8
BLACK
6
CONTINUOUS
10
0.8576702362204724
20
0.0996527559055118
11
0.8558566929133858
21
0.0969385826771653
0
LINE
8
BLACK
6
CONTINUOUS
10
0.8558566929133858
20
0.0969385826771653
11
0.8531425196850394
21
0.0951250393700787
0
LINE
8
BLACK
6
CONTINUOUS
10
0.8531425196850394
20
0.0951250393700787
11
0.8499409448818898
21
0.094488188976378
0
LINE
8
BLACK
6
CONTINUOUS
10
0.8499409448818898
20
0.094488188976378
11
0.8332086614173229
21
0.094488188976378
0
LINE
8
BLACK
6
CONTINUOUS
10
0.8332086614173229
20
0.094488188976378
11
0.8300070866141732
21
0.0951250393700787
0
LINE
8
BLACK
6
CONTINUOUS
10
0.8300070866141732
20
0.0951250393700787
11
0.8272929133858268
21
0.0969385826771653
0
LINE
8
BLACK
6
CONTINUOUS
10
0.8272929133858268
20
0.0969385826771653
11
0.8254793700787402
21
0.0996527559055118
0
LINE
8
BLACK
6
CONTINUOUS
10
0.8254793700787402
20
0.0996527559055118
11
0.8248425196850393
21
0.1028543307086614
0
LINE
8
BLACK
6
CONTINUOUS
10
0.8248425196850393
20
0.1028543307086614
11
0.8248425196850393
21
0.1609251968503937
0
LINE
8
BLACK
6
CONTINUOUS
10
0.8248425196850393
20
0.1609251968503937
11
0.8254793700787402
21
0.1641267716535433
0
LINE
8
BLACK
6
CONTINUOUS
10
0.8254793700787402
20
0.1641267716535433
11
0.8272929133858268
21
0.1668409448818897
0
LINE
8
BLACK
6
CONTINUOUS
10
0.8272929133858268
20
0.1668409448818897
11
0.8300070866141732
21
0.1686544881889764
0
LINE
8
BLACK
6
CONTINUOUS
10
0.8300070866141732
20
0.1686544881889764
11
0.8332086614173229
21
0.1692913385826772
0
LINE
8
BLACK
6
CONTINUOUS
10
0.8332086614173229
20
0.1692913385826772
11
0.8499409448818898
21
0.1692913385826772
0
LINE
8
BLACK
6
CONTINUOUS
10
0.8499409448818898
20
0.1692913385826772
11
0.8531425196850394
21
0.1686544881889764
0
LINE
8
BLACK
6
CONTINUOUS
10
0.9023551181102362
20
0.1686544881889764
11
0.9050692913385826
21
0.1668409448818897
0
LINE
8
BLACK
6
CONTINUOUS
10
0.9050692913385826
20
0.1668409448818897
11
0.9068828346456693
21
0.1641267716535433
0
LINE
8
BLACK
6
CONTINUOUS
10
0.9068828346456693
20
0.1641267716535433
11
0.9075196850393701
21
0.1609251968503937
0
LINE
8
BLACK
6
CONTINUOUS
10
0.9075196850393701
20
0.1609251968503937
11
0.9075196850393701
21
0.1028543307086614
0
LINE
8
BLACK
6
CONTINUOUS
10
0.9075196850393701
20
0.1028543307086614
11
0.9068828346456693
21
0.0996527559055118
0
LINE
8
BLACK
6
CONTINUOUS
10
0.9068828346456693
20
0.0996527559055118
11
0.9050692913385826
21
0.0969385826771653
0
LINE
8
BLACK
6
CONTINUOUS
10
0.9050692913385826
20
0.0969385826771653
11
0.9023551181102362
21
0.0951250393700787
0
LINE
8
BLACK
6
CONTINUOUS
10
0.9023551181102362
20
0.0951250393700787
11
0.8991535433070866
21
0.094488188976378
0
LINE
8
BLACK
6
CONTINUOUS
10
0.8991535433070866
20
0.094488188976378
11
0.8824212598425196
21
0.094488188976378
0
LINE
8
BLACK
6
CONTINUOUS
10
0.8824212598425196
20
0.094488188976378
11
0.8792196850393701
21
0.0951250393700787
0
LINE
8
BLACK
6
CONTINUOUS
10
0.8792196850393701
20
0.0951250393700787
11
0.8765055118110237
21
0.0969385826771653
0
LINE
8
BLACK
6
CONTINUOUS
10
0.8765055118110237
20
0.0969385826771653
11
0.8746919685039369
21
0.0996527559055118
0
LINE
8
BLACK
6
CONTINUOUS
10
0.8746919685039369
20
0.0996527559055118
11
0.8740551181102362
21
0.1028543307086614
0
LINE
8
BLACK
6
CONTINUOUS
10
0.8740551181102362
20
0.1028543307086614
11
0.8740551181102362
21
0.1609251968503937
0
LINE
8
BLACK
6
CONTINUOUS
10
0.8740551181102362
20
0.1609251968503937
11
0.8746919685039369
21
0.1641267716535433
0
LINE
8
BLACK
6
CONTINUOUS
10
0.8746919685039369
20
0.1641267716535433
11
0.8765055118110237
21
0.1668409448818897
0
LINE
8
BLACK
6
CONTINUOUS
10
0.8765055118110237
20
0.1668409448818897
11
0.8792196850393701
21
0.1686544881889764
0
LINE
8
BLACK
6
CONTINUOUS
10
0.8792196850393701
20
0.1686544881889764
11
0.8824212598425196
21
0.1692913385826772
0
LINE
8
BLACK
6
CONTINUOUS
10
0.8824212598425196
20
0.1692913385826772
11
0.8991535433070866
21
0.1692913385826772
0
LINE
8
BLACK
6
CONTINUOUS
10
0.8991535433070866
20
0.1692913385826772
11
0.9023551181102362
21
0.1686544881889764
0
LINE
8
BLACK
6
CONTINUOUS
10
0.951567716535433
20
0.1686544881889764
11
0.9542818897637795
21
0.1668409448818897
0
LINE
8
BLACK
6
CONTINUOUS
10
0.9542818897637795
20
0.1668409448818897
11
0.9560954330708661
21
0.1641267716535433
0
LINE
8
BLACK
6
CONTINUOUS
10
0.9560954330708661
20
0.1641267716535433
11
0.956732283464567
21
0.1609251968503937
0
LINE
8
BLACK
6
CONTINUOUS
10
0.956732283464567
20
0.1609251968503937
11
0.956732283464567
21
0.1028543307086614
0
LINE
8
BLACK
6
CONTINUOUS
10
0.956732283464567
20
0.1028543307086614
11
0.9560954330708661
21
0.0996527559055118
0
LINE
8
BLACK
6
CONTINUOUS
10
0.9560954330708661
20
0.0996527559055118
11
0.9542818897637795
21
0.0969385826771653
0
LINE
8
BLACK
6
CONTINUOUS
10
0.9542818897637795
20
0.0969385826771653
11
0.951567716535433
21
0.0951250393700787
0
LINE
8
BLACK
6
CONTINUOUS
10
0.951567716535433
20
0.0951250393700787
11
0.9483661417322834
21
0.094488188976378
0
LINE
8
BLACK
6
CONTINUOUS
10
0.9483661417322834
20
0.094488188976378
11
0.9316338582677165
21
0.094488188976378
0
LINE
8
BLACK
6
CONTINUOUS
10
0.9316338582677165
20
0.094488188976378
11
0.9284322834645669
21
0.0951250393700787
0
LINE
8
BLACK
6
CONTINUOUS
10
0.9284322834645669
20
0.0951250393700787
11
0.9257181102362204
21
0.0969385826771653
0
LINE
8
BLACK
6
CONTINUOUS
10
0.9257181102362204
20
0.0969385826771653
11
0.9239045669291338
21
0.0996527559055118
0
LINE
8
BLACK
6
CONTINUOUS
10
0.9239045669291338
20
0.0996527559055118
11
0.923267716535433
21
0.1028543307086614
0
LINE
8
BLACK
6
CONTINUOUS
10
0.923267716535433
20
0.1028543307086614
11
0.923267716535433
21
0.1609251968503937
0
LINE
8
BLACK
6
CONTINUOUS
10
0.923267716535433
20
0.1609251968503937
11
0.9239045669291338
21
0.1641267716535433
0
LINE
8
BLACK
6
CONTINUOUS
10
0.9239045669291338
20
0.1641267716535433
11
0.9257181102362204
21
0.1668409448818897
0
LINE
8
BLACK
6
CONTINUOUS
10
0.9257181102362204
20
0.1668409448818897
11
0.9284322834645669
21
0.1686544881889764
0
LINE
8
BLACK
6
CONTINUOUS
10
0.9284322834645669
20
0.1686544881889764
11
0.9316338582677165
21
0.1692913385826772
0
LINE
8
BLACK
6
CONTINUOUS
10
0.9316338582677165
20
0.1692913385826772
11
0.9483661417322834
21
0.1692913385826772
0
LINE
8
BLACK
6
CONTINUOUS
10
0.9483661417322834
20
0.1692913385826772
11
0.951567716535433
21
0.1686544881889764
0
LINE
8
BLACK
6
CONTINUOUS
10
1.0007803149606298
20
0.1686544881889764
11
1.0034944881889765
21
0.1668409448818897
0
LINE
8
BLACK
6
CONTINUOUS
10
1.0034944881889765
20
0.1668409448818897
11
1.005308031496063
21
0.1641267716535433
0
LINE
8
BLACK
6
CONTINUOUS
10
1.005308031496063
20
0.1641267716535433
11
1.0059448818897638
21
0.1609251968503937
0
LINE
8
BLACK
6
CONTINUOUS
10
1.0059448818897638
20
0.1609251968503937
11
1.0059448818897638
21
0.1028543307086614
0
LINE
8
BLACK
6
CONTINUOUS
10
1.0059448818897638
20
0.1028543307086614
11
1.005308031496063
21
0.0996527559055118
0
LINE
8
BLACK
6
CONTINUOUS
10
1.005308031496063
20
0.0996527559055118
11
1.0034944881889765
21
0.0969385826771653
0
LINE
8
BLACK
6
CONTINUOUS
10
1.0034944881889765
20
0.0969385826771653
11
1.0007803149606298
21
0.0951250393700787
0
LINE
8
BLACK
6
CONTINUOUS
10
1.0007803149606298
20
0.0951250393700787
11
0.9975787401574803
21
0.094488188976378
0
LINE
8
BLACK
6
CONTINUOUS
10
0.9975787401574803
20
0.094488188976378
11
0.9808464566929134
21
0.094488188976378
0
LINE
8
BLACK
6
CONTINUOUS
10
0.9808464566929134
20
0.094488188976378
11
0.9776448818897637
21
0.0951250393700787
0
LINE
8
BLACK
6
CONTINUOUS
10
0.9776448818897637
20
0.0951250393700787
11
0.9749307086614173
21
0.0969385826771653
0
LINE
8
BLACK
6
CONTINUOUS
10
0.9749307086614173
20
0.0969385826771653
11
0.9731171653543307
21
0.0996527559055118
0
LINE
8
BLACK
6
CONTINUOUS
10
0.9731171653543307
20
0.0996527559055118
11
0.9724803149606299
21
0.1028543307086614
0
LINE
8
BLACK
6
CONTINUOUS
10
0.9724803149606299
20
0.1028543307086614
11
0.9724803149606299
21
0.1609251968503937
0
LINE
8
BLACK
6
CONTINUOUS
10
0.9724803149606299
20
0.1609251968503937
11
0.9731171653543307
21
0.1641267716535433
0
LINE
8
BLACK
6
CONTINUOUS
10
0.9731171653543307
20
0.1641267716535433
11
0.9749307086614173
21
0.1668409448818897
0
LINE
8
BLACK
6
CONTINUOUS
10
0.9749307086614173
20
0.1668409448818897
11
0.9776448818897637
21
0.1686544881889764
0
LINE
8
BLACK
6
CONTINUOUS
10
0.9776448818897637
20
0.1686544881889764
11
0.9808464566929134
21
0.1692913385826772
0
LINE
8
BLACK
6
CONTINUOUS
10
0.9808464566929134
20
0.1692913385826772
11
0.9975787401574803
21
0.1692913385826772
0
LINE
8
BLACK
6
CONTINUOUS
10
0.9975787401574803
20
0.1692913385826772
11
1.0007803149606298
21
0.1686544881889764
0
LINE
8
BLACK
6
CONTINUOUS
10
1.0499929133858268
20
0.1686544881889764
11
1.0527070866141732
21
0.1668409448818897
0
LINE
8
BLACK
6
CONTINUOUS
10
1.0527070866141732
20
0.1668409448818897
11
1.0545206299212597
21
0.1641267716535433
0
LINE
8
BLACK
6
CONTINUOUS
10
1.0545206299212597
20
0.1641267716535433
11
1.0551574803149606
21
0.1609251968503937
0
LINE
8
BLACK
6
CONTINUOUS
10
1.0551574803149606
20
0.1609251968503937
11
1.0551574803149606
21
0.1028543307086614
0
LINE
8
BLACK
6
CONTINUOUS
10
1.0551574803149606
20
0.1028543307086614
11
1.0545206299212597
21
0.0996527559055118
0
LINE
8
BLACK
6
CONTINUOUS
10
1.0545206299212597
20
0.0996527559055118
11
1.0527070866141732
21
0.0969385826771653
0
LINE
8
BLACK
6
CONTINUOUS
10
1.0527070866141732
20
0.0969385826771653
11
1.0499929133858268
21
0.0951250393700787
0
LINE
8
BLACK
6
CONTINUOUS
10
1.0499929133858268
20
0.0951250393700787
11
1.046791338582677
21
0.094488188976378
0
LINE
8
BLACK
6
CONTINUOUS
10
1.046791338582677
20
0.094488188976378
11
1.0300590551181101
21
0.094488188976378
0
LINE
8
BLACK
6
CONTINUOUS
10
1.0300590551181101
20
0.094488188976378
11
1.0268574803149606
21
0.0951250393700787
0
LINE
8
BLACK
6
CONTINUOUS
10
1.0268574803149606
20
0.0951250393700787
11
1.0241433070866142
21
0.0969385826771653
0
LINE
8
BLACK
6
CONTINUOUS
10
1.0241433070866142
20
0.0969385826771653
11
1.0223297637795274
21
0.0996527559055118
0
LINE
8
BLACK
6
CONTINUOUS
10
1.0223297637795274
20
0.0996527559055118
11
1.0216929133858268
21
0.1028543307086614
0
LINE
8
BLACK
6
CONTINUOUS
10
1.0216929133858268
20
0.1028543307086614
11
1.0216929133858268
21
0.1609251968503937
0
LINE
8
BLACK
6
CONTINUOUS
10
1.0216929133858268
20
0.1609251968503937
11
1.0223297637795274
21
0.1641267716535433
0
LINE
8
BLACK
6
CONTINUOUS
10
1.0223297637795274
20
0.1641267716535433
11
1.0241433070866142
21
0.1668409448818897
0
LINE
8
BLACK
6
CONTINUOUS
10
1.0241433070866142
20
0.1668409448818897
11
1.0268574803149606
21
0.1686544881889764
0
LINE
8
BLACK
6
CONTINUOUS
10
1.0268574803149606
20
0.1686544881889764
11
1.0300590551181101
21
0.1692913385826772
0
LINE
8
BLACK
6
CONTINUOUS
10
1.0300590551181101
20
0.1692913385826772
11
1.046791338582677
21
0.1692913385826772
0
LINE
8
BLACK
6
CONTINUOUS
10
1.046791338582677
20
0.1692913385826772
11
1.0499929133858268
21
0.1686544881889764
0
LINE
8
BLACK
6
CONTINUOUS
10
0.3303937007874015
20
0.2624409448818897
11
0.3048031496062992
21
0.2624409448818897
0
LINE
8
BLACK
6
CONTINUOUS
10
0.3048031496062992
20
0.2624409448818897
11
0.3048031496062992
21
0.3041732283464567
0
LINE
8
BLACK
6
CONTINUOUS
10
0.3048031496062992
20
0.3041732283464567
11
0.3303937007874015
21
0.3041732283464567
0
LINE
8
BLACK
6
CONTINUOUS
10
0.3303937007874015
20
0.3041732283464567
11
0.3303937007874015
21
0.2624409448818897
0
LINE
8
BLACK
6
CONTINUOUS
10
0.0342357086614173
20
0.5699931496062992
11
0.0348672440944882
21
0.5690479527559055
0
LINE
8
BLACK
6
CONTINUOUS
10
0.0348672440944882
20
0.5690479527559055
11
0.0348932677165354
21
0.5689851181102362
0
LINE
8
BLACK
6
CONTINUOUS
10
0.0348932677165354
20
0.5689851181102362
11
0.0348933070866142
21
0.568985
0
LINE
8
BLACK
6
CONTINUOUS
10
0.0348933070866142
20
0.568985
11
0.0363324015748031
21
0.5655106692913385
0
LINE
8
BLACK
6
CONTINUOUS
10
0.0363324015748031
20
0.5655106692913385
11
0.0382516141732283
21
0.5608772834645669
0
LINE
8
BLACK
6
CONTINUOUS
10
0.0382516141732283
20
0.5608772834645669
11
0.0382517322834646
21
0.560876968503937
0
LINE
8
BLACK
6
CONTINUOUS
10
0.0382517322834646
20
0.560876968503937
11
0.0426397244094488
21
0.5532767716535433
0
LINE
8
BLACK
6
CONTINUOUS
10
0.0426397244094488
20
0.5532767716535433
11
0.0426398818897638
21
0.5532765354330709
0
LINE
8
BLACK
6
CONTINUOUS
10
0.0426398818897638
20
0.5532765354330709
11
0.0479821653543307
21
0.5463142519685039
0
LINE
8
BLACK
6
CONTINUOUS
10
0.0479821653543307
20
0.5463142519685039
11
0.0541882283464567
21
0.5401081889763779
0
LINE
8
BLACK
6
CONTINUOUS
10
0.0541882283464567
20
0.5401081889763779
11
0.0611505118110236
21
0.534765905511811
0
LINE
8
BLACK
6
CONTINUOUS
10
0.0611505118110236
20
0.534765905511811
11
0.0611507480314961
21
0.534765748031496
0
LINE
8
BLACK
6
CONTINUOUS
10
0.0611507480314961
20
0.534765748031496
11
0.0615241732283465
21
0.534550157480315
0
LINE
8
BLACK
6
CONTINUOUS
10
0.0615241732283465
20
0.534550157480315
11
0.0687509448818898
21
0.5303777559055118
0
LINE
8
BLACK
6
CONTINUOUS
10
0.0687509448818898
20
0.5303777559055118
11
0.0768590157480315
21
0.5270192913385827
0
LINE
8
BLACK
6
CONTINUOUS
10
0.0768590157480315
20
0.5270192913385827
11
0.0853361023622047
21
0.5247478740157481
0
LINE
8
BLACK
6
CONTINUOUS
10
0.0853361023622047
20
0.5247478740157481
11
0.094037125984252
21
0.5236023622047244
0
LINE
8
BLACK
6
CONTINUOUS
10
0.094037125984252
20
0.5236023622047244
11
0.0940372047244094
21
0.5236023622047244
0
LINE
8
BLACK
6
CONTINUOUS
10
0.0940372047244094
20
0.5236023622047244
11
0.102813188976378
21
0.5236023622047244
0
LINE
8
BLACK
6
CONTINUOUS
10
0.102813188976378
20
0.5236023622047244
11
0.1028132677165354
21
0.5236023622047244
0
LINE
8
BLACK
6
CONTINUOUS
10
0.1028132677165354
20
0.5236023622047244
11
0.1115142913385827
21
0.5247478740157481
0
LINE
8
BLACK
6
CONTINUOUS
10
0.1115142913385827
20
0.5247478740157481
11
0.1199913779527559
21
0.5270192913385827
0
LINE
8
BLACK
6
CONTINUOUS
10
0.1199913779527559
20
0.5270192913385827
11
0.1280994488188976
21
0.5303777559055118
0
LINE
8
BLACK
6
CONTINUOUS
10
0.1280994488188976
20
0.5303777559055118
11
0.1356997637795276
21
0.5347658267716535
0
LINE
8
BLACK
6
CONTINUOUS
10
0.1356997637795276
20
0.5347658267716535
11
0.1411640157480315
21
0.5389586614173228
0
LINE
8
BLACK
6
CONTINUOUS
10
0.1411640157480315
20
0.5389586614173228
11
0.142662125984252
21
0.5401081889763779
0
LINE
8
BLACK
6
CONTINUOUS
10
0.142662125984252
20
0.5401081889763779
11
0.1426621653543307
21
0.5401082677165354
0
LINE
8
BLACK
6
CONTINUOUS
10
0.1426621653543307
20
0.5401082677165354
11
0.1426623622047244
21
0.5401083858267717
0
LINE
8
BLACK
6
CONTINUOUS
10
0.1426623622047244
20
0.5401083858267717
11
0.1488679921259843
21
0.5463140157480315
0
LINE
8
BLACK
6
CONTINUOUS
10
0.1488679921259843
20
0.5463140157480315
11
0.1505934645669291
21
0.5485626771653543
0
LINE
8
BLACK
6
CONTINUOUS
10
0.1505934645669291
20
0.5485626771653543
11
0.1542104724409449
21
0.5532765354330709
0
LINE
8
BLACK
6
CONTINUOUS
10
0.1542104724409449
20
0.5532765354330709
11
0.1542105511811024
21
0.5532766141732284
0
LINE
8
BLACK
6
CONTINUOUS
10
0.1542105511811024
20
0.5532766141732284
11
0.1585986220472441
21
0.5608769291338582
0
LINE
8
BLACK
6
CONTINUOUS
10
0.1585986220472441
20
0.5608769291338582
11
0.1619570866141732
21
0.568985
0
LINE
8
BLACK
6
CONTINUOUS
10
0.1619570866141732
20
0.568985
11
0.1619570866141732
21
0.5689851181102362
0
LINE
8
BLACK
6
CONTINUOUS
10
0.1619570866141732
20
0.5689851181102362
11
0.1619831496062992
21
0.5690479527559055
0
LINE
8
BLACK
6
CONTINUOUS
10
0.1619831496062992
20
0.5690479527559055
11
0.163559842519685
21
0.57062468503937
0
LINE
8
BLACK
6
CONTINUOUS
10
0.163559842519685
20
0.57062468503937
11
0.1646747637795276
21
0.5708464566929133
0
LINE
8
BLACK
6
CONTINUOUS
10
0.1646747637795276
20
0.5708464566929133
11
0.2839263385826772
21
0.5708464566929133
0
LINE
8
BLACK
6
CONTINUOUS
10
0.2839263385826772
20
0.5708464566929133
11
0.2859864173228346
21
0.5699931496062992
0
LINE
8
BLACK
6
CONTINUOUS
10
0.2859864173228346
20
0.5699931496062992
11
0.2868397244094488
21
0.5679330708661418
0
LINE
8
BLACK
6
CONTINUOUS
10
0.2868397244094488
20
0.5679330708661418
11
0.2859864173228346
21
0.5658729921259842
0
LINE
8
BLACK
6
CONTINUOUS
10
0.2859864173228346
20
0.5658729921259842
11
0.2855449212598425
21
0.5655106692913385
0
LINE
8
BLACK
6
CONTINUOUS
10
0.2855449212598425
20
0.5655106692913385
11
0.2830594881889764
21
0.56385
0
LINE
8
BLACK
6
CONTINUOUS
10
0.2830594881889764
20
0.56385
11
0.2830594488188976
21
0.5638499212598425
0
LINE
8
BLACK
6
CONTINUOUS
10
0.2830594488188976
20
0.5638499212598425
11
0.2786697637795276
21
0.5594602362204725
0
LINE
8
BLACK
6
CONTINUOUS
10
0.2786697637795276
20
0.5594602362204725
11
0.2786696850393701
21
0.5594601968503937
0
LINE
8
BLACK
6
CONTINUOUS
10
0.2786696850393701
20
0.5594601968503937
11
0.2752205905511811
21
0.5542982283464567
0
LINE
8
BLACK
6
CONTINUOUS
10
0.2752205905511811
20
0.5542982283464567
11
0.2738672440944882
21
0.5510307874015747
0
LINE
8
BLACK
6
CONTINUOUS
10
0.2738672440944882
20
0.5510307874015747
11
0.2722905511811023
21
0.5494540551181102
0
LINE
8
BLACK
6
CONTINUOUS
10
0.2722905511811023
20
0.5494540551181102
11
0.2711756299212598
21
0.5492322834645669
0
LINE
8
BLACK
6
CONTINUOUS
10
0.2711756299212598
20
0.5492322834645669
11
0.2443627952755905
21
0.5492322834645669
0
LINE
8
BLACK
6
CONTINUOUS
10
0.2443627952755905
20
0.5492322834645669
11
0.2415531496062992
21
0.5488229133858268
0
LINE
8
BLACK
6
CONTINUOUS
10
0.2415531496062992
20
0.5488229133858268
11
0.237219094488189
21
0.546704094488189
0
LINE
8
BLACK
6
CONTINUOUS
10
0.237219094488189
20
0.546704094488189
11
0.2338077165354331
21
0.5432927165354331
0
LINE
8
BLACK
6
CONTINUOUS
10
0.2338077165354331
20
0.5432927165354331
11
0.2316888976377953
21
0.5389586614173228
0
LINE
8
BLACK
6
CONTINUOUS
10
0.2316888976377953
20
0.5389586614173228
11
0.2312795275590551
21
0.5361490157480315
0
LINE
8
BLACK
6
CONTINUOUS
10
0.2312795275590551
20
0.5361490157480315
11
0.2312795275590551
21
0.4874730708661417
0
LINE
8
BLACK
6
CONTINUOUS
10
0.2312795275590551
20
0.4874730708661417
11
0.2316888976377953
21
0.4846634251968504
0
LINE
8
BLACK
6
CONTINUOUS
10
0.2316888976377953
20
0.4846634251968504
11
0.2338077165354331
21
0.4803293700787402
0
LINE
8
BLACK
6
CONTINUOUS
10
0.2338077165354331
20
0.4803293700787402
11
0.2338077559055118
21
0.4803293307086614
0
LINE
8
BLACK
6
CONTINUOUS
10
0.2338077559055118
20
0.4803293307086614
11
0.237219094488189
21
0.4769179921259842
0
LINE
8
BLACK
6
CONTINUOUS
10
0.237219094488189
20
0.4769179921259842
11
0.2375196062992126
21
0.4767711023622047
0
LINE
8
BLACK
6
CONTINUOUS
10
0.2375196062992126
20
0.4767711023622047
11
0.2389956299212598
21
0.4750998031496063
0
LINE
8
BLACK
6
CONTINUOUS
10
0.2389956299212598
20
0.4750998031496063
11
0.2391535433070866
21
0.4741537007874015
0
LINE
8
BLACK
6
CONTINUOUS
10
0.2391535433070866
20
0.4741537007874015
11
0.2391535433070866
21
0.4561950393700787
0
LINE
8
BLACK
6
CONTINUOUS
10
0.2391535433070866
20
0.4561950393700787
11
0.2397205118110236
21
0.4540791338582677
0
LINE
8
BLACK
6
CONTINUOUS
10
0.2397205118110236
20
0.4540791338582677
11
0.2397205118110236
21
0.454079094488189
0
LINE
8
BLACK
6
CONTINUOUS
10
0.2397205118110236
20
0.454079094488189
11
0.2400938582677165
21
0.4526857086614173
0
LINE
8
BLACK
6
CONTINUOUS
10
0.2400938582677165
20
0.4526857086614173
11
0.240093937007874
21
0.4526855118110236
0
LINE
8
BLACK
6
CONTINUOUS
10
0.240093937007874
20
0.4526855118110236
11
0.2419106299212598
21
0.4495388976377953
0
LINE
8
BLACK
6
CONTINUOUS
10
0.2419106299212598
20
0.4495388976377953
11
0.2647175590551181
21
0.426731968503937
0
LINE
8
BLACK
6
CONTINUOUS
10
0.2647175590551181
20
0.426731968503937
11
0.2655708661417323
21
0.4246718897637795
0
LINE
8
BLACK
6
CONTINUOUS
10
0.2655708661417323
20
0.4246718897637795
11
0.2655708661417323
21
0.4088879527559055
0
LINE
8
BLACK
6
CONTINUOUS
10
0.2655708661417323
20
0.4088879527559055
11
0.266183031496063
21
0.4050228346456693
0
LINE
8
BLACK
6
CONTINUOUS
10
0.266183031496063
20
0.4050228346456693
11
0.2685566929133858
21
0.4003642125984252
0
LINE
8
BLACK
6
CONTINUOUS
10
0.2685566929133858
20
0.4003642125984252
11
0.272253937007874
21
0.396666968503937
0
LINE
8
BLACK
6
CONTINUOUS
10
0.272253937007874
20
0.396666968503937
11
0.2742850393700788
21
0.3956320866141732
0
LINE
8
BLACK
6
CONTINUOUS
10
0.2742850393700788
20
0.3956320866141732
11
0.2769125590551181
21
0.3942933070866141
0
LINE
8
BLACK
6
CONTINUOUS
10
0.2769125590551181
20
0.3942933070866141
11
0.2769125590551181
21
0.3942932677165354
0
LINE
8
BLACK
6
CONTINUOUS
10
0.2769125590551181
20
0.3942932677165354
11
0.2807776771653543
21
0.3936811023622047
0
LINE
8
BLACK
6
CONTINUOUS
10
0.2807776771653543
20
0.3936811023622047
11
0.280777716535433
21
0.3936811023622047
0
LINE
8
BLACK
6
CONTINUOUS
10
0.280777716535433
20
0.3936811023622047
11
0.303553031496063
21
0.3936811023622047
0
LINE
8
BLACK
6
CONTINUOUS
10
0.303553031496063
20
0.3936811023622047
11
0.3074181102362205
21
0.3942932677165354
0
LINE
8
BLACK
6
CONTINUOUS
10
0.3074181102362205
20
0.3942932677165354
11
0.3120768110236221
21
0.3966670078740158
0
LINE
8
BLACK
6
CONTINUOUS
10
0.3120768110236221
20
0.3966670078740158
11
0.315773937007874
21
0.4003641338582677
0
LINE
8
BLACK
6
CONTINUOUS
10
0.315773937007874
20
0.4003641338582677
11
0.3178372440944882
21
0.4044136614173228
0
LINE
8
BLACK
6
CONTINUOUS
10
0.3178372440944882
20
0.4044136614173228
11
0.3195327952755905
21
0.4058617322834646
0
LINE
8
BLACK
6
CONTINUOUS
10
0.3195327952755905
20
0.4058617322834646
11
0.3217557086614173
21
0.405686811023622
0
LINE
8
BLACK
6
CONTINUOUS
10
0.3217557086614173
20
0.405686811023622
11
0.3232038582677165
21
0.403991220472441
0
LINE
8
BLACK
6
CONTINUOUS
10
0.3232038582677165
20
0.403991220472441
11
0.3233464566929134
21
0.4030909448818897
0
LINE
8
BLACK
6
CONTINUOUS
10
0.3233464566929134
20
0.4030909448818897
11
0.3233464566929134
21
0.3986775590551181
0
LINE
8
BLACK
6
CONTINUOUS
10
0.3233464566929134
20
0.3986775590551181
11
0.3236025590551181
21
0.3962955511811024
0
LINE
8
BLACK
6
CONTINUOUS
10
0.3236025590551181
20
0.3962955511811024
11
0.3236025984251968
21
0.3962953543307087
0
LINE
8
BLACK
6
CONTINUOUS
10
0.3236025984251968
20
0.3962953543307087
11
0.3256122834645669
21
0.3909070866141732
0
LINE
8
BLACK
6
CONTINUOUS
10
0.3256122834645669
20
0.3909070866141732
11
0.3256123228346456
21
0.3909070472440945
0
LINE
8
BLACK
6
CONTINUOUS
10
0.3256123228346456
20
0.3909070472440945
11
0.3290588976377953
21
0.386303031496063
0
LINE
8
BLACK
6
CONTINUOUS
10
0.3290588976377953
20
0.386303031496063
11
0.3336629133858268
21
0.3828564566929133
0
LINE
8
BLACK
6
CONTINUOUS
10
0.3336629133858268
20
0.3828564566929133
11
0.3336629527559055
21
0.3828564173228347
0
LINE
8
BLACK
6
CONTINUOUS
10
0.3336629527559055
20
0.3828564173228347
11
0.3386432283464567
21
0.3809988976377953
0
LINE
8
BLACK
6
CONTINUOUS
10
0.3386432283464567
20
0.3809988976377953
11
0.3402752362204725
21
0.3794794881889764
0
LINE
8
BLACK
6
CONTINUOUS
10
0.3402752362204725
20
0.3794794881889764
11
0.3403548031496063
21
0.3772511023622047
0
LINE
8
BLACK
6
CONTINUOUS
10
0.3403548031496063
20
0.3772511023622047
11
0.3392437795275591
21
0.3758468503937008
0
LINE
8
BLACK
6
CONTINUOUS
10
0.3392437795275591
20
0.3758468503937008
11
0.3376553937007874
21
0.3747855118110236
0
LINE
8
BLACK
6
CONTINUOUS
10
0.3376553937007874
20
0.3747855118110236
11
0.3370329133858267
21
0.3738538582677166
0
LINE
8
BLACK
6
CONTINUOUS
10
0.3370329133858267
20
0.3738538582677166
11
0.3351788976377953
21
0.3726150393700787
0
LINE
8
BLACK
6
CONTINUOUS
10
0.3351788976377953
20
0.3726150393700787
11
0.3346105118110236
21
0.3725590551181102
0
LINE
8
BLACK
6
CONTINUOUS
10
0.3346105118110236
20
0.3725590551181102
11
0.3189183464566929
21
0.3725590551181102
0
LINE
8
BLACK
6
CONTINUOUS
10
0.3189183464566929
20
0.3725590551181102
11
0.3168582677165354
21
0.3734123622047244
0
LINE
8
BLACK
6
CONTINUOUS
10
0.3168582677165354
20
0.3734123622047244
11
0.3163225196850394
21
0.3741498031496063
0
LINE
8
BLACK
6
CONTINUOUS
10
0.3163225196850394
20
0.3741498031496063
11
0.3157739763779527
21
0.3752263779527559
0
LINE
8
BLACK
6
CONTINUOUS
10
0.3157739763779527
20
0.3752263779527559
11
0.3120767322834646
21
0.3789236220472441
0
LINE
8
BLACK
6
CONTINUOUS
10
0.3120767322834646
20
0.3789236220472441
11
0.3074181102362205
21
0.3812972834645669
0
LINE
8
BLACK
6
CONTINUOUS
10
0.3074181102362205
20
0.3812972834645669
11
0.3074181102362205
21
0.3812973228346457
0
LINE
8
BLACK
6
CONTINUOUS
10
0.3074181102362205
20
0.3812973228346457
11
0.303553031496063
21
0.3819094488188977
0
LINE
8
BLACK
6
CONTINUOUS
10
0.303553031496063
20
0.3819094488188977
11
0.3035529921259842
21
0.3819094488188977
0
LINE
8
BLACK
6
CONTINUOUS
10
0.3035529921259842
20
0.3819094488188977
11
0.2905497637795276
21
0.3819094488188977
0
LINE
8
BLACK
6
CONTINUOUS
10
0.2905497637795276
20
0.3819094488188977
11
0.2887759842519685
21
0.3825116535433071
0
LINE
8
BLACK
6
CONTINUOUS
10
0.2887759842519685
20
0.3825116535433071
11
0.2886381889763779
21
0.3826174409448819
0
LINE
8
BLACK
6
CONTINUOUS
10
0.2886381889763779
20
0.3826174409448819
11
0.2850429921259842
21
0.3846931102362204
0
LINE
8
BLACK
6
CONTINUOUS
10
0.2850429921259842
20
0.3846931102362204
11
0.2850428346456693
21
0.3846931889763779
0
LINE
8
BLACK
6
CONTINUOUS
10
0.2850428346456693
20
0.3846931889763779
11
0.2810325590551181
21
0.3857677165354331
0
LINE
8
BLACK
6
CONTINUOUS
10
0.2810325590551181
20
0.3857677165354331
11
0.2810325196850393
21
0.3857677165354331
0
LINE
8
BLACK
6
CONTINUOUS
10
0.2810325196850393
20
0.3857677165354331
11
0.2691374803149606
21
0.3857677165354331
0
LINE
8
BLACK
6
CONTINUOUS
10
0.2691374803149606
20
0.3857677165354331
11
0.2670774015748031
21
0.3866210236220473
0
LINE
8
BLACK
6
CONTINUOUS
10
0.2670774015748031
20
0.3866210236220473
11
0.2669024015748032
21
0.3868205511811024
0
LINE
8
BLACK
6
CONTINUOUS
10
0.2669024015748032
20
0.3868205511811024
11
0.2668612992125984
21
0.3868616929133858
0
LINE
8
BLACK
6
CONTINUOUS
10
0.2668612992125984
20
0.3868616929133858
11
0.261922874015748
21
0.3906510236220472
0
LINE
8
BLACK
6
CONTINUOUS
10
0.261922874015748
20
0.3906510236220472
11
0.2561716929133858
21
0.3930332677165354
0
LINE
8
BLACK
6
CONTINUOUS
10
0.2561716929133858
20
0.3930332677165354
11
0.25
21
0.3938457480314961
0
LINE
8
BLACK
6
CONTINUOUS
10
0.25
20
0.3938457480314961
11
0.2438282677165354
21
0.3930332677165354
0
LINE
8
BLACK
6
CONTINUOUS
10
0.2438282677165354
20
0.3930332677165354
11
0.2407958661417323
21
0.3917772047244095
0
LINE
8
BLACK
6
CONTINUOUS
10
0.2407958661417323
20
0.3917772047244095
11
0.238566062992126
21
0.3917772047244095
0
LINE
8
BLACK
6
CONTINUOUS
10
0.238566062992126
20
0.3917772047244095
11
0.237620905511811
21
0.3924087401574803
0
LINE
8
BLACK
6
CONTINUOUS
10
0.237620905511811
20
0.3924087401574803
11
0.2343975590551181
21
0.3956320866141732
0
LINE
8
BLACK
6
CONTINUOUS
10
0.2343975590551181
20
0.3956320866141732
11
0.2287638188976378
21
0.3989638582677165
0
LINE
8
BLACK
6
CONTINUOUS
10
0.2287638188976378
20
0.3989638582677165
11
0.2224785039370079
21
0.4007899606299212
0
LINE
8
BLACK
6
CONTINUOUS
10
0.2224785039370079
20
0.4007899606299212
11
0.2210100787401575
21
0.4009055118110236
0
LINE
8
BLACK
6
CONTINUOUS
10
0.2210100787401575
20
0.4009055118110236
11
0.2008346456692913
21
0.4009055118110236
0
LINE
8
BLACK
6
CONTINUOUS
10
0.2008346456692913
20
0.4009055118110236
11
0.2008346456692913
21
0.3809055118110236
0
LINE
8
BLACK
6
CONTINUOUS
10
0.2008346456692913
20
0.3809055118110236
11
0.2183937007874016
21
0.3809055118110236
0
LINE
8
BLACK
6
CONTINUOUS
10
0.2183937007874016
20
0.3809055118110236
11
0.2206536614173228
21
0.3804559842519685
0
LINE
8
BLACK
6
CONTINUOUS
10
0.2206536614173228
20
0.3804559842519685
11
0.2225695275590551
21
0.3791758267716535
0
LINE
8
BLACK
6
CONTINUOUS
10
0.2225695275590551
20
0.3791758267716535
11
0.2238496850393701
21
0.3772599606299212
0
LINE
8
BLACK
6
CONTINUOUS
10
0.2238496850393701
20
0.3772599606299212
11
0.2242992125984252
21
0.375
0
LINE
8
BLACK
6
CONTINUOUS
10
0.2242992125984252
20
0.375
11
0.2242992125984252
21
0.3631889763779527
0
LINE
8
BLACK
6
CONTINUOUS
10
0.2242992125984252
20
0.3631889763779527
11
0.2238496850393701
21
0.3609290157480315
0
LINE
8
BLACK
6
CONTINUOUS
10
0.2238496850393701
20
0.3609290157480315
11
0.2225695275590551
21
0.3590131496062992
0
LINE
8
BLACK
6
CONTINUOUS
10
0.2225695275590551
20
0.3590131496062992
11
0.2206536614173228
21
0.3577329921259843
0
LINE
8
BLACK
6
CONTINUOUS
10
0.2206536614173228
20
0.3577329921259843
11
0.2183937007874016
21
0.3572834645669291
0
LINE
8
BLACK
6
CONTINUOUS
10
0.2183937007874016
20
0.3572834645669291
11
0.1632755905511811
21
0.3572834645669291
0
LINE
8
BLACK
6
CONTINUOUS
10
0.1632755905511811
20
0.3572834645669291
11
0.1610156299212598
21
0.3577329921259843
0
LINE
8
BLACK
6
CONTINUOUS
10
0.1610156299212598
20
0.3577329921259843
11
0.1590997637795276
21
0.3590131496062992
0
LINE
8
BLACK
6
CONTINUOUS
10
0.1590997637795276
20
0.3590131496062992
11
0.1578196062992126
21
0.3609290157480315
0
LINE
8
BLACK
6
CONTINUOUS
10
0.1578196062992126
20
0.3609290157480315
11
0.1573700787401575
21
0.3631889763779527
0
LINE
8
BLACK
6
CONTINUOUS
10
0.1573700787401575
20
0.3631889763779527
11
0.1573700787401575
21
0.375
0
LINE
8
BLACK
6
CONTINUOUS
10
0.1573700787401575
20
0.375
11
0.1578196062992126
21
0.3772599606299212
0
LINE
8
BLACK
6
CONTINUOUS
10
0.1578196062992126
20
0.3772599606299212
11
0.1590997637795276
21
0.3791758267716535
0
LINE
8
BLACK
6
CONTINUOUS
10
0.1590997637795276
20
0.3791758267716535
11
0.1610156299212598
21
0.3804559842519685
0
LINE
8
BLACK
6
CONTINUOUS
10
0.1610156299212598
20
0.3804559842519685
11
0.1632755905511811
21
0.3809055118110236
0
LINE
8
BLACK
6
CONTINUOUS
10
0.1632755905511811
20
0.3809055118110236
11
0.1808346456692913
21
0.3809055118110236
0
LINE
8
BLACK
6
CONTINUOUS
10
0.1808346456692913
20
0.3809055118110236
11
0.1808346456692913
21
0.4009055118110236
0
LINE
8
BLACK
6
CONTINUOUS
10
0.1808346456692913
20
0.4009055118110236
11
0.1606592519685039
21
0.4009055118110236
0
LINE
8
BLACK
6
CONTINUOUS
10
0.1606592519685039
20
0.4009055118110236
11
0.1606591732283464
21
0.4009054724409449
0
LINE
8
BLACK
6
CONTINUOUS
10
0.1606591732283464
20
0.4009054724409449
11
0.1591908267716535
21
0.4007899606299212
0
LINE
8
BLACK
6
CONTINUOUS
10
0.1591908267716535
20
0.4007899606299212
11
0.1529054330708661
21
0.3989638582677165
0
LINE
8
BLACK
6
CONTINUOUS
10
0.1529054330708661
20
0.3989638582677165
11
0.1472716929133858
21
0.3956320866141732
0
LINE
8
BLACK
6
CONTINUOUS
10
0.1472716929133858
20
0.3956320866141732
11
0.1426435039370079
21
0.3910038976377953
0
LINE
8
BLACK
6
CONTINUOUS
10
0.1426435039370079
20
0.3910038976377953
11
0.1393117322834646
21
0.3853701574803149
0
LINE
8
BLACK
6
CONTINUOUS
10
0.1393117322834646
20
0.3853701574803149
11
0.1374672440944882
21
0.3790215354330709
0
LINE
8
BLACK
6
CONTINUOUS
10
0.1374672440944882
20
0.3790215354330709
11
0.136073031496063
21
0.3772813385826772
0
LINE
8
BLACK
6
CONTINUOUS
10
0.136073031496063
20
0.3772813385826772
11
0.1338566929133858
21
0.3770366535433071
0
LINE
8
BLACK
6
CONTINUOUS
10
0.1338566929133858
20
0.3770366535433071
11
0.1321164960629921
21
0.3784308661417323
0
LINE
8
BLACK
6
CONTINUOUS
10
0.1321164960629921
20
0.3784308661417323
11
0.1319779133858268
21
0.3787194881889764
0
LINE
8
BLACK
6
CONTINUOUS
10
0.1319779133858268
20
0.3787194881889764
11
0.1306510236220473
21
0.381922874015748
0
LINE
8
BLACK
6
CONTINUOUS
10
0.1306510236220473
20
0.381922874015748
11
0.1268615748031496
21
0.3868614173228346
0
LINE
8
BLACK
6
CONTINUOUS
10
0.1268615748031496
20
0.3868614173228346
11
0.1268613779527559
21
0.3868616141732283
0
LINE
8
BLACK
6
CONTINUOUS
10
0.1268613779527559
20
0.3868616141732283
11
0.121922874015748
21
0.3906510236220472
0
LINE
8
BLACK
6
CONTINUOUS
10
0.121922874015748
20
0.3906510236220472
11
0.1161716929133858
21
0.3930332677165354
0
LINE
8
BLACK
6
CONTINUOUS
10
0.1161716929133858
20
0.3930332677165354
11
0.11
21
0.3938457480314961
0
LINE
8
BLACK
6
CONTINUOUS
10
0.11
20
0.3938457480314961
11
0.1038283070866142
21
0.3930332677165354
0
LINE
8
BLACK
6
CONTINUOUS
10
0.1038283070866142
20
0.3930332677165354
11
0.1038282677165354
21
0.3930332677165354
0
LINE
8
BLACK
6
CONTINUOUS
10
0.1038282677165354
20
0.3930332677165354
11
0.0980770866141732
21
0.3906510236220472
0
LINE
8
BLACK
6
CONTINUOUS
10
0.0980770866141732
20
0.3906510236220472
11
0.0931385826771653
21
0.3868616141732283
0
LINE
8
BLACK
6
CONTINUOUS
10
0.0931385826771653
20
0.3868616141732283
11
0.0931383858267717
21
0.3868614173228346
0
LINE
8
BLACK
6
CONTINUOUS
10
0.0931383858267717
20
0.3868614173228346
11
0.0893489763779527
21
0.3819229133858268
0
LINE
8
BLACK
6
CONTINUOUS
10
0.0893489763779527
20
0.3819229133858268
11
0.0869667322834646
21
0.3761717322834646
0
LINE
8
BLACK
6
CONTINUOUS
10
0.0869667322834646
20
0.3761717322834646
11
0.0869667322834646
21
0.3761716929133858
0
LINE
8
BLACK
6
CONTINUOUS
10
0.0869667322834646
20
0.3761716929133858
11
0.0861542519685039
21
0.3700000393700787
0
LINE
8
BLACK
6
CONTINUOUS
10
0.0861542519685039
20
0.3700000393700787
11
0.0861542519685039
21
0.369809094488189
0
LINE
8
BLACK
6
CONTINUOUS
10
0.0861542519685039
20
0.369809094488189
11
0.086080157480315
21
0.369809094488189
0
LINE
8
BLACK
6
CONTINUOUS
10
0.086080157480315
20
0.369809094488189
11
0.0855692519685039
21
0.3679034645669291
0
LINE
8
BLACK
6
CONTINUOUS
10
0.0855692519685039
20
0.3679034645669291
11
0.0853182677165354
21
0.3676172834645669
0
LINE
8
BLACK
6
CONTINUOUS
10
0.0853182677165354
20
0.3676172834645669
11
0.0651385039370079
21
0.3474374803149606
0
LINE
8
BLACK
6
CONTINUOUS
10
0.0651385039370079
20
0.3474374803149606
11
0.0630627952755906
21
0.3438422440944882
0
LINE
8
BLACK
6
CONTINUOUS
10
0.0630627952755906
20
0.3438422440944882
11
0.0630626377952756
21
0.3438418897637795
0
LINE
8
BLACK
6
CONTINUOUS
10
0.0630626377952756
20
0.3438418897637795
11
0.0623074803149606
21
0.3410236614173228
0
LINE
8
BLACK
6
CONTINUOUS
10
0.0623074803149606
20
0.3410236614173228
11
0.0623075196850394
21
0.3410236220472441
0
LINE
8
BLACK
6
CONTINUOUS
10
0.0623075196850394
20
0.3410236220472441
11
0.0623075196850394
21
0.3410235826771654
0
LINE
8
BLACK
6
CONTINUOUS
10
0.0623075196850394
20
0.3410235826771654
11
0.061988188976378
21
0.3398317716535433
0
LINE
8
BLACK
6
CONTINUOUS
10
0.061988188976378
20
0.3398317716535433
11
0.061988188976378
21
0.2543199606299212
0
LINE
8
BLACK
6
CONTINUOUS
10
0.061988188976378
20
0.2543199606299212
11
0.061988188976378
21
0.2501682283464567
0
LINE
8
BLACK
6
CONTINUOUS
10
0.061988188976378
20
0.2501682283464567
11
0.0628459842519685
21
0.2469667716535433
0
LINE
8
BLACK
6
CONTINUOUS
10
0.0628459842519685
20
0.2469667716535433
11
0.0630627165354331
21
0.2461579527559055
0
LINE
8
BLACK
6
CONTINUOUS
10
0.0630627165354331
20
0.2461579527559055
11
0.0630627952755906
21
0.2461577952755905
0
LINE
8
BLACK
6
CONTINUOUS
10
0.0630627952755906
20
0.2461577952755905
11
0.0651384645669291
21
0.2425626377952756
0
LINE
8
BLACK
6
CONTINUOUS
10
0.0651384645669291
20
0.2425626377952756
11
0.0651385039370079
21
0.2425625984251968
0
LINE
8
BLACK
6
CONTINUOUS
10
0.0651385039370079
20
0.2425625984251968
11
0.0651385826771654
21
0.2425624803149606
0
LINE
8
BLACK
6
CONTINUOUS
10
0.0651385826771654
20
0.2425624803149606
11
0.0988616929133858
21
0.2088393700787401
0
LINE
8
BLACK
6
CONTINUOUS
10
0.0988616929133858
20
0.2088393700787401
11
0.1024571653543307
21
0.2067635039370079
0
LINE
8
BLACK
6
CONTINUOUS
10
0.1024571653543307
20
0.2067635039370079
11
0.1064674409448819
21
0.2056889763779527
0
LINE
8
BLACK
6
CONTINUOUS
10
0.1064674409448819
20
0.2056889763779527
11
0.1106191732283465
21
0.2056889763779527
0
LINE
8
BLACK
6
CONTINUOUS
10
0.1106191732283465
20
0.2056889763779527
11
0.1524160236220472
21
0.2056889763779527
0
LINE
8
BLACK
6
CONTINUOUS
10
0.1524160236220472
20
0.2056889763779527
11
0.1544761023622047
21
0.2048356692913386
0
LINE
8
BLACK
6
CONTINUOUS
10
0.1544761023622047
20
0.2048356692913386
11
0.1551463385826772
21
0.2041654330708661
0
LINE
8
BLACK
6
CONTINUOUS
10
0.1551463385826772
20
0.2041654330708661
11
0.1592837401574803
21
0.2021427952755905
0
LINE
8
BLACK
6
CONTINUOUS
10
0.1592837401574803
20
0.2021427952755905
11
0.1619661417322835
21
0.201751968503937
0
LINE
8
BLACK
6
CONTINUOUS
10
0.1619661417322835
20
0.201751968503937
11
0.1619663779527559
21
0.201751968503937
0
LINE
8
BLACK
6
CONTINUOUS
10
0.1619663779527559
20
0.201751968503937
11
0.2197029133858268
21
0.201751968503937
0
LINE
8
BLACK
6
CONTINUOUS
10
0.2197029133858268
20
0.201751968503937
11
0.2197031496062992
21
0.201751968503937
0
LINE
8
BLACK
6
CONTINUOUS
10
0.2197031496062992
20
0.201751968503937
11
0.2223855511811024
21
0.2021427952755905
0
LINE
8
BLACK
6
CONTINUOUS
10
0.2223855511811024
20
0.2021427952755905
11
0.2265229527559055
21
0.2041654330708661
0
LINE
8
BLACK
6
CONTINUOUS
10
0.2265229527559055
20
0.2041654330708661
11
0.2271931889763779
21
0.2048356692913386
0
LINE
8
BLACK
6
CONTINUOUS
10
0.2271931889763779
20
0.2048356692913386
11
0.2292532677165354
21
0.2056889763779527
0
LINE
8
BLACK
6
CONTINUOUS
10
0.2292532677165354
20
0.2056889763779527
11
0.2358053149606299
21
0.2056889763779527
0
LINE
8
BLACK
6
CONTINUOUS
10
0.2358053149606299
20
0.2056889763779527
11
0.2378653937007874
21
0.2048356692913386
0
LINE
8
BLACK
6
CONTINUOUS
10
0.2378653937007874
20
0.2048356692913386
11
0.2556897244094488
21
0.1870113385826772
0
LINE
8
BLACK
6
CONTINUOUS
10
0.2556897244094488
20
0.1870113385826772
11
0.2556897637795276
21
0.1870112992125984
0
LINE
8
BLACK
6
CONTINUOUS
10
0.2556897637795276
20
0.1870112992125984
11
0.2586254724409449
21
0.1840755905511811
0
LINE
8
BLACK
6
CONTINUOUS
10
0.2586254724409449
20
0.1840755905511811
11
0.2622209842519685
21
0.1819997244094488
0
LINE
8
BLACK
6
CONTINUOUS
10
0.2622209842519685
20
0.1819997244094488
11
0.2662311023622047
21
0.1809252362204724
0
LINE
8
BLACK
6
CONTINUOUS
10
0.2662311023622047
20
0.1809252362204724
11
0.2662311417322835
21
0.1809251968503937
0
LINE
8
BLACK
6
CONTINUOUS
10
0.2662311417322835
20
0.1809251968503937
11
0.266231220472441
21
0.1809251968503937
0
LINE
8
BLACK
6
CONTINUOUS
10
0.266231220472441
20
0.1809251968503937
11
0.293996062992126
21
0.1809251968503937
0
LINE
8
BLACK
6
CONTINUOUS
10
0.293996062992126
20
0.1809251968503937
11
0.2960561417322835
21
0.1800718897637795
0
LINE
8
BLACK
6
CONTINUOUS
10
0.2960561417322835
20
0.1800718897637795
11
0.2969094488188976
21
0.178011811023622
0
LINE
8
BLACK
6
CONTINUOUS
10
0.2969094488188976
20
0.178011811023622
11
0.2969094488188976
21
0.1750492913385827
0
LINE
8
BLACK
6
CONTINUOUS
10
0.2969094488188976
20
0.1750492913385827
11
0.2971199606299212
21
0.1739909842519685
0
LINE
8
BLACK
6
CONTINUOUS
10
0.2971199606299212
20
0.1739909842519685
11
0.2973674409448819
21
0.1727467716535433
0
LINE
8
BLACK
6
CONTINUOUS
10
0.2973674409448819
20
0.1727467716535433
11
0.2980647637795276
21
0.171703188976378
0
LINE
8
BLACK
6
CONTINUOUS
10
0.2980647637795276
20
0.171703188976378
11
0.299112125984252
21
0.1701357480314961
0
LINE
8
BLACK
6
CONTINUOUS
10
0.299112125984252
20
0.1701357480314961
11
0.3000417322834645
21
0.1695146062992126
0
LINE
8
BLACK
6
CONTINUOUS
10
0.3000417322834645
20
0.1695146062992126
11
0.3005359448818898
21
0.1691843700787402
0
LINE
8
BLACK
6
CONTINUOUS
10
0.3005359448818898
20
0.1691843700787402
11
0.3017747244094488
21
0.1673303543307087
0
LINE
8
BLACK
6
CONTINUOUS
10
0.3017747244094488
20
0.1673303543307087
11
0.3018307086614173
21
0.1667620078740157
0
LINE
8
BLACK
6
CONTINUOUS
10
0.3018307086614173
20
0.1667620078740157
11
0.3018307086614173
21
0.1644774409448819
0
LINE
8
BLACK
6
CONTINUOUS
10
0.3018307086614173
20
0.1644774409448819
11
0.3018307086614173
21
0.1603257086614173
0
LINE
8
BLACK
6
CONTINUOUS
10
0.3018307086614173
20
0.1603257086614173
11
0.3024892913385827
21
0.1578677952755906
0
LINE
8
BLACK
6
CONTINUOUS
10
0.3024892913385827
20
0.1578677952755906
11
0.3029052362204724
21
0.1563154330708661
0
LINE
8
BLACK
6
CONTINUOUS
10
0.3029052362204724
20
0.1563154330708661
11
0.3029053149606299
21
0.1563152755905512
0
LINE
8
BLACK
6
CONTINUOUS
10
0.3029053149606299
20
0.1563152755905512
11
0.3049809842519685
21
0.1527201181102362
0
LINE
8
BLACK
6
CONTINUOUS
10
0.3049809842519685
20
0.1527201181102362
11
0.3049810236220473
21
0.1527200787401575
0
LINE
8
BLACK
6
CONTINUOUS
10
0.3049810236220473
20
0.1527200787401575
11
0.3049811023622047
21
0.1527199606299213
0
LINE
8
BLACK
6
CONTINUOUS
10
0.3049811023622047
20
0.1527199606299213
11
0.3203183858267716
21
0.1373826771653543
0
LINE
8
BLACK
6
CONTINUOUS
10
0.3203183858267716
20
0.1373826771653543
11
0.3203184645669291
21
0.1373826377952756
0
LINE
8
BLACK
6
CONTINUOUS
10
0.3203184645669291
20
0.1373826377952756
11
0.3203185039370079
21
0.1373825984251968
0
LINE
8
BLACK
6
CONTINUOUS
10
0.3203185039370079
20
0.1373825984251968
11
0.321342874015748
21
0.1367911811023622
0
LINE
8
BLACK
6
CONTINUOUS
10
0.321342874015748
20
0.1367911811023622
11
0.3239138582677165
21
0.135306811023622
0
LINE
8
BLACK
6
CONTINUOUS
10
0.3239138582677165
20
0.135306811023622
11
0.3279241338582677
21
0.1342322834645669
0
LINE
8
BLACK
6
CONTINUOUS
10
0.3279241338582677
20
0.1342322834645669
11
0.3279241732283464
21
0.1342322834645669
0
LINE
8
BLACK
6
CONTINUOUS
10
0.3279241732283464
20
0.1342322834645669
11
0.4370758267716535
21
0.1342322834645669
0
LINE
8
BLACK
6
CONTINUOUS
10
0.4370758267716535
20
0.1342322834645669
11
0.4370758661417323
21
0.1342322834645669
0
LINE
8
BLACK
6
CONTINUOUS
10
0.4370758661417323
20
0.1342322834645669
11
0.4410861417322834
21
0.135306811023622
0
LINE
8
BLACK
6
CONTINUOUS
10
0.4410861417322834
20
0.135306811023622
11
0.4446816141732283
21
0.1373826771653543
0
LINE
8
BLACK
6
CONTINUOUS
10
0.4446816141732283
20
0.1373826771653543
11
0.4557764566929134
21
0.1484775590551181
0
LINE
8
BLACK
6
CONTINUOUS
10
0.4557764566929134
20
0.1484775590551181
11
0.4613274803149606
21
0.1540286220472441
0
LINE
8
BLACK
6
CONTINUOUS
10
0.4613274803149606
20
0.1540286220472441
11
0.4633875590551181
21
0.1548818897637795
0
LINE
8
BLACK
6
CONTINUOUS
10
0.4633875590551181
20
0.1548818897637795
11
0.4763876771653543
21
0.1548818897637795
0
LINE
8
BLACK
6
CONTINUOUS
10
0.4763876771653543
20
0.1548818897637795
11
0.4802527559055118
21
0.1554940551181102
0
LINE
8
BLACK
6
CONTINUOUS
10
0.4802527559055118
20
0.1554940551181102
11
0.4849114566929134
21
0.1578677952755906
0
LINE
8
BLACK
6
CONTINUOUS
10
0.4849114566929134
20
0.1578677952755906
11
0.4886085826771653
21
0.1615649212598425
0
LINE
8
BLACK
6
CONTINUOUS
10
0.4886085826771653
20
0.1615649212598425
11
0.4909823228346457
21
0.1662236220472441
0
LINE
8
BLACK
6
CONTINUOUS
10
0.4909823228346457
20
0.1662236220472441
11
0.4915944881889764
21
0.1700887401574803
0
LINE
8
BLACK
6
CONTINUOUS
10
0.4915944881889764
20
0.1700887401574803
11
0.4915944881889764
21
0.171703188976378
0
LINE
8
BLACK
6
CONTINUOUS
10
0.4915944881889764
20
0.171703188976378
11
0.4919848031496063
21
0.1731598818897638
0
LINE
8
BLACK
6
CONTINUOUS
10
0.4919848031496063
20
0.1731598818897638
11
0.492858779527559
21
0.1746736614173228
0
LINE
8
BLACK
6
CONTINUOUS
10
0.492858779527559
20
0.1746736614173228
11
0.4928588188976378
21
0.1746737007874016
0
LINE
8
BLACK
6
CONTINUOUS
10
0.4928588188976378
20
0.1746737007874016
11
0.4937991732283464
21
0.1781832283464567
0
LINE
8
BLACK
6
CONTINUOUS
10
0.4937991732283464
20
0.1781832283464567
11
0.4937992125984252
21
0.1781832283464567
0
LINE
8
BLACK
6
CONTINUOUS
10
0.4937992125984252
20
0.1781832283464567
11
0.4937992125984252
21
0.1818167716535433
0
LINE
8
BLACK
6
CONTINUOUS
10
0.4937992125984252
20
0.1818167716535433
11
0.4937991732283464
21
0.181816811023622
0
LINE
8
BLACK
6
CONTINUOUS
10
0.4937991732283464
20
0.181816811023622
11
0.4937501574803149
21
0.1819996850393701
0
LINE
8
BLACK
6
CONTINUOUS
10
0.4937501574803149
20
0.1819996850393701
11
0.4928588188976378
21
0.1853262992125984
0
LINE
8
BLACK
6
CONTINUOUS
10
0.4928588188976378
20
0.1853262992125984
11
0.4919848031496063
21
0.186840157480315
0
LINE
8
BLACK
6
CONTINUOUS
10
0.4919848031496063
20
0.186840157480315
11
0.4915944881889764
21
0.1882968503937008
0
LINE
8
BLACK
6
CONTINUOUS
10
0.4915944881889764
20
0.1882968503937008
11
0.4915944881889764
21
0.1899112992125984
0
LINE
8
BLACK
6
CONTINUOUS
10
0.4915944881889764
20
0.1899112992125984
11
0.4913871259842519
21
0.1912204724409449
0
LINE
8
BLACK
6
CONTINUOUS
10
0.4913871259842519
20
0.1912204724409449
11
0.4909823228346457
21
0.1937763779527559
0
LINE
8
BLACK
6
CONTINUOUS
10
0.4909823228346457
20
0.1937763779527559
11
0.4886085826771653
21
0.1984350787401575
0
LINE
8
BLACK
6
CONTINUOUS
10
0.4886085826771653
20
0.1984350787401575
11
0.4849642519685039
21
0.2020794094488189
0
LINE
8
BLACK
6
CONTINUOUS
10
0.4849642519685039
20
0.2020794094488189
11
0.4841109448818898
21
0.2041394881889764
0
LINE
8
BLACK
6
CONTINUOUS
10
0.4841109448818898
20
0.2041394881889764
11
0.4849642519685039
21
0.2061995669291339
0
LINE
8
BLACK
6
CONTINUOUS
10
0.4849642519685039
20
0.2061995669291339
11
0.486108031496063
21
0.2069050393700787
0
LINE
8
BLACK
6
CONTINUOUS
10
0.486108031496063
20
0.2069050393700787
11
0.4872629527559055
21
0.2072877165354331
0
LINE
8
BLACK
6
CONTINUOUS
10
0.4872629527559055
20
0.2072877165354331
11
0.4880803937007874
21
0.207791968503937
0
LINE
8
BLACK
6
CONTINUOUS
10
0.4880803937007874
20
0.207791968503937
11
0.4710888976377953
21
0.2247834645669291
0
LINE
8
BLACK
6
CONTINUOUS
10
0.4710888976377953
20
0.2247834645669291
11
0.4549114173228346
21
0.2247834645669291
0
LINE
8
BLACK
6
CONTINUOUS
10
0.4549114173228346
20
0.2247834645669291
11
0.4516156692913386
21
0.2254390157480315
0
LINE
8
BLACK
6
CONTINUOUS
10
0.4516156692913386
20
0.2254390157480315
11
0.4488216535433071
21
0.227305905511811
0
LINE
8
BLACK
6
CONTINUOUS
10
0.4488216535433071
20
0.227305905511811
11
0.4469547637795275
21
0.2300999212598425
0
LINE
8
BLACK
6
CONTINUOUS
10
0.4469547637795275
20
0.2300999212598425
11
0.4465752755905512
21
0.232007874015748
0
LINE
8
BLACK
6
CONTINUOUS
10
0.4465752755905512
20
0.232007874015748
11
0.4262992519685039
21
0.232007874015748
0
LINE
8
BLACK
6
CONTINUOUS
10
0.4262992519685039
20
0.232007874015748
11
0.4262992519685039
21
0.2314893700787402
0
LINE
8
BLACK
6
CONTINUOUS
10
0.4262992519685039
20
0.2314893700787402
11
0.4266995669291339
21
0.2275703937007874
0
LINE
8
BLACK
6
CONTINUOUS
10
0.4266995669291339
20
0.2275703937007874
11
0.4266996062992126
21
0.2275701968503937
0
LINE
8
BLACK
6
CONTINUOUS
10
0.4266996062992126
20
0.2275701968503937
11
0.4288033858267716
21
0.2212213779527559
0
LINE
8
BLACK
6
CONTINUOUS
10
0.4288033858267716
20
0.2212213779527559
11
0.4323147244094488
21
0.2155286220472441
0
LINE
8
BLACK
6
CONTINUOUS
10
0.4323147244094488
20
0.2155286220472441
11
0.4370443307086614
21
0.2107990157480315
0
LINE
8
BLACK
6
CONTINUOUS
10
0.4370443307086614
20
0.2107990157480315
11
0.442737125984252
21
0.2072876771653543
0
LINE
8
BLACK
6
CONTINUOUS
10
0.442737125984252
20
0.2072876771653543
11
0.443891968503937
21
0.206905
0
LINE
8
BLACK
6
CONTINUOUS
10
0.443891968503937
20
0.206905
11
0.4455790944881889
21
0.2054470866141732
0
LINE
8
BLACK
6
CONTINUOUS
10
0.4455790944881889
20
0.2054470866141732
11
0.4457411417322835
21
0.2032231496062992
0
LINE
8
BLACK
6
CONTINUOUS
10
0.4457411417322835
20
0.2032231496062992
11
0.4450357086614173
21
0.2020794094488189
0
LINE
8
BLACK
6
CONTINUOUS
10
0.4450357086614173
20
0.2020794094488189
11
0.4413913385826772
21
0.1984350393700787
0
LINE
8
BLACK
6
CONTINUOUS
10
0.4413913385826772
20
0.1984350393700787
11
0.4390176771653543
21
0.1937764173228347
0
LINE
8
BLACK
6
CONTINUOUS
10
0.4390176771653543
20
0.1937764173228347
11
0.4390176377952756
21
0.1937764173228347
0
LINE
8
BLACK
6
CONTINUOUS
10
0.4390176377952756
20
0.1937764173228347
11
0.4384055118110236
21
0.1899112992125984
0
LINE
8
BLACK
6
CONTINUOUS
10
0.4384055118110236
20
0.1899112992125984
11
0.4384055118110236
21
0.1769112204724409
0
LINE
8
BLACK
6
CONTINUOUS
10
0.4384055118110236
20
0.1769112204724409
11
0.4375522047244094
21
0.1748511417322835
0
LINE
8
BLACK
6
CONTINUOUS
10
0.4375522047244094
20
0.1748511417322835
11
0.4293220866141732
21
0.1666210236220473
0
LINE
8
BLACK
6
CONTINUOUS
10
0.4293220866141732
20
0.1666210236220473
11
0.4272620078740157
21
0.1657677165354331
0
LINE
8
BLACK
6
CONTINUOUS
10
0.4272620078740157
20
0.1657677165354331
11
0.4134198031496063
21
0.1657677165354331
0
LINE
8
BLACK
6
CONTINUOUS
10
0.4134198031496063
20
0.1657677165354331
11
0.4113597244094488
21
0.1666210236220473
0
LINE
8
BLACK
6
CONTINUOUS
10
0.4113597244094488
20
0.1666210236220473
11
0.4105064173228347
21
0.1686811023622047
0
LINE
8
BLACK
6
CONTINUOUS
10
0.4105064173228347
20
0.1686811023622047
11
0.4109974409448819
21
0.1702997244094488
0
LINE
8
BLACK
6
CONTINUOUS
10
0.4109974409448819
20
0.1702997244094488
11
0.411312125984252
21
0.1707706692913386
0
LINE
8
BLACK
6
CONTINUOUS
10
0.411312125984252
20
0.1707706692913386
11
0.4126325590551181
21
0.172746811023622
0
LINE
8
BLACK
6
CONTINUOUS
10
0.4126325590551181
20
0.172746811023622
11
0.4130905511811023
21
0.1750492913385827
0
LINE
8
BLACK
6
CONTINUOUS
10
0.4130905511811023
20
0.1750492913385827
11
0.4130905511811023
21
0.2183365354330709
0
LINE
8
BLACK
6
CONTINUOUS
10
0.4130905511811023
20
0.2183365354330709
11
0.4126325590551181
21
0.2206390157480315
0
LINE
8
BLACK
6
CONTINUOUS
10
0.4126325590551181
20
0.2206390157480315
11
0.4122882677165354
21
0.2211542519685039
0
LINE
8
BLACK
6
CONTINUOUS
10
0.4122882677165354
20
0.2211542519685039
11
0.4116963779527559
21
0.2220400787401575
0
LINE
8
BLACK
6
CONTINUOUS
10
0.4116963779527559
20
0.2220400787401575
11
0.410887874015748
21
0.2232500787401575
0
LINE
8
BLACK
6
CONTINUOUS
10
0.410887874015748
20
0.2232500787401575
11
0.4100135039370079
21
0.2238343307086614
0
LINE
8
BLACK
6
CONTINUOUS
10
0.4100135039370079
20
0.2238343307086614
11
0.4082768503937008
21
0.2249947637795275
0
LINE
8
BLACK
6
CONTINUOUS
10
0.4082768503937008
20
0.2249947637795275
11
0.4082768897637795
21
0.2249947637795275
0
LINE
8
BLACK
6
CONTINUOUS
10
0.4082768897637795
20
0.2249947637795275
11
0.4071255511811023
21
0.225223779527559
0
LINE
8
BLACK
6
CONTINUOUS
10
0.4071255511811023
20
0.225223779527559
11
0.4059743307086614
21
0.2254527559055118
0
LINE
8
BLACK
6
CONTINUOUS
10
0.4059743307086614
20
0.2254527559055118
11
0.3882197637795275
21
0.2254527559055118
0
LINE
8
BLACK
6
CONTINUOUS
10
0.3882197637795275
20
0.2254527559055118
11
0.3861596850393701
21
0.226306062992126
0
LINE
8
BLACK
6
CONTINUOUS
10
0.3861596850393701
20
0.226306062992126
11
0.3856632677165354
21
0.2270783858267716
0
LINE
8
BLACK
6
CONTINUOUS
10
0.3856632677165354
20
0.2270783858267716
11
0.3856292125984252
21
0.2270597637795276
0
LINE
8
BLACK
6
CONTINUOUS
10
0.3856292125984252
20
0.2270597637795276
11
0.3855293700787402
21
0.2272425984251968
0
LINE
8
BLACK
6
CONTINUOUS
10
0.3855293700787402
20
0.2272425984251968
11
0.3820827952755905
21
0.2318466141732284
0
LINE
8
BLACK
6
CONTINUOUS
10
0.3820827952755905
20
0.2318466141732284
11
0.3790274409448819
21
0.2341338582677165
0
LINE
8
BLACK
6
CONTINUOUS
10
0.3790274409448819
20
0.2341338582677165
11
0.3743935826771653
21
0.2341338582677165
0
LINE
8
BLACK
6
CONTINUOUS
10
0.3743935826771653
20
0.2341338582677165
11
0.3748425196850393
21
0.2312992125984252
0
LINE
8
BLACK
6
CONTINUOUS
10
0.3748425196850393
20
0.2312992125984252
11
0.3740717716535433
21
0.2264327952755905
0
LINE
8
BLACK
6
CONTINUOUS
10
0.3740717716535433
20
0.2264327952755905
11
0.3718349212598425
21
0.2220427559055118
0
LINE
8
BLACK
6
CONTINUOUS
10
0.3718349212598425
20
0.2220427559055118
11
0.3683509448818897
21
0.2185587795275591
0
LINE
8
BLACK
6
CONTINUOUS
10
0.3683509448818897
20
0.2185587795275591
11
0.3663888976377953
21
0.2175590551181102
0
LINE
8
BLACK
6
CONTINUOUS
10
0.3663888976377953
20
0.2175590551181102
11
0.3677952755905512
21
0.2175590551181102
0
LINE
8
BLACK
6
CONTINUOUS
10
0.3677952755905512
20
0.2175590551181102
11
0.3677952755905512
21
0.1758267716535433
0
LINE
8
BLACK
6
CONTINUOUS
10
0.3677952755905512
20
0.1758267716535433
11
0.3422047244094488
21
0.1758267716535433
0
LINE
8
BLACK
6
CONTINUOUS
10
0.3422047244094488
20
0.1758267716535433
11
0.3422047244094488
21
0.2175590551181102
0
LINE
8
BLACK
6
CONTINUOUS
10
0.3422047244094488
20
0.2175590551181102
11
0.345
21
0.2175590551181102
0
LINE
8
BLACK
6
CONTINUOUS
10
0.345
20
0.2175590551181102
11
0.345
21
0.2247002362204724
0
LINE
8
BLACK
6
CONTINUOUS
10
0.345
20
0.2247002362204724
11
0.3441172047244094
21
0.2264327952755905
0
LINE
8
BLACK
6
CONTINUOUS
10
0.3441172047244094
20
0.2264327952755905
11
0.3433464566929134
21
0.2312992125984252
0
LINE
8
BLACK
6
CONTINUOUS
10
0.3433464566929134
20
0.2312992125984252
11
0.3441172047244094
21
0.2361656299212598
0
LINE
8
BLACK
6
CONTINUOUS
10
0.3441172047244094
20
0.2361656299212598
11
0.3448272047244094
21
0.2375590551181102
0
LINE
8
BLACK
6
CONTINUOUS
10
0.3448272047244094
20
0.2375590551181102
11
0.3402916929133858
21
0.2375590551181102
0
LINE
8
BLACK
6
CONTINUOUS
10
0.3402916929133858
20
0.2375590551181102
11
0.3379096850393701
21
0.2373029527559055
0
LINE
8
BLACK
6
CONTINUOUS
10
0.3379096850393701
20
0.2373029527559055
11
0.3379094881889764
21
0.2373029133858268
0
LINE
8
BLACK
6
CONTINUOUS
10
0.3379094881889764
20
0.2373029133858268
11
0.3325212204724409
21
0.2352932283464567
0
LINE
8
BLACK
6
CONTINUOUS
10
0.3325212204724409
20
0.2352932283464567
11
0.3325211811023622
21
0.2352931889763779
0
LINE
8
BLACK
6
CONTINUOUS
10
0.3325211811023622
20
0.2352931889763779
11
0.3279171653543307
21
0.2318466141732284
0
LINE
8
BLACK
6
CONTINUOUS
10
0.3279171653543307
20
0.2318466141732284
11
0.3244705905511811
21
0.2272425984251968
0
LINE
8
BLACK
6
CONTINUOUS
10
0.3244705905511811
20
0.2272425984251968
11
0.3243707874015748
21
0.2270597637795276
0
LINE
8
BLACK
6
CONTINUOUS
10
0.3243707874015748
20
0.2270597637795276
11
0.3242851574803149
21
0.2271065354330709
0
LINE
8
BLACK
6
CONTINUOUS
10
0.3242851574803149
20
0.2271065354330709
11
0.3229902755905512
21
0.225715905511811
0
LINE
8
BLACK
6
CONTINUOUS
10
0.3229902755905512
20
0.225715905511811
11
0.3217802362204724
21
0.2254527559055118
0
LINE
8
BLACK
6
CONTINUOUS
10
0.3217802362204724
20
0.2254527559055118
11
0.3040256692913386
21
0.2254527559055118
0
LINE
8
BLACK
6
CONTINUOUS
10
0.3040256692913386
20
0.2254527559055118
11
0.3028744094488189
21
0.225223779527559
0
LINE
8
BLACK
6
CONTINUOUS
10
0.3028744094488189
20
0.225223779527559
11
0.3017231102362204
21
0.2249947637795275
0
LINE
8
BLACK
6
CONTINUOUS
10
0.3017231102362204
20
0.2249947637795275
11
0.2991121653543307
21
0.2232501181102362
0
LINE
8
BLACK
6
CONTINUOUS
10
0.2991121653543307
20
0.2232501181102362
11
0.2991120866141732
21
0.2232500393700787
0
LINE
8
BLACK
6
CONTINUOUS
10
0.2991120866141732
20
0.2232500393700787
11
0.2973674409448819
21
0.220639094488189
0
LINE
8
BLACK
6
CONTINUOUS
10
0.2973674409448819
20
0.220639094488189
11
0.2969094488188976
21
0.2183364960629921
0
LINE
8
BLACK
6
CONTINUOUS
10
0.2969094488188976
20
0.2183364960629921
11
0.2969094488188976
21
0.2153740157480315
0
LINE
8
BLACK
6
CONTINUOUS
10
0.2969094488188976
20
0.2153740157480315
11
0.2960561417322835
21
0.213313937007874
0
LINE
8
BLACK
6
CONTINUOUS
10
0.2960561417322835
20
0.213313937007874
11
0.293996062992126
21
0.2124606299212598
0
LINE
8
BLACK
6
CONTINUOUS
10
0.293996062992126
20
0.2124606299212598
11
0.2760450787401575
21
0.2124606299212598
0
LINE
8
BLACK
6
CONTINUOUS
10
0.2760450787401575
20
0.2124606299212598
11
0.273985
21
0.213313937007874
0
LINE
8
BLACK
6
CONTINUOUS
10
0.273985
20
0.213313937007874
11
0.2640488188976378
21
0.2232501181102362
0
LINE
8
BLACK
6
CONTINUOUS
10
0.2640488188976378
20
0.2232501181102362
11
0.2532249212598425
21
0.2340740157480315
0
LINE
8
BLACK
6
CONTINUOUS
10
0.2532249212598425
20
0.2340740157480315
11
0.2532248031496063
21
0.234074094488189
0
LINE
8
BLACK
6
CONTINUOUS
10
0.2532248031496063
20
0.234074094488189
11
0.2532247637795276
21
0.2340741338582677
0
LINE
8
BLACK
6
CONTINUOUS
10
0.2532247637795276
20
0.2340741338582677
11
0.2496296062992126
21
0.2361498031496063
0
LINE
8
BLACK
6
CONTINUOUS
10
0.2496296062992126
20
0.2361498031496063
11
0.2496294488188976
21
0.2361498818897638
0
LINE
8
BLACK
6
CONTINUOUS
10
0.2496294488188976
20
0.2361498818897638
11
0.2473088976377953
21
0.2367716535433071
0
LINE
8
BLACK
6
CONTINUOUS
10
0.2473088976377953
20
0.2367716535433071
11
0.2456191732283464
21
0.2372244094488189
0
LINE
8
BLACK
6
CONTINUOUS
10
0.2456191732283464
20
0.2372244094488189
11
0.2456191338582677
21
0.2372244094488189
0
LINE
8
BLACK
6
CONTINUOUS
10
0.2456191338582677
20
0.2372244094488189
11
0.2292532677165354
21
0.2372244094488189
0
LINE
8
BLACK
6
CONTINUOUS
10
0.2292532677165354
20
0.2372244094488189
11
0.2271931889763779
21
0.2380777165354331
0
LINE
8
BLACK
6
CONTINUOUS
10
0.2271931889763779
20
0.2380777165354331
11
0.2265229133858268
21
0.2387479921259842
0
LINE
8
BLACK
6
CONTINUOUS
10
0.2265229133858268
20
0.2387479921259842
11
0.2223855905511811
21
0.2407705905511811
0
LINE
8
BLACK
6
CONTINUOUS
10
0.2223855905511811
20
0.2407705905511811
11
0.2197033070866142
21
0.2411614173228346
0
LINE
8
BLACK
6
CONTINUOUS
10
0.2197033070866142
20
0.2411614173228346
11
0.2197031496062992
21
0.2411614173228346
0
LINE
8
BLACK
6
CONTINUOUS
10
0.2197031496062992
20
0.2411614173228346
11
0.1619661417322835
21
0.2411614173228346
0
LINE
8
BLACK
6
CONTINUOUS
10
0.1619661417322835
20
0.2411614173228346
11
0.1619659448818898
21
0.2411614173228346
0
LINE
8
BLACK
6
CONTINUOUS
10
0.1619659448818898
20
0.2411614173228346
11
0.1592837007874016
21
0.2407705905511811
0
LINE
8
BLACK
6
CONTINUOUS
10
0.1592837007874016
20
0.2407705905511811
11
0.1592836614173228
21
0.2407705905511811
0
LINE
8
BLACK
6
CONTINUOUS
10
0.1592836614173228
20
0.2407705905511811
11
0.1551463385826772
21
0.2387479921259842
0
LINE
8
BLACK
6
CONTINUOUS
10
0.1551463385826772
20
0.2387479921259842
11
0.1544761023622047
21
0.2380777165354331
0
LINE
8
BLACK
6
CONTINUOUS
10
0.1544761023622047
20
0.2380777165354331
11
0.1524160236220472
21
0.2372244094488189
0
LINE
8
BLACK
6
CONTINUOUS
10
0.1524160236220472
20
0.2372244094488189
11
0.1162812992125984
21
0.2372244094488189
0
LINE
8
BLACK
6
CONTINUOUS
10
0.1162812992125984
20
0.2372244094488189
11
0.1142212204724409
21
0.2380777165354331
0
LINE
8
BLACK
6
CONTINUOUS
10
0.1142212204724409
20
0.2380777165354331
11
0.1104356692913386
21
0.2418632677165354
0
LINE
8
BLACK
6
CONTINUOUS
10
0.1104356692913386
20
0.2418632677165354
11
0.1095823622047244
21
0.2439233464566929
0
LINE
8
BLACK
6
CONTINUOUS
10
0.1095823622047244
20
0.2439233464566929
11
0.1104356692913386
21
0.2459834251968504
0
LINE
8
BLACK
6
CONTINUOUS
10
0.1104356692913386
20
0.2459834251968504
11
0.1121154724409449
21
0.246811811023622
0
LINE
8
BLACK
6
CONTINUOUS
10
0.1121154724409449
20
0.246811811023622
11
0.1122046456692913
21
0.2468235826771653
0
LINE
8
BLACK
6
CONTINUOUS
10
0.1122046456692913
20
0.2468235826771653
11
0.1122047244094488
21
0.2468235433070866
0
LINE
8
BLACK
6
CONTINUOUS
10
0.1122047244094488
20
0.2468235433070866
11
0.1183764566929134
21
0.247636062992126
0
LINE
8
BLACK
6
CONTINUOUS
10
0.1183764566929134
20
0.247636062992126
11
0.1241275984251968
21
0.2500182677165354
0
LINE
8
BLACK
6
CONTINUOUS
10
0.1241275984251968
20
0.2500182677165354
11
0.1290662204724409
21
0.2538077952755906
0
LINE
8
BLACK
6
CONTINUOUS
10
0.1290662204724409
20
0.2538077952755906
11
0.1328557480314961
21
0.2587464173228347
0
LINE
8
BLACK
6
CONTINUOUS
10
0.1328557480314961
20
0.2587464173228347
11
0.1352379527559055
21
0.2644975590551181
0
LINE
8
BLACK
6
CONTINUOUS
10
0.1352379527559055
20
0.2644975590551181
11
0.1360504724409449
21
0.2706692913385827
0
LINE
8
BLACK
6
CONTINUOUS
10
0.1360504724409449
20
0.2706692913385827
11
0.1352379527559055
21
0.2768410236220472
0
LINE
8
BLACK
6
CONTINUOUS
10
0.1352379527559055
20
0.2768410236220472
11
0.1328557480314961
21
0.2825921653543307
0
LINE
8
BLACK
6
CONTINUOUS
10
0.1328557480314961
20
0.2825921653543307
11
0.1308858267716535
21
0.2851594488188977
0
LINE
8
BLACK
6
CONTINUOUS
10
0.1308858267716535
20
0.2851594488188977
11
0.1290663779527559
21
0.2875306299212598
0
LINE
8
BLACK
6
CONTINUOUS
10
0.1290663779527559
20
0.2875306299212598
11
0.1289313385826772
21
0.2876656299212598
0
LINE
8
BLACK
6
CONTINUOUS
10
0.1289313385826772
20
0.2876656299212598
11
0.1289835826771654
21
0.2877179133858268
0
LINE
8
BLACK
6
CONTINUOUS
10
0.1289835826771654
20
0.2877179133858268
11
0.1279972834645669
21
0.2894272834645669
0
LINE
8
BLACK
6
CONTINUOUS
10
0.1279972834645669
20
0.2894272834645669
11
0.1279724409448819
21
0.289806811023622
0
LINE
8
BLACK
6
CONTINUOUS
10
0.1279724409448819
20
0.289806811023622
11
0.1279724409448819
21
0.3012007874015748
0
LINE
8
BLACK
6
CONTINUOUS
10
0.1279724409448819
20
0.3012007874015748
11
0.1288257480314961
21
0.3032608661417323
0
LINE
8
BLACK
6
CONTINUOUS
10
0.1288257480314961
20
0.3032608661417323
11
0.1308858267716535
21
0.3041141732283464
0
LINE
8
BLACK
6
CONTINUOUS
10
0.1308858267716535
20
0.3041141732283464
11
0.1524160236220472
21
0.3041141732283464
0
LINE
8
BLACK
6
CONTINUOUS
10
0.1524160236220472
20
0.3041141732283464
11
0.1544761023622047
21
0.3032608661417323
0
LINE
8
BLACK
6
CONTINUOUS
10
0.1544761023622047
20
0.3032608661417323
11
0.1551463385826772
21
0.3025906299212598
0
LINE
8
BLACK
6
CONTINUOUS
10
0.1551463385826772
20
0.3025906299212598
11
0.1592837401574803
21
0.3005679921259842
0
LINE
8
BLACK
6
CONTINUOUS
10
0.1592837401574803
20
0.3005679921259842
11
0.1619661417322835
21
0.3001771653543307
0
LINE
8
BLACK
6
CONTINUOUS
10
0.1619661417322835
20
0.3001771653543307
11
0.1619663779527559
21
0.3001771653543307
0
LINE
8
BLACK
6
CONTINUOUS
10
0.1619663779527559
20
0.3001771653543307
11
0.2197029133858268
21
0.3001771653543307
0
LINE
8
BLACK
6
CONTINUOUS
10
0.2197029133858268
20
0.3001771653543307
11
0.2197031496062992
21
0.3001771653543307
0
LINE
8
BLACK
6
CONTINUOUS
10
0.2197031496062992
20
0.3001771653543307
11
0.2223855511811024
21
0.3005679921259842
0
LINE
8
BLACK
6
CONTINUOUS
10
0.2223855511811024
20
0.3005679921259842
11
0.2265229527559055
21
0.3025906299212598
0
LINE
8
BLACK
6
CONTINUOUS
10
0.2265229527559055
20
0.3025906299212598
11
0.2271931889763779
21
0.3032608661417323
0
LINE
8
BLACK
6
CONTINUOUS
10
0.2271931889763779
20
0.3032608661417323
11
0.2292532677165354
21
0.3041141732283464
0
LINE
8
BLACK
6
CONTINUOUS
10
0.2292532677165354
20
0.3041141732283464
11
0.2427158661417323
21
0.3041141732283464
0
LINE
8
BLACK
6
CONTINUOUS
10
0.2427158661417323
20
0.3041141732283464
11
0.2447759448818898
21
0.3032608661417323
0
LINE
8
BLACK
6
CONTINUOUS
10
0.2447759448818898
20
0.3032608661417323
11
0.2454074803149606
21
0.3023156692913386
0
LINE
8
BLACK
6
CONTINUOUS
10
0.2454074803149606
20
0.3023156692913386
11
0.2459237401574803
21
0.3010692913385827
0
LINE
8
BLACK
6
CONTINUOUS
10
0.2459237401574803
20
0.3010692913385827
11
0.2482600787401575
21
0.2980244881889764
0
LINE
8
BLACK
6
CONTINUOUS
10
0.2482600787401575
20
0.2980244881889764
11
0.2488372047244095
21
0.2958706692913386
0
LINE
8
BLACK
6
CONTINUOUS
10
0.2488372047244095
20
0.2958706692913386
11
0.2477222834645669
21
0.2939396062992126
0
LINE
8
BLACK
6
CONTINUOUS
10
0.2477222834645669
20
0.2939396062992126
11
0.2463290157480315
21
0.2933624803149606
0
LINE
8
BLACK
6
CONTINUOUS
10
0.2463290157480315
20
0.2933624803149606
11
0.2438283070866142
21
0.2930332677165354
0
LINE
8
BLACK
6
CONTINUOUS
10
0.2438283070866142
20
0.2930332677165354
11
0.2438282677165354
21
0.2930332677165354
0
LINE
8
BLACK
6
CONTINUOUS
10
0.2438282677165354
20
0.2930332677165354
11
0.2380770866141732
21
0.2906510236220473
0
LINE
8
BLACK
6
CONTINUOUS
10
0.2380770866141732
20
0.2906510236220473
11
0.2333698818897638
21
0.2870390551181102
0
LINE
8
BLACK
6
CONTINUOUS
10
0.2333698818897638
20
0.2870390551181102
11
0.2315963385826772
21
0.2864370078740157
0
LINE
8
BLACK
6
CONTINUOUS
10
0.2315963385826772
20
0.2864370078740157
11
0.2292532677165354
21
0.2864370078740157
0
LINE
8
BLACK
6
CONTINUOUS
10
0.2292532677165354
20
0.2864370078740157
11
0.2271931889763779
21
0.2872903149606299
0
LINE
8
BLACK
6
CONTINUOUS
10
0.2271931889763779
20
0.2872903149606299
11
0.2265229133858268
21
0.2879605905511811
0
LINE
8
BLACK
6
CONTINUOUS
10
0.2265229133858268
20
0.2879605905511811
11
0.2223855905511811
21
0.2899831889763779
0
LINE
8
BLACK
6
CONTINUOUS
10
0.2223855905511811
20
0.2899831889763779
11
0.2197033070866142
21
0.2903740157480315
0
LINE
8
BLACK
6
CONTINUOUS
10
0.2197033070866142
20
0.2903740157480315
11
0.2197031496062992
21
0.2903740157480315
0
LINE
8
BLACK
6
CONTINUOUS
10
0.2197031496062992
20
0.2903740157480315
11
0.1619661417322835
21
0.2903740157480315
0
LINE
8
BLACK
6
CONTINUOUS
10
0.1619661417322835
20
0.2903740157480315
11
0.1619659448818898
21
0.2903740157480315
0
LINE
8
BLACK
6
CONTINUOUS
10
0.1619659448818898
20
0.2903740157480315
11
0.1592837007874016
21
0.2899831889763779
0
LINE
8
BLACK
6
CONTINUOUS
10
0.1592837007874016
20
0.2899831889763779
11
0.1592836614173228
21
0.2899831889763779
0
LINE
8
BLACK
6
CONTINUOUS
10
0.1592836614173228
20
0.2899831889763779
11
0.1551463385826772
21
0.2879605905511811
0
LINE
8
BLACK
6
CONTINUOUS
10
0.1551463385826772
20
0.2879605905511811
11
0.1518898031496063
21
0.2847040551181103
0
LINE
8
BLACK
6
CONTINUOUS
10
0.1518898031496063
20
0.2847040551181103
11
0.1498672047244095
21
0.2805667322834646
0
LINE
8
BLACK
6
CONTINUOUS
10
0.1498672047244095
20
0.2805667322834646
11
0.1498672047244095
21
0.2805666929133858
0
LINE
8
BLACK
6
CONTINUOUS
10
0.1498672047244095
20
0.2805666929133858
11
0.1494763779527559
21
0.2778844488188976
0
LINE
8
BLACK
6
CONTINUOUS
10
0.1494763779527559
20
0.2778844488188976
11
0.1494763779527559
21
0.2634541732283465
0
LINE
8
BLACK
6
CONTINUOUS
10
0.1494763779527559
20
0.2634541732283465
11
0.1498672047244095
21
0.2607719291338583
0
LINE
8
BLACK
6
CONTINUOUS
10
0.1498672047244095
20
0.2607719291338583
11
0.1498672047244095
21
0.2607718897637795
0
LINE
8
BLACK
6
CONTINUOUS
10
0.1498672047244095
20
0.2607718897637795
11
0.1518898031496063
21
0.2566345669291338
0
LINE
8
BLACK
6
CONTINUOUS
10
0.1518898031496063
20
0.2566345669291338
11
0.151889842519685
21
0.2566345275590551
0
LINE
8
BLACK
6
CONTINUOUS
10
0.151889842519685
20
0.2566345275590551
11
0.1551463385826772
21
0.253378031496063
0
LINE
8
BLACK
6
CONTINUOUS
10
0.1551463385826772
20
0.253378031496063
11
0.1592837401574803
21
0.2513553937007874
0
LINE
8
BLACK
6
CONTINUOUS
10
0.1592837401574803
20
0.2513553937007874
11
0.1619661417322835
21
0.2509645669291338
0
LINE
8
BLACK
6
CONTINUOUS
10
0.1619661417322835
20
0.2509645669291338
11
0.1619663779527559
21
0.2509645669291338
0
LINE
8
BLACK
6
CONTINUOUS
10
0.1619663779527559
20
0.2509645669291338
11
0.2197029133858268
21
0.2509645669291338
0
LINE
8
BLACK
6
CONTINUOUS
10
0.2197029133858268
20
0.2509645669291338
11
0.2197031496062992
21
0.2509645669291338
0
LINE
8
BLACK
6
CONTINUOUS
10
0.2197031496062992
20
0.2509645669291338
11
0.2223855511811024
21
0.2513553937007874
0
LINE
8
BLACK
6
CONTINUOUS
10
0.2223855511811024
20
0.2513553937007874
11
0.2265229527559055
21
0.253378031496063
0
LINE
8
BLACK
6
CONTINUOUS
10
0.2265229527559055
20
0.253378031496063
11
0.2271931889763779
21
0.2540482677165354
0
LINE
8
BLACK
6
CONTINUOUS
10
0.2271931889763779
20
0.2540482677165354
11
0.2292532677165354
21
0.2549015748031496
0
LINE
8
BLACK
6
CONTINUOUS
10
0.2292532677165354
20
0.2549015748031496
11
0.230348937007874
21
0.2549015748031496
0
LINE
8
BLACK
6
CONTINUOUS
10
0.230348937007874
20
0.2549015748031496
11
0.2324090157480315
21
0.2540482677165354
0
LINE
8
BLACK
6
CONTINUOUS
10
0.2324090157480315
20
0.2540482677165354
11
0.2326603149606299
21
0.2537616929133858
0
LINE
8
BLACK
6
CONTINUOUS
10
0.2326603149606299
20
0.2537616929133858
11
0.2331384251968504
21
0.2531385826771653
0
LINE
8
BLACK
6
CONTINUOUS
10
0.2331384251968504
20
0.2531385826771653
11
0.2331385826771654
21
0.2531384251968504
0
LINE
8
BLACK
6
CONTINUOUS
10
0.2331385826771654
20
0.2531384251968504
11
0.2359715748031496
21
0.2509646062992126
0
LINE
8
BLACK
6
CONTINUOUS
10
0.2359715748031496
20
0.2509646062992126
11
0.238077125984252
21
0.2493489763779528
0
LINE
8
BLACK
6
CONTINUOUS
10
0.238077125984252
20
0.2493489763779528
11
0.2438282677165354
21
0.2469667716535433
0
LINE
8
BLACK
6
CONTINUOUS
10
0.2438282677165354
20
0.2469667716535433
11
0.25
21
0.2461542519685039
0
LINE
8
BLACK
6
CONTINUOUS
10
0.25
20
0.2461542519685039
11
0.2561717322834646
21
0.2469667716535433
0
LINE
8
BLACK
6
CONTINUOUS
10
0.2561717322834646
20
0.2469667716535433
11
0.261922874015748
21
0.2493489763779528
0
LINE
8
BLACK
6
CONTINUOUS
10
0.261922874015748
20
0.2493489763779528
11
0.2668614960629921
21
0.2531385039370079
0
LINE
8
BLACK
6
CONTINUOUS
10
0.2668614960629921
20
0.2531385039370079
11
0.2706510236220472
21
0.258077125984252
0
LINE
8
BLACK
6
CONTINUOUS
10
0.2706510236220472
20
0.258077125984252
11
0.2730332283464567
21
0.2638282677165354
0
LINE
8
BLACK
6
CONTINUOUS
10
0.2730332283464567
20
0.2638282677165354
11
0.2738457480314961
21
0.27
0
LINE
8
BLACK
6
CONTINUOUS
10
0.2738457480314961
20
0.27
11
0.2730332283464567
21
0.2761717322834646
0
LINE
8
BLACK
6
CONTINUOUS
10
0.2730332283464567
20
0.2761717322834646
11
0.2706510236220472
21
0.281922874015748
0
LINE
8
BLACK
6
CONTINUOUS
10
0.2706510236220472
20
0.281922874015748
11
0.268516968503937
21
0.2847040551181103
0
LINE
8
BLACK
6
CONTINUOUS
10
0.268516968503937
20
0.2847040551181103
11
0.2683146850393701
21
0.2849676771653543
0
LINE
8
BLACK
6
CONTINUOUS
10
0.2683146850393701
20
0.2849676771653543
11
0.2677375590551181
21
0.2871214960629921
0
LINE
8
BLACK
6
CONTINUOUS
10
0.2677375590551181
20
0.2871214960629921
11
0.2688524803149606
21
0.2890525590551181
0
LINE
8
BLACK
6
CONTINUOUS
10
0.2688524803149606
20
0.2890525590551181
11
0.2702457086614173
21
0.2896296850393701
0
LINE
8
BLACK
6
CONTINUOUS
10
0.2702457086614173
20
0.2896296850393701
11
0.2727465354330709
21
0.2899588976377953
0
LINE
8
BLACK
6
CONTINUOUS
10
0.2727465354330709
20
0.2899588976377953
11
0.2784976771653543
21
0.2923411023622047
0
LINE
8
BLACK
6
CONTINUOUS
10
0.2784976771653543
20
0.2923411023622047
11
0.2834362992125984
21
0.2961306299212598
0
LINE
8
BLACK
6
CONTINUOUS
10
0.2834362992125984
20
0.2961306299212598
11
0.2872258267716535
21
0.3010692519685039
0
LINE
8
BLACK
6
CONTINUOUS
10
0.2872258267716535
20
0.3010692519685039
11
0.2888335826771654
21
0.3049507086614173
0
LINE
8
BLACK
6
CONTINUOUS
10
0.2888335826771654
20
0.3049507086614173
11
0.289608031496063
21
0.3068203937007874
0
LINE
8
BLACK
6
CONTINUOUS
10
0.289608031496063
20
0.3068203937007874
11
0.2904205511811024
21
0.312992125984252
0
LINE
8
BLACK
6
CONTINUOUS
10
0.2904205511811024
20
0.312992125984252
11
0.289608031496063
21
0.3191638582677165
0
LINE
8
BLACK
6
CONTINUOUS
10
0.289608031496063
20
0.3191638582677165
11
0.2872258267716535
21
0.324915
0
LINE
8
BLACK
6
CONTINUOUS
10
0.2872258267716535
20
0.324915
11
0.2866633464566929
21
0.325648031496063
0
LINE
8
BLACK
6
CONTINUOUS
10
0.2866633464566929
20
0.325648031496063
11
0.2856364960629921
21
0.3269862992125984
0
LINE
8
BLACK
6
CONTINUOUS
10
0.2856364960629921
20
0.3269862992125984
11
0.2850593700787402
21
0.3291401181102362
0
LINE
8
BLACK
6
CONTINUOUS
10
0.2850593700787402
20
0.3291401181102362
11
0.2861742913385827
21
0.3310711811023622
0
LINE
8
BLACK
6
CONTINUOUS
10
0.2861742913385827
20
0.3310711811023622
11
0.2879478346456693
21
0.3316732283464567
0
LINE
8
BLACK
6
CONTINUOUS
10
0.2879478346456693
20
0.3316732283464567
11
0.303553031496063
21
0.3316732283464567
0
LINE
8
BLACK
6
CONTINUOUS
10
0.303553031496063
20
0.3316732283464567
11
0.3074181102362205
21
0.3322853937007874
0
LINE
8
BLACK
6
CONTINUOUS
10
0.3074181102362205
20
0.3322853937007874
11
0.3120768110236221
21
0.3346591338582677
0
LINE
8
BLACK
6
CONTINUOUS
10
0.3120768110236221
20
0.3346591338582677
11
0.315773937007874
21
0.3383562598425197
0
LINE
8
BLACK
6
CONTINUOUS
10
0.315773937007874
20
0.3383562598425197
11
0.3161416535433071
21
0.3390779527559055
0
LINE
8
BLACK
6
CONTINUOUS
10
0.3161416535433071
20
0.3390779527559055
11
0.3163225196850394
21
0.339432874015748
0
LINE
8
BLACK
6
CONTINUOUS
10
0.3163225196850394
20
0.339432874015748
11
0.3180180708661417
21
0.3408810236220473
0
LINE
8
BLACK
6
CONTINUOUS
10
0.3180180708661417
20
0.3408810236220473
11
0.3189183464566929
21
0.3410236220472441
0
LINE
8
BLACK
6
CONTINUOUS
10
0.3189183464566929
20
0.3410236220472441
11
0.3352681889763779
21
0.3410236220472441
0
LINE
8
BLACK
6
CONTINUOUS
10
0.3352681889763779
20
0.3410236220472441
11
0.3373282677165354
21
0.3401703149606299
0
LINE
8
BLACK
6
CONTINUOUS
10
0.3373282677165354
20
0.3401703149606299
11
0.337610905511811
21
0.3398259448818898
0
LINE
8
BLACK
6
CONTINUOUS
10
0.337610905511811
20
0.3398259448818898
11
0.3376553149606299
21
0.3397815354330709
0
LINE
8
BLACK
6
CONTINUOUS
10
0.3376553149606299
20
0.3397815354330709
11
0.3376553543307086
21
0.3397814960629921
0
LINE
8
BLACK
6
CONTINUOUS
10
0.3376553543307086
20
0.3397814960629921
11
0.3376554330708662
21
0.3397814173228346
0
LINE
8
BLACK
6
CONTINUOUS
10
0.3376554330708662
20
0.3397814173228346
11
0.33942
21
0.3386023622047244
0
LINE
8
BLACK
6
CONTINUOUS
10
0.33942
20
0.3386023622047244
11
0.3402664173228346
21
0.3380367716535433
0
LINE
8
BLACK
6
CONTINUOUS
10
0.3402664173228346
20
0.3380367716535433
11
0.3402664566929134
21
0.3380367716535433
0
LINE
8
BLACK
6
CONTINUOUS
10
0.3402664566929134
20
0.3380367716535433
11
0.3402664960629921
21
0.3380367322834645
0
LINE
8
BLACK
6
CONTINUOUS
10
0.3402664960629921
20
0.3380367322834645
11
0.3425689763779527
21
0.3375787401574803
0
LINE
8
BLACK
6
CONTINUOUS
10
0.3425689763779527
20
0.3375787401574803
11
0.3425690551181103
21
0.3375787401574803
0
LINE
8
BLACK
6
CONTINUOUS
10
0.3425690551181103
20
0.3375787401574803
11
0.3716829133858268
21
0.3375787401574803
0
LINE
8
BLACK
6
CONTINUOUS
10
0.3716829133858268
20
0.3375787401574803
11
0.3716829921259843
21
0.3375787401574803
0
LINE
8
BLACK
6
CONTINUOUS
10
0.3716829921259843
20
0.3375787401574803
11
0.3739854724409449
21
0.3380367322834645
0
LINE
8
BLACK
6
CONTINUOUS
10
0.3739854724409449
20
0.3380367322834645
11
0.3765965354330709
21
0.3397814173228346
0
LINE
8
BLACK
6
CONTINUOUS
10
0.3765965354330709
20
0.3397814173228346
11
0.3768902362204724
21
0.3402210236220473
0
LINE
8
BLACK
6
CONTINUOUS
10
0.3768902362204724
20
0.3402210236220473
11
0.3787442519685039
21
0.3414597637795275
0
LINE
8
BLACK
6
CONTINUOUS
10
0.3787442519685039
20
0.3414597637795275
11
0.3793125984251968
21
0.341515748031496
0
LINE
8
BLACK
6
CONTINUOUS
10
0.3793125984251968
20
0.341515748031496
11
0.3877165354330708
21
0.341515748031496
0
LINE
8
BLACK
6
CONTINUOUS
10
0.3877165354330708
20
0.341515748031496
11
0.3897766141732283
21
0.3406624409448819
0
LINE
8
BLACK
6
CONTINUOUS
10
0.3897766141732283
20
0.3406624409448819
11
0.3906299212598425
21
0.3386023622047244
0
LINE
8
BLACK
6
CONTINUOUS
10
0.3906299212598425
20
0.3386023622047244
11
0.3906299212598425
21
0.3339863779527559
0
LINE
8
BLACK
6
CONTINUOUS
10
0.3906299212598425
20
0.3339863779527559
11
0.3910879133858268
21
0.3316837795275591
0
LINE
8
BLACK
6
CONTINUOUS
10
0.3910879133858268
20
0.3316837795275591
11
0.3915215354330708
21
0.331034842519685
0
LINE
8
BLACK
6
CONTINUOUS
10
0.3915215354330708
20
0.331034842519685
11
0.3928325984251969
21
0.3290727559055118
0
LINE
8
BLACK
6
CONTINUOUS
10
0.3928325984251969
20
0.3290727559055118
11
0.3937257874015748
21
0.3284759448818897
0
LINE
8
BLACK
6
CONTINUOUS
10
0.3937257874015748
20
0.3284759448818897
11
0.3954435826771653
21
0.3273281102362204
0
LINE
8
BLACK
6
CONTINUOUS
10
0.3954435826771653
20
0.3273281102362204
11
0.3954436220472441
21
0.3273281102362204
0
LINE
8
BLACK
6
CONTINUOUS
10
0.3954436220472441
20
0.3273281102362204
11
0.3954436614173228
21
0.3273280708661417
0
LINE
8
BLACK
6
CONTINUOUS
10
0.3954436614173228
20
0.3273280708661417
11
0.3977461417322835
21
0.3268700787401575
0
LINE
8
BLACK
6
CONTINUOUS
10
0.3977461417322835
20
0.3268700787401575
11
0.397746220472441
21
0.3268700787401575
0
LINE
8
BLACK
6
CONTINUOUS
10
0.397746220472441
20
0.3268700787401575
11
0.4543010236220472
21
0.3268700787401575
0
LINE
8
BLACK
6
CONTINUOUS
10
0.4543010236220472
20
0.3268700787401575
11
0.4543011023622047
21
0.3268700787401575
0
LINE
8
BLACK
6
CONTINUOUS
10
0.4543011023622047
20
0.3268700787401575
11
0.4566035826771653
21
0.3273280708661417
0
LINE
8
BLACK
6
CONTINUOUS
10
0.4566035826771653
20
0.3273280708661417
11
0.4592146456692913
21
0.3290727559055118
0
LINE
8
BLACK
6
CONTINUOUS
10
0.4592146456692913
20
0.3290727559055118
11
0.4609593307086614
21
0.3316838188976378
0
LINE
8
BLACK
6
CONTINUOUS
10
0.4609593307086614
20
0.3316838188976378
11
0.4614173228346456
21
0.3339862992125984
0
LINE
8
BLACK
6
CONTINUOUS
10
0.4614173228346456
20
0.3339862992125984
11
0.4614173228346456
21
0.3705412598425197
0
LINE
8
BLACK
6
CONTINUOUS
10
0.4614173228346456
20
0.3705412598425197
11
0.4609593307086614
21
0.3728437401574803
0
LINE
8
BLACK
6
CONTINUOUS
10
0.4609593307086614
20
0.3728437401574803
11
0.4608207086614173
21
0.3730511811023622
0
LINE
8
BLACK
6
CONTINUOUS
10
0.4608207086614173
20
0.3730511811023622
11
0.4600866141732283
21
0.3741498031496063
0
LINE
8
BLACK
6
CONTINUOUS
10
0.4600866141732283
20
0.3741498031496063
11
0.4592146456692913
21
0.3754548031496063
0
LINE
8
BLACK
6
CONTINUOUS
10
0.4592146456692913
20
0.3754548031496063
11
0.4582827559055118
21
0.3760774803149606
0
LINE
8
BLACK
6
CONTINUOUS
10
0.4582827559055118
20
0.3760774803149606
11
0.4566036220472441
21
0.3771994881889764
0
LINE
8
BLACK
6
CONTINUOUS
10
0.4566036220472441
20
0.3771994881889764
11
0.4566036614173228
21
0.3771994881889764
0
LINE
8
BLACK
6
CONTINUOUS
10
0.4566036614173228
20
0.3771994881889764
11
0.4554523228346457
21
0.3774285039370079
0
LINE
8
BLACK
6
CONTINUOUS
10
0.4554523228346457
20
0.3774285039370079
11
0.4543011023622047
21
0.3776574803149606
0
LINE
8
BLACK
6
CONTINUOUS
10
0.4543011023622047
20
0.3776574803149606
11
0.3977461417322835
21
0.3776574803149606
0
LINE
8
BLACK
6
CONTINUOUS
10
0.3977461417322835
20
0.3776574803149606
11
0.3965948818897638
21
0.3774285039370079
0
LINE
8
BLACK
6
CONTINUOUS
10
0.3965948818897638
20
0.3774285039370079
11
0.3954435826771653
21
0.3771994881889764
0
LINE
8
BLACK
6
CONTINUOUS
10
0.3954435826771653
20
0.3771994881889764
11
0.3928326771653543
21
0.3754549212598425
0
LINE
8
BLACK
6
CONTINUOUS
10
0.3928326771653543
20
0.3754549212598425
11
0.3928326377952756
21
0.375454842519685
0
LINE
8
BLACK
6
CONTINUOUS
10
0.3928326377952756
20
0.375454842519685
11
0.3928325984251969
21
0.3754548031496063
0
LINE
8
BLACK
6
CONTINUOUS
10
0.3928325984251969
20
0.3754548031496063
11
0.3920916141732284
21
0.374345905511811
0
LINE
8
BLACK
6
CONTINUOUS
10
0.3920916141732284
20
0.374345905511811
11
0.3902376771653543
21
0.3731071653543307
0
LINE
8
BLACK
6
CONTINUOUS
10
0.3902376771653543
20
0.3731071653543307
11
0.3896693307086614
21
0.3730511811023622
0
LINE
8
BLACK
6
CONTINUOUS
10
0.3896693307086614
20
0.3730511811023622
11
0.3793125984251968
21
0.3730511811023622
0
LINE
8
BLACK
6
CONTINUOUS
10
0.3793125984251968
20
0.3730511811023622
11
0.3772525196850394
21
0.3739044881889764
0
LINE
8
BLACK
6
CONTINUOUS
10
0.3772525196850394
20
0.3739044881889764
11
0.3768902362204724
21
0.3743459448818898
0
LINE
8
BLACK
6
CONTINUOUS
10
0.3768902362204724
20
0.3743459448818898
11
0.3765965354330709
21
0.3747855118110236
0
LINE
8
BLACK
6
CONTINUOUS
10
0.3765965354330709
20
0.3747855118110236
11
0.3750081102362204
21
0.3758468897637795
0
LINE
8
BLACK
6
CONTINUOUS
10
0.3750081102362204
20
0.3758468897637795
11
0.3737694094488189
21
0.377700905511811
0
LINE
8
BLACK
6
CONTINUOUS
10
0.3737694094488189
20
0.377700905511811
11
0.3742044488188976
21
0.379887874015748
0
LINE
8
BLACK
6
CONTINUOUS
10
0.3742044488188976
20
0.379887874015748
11
0.3756087007874016
21
0.3809988976377953
0
LINE
8
BLACK
6
CONTINUOUS
10
0.3756087007874016
20
0.3809988976377953
11
0.3805889763779527
21
0.3828564173228347
0
LINE
8
BLACK
6
CONTINUOUS
10
0.3805889763779527
20
0.3828564173228347
11
0.3805890157480315
21
0.3828564566929133
0
LINE
8
BLACK
6
CONTINUOUS
10
0.3805890157480315
20
0.3828564566929133
11
0.3851930708661417
21
0.386303031496063
0
LINE
8
BLACK
6
CONTINUOUS
10
0.3851930708661417
20
0.386303031496063
11
0.3851931102362204
21
0.3863030708661417
0
LINE
8
BLACK
6
CONTINUOUS
10
0.3851931102362204
20
0.3863030708661417
11
0.3880333464566929
21
0.3900971653543307
0
LINE
8
BLACK
6
CONTINUOUS
10
0.3880333464566929
20
0.3900971653543307
11
0.3899509842519685
21
0.391235
0
LINE
8
BLACK
6
CONTINUOUS
10
0.3899509842519685
20
0.391235
11
0.3913837401574803
21
0.3910809448818898
0
LINE
8
BLACK
6
CONTINUOUS
10
0.3913837401574803
20
0.3910809448818898
11
0.3942283858267717
21
0.3900199606299212
0
LINE
8
BLACK
6
CONTINUOUS
10
0.3942283858267717
20
0.3900199606299212
11
0.3942285826771653
21
0.3900199212598425
0
LINE
8
BLACK
6
CONTINUOUS
10
0.3942285826771653
20
0.3900199212598425
11
0.3966105905511811
21
0.389763779527559
0
LINE
8
BLACK
6
CONTINUOUS
10
0.3966105905511811
20
0.389763779527559
11
0.4160236220472441
21
0.389763779527559
0
LINE
8
BLACK
6
CONTINUOUS
10
0.4160236220472441
20
0.389763779527559
11
0.4160236220472441
21
0.409763779527559
0
LINE
8
BLACK
6
CONTINUOUS
10
0.4160236220472441
20
0.409763779527559
11
0.3985236220472441
21
0.409763779527559
0
LINE
8
BLACK
6
CONTINUOUS
10
0.3985236220472441
20
0.409763779527559
11
0.3985236220472441
21
0.4193897637795275
0
LINE
8
BLACK
6
CONTINUOUS
10
0.3985236220472441
20
0.4193897637795275
11
0.3752497244094488
21
0.4193897637795275
0
LINE
8
BLACK
6
CONTINUOUS
10
0.3752497244094488
20
0.4193897637795275
11
0.3709055118110236
21
0.4150455905511811
0
LINE
8
BLACK
6
CONTINUOUS
10
0.3709055118110236
20
0.4150455905511811
11
0.3709055118110236
21
0.4005905511811024
0
LINE
8
BLACK
6
CONTINUOUS
10
0.3709055118110236
20
0.4005905511811024
11
0.3433464566929134
21
0.4005905511811024
0
LINE
8
BLACK
6
CONTINUOUS
10
0.3433464566929134
20
0.4005905511811024
11
0.3433464566929134
21
0.4242125984251968
0
LINE
8
BLACK
6
CONTINUOUS
10
0.3433464566929134
20
0.4242125984251968
11
0.3471259842519685
21
0.4242125984251968
0
LINE
8
BLACK
6
CONTINUOUS
10
0.3471259842519685
20
0.4242125984251968
11
0.3471259842519685
21
0.4251290551181102
0
LINE
8
BLACK
6
CONTINUOUS
10
0.3471259842519685
20
0.4251290551181102
11
0.3468852755905512
21
0.4252516929133858
0
LINE
8
BLACK
6
CONTINUOUS
10
0.3468852755905512
20
0.4252516929133858
11
0.3434012992125984
21
0.4287356692913386
0
LINE
8
BLACK
6
CONTINUOUS
10
0.3434012992125984
20
0.4287356692913386
11
0.3411644488188976
21
0.4331257086614173
0
LINE
8
BLACK
6
CONTINUOUS
10
0.3411644488188976
20
0.4331257086614173
11
0.3403937007874016
21
0.437992125984252
0
LINE
8
BLACK
6
CONTINUOUS
10
0.3403937007874016
20
0.437992125984252
11
0.3411644488188976
21
0.4428585433070866
0
LINE
8
BLACK
6
CONTINUOUS
10
0.3411644488188976
20
0.4428585433070866
11
0.3418543700787401
21
0.4442125984251968
0
LINE
8
BLACK
6
CONTINUOUS
10
0.3418543700787401
20
0.4442125984251968
11
0.3414334251968504
21
0.4442125984251968
0
LINE
8
BLACK
6
CONTINUOUS
10
0.3414334251968504
20
0.4442125984251968
11
0.3390514173228346
21
0.4439564960629921
0
LINE
8
BLACK
6
CONTINUOUS
10
0.3390514173228346
20
0.4439564960629921
11
0.339051220472441
21
0.4439564566929134
0
LINE
8
BLACK
6
CONTINUOUS
10
0.339051220472441
20
0.4439564566929134
11
0.3336629527559055
21
0.4419467716535433
0
LINE
8
BLACK
6
CONTINUOUS
10
0.3336629527559055
20
0.4419467716535433
11
0.3336629133858268
21
0.4419467322834645
0
LINE
8
BLACK
6
CONTINUOUS
10
0.3336629133858268
20
0.4419467322834645
11
0.3290588976377953
21
0.438500157480315
0
LINE
8
BLACK
6
CONTINUOUS
10
0.3290588976377953
20
0.438500157480315
11
0.3256123228346456
21
0.4338961417322835
0
LINE
8
BLACK
6
CONTINUOUS
10
0.3256123228346456
20
0.4338961417322835
11
0.3240991732283465
21
0.4298392125984252
0
LINE
8
BLACK
6
CONTINUOUS
10
0.3240991732283465
20
0.4298392125984252
11
0.3225797244094488
21
0.4282072440944882
0
LINE
8
BLACK
6
CONTINUOUS
10
0.3225797244094488
20
0.4282072440944882
11
0.3203513385826772
21
0.4281276771653543
0
LINE
8
BLACK
6
CONTINUOUS
10
0.3203513385826772
20
0.4281276771653543
11
0.3187193700787401
21
0.429647125984252
0
LINE
8
BLACK
6
CONTINUOUS
10
0.3187193700787401
20
0.429647125984252
11
0.3184920078740157
21
0.4304015354330709
0
LINE
8
BLACK
6
CONTINUOUS
10
0.3184920078740157
20
0.4304015354330709
11
0.3181476771653543
21
0.4325755905511811
0
LINE
8
BLACK
6
CONTINUOUS
10
0.3181476771653543
20
0.4325755905511811
11
0.315773937007874
21
0.4372342913385827
0
LINE
8
BLACK
6
CONTINUOUS
10
0.315773937007874
20
0.4372342913385827
11
0.3120768110236221
21
0.4409314173228346
0
LINE
8
BLACK
6
CONTINUOUS
10
0.3120768110236221
20
0.4409314173228346
11
0.3120767322834646
21
0.4409314960629921
0
LINE
8
BLACK
6
CONTINUOUS
10
0.3120767322834646
20
0.4409314960629921
11
0.3074181102362205
21
0.443305157480315
0
LINE
8
BLACK
6
CONTINUOUS
10
0.3074181102362205
20
0.443305157480315
11
0.3074181102362205
21
0.4433051968503937
0
LINE
8
BLACK
6
CONTINUOUS
10
0.3074181102362205
20
0.4433051968503937
11
0.303553031496063
21
0.4439173228346456
0
LINE
8
BLACK
6
CONTINUOUS
10
0.303553031496063
20
0.4439173228346456
11
0.3035529921259842
21
0.4439173228346456
0
LINE
8
BLACK
6
CONTINUOUS
10
0.3035529921259842
20
0.4439173228346456
11
0.2877690551181102
21
0.4439173228346456
0
LINE
8
BLACK
6
CONTINUOUS
10
0.2877690551181102
20
0.4439173228346456
11
0.2857089763779527
21
0.4447706299212598
0
LINE
8
BLACK
6
CONTINUOUS
10
0.2857089763779527
20
0.4447706299212598
11
0.2676052755905512
21
0.4628743307086614
0
LINE
8
BLACK
6
CONTINUOUS
10
0.2676052755905512
20
0.4628743307086614
11
0.266751968503937
21
0.4649344094488189
0
LINE
8
BLACK
6
CONTINUOUS
10
0.266751968503937
20
0.4649344094488189
11
0.266751968503937
21
0.4714763779527559
0
LINE
8
BLACK
6
CONTINUOUS
10
0.266751968503937
20
0.4714763779527559
11
0.2676052755905512
21
0.4735364566929134
0
LINE
8
BLACK
6
CONTINUOUS
10
0.2676052755905512
20
0.4735364566929134
11
0.2696653543307087
21
0.4743897637795276
0
LINE
8
BLACK
6
CONTINUOUS
10
0.2696653543307087
20
0.4743897637795276
11
0.2711756299212598
21
0.4743897637795276
0
LINE
8
BLACK
6
CONTINUOUS
10
0.2711756299212598
20
0.4743897637795276
11
0.2732357086614173
21
0.4735364566929134
0
LINE
8
BLACK
6
CONTINUOUS
10
0.2732357086614173
20
0.4735364566929134
11
0.2738672440944882
21
0.4725912598425197
0
LINE
8
BLACK
6
CONTINUOUS
10
0.2738672440944882
20
0.4725912598425197
11
0.2752205905511811
21
0.4693238582677165
0
LINE
8
BLACK
6
CONTINUOUS
10
0.2752205905511811
20
0.4693238582677165
11
0.2784386220472441
21
0.4645076771653543
0
LINE
8
BLACK
6
CONTINUOUS
10
0.2784386220472441
20
0.4645076771653543
11
0.2786697244094488
21
0.4641618503937008
0
LINE
8
BLACK
6
CONTINUOUS
10
0.2786697244094488
20
0.4641618503937008
11
0.2830594881889764
21
0.4597720866141732
0
LINE
8
BLACK
6
CONTINUOUS
10
0.2830594881889764
20
0.4597720866141732
11
0.2882212992125984
21
0.4563230708661417
0
LINE
8
BLACK
6
CONTINUOUS
10
0.2882212992125984
20
0.4563230708661417
11
0.2882214960629921
21
0.4563229921259843
0
LINE
8
BLACK
6
CONTINUOUS
10
0.2882214960629921
20
0.4563229921259843
11
0.2882214566929134
21
0.4563229921259843
0
LINE
8
BLACK
6
CONTINUOUS
10
0.2882214566929134
20
0.4563229921259843
11
0.2936387795275591
21
0.454079094488189
0
LINE
8
BLACK
6
CONTINUOUS
10
0.2936387795275591
20
0.454079094488189
11
0.293956811023622
21
0.4539473622047244
0
LINE
8
BLACK
6
CONTINUOUS
10
0.293956811023622
20
0.4539473622047244
11
0.3000455905511811
21
0.4527362204724409
0
LINE
8
BLACK
6
CONTINUOUS
10
0.3000455905511811
20
0.4527362204724409
11
0.3000456692913386
21
0.4527362204724409
0
LINE
8
BLACK
6
CONTINUOUS
10
0.3000456692913386
20
0.4527362204724409
11
0.3508176771653543
21
0.4527362204724409
0
LINE
8
BLACK
6
CONTINUOUS
10
0.3508176771653543
20
0.4527362204724409
11
0.3512753149606299
21
0.4529694094488189
0
LINE
8
BLACK
6
CONTINUOUS
10
0.3512753149606299
20
0.4529694094488189
11
0.3561417322834646
21
0.4537401574803149
0
LINE
8
BLACK
6
CONTINUOUS
10
0.3561417322834646
20
0.4537401574803149
11
0.3610081496062992
21
0.4529694094488189
0
LINE
8
BLACK
6
CONTINUOUS
10
0.3610081496062992
20
0.4529694094488189
11
0.3614657874015748
21
0.4527362204724409
0
LINE
8
BLACK
6
CONTINUOUS
10
0.3614657874015748
20
0.4527362204724409
11
0.3692456692913386
21
0.4527362204724409
0
LINE
8
BLACK
6
CONTINUOUS
10
0.3692456692913386
20
0.4527362204724409
11
0.3692457480314961
21
0.4527362204724409
0
LINE
8
BLACK
6
CONTINUOUS
10
0.3692457480314961
20
0.4527362204724409
11
0.3753345275590551
21
0.4539473622047244
0
LINE
8
BLACK
6
CONTINUOUS
10
0.3753345275590551
20
0.4539473622047244
11
0.3753817322834646
21
0.453966968503937
0
LINE
8
BLACK
6
CONTINUOUS
10
0.3753817322834646
20
0.453966968503937
11
0.3753989763779527
21
0.453966968503937
0
LINE
8
BLACK
6
CONTINUOUS
10
0.3753989763779527
20
0.453966968503937
11
0.3754713779527559
21
0.4539888976377953
0
LINE
8
BLACK
6
CONTINUOUS
10
0.3754713779527559
20
0.4539888976377953
11
0.375478031496063
21
0.453966968503937
0
LINE
8
BLACK
6
CONTINUOUS
10
0.375478031496063
20
0.453966968503937
11
0.3776114960629921
21
0.4539673228346456
0
LINE
8
BLACK
6
CONTINUOUS
10
0.3776114960629921
20
0.4539673228346456
11
0.3791884645669291
21
0.4523908661417323
0
LINE
8
BLACK
6
CONTINUOUS
10
0.3791884645669291
20
0.4523908661417323
11
0.3792267716535433
21
0.4502574409448819
0
LINE
8
BLACK
6
CONTINUOUS
10
0.3792267716535433
20
0.4502574409448819
11
0.3787797244094488
21
0.4490588582677165
0
LINE
8
BLACK
6
CONTINUOUS
10
0.3787797244094488
20
0.4490588582677165
11
0.3787797244094488
21
0.4490588188976378
0
LINE
8
BLACK
6
CONTINUOUS
10
0.3787797244094488
20
0.4490588188976378
11
0.3785152755905511
21
0.4465991732283465
0
LINE
8
BLACK
6
CONTINUOUS
10
0.3785152755905511
20
0.4465991732283465
11
0.3784844881889763
21
0.4466025196850393
0
LINE
8
BLACK
6
CONTINUOUS
10
0.3784844881889763
20
0.4466025196850393
11
0.3775608267716535
21
0.444673937007874
0
LINE
8
BLACK
6
CONTINUOUS
10
0.3775608267716535
20
0.444673937007874
11
0.3754577165354331
21
0.4439329921259842
0
LINE
8
BLACK
6
CONTINUOUS
10
0.3754577165354331
20
0.4439329921259842
11
0.3753034251968504
21
0.4439454330708661
0
LINE
8
BLACK
6
CONTINUOUS
10
0.3753034251968504
20
0.4439454330708661
11
0.3728185433070866
21
0.4442125984251968
0
LINE
8
BLACK
6
CONTINUOUS
10
0.3728185433070866
20
0.4442125984251968
11
0.3704290944881889
21
0.4442125984251968
0
LINE
8
BLACK
6
CONTINUOUS
10
0.3704290944881889
20
0.4442125984251968
11
0.3711190157480315
21
0.4428585433070866
0
LINE
8
BLACK
6
CONTINUOUS
10
0.3711190157480315
20
0.4428585433070866
11
0.3718897637795275
21
0.437992125984252
0
LINE
8
BLACK
6
CONTINUOUS
10
0.3718897637795275
20
0.437992125984252
11
0.371428937007874
21
0.4350827165354331
0
LINE
8
BLACK
6
CONTINUOUS
10
0.371428937007874
20
0.4350827165354331
11
0.3719881889763779
21
0.4351377952755905
0
LINE
8
BLACK
6
CONTINUOUS
10
0.3719881889763779
20
0.4351377952755905
11
0.3985236220472441
21
0.4351377952755905
0
LINE
8
BLACK
6
CONTINUOUS
10
0.3985236220472441
20
0.4351377952755905
11
0.3985236220472441
21
0.444763779527559
0
LINE
8
BLACK
6
CONTINUOUS
10
0.3985236220472441
20
0.444763779527559
11
0.4084645669291339
21
0.444763779527559
0
LINE
8
BLACK
6
CONTINUOUS
10
0.4084645669291339
20
0.444763779527559
11
0.4084645669291339
21
0.4822835039370079
0
LINE
8
BLACK
6
CONTINUOUS
10
0.4084645669291339
20
0.4822835039370079
11
0.3874672047244094
21
0.4822834645669291
0
LINE
8
BLACK
6
CONTINUOUS
10
0.3874672047244094
20
0.4822834645669291
11
0.3849561417322834
21
0.4827829527559055
0
LINE
8
BLACK
6
CONTINUOUS
10
0.3849561417322834
20
0.4827829527559055
11
0.3828274015748032
21
0.4842053543307087
0
LINE
8
BLACK
6
CONTINUOUS
10
0.3828274015748032
20
0.4842053543307087
11
0.381405
21
0.486334094488189
0
LINE
8
BLACK
6
CONTINUOUS
10
0.381405
20
0.486334094488189
11
0.3809055511811024
21
0.4888451968503937
0
LINE
8
BLACK
6
CONTINUOUS
10
0.3809055511811024
20
0.4888451968503937
11
0.3809055118110236
21
0.5347768897637795
0
LINE
8
BLACK
6
CONTINUOUS
10
0.3809055118110236
20
0.5347768897637795
11
0.381405
21
0.5372879527559055
0
LINE
8
BLACK
6
CONTINUOUS
10
0.381405
20
0.5372879527559055
11
0.3828274015748032
21
0.5394166929133858
0
LINE
8
BLACK
6
CONTINUOUS
10
0.3828274015748032
20
0.5394166929133858
11
0.3849561417322834
21
0.540839094488189
0
LINE
8
BLACK
6
CONTINUOUS
10
0.3849561417322834
20
0.540839094488189
11
0.3874672440944882
21
0.5413385433070866
0
LINE
8
BLACK
6
CONTINUOUS
10
0.3874672440944882
20
0.5413385433070866
11
0.3976574803149606
21
0.5413385826771654
0
LINE
8
BLACK
6
CONTINUOUS
10
0.3976574803149606
20
0.5413385826771654
11
0.3976574803149606
21
0.5424740551181102
0
LINE
8
BLACK
6
CONTINUOUS
10
0.3976574803149606
20
0.5424740551181102
11
0.396816062992126
21
0.5467040551181103
0
LINE
8
BLACK
6
CONTINUOUS
10
0.396816062992126
20
0.5467040551181103
11
0.3964463385826771
21
0.548562874015748
0
LINE
8
BLACK
6
CONTINUOUS
10
0.3964463385826771
20
0.548562874015748
11
0.3957335826771654
21
0.5502836614173228
0
LINE
8
BLACK
6
CONTINUOUS
10
0.3957335826771654
20
0.5502836614173228
11
0.395511811023622
21
0.5513985433070866
0
LINE
8
BLACK
6
CONTINUOUS
10
0.395511811023622
20
0.5513985433070866
11
0.395511811023622
21
0.5613385826771653
0
LINE
8
BLACK
6
CONTINUOUS
10
0.395511811023622
20
0.5613385826771653
11
0.38995
21
0.5613385826771653
0
LINE
8
BLACK
6
CONTINUOUS
10
0.38995
20
0.5613385826771653
11
0.3878899212598425
21
0.5621918897637795
0
LINE
8
BLACK
6
CONTINUOUS
10
0.3878899212598425
20
0.5621918897637795
11
0.386231811023622
21
0.56385
0
LINE
8
BLACK
6
CONTINUOUS
10
0.386231811023622
20
0.56385
11
0.3837464173228347
21
0.5655106692913385
0
LINE
8
BLACK
6
CONTINUOUS
10
0.3837464173228347
20
0.5655106692913385
11
0.3825075984251968
21
0.5673646850393701
0
LINE
8
BLACK
6
CONTINUOUS
10
0.3825075984251968
20
0.5673646850393701
11
0.3829425984251968
21
0.5695516535433071
0
LINE
8
BLACK
6
CONTINUOUS
10
0.3829425984251968
20
0.5695516535433071
11
0.3847966141732284
21
0.5707904724409448
0
LINE
8
BLACK
6
CONTINUOUS
10
0.3847966141732284
20
0.5707904724409448
11
0.385365
21
0.5708464566929133
0
LINE
8
BLACK
6
CONTINUOUS
10
0.385365
20
0.5708464566929133
11
0.4258764173228347
21
0.5708464566929133
0
LINE
8
BLACK
6
CONTINUOUS
10
0.4258764173228347
20
0.5708464566929133
11
0.4279364960629921
21
0.5699931496062992
0
LINE
8
BLACK
6
CONTINUOUS
10
0.4279364960629921
20
0.5699931496062992
11
0.428568031496063
21
0.5690479527559055
0
LINE
8
BLACK
6
CONTINUOUS
10
0.428568031496063
20
0.5690479527559055
11
0.4285940551181102
21
0.5689851181102362
0
LINE
8
BLACK
6
CONTINUOUS
10
0.4285940551181102
20
0.5689851181102362
11
0.428594094488189
21
0.568985
0
LINE
8
BLACK
6
CONTINUOUS
10
0.428594094488189
20
0.568985
11
0.4301540157480315
21
0.5652190157480315
0
LINE
8
BLACK
6
CONTINUOUS
10
0.4301540157480315
20
0.5652190157480315
11
0.4301540157480315
21
0.5629892125984252
0
LINE
8
BLACK
6
CONTINUOUS
10
0.4301540157480315
20
0.5629892125984252
11
0.4285772834645669
21
0.5614125196850394
0
LINE
8
BLACK
6
CONTINUOUS
10
0.4285772834645669
20
0.5614125196850394
11
0.427198779527559
21
0.5612027165354331
0
LINE
8
BLACK
6
CONTINUOUS
10
0.427198779527559
20
0.5612027165354331
11
0.4257035826771653
21
0.5613385826771653
0
LINE
8
BLACK
6
CONTINUOUS
10
0.4257035826771653
20
0.5613385826771653
11
0.4155118110236221
21
0.5613385826771653
0
LINE
8
BLACK
6
CONTINUOUS
10
0.4155118110236221
20
0.5613385826771653
11
0.4155118110236221
21
0.5413385826771654
0
LINE
8
BLACK
6
CONTINUOUS
10
0.4155118110236221
20
0.5413385826771654
11
0.4235564173228346
21
0.5413385826771654
0
LINE
8
BLACK
6
CONTINUOUS
10
0.4235564173228346
20
0.5413385826771654
11
0.4260674803149606
21
0.540839094488189
0
LINE
8
BLACK
6
CONTINUOUS
10
0.4260674803149606
20
0.540839094488189
11
0.4281962204724409
21
0.5394166929133858
0
LINE
8
BLACK
6
CONTINUOUS
10
0.4281962204724409
20
0.5394166929133858
11
0.4296186220472441
21
0.5372879527559055
0
LINE
8
BLACK
6
CONTINUOUS
10
0.4296186220472441
20
0.5372879527559055
11
0.4301180708661417
21
0.5347768503937008
0
LINE
8
BLACK
6
CONTINUOUS
10
0.4301180708661417
20
0.5347768503937008
11
0.4301180708661417
21
0.5218110236220472
0
LINE
8
BLACK
6
CONTINUOUS
10
0.4301180708661417
20
0.5218110236220472
11
0.4501181102362204
21
0.5218110236220472
0
LINE
8
BLACK
6
CONTINUOUS
10
0.4501181102362204
20
0.5218110236220472
11
0.4501181102362204
21
0.5324900787401574
0
LINE
8
BLACK
6
CONTINUOUS
10
0.4501181102362204
20
0.5324900787401574
11
0.4509714173228346
21
0.534550157480315
0
LINE
8
BLACK
6
CONTINUOUS
10
0.4509714173228346
20
0.534550157480315
11
0.4530314960629921
21
0.5354034645669291
0
LINE
8
BLACK
6
CONTINUOUS
10
0.4530314960629921
20
0.5354034645669291
11
0.4547689763779528
21
0.5348136614173228
0
LINE
8
BLACK
6
CONTINUOUS
10
0.4547689763779528
20
0.5348136614173228
11
0.4547723622047244
21
0.5348186614173228
0
LINE
8
BLACK
6
CONTINUOUS
10
0.4547723622047244
20
0.5348186614173228
11
0.4547911417322835
21
0.5348061417322835
0
LINE
8
BLACK
6
CONTINUOUS
10
0.4547911417322835
20
0.5348061417322835
11
0.4548050787401575
21
0.5348013779527558
0
LINE
8
BLACK
6
CONTINUOUS
10
0.4548050787401575
20
0.5348013779527558
11
0.4548514173228346
21
0.5347658267716535
0
LINE
8
BLACK
6
CONTINUOUS
10
0.4548514173228346
20
0.5347658267716535
11
0.4624517322834645
21
0.5303777559055118
0
LINE
8
BLACK
6
CONTINUOUS
10
0.4624517322834645
20
0.5303777559055118
11
0.4705598031496063
21
0.5270192913385827
0
LINE
8
BLACK
6
CONTINUOUS
10
0.4705598031496063
20
0.5270192913385827
11
0.4790368897637795
21
0.5247478740157481
0
LINE
8
BLACK
6
CONTINUOUS
10
0.4790368897637795
20
0.5247478740157481
11
0.4877379133858268
21
0.5236023622047244
0
LINE
8
BLACK
6
CONTINUOUS
10
0.4877379133858268
20
0.5236023622047244
11
0.4877379921259842
21
0.5236023622047244
0
LINE
8
BLACK
6
CONTINUOUS
10
0.4877379921259842
20
0.5236023622047244
11
0.4965139763779527
21
0.5236023622047244
0
LINE
8
BLACK
6
CONTINUOUS
10
0.4965139763779527
20
0.5236023622047244
11
0.4965140551181102
21
0.5236023622047244
0
LINE
8
BLACK
6
CONTINUOUS
10
0.4965140551181102
20
0.5236023622047244
11
0.5052150787401575
21
0.5247478740157481
0
LINE
8
BLACK
6
CONTINUOUS
10
0.5052150787401575
20
0.5247478740157481
11
0.5136921653543307
21
0.5270192913385827
0
LINE
8
BLACK
6
CONTINUOUS
10
0.5136921653543307
20
0.5270192913385827
11
0.5218002362204724
21
0.5303777559055118
0
LINE
8
BLACK
6
CONTINUOUS
10
0.5218002362204724
20
0.5303777559055118
11
0.5294005511811023
21
0.5347658267716535
0
LINE
8
BLACK
6
CONTINUOUS
10
0.5294005511811023
20
0.5347658267716535
11
0.5348648031496063
21
0.5389586614173228
0
LINE
8
BLACK
6
CONTINUOUS
10
0.5348648031496063
20
0.5389586614173228
11
0.5363629133858268
21
0.5401081889763779
0
LINE
8
BLACK
6
CONTINUOUS
10
0.5363629133858268
20
0.5401081889763779
11
0.5363629527559055
21
0.5401082677165354
0
LINE
8
BLACK
6
CONTINUOUS
10
0.5363629527559055
20
0.5401082677165354
11
0.5363631496062992
21
0.5401083858267717
0
LINE
8
BLACK
6
CONTINUOUS
10
0.5363631496062992
20
0.5401083858267717
11
0.542568779527559
21
0.5463140157480315
0
LINE
8
BLACK
6
CONTINUOUS
10
0.542568779527559
20
0.5463140157480315
11
0.5442942519685039
21
0.5485626771653543
0
LINE
8
BLACK
6
CONTINUOUS
10
0.5442942519685039
20
0.5485626771653543
11
0.5479112598425196
21
0.5532765354330709
0
LINE
8
BLACK
6
CONTINUOUS
10
0.5479112598425196
20
0.5532765354330709
11
0.5479113385826772
21
0.5532766141732284
0
LINE
8
BLACK
6
CONTINUOUS
10
0.5479113385826772
20
0.5532766141732284
11
0.5522994094488188
21
0.5608769291338582
0
LINE
8
BLACK
6
CONTINUOUS
10
0.5522994094488188
20
0.5608769291338582
11
0.5556578740157481
21
0.568985
0
LINE
8
BLACK
6
CONTINUOUS
10
0.5556578740157481
20
0.568985
11
0.5556578740157481
21
0.5689851181102362
0
LINE
8
BLACK
6
CONTINUOUS
10
0.5556578740157481
20
0.5689851181102362
11
0.555683937007874
21
0.5690479527559055
0
LINE
8
BLACK
6
CONTINUOUS
10
0.555683937007874
20
0.5690479527559055
11
0.5572606299212598
21
0.57062468503937
0
LINE
8
BLACK
6
CONTINUOUS
10
0.5572606299212598
20
0.57062468503937
11
0.5583755511811024
21
0.5708464566929133
0
LINE
8
BLACK
6
CONTINUOUS
10
0.5583755511811024
20
0.5708464566929133
11
0.8195772047244094
21
0.5708464566929133
0
LINE
8
BLACK
6
CONTINUOUS
10
0.8195772047244094
20
0.5708464566929133
11
0.8216372834645669
21
0.5699931496062992
0
LINE
8
BLACK
6
CONTINUOUS
10
0.8216372834645669
20
0.5699931496062992
11
0.8222688188976378
21
0.5690479527559055
0
LINE
8
BLACK
6
CONTINUOUS
10
0.8222688188976378
20
0.5690479527559055
11
0.822294842519685
21
0.5689851181102362
0
LINE
8
BLACK
6
CONTINUOUS
10
0.822294842519685
20
0.5689851181102362
11
0.8222948818897637
21
0.568985
0
LINE
8
BLACK
6
CONTINUOUS
10
0.8222948818897637
20
0.568985
11
0.8237339763779528
21
0.5655106692913385
0
LINE
8
BLACK
6
CONTINUOUS
10
0.8237339763779528
20
0.5655106692913385
11
0.825653188976378
21
0.5608772834645669
0
LINE
8
BLACK
6
CONTINUOUS
10
0.825653188976378
20
0.5608772834645669
11
0.8256533070866141
21
0.560876968503937
0
LINE
8
BLACK
6
CONTINUOUS
10
0.8256533070866141
20
0.560876968503937
11
0.8300412992125984
21
0.5532767716535433
0
LINE
8
BLACK
6
CONTINUOUS
10
0.8300412992125984
20
0.5532767716535433
11
0.8300414566929134
21
0.5532765354330709
0
LINE
8
BLACK
6
CONTINUOUS
10
0.8300414566929134
20
0.5532765354330709
11
0.8353837401574803
21
0.5463142519685039
0
LINE
8
BLACK
6
CONTINUOUS
10
0.8353837401574803
20
0.5463142519685039
11
0.8415898031496063
21
0.5401081889763779
0
LINE
8
BLACK
6
CONTINUOUS
10
0.8415898031496063
20
0.5401081889763779
11
0.8485520866141733
21
0.534765905511811
0
LINE
8
BLACK
6
CONTINUOUS
10
0.8485520866141733
20
0.534765905511811
11
0.8485523228346457
21
0.534765748031496
0
LINE
8
BLACK
6
CONTINUOUS
10
0.8485523228346457
20
0.534765748031496
11
0.848925748031496
21
0.534550157480315
0
LINE
8
BLACK
6
CONTINUOUS
10
0.848925748031496
20
0.534550157480315
11
0.8561525196850394
21
0.5303777559055118
0
LINE
8
BLACK
6
CONTINUOUS
10
0.8561525196850394
20
0.5303777559055118
11
0.8642605905511811
21
0.5270192913385827
0
LINE
8
BLACK
6
CONTINUOUS
10
0.8642605905511811
20
0.5270192913385827
11
0.8727376771653543
21
0.5247478740157481
0
LINE
8
BLACK
6
CONTINUOUS
10
0.8727376771653543
20
0.5247478740157481
11
0.8814387007874016
21
0.5236023622047244
0
LINE
8
BLACK
6
CONTINUOUS
10
0.8814387007874016
20
0.5236023622047244
11
0.881438779527559
21
0.5236023622047244
0
LINE
8
BLACK
6
CONTINUOUS
10
0.881438779527559
20
0.5236023622047244
11
0.8902147637795276
21
0.5236023622047244
0
LINE
8
BLACK
6
CONTINUOUS
10
0.8902147637795276
20
0.5236023622047244
11
0.890214842519685
21
0.5236023622047244
0
LINE
8
BLACK
6
CONTINUOUS
10
0.890214842519685
20
0.5236023622047244
11
0.8989158661417322
21
0.5247478740157481
0
LINE
8
BLACK
6
CONTINUOUS
10
0.8989158661417322
20
0.5247478740157481
11
0.9073929527559055
21
0.5270192913385827
0
LINE
8
BLACK
6
CONTINUOUS
10
0.9073929527559055
20
0.5270192913385827
11
0.9155010236220472
21
0.5303777559055118
0
LINE
8
BLACK
6
CONTINUOUS
10
0.9155010236220472
20
0.5303777559055118
11
0.9231013385826772
21
0.5347658267716535
0
LINE
8
BLACK
6
CONTINUOUS
10
0.9231013385826772
20
0.5347658267716535
11
0.928565590551181
21
0.5389586614173228
0
LINE
8
BLACK
6
CONTINUOUS
10
0.928565590551181
20
0.5389586614173228
11
0.9300637007874015
21
0.5401081889763779
0
LINE
8
BLACK
6
CONTINUOUS
10
0.9300637007874015
20
0.5401081889763779
11
0.9300637401574803
21
0.5401082677165354
0
LINE
8
BLACK
6
CONTINUOUS
10
0.9300637401574803
20
0.5401082677165354
11
0.930063937007874
21
0.5401083858267717
0
LINE
8
BLACK
6
CONTINUOUS
10
0.930063937007874
20
0.5401083858267717
11
0.9362695669291339
21
0.5463140157480315
0
LINE
8
BLACK
6
CONTINUOUS
10
0.9362695669291339
20
0.5463140157480315
11
0.9379950393700787
21
0.5485626771653543
0
LINE
8
BLACK
6
CONTINUOUS
10
0.9379950393700787
20
0.5485626771653543
11
0.9416120472440944
21
0.5532765354330709
0
LINE
8
BLACK
6
CONTINUOUS
10
0.9416120472440944
20
0.5532765354330709
11
0.9416121259842519
21
0.5532766141732284
0
LINE
8
BLACK
6
CONTINUOUS
10
0.9416121259842519
20
0.5532766141732284
11
0.9460001968503937
21
0.5608769291338582
0
LINE
8
BLACK
6
CONTINUOUS
10
0.9460001968503937
20
0.5608769291338582
11
0.9493586614173228
21
0.568985
0
LINE
8
BLACK
6
CONTINUOUS
10
0.9493586614173228
20
0.568985
11
0.9493586614173228
21
0.5689851181102362
0
LINE
8
BLACK
6
CONTINUOUS
10
0.9493586614173228
20
0.5689851181102362
11
0.9493847244094488
21
0.5690479527559055
0
LINE
8
BLACK
6
CONTINUOUS
10
0.9493847244094488
20
0.5690479527559055
11
0.9509614173228347
21
0.57062468503937
0
LINE
8
BLACK
6
CONTINUOUS
10
0.9509614173228347
20
0.57062468503937
11
0.9520763385826772
21
0.5708464566929133
0
LINE
8
BLACK
6
CONTINUOUS
10
0.9520763385826772
20
0.5708464566929133
11
1.1584842519685039
21
0.5708464566929133
0
LINE
8
BLACK
6
CONTINUOUS
10
1.1584842519685039
20
0.5708464566929133
11
1.1605443307086614
21
0.5699931496062992
0
LINE
8
BLACK
6
CONTINUOUS
10
1.1605443307086614
20
0.5699931496062992
11
1.1613976377952755
21
0.5679330708661418
0
LINE
8
BLACK
6
CONTINUOUS
10
1.1613976377952755
20
0.5679330708661418
11
1.1613976377952755
21
0.2684431102362205
0
LINE
8
BLACK
6
CONTINUOUS
10
1.1613976377952755
20
0.2684431102362205
11
1.1605443307086614
21
0.266383031496063
0
LINE
8
BLACK
6
CONTINUOUS
10
1.1605443307086614
20
0.266383031496063
11
1.1584842519685039
21
0.2655297244094488
0
LINE
8
BLACK
6
CONTINUOUS
10
1.1584842519685039
20
0.2655297244094488
11
1.1573693700787402
21
0.2657514960629921
0
LINE
8
BLACK
6
CONTINUOUS
10
1.1573693700787402
20
0.2657514960629921
11
1.1518607874015747
21
0.2680332283464567
0
LINE
8
BLACK
6
CONTINUOUS
10
1.1518607874015747
20
0.2680332283464567
11
1.1518606299212599
21
0.2680332677165354
0
LINE
8
BLACK
6
CONTINUOUS
10
1.1518606299212599
20
0.2680332677165354
11
1.1466246062992125
21
0.2687225984251969
0
LINE
8
BLACK
6
CONTINUOUS
10
1.1466246062992125
20
0.2687225984251969
11
1.1456889763779528
21
0.2688457480314961
0
LINE
8
BLACK
6
CONTINUOUS
10
1.1456889763779528
20
0.2688457480314961
11
1.145688937007874
21
0.2688457480314961
0
LINE
8
BLACK
6
CONTINUOUS
10
1.145688937007874
20
0.2688457480314961
11
1.1445975984251968
21
0.2687020866141732
0
LINE
8
BLACK
6
CONTINUOUS
10
1.1445975984251968
20
0.2687020866141732
11
1.142443779527559
21
0.2692792519685039
0
LINE
8
BLACK
6
CONTINUOUS
10
1.142443779527559
20
0.2692792519685039
11
1.1413288976377953
21
0.2712103149606299
0
LINE
8
BLACK
6
CONTINUOUS
10
1.1413288976377953
20
0.2712103149606299
11
1.141906062992126
21
0.2733641338582677
0
LINE
8
BLACK
6
CONTINUOUS
10
1.141906062992126
20
0.2733641338582677
11
1.142156968503937
21
0.2736503149606299
0
LINE
8
BLACK
6
CONTINUOUS
10
1.142156968503937
20
0.2736503149606299
11
1.1457397244094487
21
0.277233031496063
0
LINE
8
BLACK
6
CONTINUOUS
10
1.1457397244094487
20
0.277233031496063
11
1.148078031496063
21
0.2818222440944882
0
LINE
8
BLACK
6
CONTINUOUS
10
1.148078031496063
20
0.2818222440944882
11
1.1486811023622048
21
0.2856298031496063
0
LINE
8
BLACK
6
CONTINUOUS
10
1.1486811023622048
20
0.2856298031496063
11
1.148681062992126
21
0.3049213385826772
0
LINE
8
BLACK
6
CONTINUOUS
10
1.148681062992126
20
0.3049213385826772
11
1.148078031496063
21
0.308728937007874
0
LINE
8
BLACK
6
CONTINUOUS
10
1.148078031496063
20
0.308728937007874
11
1.1457397244094487
21
0.3133181496062992
0
LINE
8
BLACK
6
CONTINUOUS
10
1.1457397244094487
20
0.3133181496062992
11
1.1420976771653544
21
0.3169601968503937
0
LINE
8
BLACK
6
CONTINUOUS
10
1.1420976771653544
20
0.3169601968503937
11
1.1414581496062992
21
0.317286062992126
0
LINE
8
BLACK
6
CONTINUOUS
10
1.1414581496062992
20
0.317286062992126
11
1.1400100393700787
21
0.3189815748031496
0
LINE
8
BLACK
6
CONTINUOUS
10
1.1400100393700787
20
0.3189815748031496
11
1.1401849606299213
21
0.3212045275590551
0
LINE
8
BLACK
6
CONTINUOUS
10
1.1401849606299213
20
0.3212045275590551
11
1.141458188976378
21
0.3224777559055118
0
LINE
8
BLACK
6
CONTINUOUS
10
1.141458188976378
20
0.3224777559055118
11
1.1420976771653544
21
0.3228035826771654
0
LINE
8
BLACK
6
CONTINUOUS
10
1.1420976771653544
20
0.3228035826771654
11
1.1457397244094487
21
0.3264456299212599
0
LINE
8
BLACK
6
CONTINUOUS
10
1.1457397244094487
20
0.3264456299212599
11
1.148078031496063
21
0.331034842519685
0
LINE
8
BLACK
6
CONTINUOUS
10
1.148078031496063
20
0.331034842519685
11
1.1486811023622048
21
0.3348424015748032
0
LINE
8
BLACK
6
CONTINUOUS
10
1.1486811023622048
20
0.3348424015748032
11
1.148681062992126
21
0.354133937007874
0
LINE
8
BLACK
6
CONTINUOUS
10
1.148681062992126
20
0.354133937007874
11
1.148078031496063
21
0.3579415354330708
0
LINE
8
BLACK
6
CONTINUOUS
10
1.148078031496063
20
0.3579415354330708
11
1.1457397244094487
21
0.362530748031496
0
LINE
8
BLACK
6
CONTINUOUS
10
1.1457397244094487
20
0.362530748031496
11
1.1420976771653544
21
0.3661727952755905
0
LINE
8
BLACK
6
CONTINUOUS
10
1.1420976771653544
20
0.3661727952755905
11
1.1414581496062992
21
0.3664986614173228
0
LINE
8
BLACK
6
CONTINUOUS
10
1.1414581496062992
20
0.3664986614173228
11
1.1400100393700787
21
0.3681941732283465
0
LINE
8
BLACK
6
CONTINUOUS
10
1.1400100393700787
20
0.3681941732283465
11
1.1401849606299213
21
0.370417125984252
0
LINE
8
BLACK
6
CONTINUOUS
10
1.1401849606299213
20
0.370417125984252
11
1.141458188976378
21
0.3716903543307086
0
LINE
8
BLACK
6
CONTINUOUS
10
1.141458188976378
20
0.3716903543307086
11
1.1420976771653544
21
0.3720161811023622
0
LINE
8
BLACK
6
CONTINUOUS
10
1.1420976771653544
20
0.3720161811023622
11
1.1457397244094487
21
0.3756582283464567
0
LINE
8
BLACK
6
CONTINUOUS
10
1.1457397244094487
20
0.3756582283464567
11
1.148078031496063
21
0.3802474409448819
0
LINE
8
BLACK
6
CONTINUOUS
10
1.148078031496063
20
0.3802474409448819
11
1.1486811023622048
21
0.384055
0
LINE
8
BLACK
6
CONTINUOUS
10
1.1486811023622048
20
0.384055
11
1.148681062992126
21
0.4033465354330709
0
LINE
8
BLACK
6
CONTINUOUS
10
1.148681062992126
20
0.4033465354330709
11
1.148078031496063
21
0.4071541338582677
0
LINE
8
BLACK
6
CONTINUOUS
10
1.148078031496063
20
0.4071541338582677
11
1.1457397244094487
21
0.4117433464566929
0
LINE
8
BLACK
6
CONTINUOUS
10
1.1457397244094487
20
0.4117433464566929
11
1.1420976771653544
21
0.4153853937007874
0
LINE
8
BLACK
6
CONTINUOUS
10
1.1420976771653544
20
0.4153853937007874
11
1.1375084251968504
21
0.4177237401574803
0
LINE
8
BLACK
6
CONTINUOUS
10
1.1375084251968504
20
0.4177237401574803
11
1.1337009448818898
21
0.4183267716535433
0
LINE
8
BLACK
6
CONTINUOUS
10
1.1337009448818898
20
0.4183267716535433
11
1.073070748031496
21
0.4183267716535433
0
LINE
8
BLACK
6
CONTINUOUS
10
1.073070748031496
20
0.4183267716535433
11
1.0692631496062992
21
0.4177237007874016
0
LINE
8
BLACK
6
CONTINUOUS
10
1.0692631496062992
20
0.4177237007874016
11
1.0646739370078739
21
0.4153853937007874
0
LINE
8
BLACK
6
CONTINUOUS
10
1.0646739370078739
20
0.4153853937007874
11
1.0610319291338584
21
0.4117433858267717
0
LINE
8
BLACK
6
CONTINUOUS
10
1.0610319291338584
20
0.4117433858267717
11
1.0586935826771653
21
0.4071541338582677
0
LINE
8
BLACK
6
CONTINUOUS
10
1.0586935826771653
20
0.4071541338582677
11
1.0580905511811023
21
0.4033466535433071
0
LINE
8
BLACK
6
CONTINUOUS
10
1.0580905511811023
20
0.4033466535433071
11
1.0580905511811023
21
0.3998617322834646
0
LINE
8
BLACK
6
CONTINUOUS
10
1.0580905511811023
20
0.3998617322834646
11
1.0572372440944882
21
0.3978016535433071
0
LINE
8
BLACK
6
CONTINUOUS
10
1.0572372440944882
20
0.3978016535433071
11
1.0551771653543307
21
0.3969483464566929
0
LINE
8
BLACK
6
CONTINUOUS
10
1.0551771653543307
20
0.3969483464566929
11
1.0531170866141732
21
0.3978016535433071
0
LINE
8
BLACK
6
CONTINUOUS
10
1.0531170866141732
20
0.3978016535433071
11
1.0524474803149606
21
0.3988435826771654
0
LINE
8
BLACK
6
CONTINUOUS
10
1.0524474803149606
20
0.3988435826771654
11
1.0522222834645669
21
0.3994473228346457
0
LINE
8
BLACK
6
CONTINUOUS
10
1.0522222834645669
20
0.3994473228346457
11
1.0487757086614173
21
0.4040513385826772
0
LINE
8
BLACK
6
CONTINUOUS
10
1.0487757086614173
20
0.4040513385826772
11
1.0441716929133857
21
0.4074979133858267
0
LINE
8
BLACK
6
CONTINUOUS
10
1.0441716929133857
20
0.4074979133858267
11
1.044171653543307
21
0.4074979527559055
0
LINE
8
BLACK
6
CONTINUOUS
10
1.044171653543307
20
0.4074979527559055
11
1.0435679133858267
21
0.4077231102362205
0
LINE
8
BLACK
6
CONTINUOUS
10
1.0435679133858267
20
0.4077231102362205
11
1.0419359055118109
21
0.4092425196850394
0
LINE
8
BLACK
6
CONTINUOUS
10
1.0419359055118109
20
0.4092425196850394
11
1.0418563385826771
21
0.411470905511811
0
LINE
8
BLACK
6
CONTINUOUS
10
1.0418563385826771
20
0.411470905511811
11
1.043375748031496
21
0.4131029133858268
0
LINE
8
BLACK
6
CONTINUOUS
10
1.043375748031496
20
0.4131029133858268
11
1.0445859842519685
21
0.4133661811023622
0
LINE
8
BLACK
6
CONTINUOUS
10
1.0445859842519685
20
0.4133661811023622
11
1.0480709448818897
21
0.4133661811023622
0
LINE
8
BLACK
6
CONTINUOUS
10
1.0480709448818897
20
0.4133661811023622
11
1.0480709842519684
21
0.4133661811023622
0
LINE
8
BLACK
6
CONTINUOUS
10
1.0480709842519684
20
0.4133661811023622
11
1.0485915354330708
21
0.4134486614173228
0
LINE
8
BLACK
6
CONTINUOUS
10
1.0485915354330708
20
0.4134486614173228
11
1.0518785433070865
21
0.4139692125984252
0
LINE
8
BLACK
6
CONTINUOUS
10
1.0518785433070865
20
0.4139692125984252
11
1.0564677559055118
21
0.4163075196850394
0
LINE
8
BLACK
6
CONTINUOUS
10
1.0564677559055118
20
0.4163075196850394
11
1.0601098031496063
21
0.4199495669291338
0
LINE
8
BLACK
6
CONTINUOUS
10
1.0601098031496063
20
0.4199495669291338
11
1.0624481102362204
21
0.424538779527559
0
LINE
8
BLACK
6
CONTINUOUS
10
1.0624481102362204
20
0.424538779527559
11
1.0630511811023622
21
0.4283463385826772
0
LINE
8
BLACK
6
CONTINUOUS
10
1.0630511811023622
20
0.4283463385826772
11
1.0630511417322834
21
0.4889764566929134
0
LINE
8
BLACK
6
CONTINUOUS
10
1.0630511417322834
20
0.4889764566929134
11
1.0624481102362204
21
0.4927840551181102
0
LINE
8
BLACK
6
CONTINUOUS
10
1.0624481102362204
20
0.4927840551181102
11
1.0601098031496063
21
0.4973732677165354
0
LINE
8
BLACK
6
CONTINUOUS
10
1.0601098031496063
20
0.4973732677165354
11
1.0564677559055118
21
0.5010153149606299
0
LINE
8
BLACK
6
CONTINUOUS
10
1.0564677559055118
20
0.5010153149606299
11
1.0518785039370078
21
0.5033536614173229
0
LINE
8
BLACK
6
CONTINUOUS
10
1.0518785039370078
20
0.5033536614173229
11
1.0480710236220472
21
0.5039566929133859
0
LINE
8
BLACK
6
CONTINUOUS
10
1.0480710236220472
20
0.5039566929133859
11
1.028779409448819
21
0.5039566929133859
0
LINE
8
BLACK
6
CONTINUOUS
10
1.028779409448819
20
0.5039566929133859
11
1.0249718110236221
21
0.5033536220472441
0
LINE
8
BLACK
6
CONTINUOUS
10
1.0249718110236221
20
0.5033536220472441
11
1.0203825984251969
21
0.5010153149606299
0
LINE
8
BLACK
6
CONTINUOUS
10
1.0203825984251969
20
0.5010153149606299
11
1.0167405118110235
21
0.4973732283464567
0
LINE
8
BLACK
6
CONTINUOUS
10
1.0167405118110235
20
0.4973732283464567
11
1.0164147244094488
21
0.496733779527559
0
LINE
8
BLACK
6
CONTINUOUS
10
1.0164147244094488
20
0.496733779527559
11
1.0147191338582677
21
0.4952856692913385
0
LINE
8
BLACK
6
CONTINUOUS
10
1.0147191338582677
20
0.4952856692913385
11
1.0124962204724408
21
0.4954606299212598
0
LINE
8
BLACK
6
CONTINUOUS
10
1.0124962204724408
20
0.4954606299212598
11
1.0112230708661416
21
0.496733779527559
0
LINE
8
BLACK
6
CONTINUOUS
10
1.0112230708661416
20
0.496733779527559
11
1.0108972440944881
21
0.4973732283464567
0
LINE
8
BLACK
6
CONTINUOUS
10
1.0108972440944881
20
0.4973732283464567
11
1.007255157480315
21
0.5010153149606299
0
LINE
8
BLACK
6
CONTINUOUS
10
1.007255157480315
20
0.5010153149606299
11
1.002665905511811
21
0.5033536614173229
0
LINE
8
BLACK
6
CONTINUOUS
10
1.002665905511811
20
0.5033536614173229
11
0.9988584251968504
21
0.5039566929133859
0
LINE
8
BLACK
6
CONTINUOUS
10
0.9988584251968504
20
0.5039566929133859
11
0.979566811023622
21
0.5039566929133859
0
LINE
8
BLACK
6
CONTINUOUS
10
0.979566811023622
20
0.5039566929133859
11
0.9757592125984251
21
0.5033536220472441
0
LINE
8
BLACK
6
CONTINUOUS
10
0.9757592125984251
20
0.5033536220472441
11
0.97117
21
0.5010153149606299
0
LINE
8
BLACK
6
CONTINUOUS
10
0.97117
20
0.5010153149606299
11
0.9675279133858268
21
0.4973732283464567
0
LINE
8
BLACK
6
CONTINUOUS
10
0.9675279133858268
20
0.4973732283464567
11
0.9672021259842519
21
0.496733779527559
0
LINE
8
BLACK
6
CONTINUOUS
10
0.9672021259842519
20
0.496733779527559
11
0.9655065354330709
21
0.4952856692913385
0
LINE
8
BLACK
6
CONTINUOUS
10
0.9655065354330709
20
0.4952856692913385
11
0.963283622047244
21
0.4954606299212598
0
LINE
8
BLACK
6
CONTINUOUS
10
0.963283622047244
20
0.4954606299212598
11
0.9620104724409448
21
0.496733779527559
0
LINE
8
BLACK
6
CONTINUOUS
10
0.9620104724409448
20
0.496733779527559
11
0.9616846456692913
21
0.4973732283464567
0
LINE
8
BLACK
6
CONTINUOUS
10
0.9616846456692913
20
0.4973732283464567
11
0.958042559055118
21
0.5010153149606299
0
LINE
8
BLACK
6
CONTINUOUS
10
0.958042559055118
20
0.5010153149606299
11
0.9534533070866141
21
0.5033536614173229
0
LINE
8
BLACK
6
CONTINUOUS
10
0.9534533070866141
20
0.5033536614173229
11
0.9496458267716535
21
0.5039566929133859
0
LINE
8
BLACK
6
CONTINUOUS
10
0.9496458267716535
20
0.5039566929133859
11
0.9303542125984252
21
0.5039566929133859
0
LINE
8
BLACK
6
CONTINUOUS
10
0.9303542125984252
20
0.5039566929133859
11
0.9265466141732284
21
0.5033536220472441
0
LINE
8
BLACK
6
CONTINUOUS
10
0.9265466141732284
20
0.5033536220472441
11
0.9219574015748031
21
0.5010153149606299
0
LINE
8
BLACK
6
CONTINUOUS
10
0.9219574015748031
20
0.5010153149606299
11
0.9183153149606299
21
0.4973732283464567
0
LINE
8
BLACK
6
CONTINUOUS
10
0.9183153149606299
20
0.4973732283464567
11
0.9179895275590551
21
0.496733779527559
0
LINE
8
BLACK
6
CONTINUOUS
10
0.9179895275590551
20
0.496733779527559
11
0.916293937007874
21
0.4952856692913385
0
LINE
8
BLACK
6
CONTINUOUS
10
0.916293937007874
20
0.4952856692913385
11
0.9140710236220472
21
0.4954606299212598
0
LINE
8
BLACK
6
CONTINUOUS
10
0.9140710236220472
20
0.4954606299212598
11
0.912797874015748
21
0.496733779527559
0
LINE
8
BLACK
6
CONTINUOUS
10
0.912797874015748
20
0.496733779527559
11
0.9124720472440945
21
0.4973732283464567
0
LINE
8
BLACK
6
CONTINUOUS
10
0.9124720472440945
20
0.4973732283464567
11
0.9088299606299213
21
0.5010153149606299
0
LINE
8
BLACK
6
CONTINUOUS
10
0.9088299606299213
20
0.5010153149606299
11
0.9042407086614173
21
0.5033536614173229
0
LINE
8
BLACK
6
CONTINUOUS
10
0.9042407086614173
20
0.5033536614173229
11
0.9004332283464567
21
0.5039566929133859
0
LINE
8
BLACK
6
CONTINUOUS
10
0.9004332283464567
20
0.5039566929133859
11
0.8811416141732283
21
0.5039566929133859
0
LINE
8
BLACK
6
CONTINUOUS
10
0.8811416141732283
20
0.5039566929133859
11
0.8773340157480315
21
0.5033536220472441
0
LINE
8
BLACK
6
CONTINUOUS
10
0.8773340157480315
20
0.5033536220472441
11
0.8727448031496062
21
0.5010153149606299
0
LINE
8
BLACK
6
CONTINUOUS
10
0.8727448031496062
20
0.5010153149606299
11
0.869102716535433
21
0.4973732283464567
0
LINE
8
BLACK
6
CONTINUOUS
10
0.869102716535433
20
0.4973732283464567
11
0.8687769291338583
21
0.496733779527559
0
LINE
8
BLACK
6
CONTINUOUS
10
0.8687769291338583
20
0.496733779527559
11
0.8670813385826771
21
0.4952856692913385
0
LINE
8
BLACK
6
CONTINUOUS
10
0.8670813385826771
20
0.4952856692913385
11
0.8648584251968504
21
0.4954606299212598
0
LINE
8
BLACK
6
CONTINUOUS
10
0.8648584251968504
20
0.4954606299212598
11
0.8635852755905512
21
0.496733779527559
0
LINE
8
BLACK
6
CONTINUOUS
10
0.8635852755905512
20
0.496733779527559
11
0.8632594488188976
21
0.4973732283464567
0
LINE
8
BLACK
6
CONTINUOUS
10
0.8632594488188976
20
0.4973732283464567
11
0.8596173622047244
21
0.5010153149606299
0
LINE
8
BLACK
6
CONTINUOUS
10
0.8596173622047244
20
0.5010153149606299
11
0.8550281102362205
21
0.5033536614173229
0
LINE
8
BLACK
6
CONTINUOUS
10
0.8550281102362205
20
0.5033536614173229
11
0.8512206299212598
21
0.5039566929133859
0
LINE
8
BLACK
6
CONTINUOUS
10
0.8512206299212598
20
0.5039566929133859
11
0.8319290157480315
21
0.5039566929133859
0
LINE
8
BLACK
6
CONTINUOUS
10
0.8319290157480315
20
0.5039566929133859
11
0.8281214173228346
21
0.5033536220472441
0
LINE
8
BLACK
6
CONTINUOUS
10
0.8281214173228346
20
0.5033536220472441
11
0.8235322047244095
21
0.5010153149606299
0
LINE
8
BLACK
6
CONTINUOUS
10
0.8235322047244095
20
0.5010153149606299
11
0.8198901968503937
21
0.4973733070866141
0
LINE
8
BLACK
6
CONTINUOUS
10
0.8198901968503937
20
0.4973733070866141
11
0.8175518503937008
21
0.4927840551181102
0
LINE
8
BLACK
6
CONTINUOUS
10
0.8175518503937008
20
0.4927840551181102
11
0.8169488188976378
21
0.4889765748031496
0
LINE
8
BLACK
6
CONTINUOUS
10
0.8169488188976378
20
0.4889765748031496
11
0.8169488188976378
21
0.4283463779527559
0
LINE
8
BLACK
6
CONTINUOUS
10
0.8169488188976378
20
0.4283463779527559
11
0.8175518897637795
21
0.4245388188976378
0
LINE
8
BLACK
6
CONTINUOUS
10
0.8175518897637795
20
0.4245388188976378
11
0.8175518897637795
21
0.424538779527559
0
LINE
8
BLACK
6
CONTINUOUS
10
0.8175518897637795
20
0.424538779527559
11
0.8198901968503937
21
0.4199495669291338
0
LINE
8
BLACK
6
CONTINUOUS
10
0.8198901968503937
20
0.4199495669291338
11
0.8235322440944882
21
0.4163075196850394
0
LINE
8
BLACK
6
CONTINUOUS
10
0.8235322440944882
20
0.4163075196850394
11
0.8281214566929134
21
0.4139692125984252
0
LINE
8
BLACK
6
CONTINUOUS
10
0.8281214566929134
20
0.4139692125984252
11
0.8319290157480315
21
0.4133661417322835
0
LINE
8
BLACK
6
CONTINUOUS
10
0.8319290157480315
20
0.4133661417322835
11
0.8354138582677165
21
0.4133661811023622
0
LINE
8
BLACK
6
CONTINUOUS
10
0.8354138582677165
20
0.4133661811023622
11
0.8374738976377952
21
0.412512874015748
0
LINE
8
BLACK
6
CONTINUOUS
10
0.8374738976377952
20
0.412512874015748
11
0.8383272440944882
21
0.4104528346456693
0
LINE
8
BLACK
6
CONTINUOUS
10
0.8383272440944882
20
0.4104528346456693
11
0.837473937007874
21
0.4083927559055118
0
LINE
8
BLACK
6
CONTINUOUS
10
0.837473937007874
20
0.4083927559055118
11
0.836432125984252
21
0.4077231496062992
0
LINE
8
BLACK
6
CONTINUOUS
10
0.836432125984252
20
0.4077231496062992
11
0.8358282677165354
21
0.4074979133858267
0
LINE
8
BLACK
6
CONTINUOUS
10
0.8358282677165354
20
0.4074979133858267
11
0.8312242519685039
21
0.4040513385826772
0
LINE
8
BLACK
6
CONTINUOUS
10
0.8312242519685039
20
0.4040513385826772
11
0.8277776771653543
21
0.3994473228346457
0
LINE
8
BLACK
6
CONTINUOUS
10
0.8277776771653543
20
0.3994473228346457
11
0.8275524803149606
21
0.3988435039370078
0
LINE
8
BLACK
6
CONTINUOUS
10
0.8275524803149606
20
0.3988435039370078
11
0.826033031496063
21
0.3972115354330709
0
LINE
8
BLACK
6
CONTINUOUS
10
0.826033031496063
20
0.3972115354330709
11
0.8238046456692913
21
0.397131968503937
0
LINE
8
BLACK
6
CONTINUOUS
10
0.8238046456692913
20
0.397131968503937
11
0.8221726771653544
21
0.3986514173228347
0
LINE
8
BLACK
6
CONTINUOUS
10
0.8221726771653544
20
0.3986514173228347
11
0.8219094094488189
21
0.3998616535433071
0
LINE
8
BLACK
6
CONTINUOUS
10
0.8219094094488189
20
0.3998616535433071
11
0.8219094094488189
21
0.4033465748031496
0
LINE
8
BLACK
6
CONTINUOUS
10
0.8219094094488189
20
0.4033465748031496
11
0.8217977952755905
21
0.4040513385826772
0
LINE
8
BLACK
6
CONTINUOUS
10
0.8217977952755905
20
0.4040513385826772
11
0.8213063779527559
21
0.4071541338582677
0
LINE
8
BLACK
6
CONTINUOUS
10
0.8213063779527559
20
0.4071541338582677
11
0.8189680708661418
21
0.4117433464566929
0
LINE
8
BLACK
6
CONTINUOUS
10
0.8189680708661418
20
0.4117433464566929
11
0.8153260236220472
21
0.4153853937007874
0
LINE
8
BLACK
6
CONTINUOUS
10
0.8153260236220472
20
0.4153853937007874
11
0.8107367716535433
21
0.4177237401574803
0
LINE
8
BLACK
6
CONTINUOUS
10
0.8107367716535433
20
0.4177237401574803
11
0.8069292913385827
21
0.4183267716535433
0
LINE
8
BLACK
6
CONTINUOUS
10
0.8069292913385827
20
0.4183267716535433
11
0.746299094488189
21
0.4183267716535433
0
LINE
8
BLACK
6
CONTINUOUS
10
0.746299094488189
20
0.4183267716535433
11
0.7424914960629921
21
0.4177237007874016
0
LINE
8
BLACK
6
CONTINUOUS
10
0.7424914960629921
20
0.4177237007874016
11
0.7379022834645669
21
0.4153853937007874
0
LINE
8
BLACK
6
CONTINUOUS
10
0.7379022834645669
20
0.4153853937007874
11
0.7342602362204724
21
0.4117433464566929
0
LINE
8
BLACK
6
CONTINUOUS
10
0.7342602362204724
20
0.4117433464566929
11
0.7329086614173228
21
0.4090907086614173
0
LINE
8
BLACK
6
CONTINUOUS
10
0.7329086614173228
20
0.4090907086614173
11
0.7312131102362205
21
0.4076425984251968
0
LINE
8
BLACK
6
CONTINUOUS
10
0.7312131102362205
20
0.4076425984251968
11
0.7303128346456693
21
0.4075
0
LINE
8
BLACK
6
CONTINUOUS
10
0.7303128346456693
20
0.4075
11
0.7271399212598425
21
0.4075
0
LINE
8
BLACK
6
CONTINUOUS
10
0.7271399212598425
20
0.4075
11
0.7236305118110236
21
0.4065596850393701
0
LINE
8
BLACK
6
CONTINUOUS
10
0.7236305118110236
20
0.4065596850393701
11
0.7236303149606299
21
0.4065596062992126
0
LINE
8
BLACK
6
CONTINUOUS
10
0.7236303149606299
20
0.4065596062992126
11
0.7204837401574803
21
0.4047429133858267
0
LINE
8
BLACK
6
CONTINUOUS
10
0.7204837401574803
20
0.4047429133858267
11
0.6846720472440945
21
0.3689312598425197
0
LINE
8
BLACK
6
CONTINUOUS
10
0.6846720472440945
20
0.3689312598425197
11
0.682611968503937
21
0.3680779527559055
0
LINE
8
BLACK
6
CONTINUOUS
10
0.682611968503937
20
0.3680779527559055
11
0.6805518897637796
21
0.3689312598425197
0
LINE
8
BLACK
6
CONTINUOUS
10
0.6805518897637796
20
0.3689312598425197
11
0.6800161417322834
21
0.3696687007874015
0
LINE
8
BLACK
6
CONTINUOUS
10
0.6800161417322834
20
0.3696687007874015
11
0.678608622047244
21
0.3724311023622047
0
LINE
8
BLACK
6
CONTINUOUS
10
0.678608622047244
20
0.3724311023622047
11
0.6749113779527559
21
0.3761283464566929
0
LINE
8
BLACK
6
CONTINUOUS
10
0.6749113779527559
20
0.3761283464566929
11
0.6702527559055118
21
0.3785020078740157
0
LINE
8
BLACK
6
CONTINUOUS
10
0.6702527559055118
20
0.3785020078740157
11
0.6702527559055118
21
0.3785020472440945
0
LINE
8
BLACK
6
CONTINUOUS
10
0.6702527559055118
20
0.3785020472440945
11
0.6663876771653543
21
0.3791141732283465
0
LINE
8
BLACK
6
CONTINUOUS
10
0.6663876771653543
20
0.3791141732283465
11
0.6663876377952755
21
0.3791141732283465
0
LINE
8
BLACK
6
CONTINUOUS
10
0.6663876377952755
20
0.3791141732283465
11
0.6436123622047244
21
0.3791141732283465
0
LINE
8
BLACK
6
CONTINUOUS
10
0.6436123622047244
20
0.3791141732283465
11
0.6436123228346456
21
0.3791141732283465
0
LINE
8
BLACK
6
CONTINUOUS
10
0.6436123228346456
20
0.3791141732283465
11
0.6397472047244094
21
0.3785020472440945
0
LINE
8
BLACK
6
CONTINUOUS
10
0.6397472047244094
20
0.3785020472440945
11
0.6397472047244094
21
0.3785020078740157
0
LINE
8
BLACK
6
CONTINUOUS
10
0.6397472047244094
20
0.3785020078740157
11
0.6350885826771654
21
0.3761283464566929
0
LINE
8
BLACK
6
CONTINUOUS
10
0.6350885826771654
20
0.3761283464566929
11
0.6313913385826772
21
0.3724311023622047
0
LINE
8
BLACK
6
CONTINUOUS
10
0.6313913385826772
20
0.3724311023622047
11
0.6290176771653543
21
0.3677724803149606
0
LINE
8
BLACK
6
CONTINUOUS
10
0.6290176771653543
20
0.3677724803149606
11
0.6290176377952755
21
0.3677724803149606
0
LINE
8
BLACK
6
CONTINUOUS
10
0.6290176377952755
20
0.3677724803149606
11
0.6284055118110236
21
0.3639073622047244
0
LINE
8
BLACK
6
CONTINUOUS
10
0.6284055118110236
20
0.3639073622047244
11
0.6284055118110236
21
0.3440848031496063
0
LINE
8
BLACK
6
CONTINUOUS
10
0.6284055118110236
20
0.3440848031496063
11
0.6290176771653543
21
0.3402196850393701
0
LINE
8
BLACK
6
CONTINUOUS
10
0.6290176771653543
20
0.3402196850393701
11
0.6313913385826772
21
0.335561062992126
0
LINE
8
BLACK
6
CONTINUOUS
10
0.6313913385826772
20
0.335561062992126
11
0.6313914173228347
21
0.3355609842519685
0
LINE
8
BLACK
6
CONTINUOUS
10
0.6313914173228347
20
0.3355609842519685
11
0.6350885433070866
21
0.3318638582677165
0
LINE
8
BLACK
6
CONTINUOUS
10
0.6350885433070866
20
0.3318638582677165
11
0.6396105118110236
21
0.3295598031496063
0
LINE
8
BLACK
6
CONTINUOUS
10
0.6396105118110236
20
0.3295598031496063
11
0.6410585826771653
21
0.3278642913385827
0
LINE
8
BLACK
6
CONTINUOUS
10
0.6410585826771653
20
0.3278642913385827
11
0.6412011811023622
21
0.3269640157480315
0
LINE
8
BLACK
6
CONTINUOUS
10
0.6412011811023622
20
0.3269640157480315
11
0.6412011811023622
21
0.325648031496063
0
LINE
8
BLACK
6
CONTINUOUS
10
0.6412011811023622
20
0.325648031496063
11
0.640347874015748
21
0.3235879527559055
0
LINE
8
BLACK
6
CONTINUOUS
10
0.640347874015748
20
0.3235879527559055
11
0.6400613779527559
21
0.3233366929133858
0
LINE
8
BLACK
6
CONTINUOUS
10
0.6400613779527559
20
0.3233366929133858
11
0.6381388188976378
21
0.3218614566929134
0
LINE
8
BLACK
6
CONTINUOUS
10
0.6381388188976378
20
0.3218614566929134
11
0.638138779527559
21
0.3218614173228346
0
LINE
8
BLACK
6
CONTINUOUS
10
0.638138779527559
20
0.3218614173228346
11
0.6343493700787401
21
0.3169229133858268
0
LINE
8
BLACK
6
CONTINUOUS
10
0.6343493700787401
20
0.3169229133858268
11
0.631967125984252
21
0.3111717322834646
0
LINE
8
BLACK
6
CONTINUOUS
10
0.631967125984252
20
0.3111717322834646
11
0.631967125984252
21
0.3111716929133858
0
LINE
8
BLACK
6
CONTINUOUS
10
0.631967125984252
20
0.3111716929133858
11
0.6311546456692914
21
0.305
0
LINE
8
BLACK
6
CONTINUOUS
10
0.6311546456692914
20
0.305
11
0.631967125984252
21
0.2988283464566929
0
LINE
8
BLACK
6
CONTINUOUS
10
0.631967125984252
20
0.2988283464566929
11
0.631967125984252
21
0.2988283070866142
0
LINE
8
BLACK
6
CONTINUOUS
10
0.631967125984252
20
0.2988283070866142
11
0.6343493700787401
21
0.293077125984252
0
LINE
8
BLACK
6
CONTINUOUS
10
0.6343493700787401
20
0.293077125984252
11
0.6375096062992126
21
0.2889585826771653
0
LINE
8
BLACK
6
CONTINUOUS
10
0.6375096062992126
20
0.2889585826771653
11
0.6380867322834646
21
0.2868047637795276
0
LINE
8
BLACK
6
CONTINUOUS
10
0.6380867322834646
20
0.2868047637795276
11
0.636971811023622
21
0.2848737007874016
0
LINE
8
BLACK
6
CONTINUOUS
10
0.636971811023622
20
0.2848737007874016
11
0.6351982677165354
21
0.2842716535433071
0
LINE
8
BLACK
6
CONTINUOUS
10
0.6351982677165354
20
0.2842716535433071
11
0.6264493307086614
21
0.2842716535433071
0
LINE
8
BLACK
6
CONTINUOUS
10
0.6264493307086614
20
0.2842716535433071
11
0.6243892519685039
21
0.2851249606299213
0
LINE
8
BLACK
6
CONTINUOUS
10
0.6243892519685039
20
0.2851249606299213
11
0.5989801968503937
21
0.3105340551181102
0
LINE
8
BLACK
6
CONTINUOUS
10
0.5989801968503937
20
0.3105340551181102
11
0.5981268897637795
21
0.3125941338582677
0
LINE
8
BLACK
6
CONTINUOUS
10
0.5981268897637795
20
0.3125941338582677
11
0.598151811023622
21
0.3129744094488189
0
LINE
8
BLACK
6
CONTINUOUS
10
0.598151811023622
20
0.3129744094488189
11
0.5984681102362205
21
0.3153768503937008
0
LINE
8
BLACK
6
CONTINUOUS
10
0.5984681102362205
20
0.3153768503937008
11
0.5976555905511811
21
0.3215485826771654
0
LINE
8
BLACK
6
CONTINUOUS
10
0.5976555905511811
20
0.3215485826771654
11
0.5955512204724409
21
0.3266289763779527
0
LINE
8
BLACK
6
CONTINUOUS
10
0.5955512204724409
20
0.3266289763779527
11
0.5955512204724409
21
0.3288588188976378
0
LINE
8
BLACK
6
CONTINUOUS
10
0.5955512204724409
20
0.3288588188976378
11
0.5969201181102362
21
0.3303397244094488
0
LINE
8
BLACK
6
CONTINUOUS
10
0.5969201181102362
20
0.3303397244094488
11
0.5999114566929133
21
0.3318638582677165
0
LINE
8
BLACK
6
CONTINUOUS
10
0.5999114566929133
20
0.3318638582677165
11
0.6036085826771653
21
0.3355609842519685
0
LINE
8
BLACK
6
CONTINUOUS
10
0.6036085826771653
20
0.3355609842519685
11
0.6059823228346457
21
0.3402196850393701
0
LINE
8
BLACK
6
CONTINUOUS
10
0.6059823228346457
20
0.3402196850393701
11
0.6065944881889763
21
0.3440848031496063
0
LINE
8
BLACK
6
CONTINUOUS
10
0.6065944881889763
20
0.3440848031496063
11
0.6065944881889763
21
0.3639073228346457
0
LINE
8
BLACK
6
CONTINUOUS
10
0.6065944881889763
20
0.3639073228346457
11
0.6059823228346457
21
0.3677724409448819
0
LINE
8
BLACK
6
CONTINUOUS
10
0.6059823228346457
20
0.3677724409448819
11
0.6041903543307087
21
0.3712893700787401
0
LINE
8
BLACK
6
CONTINUOUS
10
0.6041903543307087
20
0.3712893700787401
11
0.6036086220472441
21
0.3724311023622047
0
LINE
8
BLACK
6
CONTINUOUS
10
0.6036086220472441
20
0.3724311023622047
11
0.5999113779527558
21
0.3761283464566929
0
LINE
8
BLACK
6
CONTINUOUS
10
0.5999113779527558
20
0.3761283464566929
11
0.5952527559055117
21
0.3785020078740157
0
LINE
8
BLACK
6
CONTINUOUS
10
0.5952527559055117
20
0.3785020078740157
11
0.5952527559055117
21
0.3785020472440945
0
LINE
8
BLACK
6
CONTINUOUS
10
0.5952527559055117
20
0.3785020472440945
11
0.5913876771653543
21
0.3791141732283465
0
LINE
8
BLACK
6
CONTINUOUS
10
0.5913876771653543
20
0.3791141732283465
11
0.5913876377952756
21
0.3791141732283465
0
LINE
8
BLACK
6
CONTINUOUS
10
0.5913876377952756
20
0.3791141732283465
11
0.5724426771653544
21
0.3791141732283465
0
LINE
8
BLACK
6
CONTINUOUS
10
0.5724426771653544
20
0.3791141732283465
11
0.5703825984251968
21
0.3799674803149606
0
LINE
8
BLACK
6
CONTINUOUS
10
0.5703825984251968
20
0.3799674803149606
11
0.5695292913385827
21
0.3820275590551181
0
LINE
8
BLACK
6
CONTINUOUS
10
0.5695292913385827
20
0.3820275590551181
11
0.5703825984251968
21
0.3840876377952756
0
LINE
8
BLACK
6
CONTINUOUS
10
0.5703825984251968
20
0.3840876377952756
11
0.5763274803149606
21
0.3900325196850394
0
LINE
8
BLACK
6
CONTINUOUS
10
0.5763274803149606
20
0.3900325196850394
11
0.5783875590551181
21
0.3908858267716535
0
LINE
8
BLACK
6
CONTINUOUS
10
0.5783875590551181
20
0.3908858267716535
11
0.5913876771653543
21
0.3908858267716535
0
LINE
8
BLACK
6
CONTINUOUS
10
0.5913876771653543
20
0.3908858267716535
11
0.5952527559055117
21
0.3914979921259842
0
LINE
8
BLACK
6
CONTINUOUS
10
0.5952527559055117
20
0.3914979921259842
11
0.5999114566929133
21
0.3938717322834646
0
LINE
8
BLACK
6
CONTINUOUS
10
0.5999114566929133
20
0.3938717322834646
11
0.6036085826771653
21
0.3975688582677165
0
LINE
8
BLACK
6
CONTINUOUS
10
0.6036085826771653
20
0.3975688582677165
11
0.6041571653543307
21
0.3986454724409449
0
LINE
8
BLACK
6
CONTINUOUS
10
0.6041571653543307
20
0.3986454724409449
11
0.605852716535433
21
0.4000936220472441
0
LINE
8
BLACK
6
CONTINUOUS
10
0.605852716535433
20
0.4000936220472441
11
0.6067529921259842
21
0.400236220472441
0
LINE
8
BLACK
6
CONTINUOUS
10
0.6067529921259842
20
0.400236220472441
11
0.6282470078740158
21
0.400236220472441
0
LINE
8
BLACK
6
CONTINUOUS
10
0.6282470078740158
20
0.400236220472441
11
0.6303070866141732
21
0.3993829133858268
0
LINE
8
BLACK
6
CONTINUOUS
10
0.6303070866141732
20
0.3993829133858268
11
0.6308428346456693
21
0.3986454724409449
0
LINE
8
BLACK
6
CONTINUOUS
10
0.6308428346456693
20
0.3986454724409449
11
0.6313913385826772
21
0.397568937007874
0
LINE
8
BLACK
6
CONTINUOUS
10
0.6313913385826772
20
0.397568937007874
11
0.6350885826771654
21
0.3938716929133858
0
LINE
8
BLACK
6
CONTINUOUS
10
0.6350885826771654
20
0.3938716929133858
11
0.636734094488189
21
0.3930332677165354
0
LINE
8
BLACK
6
CONTINUOUS
10
0.636734094488189
20
0.3930332677165354
11
0.6397472047244094
21
0.391498031496063
0
LINE
8
BLACK
6
CONTINUOUS
10
0.6397472047244094
20
0.391498031496063
11
0.6397472047244094
21
0.3914979921259842
0
LINE
8
BLACK
6
CONTINUOUS
10
0.6397472047244094
20
0.3914979921259842
11
0.6436123228346456
21
0.3908858267716535
0
LINE
8
BLACK
6
CONTINUOUS
10
0.6436123228346456
20
0.3908858267716535
11
0.6436123622047244
21
0.3908858267716535
0
LINE
8
BLACK
6
CONTINUOUS
10
0.6436123622047244
20
0.3908858267716535
11
0.6663876771653543
21
0.3908858267716535
0
LINE
8
BLACK
6
CONTINUOUS
10
0.6663876771653543
20
0.3908858267716535
11
0.6702527559055118
21
0.3914979921259842
0
LINE
8
BLACK
6
CONTINUOUS
10
0.6702527559055118
20
0.3914979921259842
11
0.6749114566929134
21
0.3938717322834646
0
LINE
8
BLACK
6
CONTINUOUS
10
0.6749114566929134
20
0.3938717322834646
11
0.6786085826771653
21
0.3975688582677165
0
LINE
8
BLACK
6
CONTINUOUS
10
0.6786085826771653
20
0.3975688582677165
11
0.6809823228346457
21
0.4022275590551181
0
LINE
8
BLACK
6
CONTINUOUS
10
0.6809823228346457
20
0.4022275590551181
11
0.6815944881889764
21
0.4060926771653543
0
LINE
8
BLACK
6
CONTINUOUS
10
0.6815944881889764
20
0.4060926771653543
11
0.6815944881889764
21
0.4259151968503937
0
LINE
8
BLACK
6
CONTINUOUS
10
0.6815944881889764
20
0.4259151968503937
11
0.6809823228346457
21
0.4297803149606299
0
LINE
8
BLACK
6
CONTINUOUS
10
0.6809823228346457
20
0.4297803149606299
11
0.6797954330708661
21
0.4321096850393701
0
LINE
8
BLACK
6
CONTINUOUS
10
0.6797954330708661
20
0.4321096850393701
11
0.678608622047244
21
0.4344389763779528
0
LINE
8
BLACK
6
CONTINUOUS
10
0.678608622047244
20
0.4344389763779528
11
0.6749113779527559
21
0.4381362204724409
0
LINE
8
BLACK
6
CONTINUOUS
10
0.6749113779527559
20
0.4381362204724409
11
0.6702527559055118
21
0.4405098818897638
0
LINE
8
BLACK
6
CONTINUOUS
10
0.6702527559055118
20
0.4405098818897638
11
0.6702527559055118
21
0.4405099212598425
0
LINE
8
BLACK
6
CONTINUOUS
10
0.6702527559055118
20
0.4405099212598425
11
0.6663876771653543
21
0.4411220472440945
0
LINE
8
BLACK
6
CONTINUOUS
10
0.6663876771653543
20
0.4411220472440945
11
0.6663876377952755
21
0.4411220472440945
0
LINE
8
BLACK
6
CONTINUOUS
10
0.6663876377952755
20
0.4411220472440945
11
0.6436123622047244
21
0.4411220472440945
0
LINE
8
BLACK
6
CONTINUOUS
10
0.6436123622047244
20
0.4411220472440945
11
0.6436123228346456
21
0.4411220472440945
0
LINE
8
BLACK
6
CONTINUOUS
10
0.6436123228346456
20
0.4411220472440945
11
0.6397472047244094
21
0.4405099212598425
0
LINE
8
BLACK
6
CONTINUOUS
10
0.6397472047244094
20
0.4405099212598425
11
0.6397472047244094
21
0.4405098818897638
0
LINE
8
BLACK
6
CONTINUOUS
10
0.6397472047244094
20
0.4405098818897638
11
0.6350885826771654
21
0.4381362204724409
0
LINE
8
BLACK
6
CONTINUOUS
10
0.6350885826771654
20
0.4381362204724409
11
0.6313913385826772
21
0.4344389763779528
0
LINE
8
BLACK
6
CONTINUOUS
10
0.6313913385826772
20
0.4344389763779528
11
0.6308428346456693
21
0.4333624015748032
0
LINE
8
BLACK
6
CONTINUOUS
10
0.6308428346456693
20
0.4333624015748032
11
0.6291472834645669
21
0.4319142519685039
0
LINE
8
BLACK
6
CONTINUOUS
10
0.6291472834645669
20
0.4319142519685039
11
0.6282470078740158
21
0.4317716535433071
0
LINE
8
BLACK
6
CONTINUOUS
10
0.6282470078740158
20
0.4317716535433071
11
0.6067529921259842
21
0.4317716535433071
0
LINE
8
BLACK
6
CONTINUOUS
10
0.6067529921259842
20
0.4317716535433071
11
0.6046929133858268
21
0.4326249606299212
0
LINE
8
BLACK
6
CONTINUOUS
10
0.6046929133858268
20
0.4326249606299212
11
0.6041571653543307
21
0.4333624015748032
0
LINE
8
BLACK
6
CONTINUOUS
10
0.6041571653543307
20
0.4333624015748032
11
0.6036086220472441
21
0.4344389763779528
0
LINE
8
BLACK
6
CONTINUOUS
10
0.6036086220472441
20
0.4344389763779528
11
0.5999113779527558
21
0.4381362204724409
0
LINE
8
BLACK
6
CONTINUOUS
10
0.5999113779527558
20
0.4381362204724409
11
0.5952527559055117
21
0.4405098818897638
0
LINE
8
BLACK
6
CONTINUOUS
10
0.5952527559055117
20
0.4405098818897638
11
0.5952527559055117
21
0.4405099212598425
0
LINE
8
BLACK
6
CONTINUOUS
10
0.5952527559055117
20
0.4405099212598425
11
0.5913876771653543
21
0.4411220472440945
0
LINE
8
BLACK
6
CONTINUOUS
10
0.5913876771653543
20
0.4411220472440945
11
0.5913876377952756
21
0.4411220472440945
0
LINE
8
BLACK
6
CONTINUOUS
10
0.5913876377952756
20
0.4411220472440945
11
0.5686123622047244
21
0.4411220472440945
0
LINE
8
BLACK
6
CONTINUOUS
10
0.5686123622047244
20
0.4411220472440945
11
0.5686123228346457
21
0.4411220472440945
0
LINE
8
BLACK
6
CONTINUOUS
10
0.5686123228346457
20
0.4411220472440945
11
0.5647472047244094
21
0.4405099212598425
0
LINE
8
BLACK
6
CONTINUOUS
10
0.5647472047244094
20
0.4405099212598425
11
0.5647472047244094
21
0.4405098818897638
0
LINE
8
BLACK
6
CONTINUOUS
10
0.5647472047244094
20
0.4405098818897638
11
0.5600885826771653
21
0.4381362204724409
0
LINE
8
BLACK
6
CONTINUOUS
10
0.5600885826771653
20
0.4381362204724409
11
0.5563913385826772
21
0.4344389763779528
0
LINE
8
BLACK
6
CONTINUOUS
10
0.5563913385826772
20
0.4344389763779528
11
0.5540176771653543
21
0.4297803543307087
0
LINE
8
BLACK
6
CONTINUOUS
10
0.5540176771653543
20
0.4297803543307087
11
0.5540176377952756
21
0.4297803543307087
0
LINE
8
BLACK
6
CONTINUOUS
10
0.5540176377952756
20
0.4297803543307087
11
0.5534055118110236
21
0.4259152362204724
0
LINE
8
BLACK
6
CONTINUOUS
10
0.5534055118110236
20
0.4259152362204724
11
0.5534055118110236
21
0.4129151968503937
0
LINE
8
BLACK
6
CONTINUOUS
10
0.5534055118110236
20
0.4129151968503937
11
0.5525522047244095
21
0.4108551181102362
0
LINE
8
BLACK
6
CONTINUOUS
10
0.5525522047244095
20
0.4108551181102362
11
0.5474125590551181
21
0.4057155118110236
0
LINE
8
BLACK
6
CONTINUOUS
10
0.5474125590551181
20
0.4057155118110236
11
0.5453524803149606
21
0.4048622047244094
0
LINE
8
BLACK
6
CONTINUOUS
10
0.5453524803149606
20
0.4048622047244094
11
0.5261412598425197
21
0.4048622047244094
0
LINE
8
BLACK
6
CONTINUOUS
10
0.5261412598425197
20
0.4048622047244094
11
0.5257617716535433
21
0.4029542519685039
0
LINE
8
BLACK
6
CONTINUOUS
10
0.5257617716535433
20
0.4029542519685039
11
0.5238948818897637
21
0.4001602362204724
0
LINE
8
BLACK
6
CONTINUOUS
10
0.5238948818897637
20
0.4001602362204724
11
0.5211008661417322
21
0.3982933464566929
0
LINE
8
BLACK
6
CONTINUOUS
10
0.5211008661417322
20
0.3982933464566929
11
0.5178051181102362
21
0.3976377952755906
0
LINE
8
BLACK
6
CONTINUOUS
10
0.5178051181102362
20
0.3976377952755906
11
0.4976279527559055
21
0.3976377952755906
0
LINE
8
BLACK
6
CONTINUOUS
10
0.4976279527559055
20
0.3976377952755906
11
0.4943322047244094
21
0.3982933464566929
0
LINE
8
BLACK
6
CONTINUOUS
10
0.4943322047244094
20
0.3982933464566929
11
0.491538188976378
21
0.4001602362204724
0
LINE
8
BLACK
6
CONTINUOUS
10
0.491538188976378
20
0.4001602362204724
11
0.4896712992125984
21
0.4029542519685039
0
LINE
8
BLACK
6
CONTINUOUS
10
0.4896712992125984
20
0.4029542519685039
11
0.4890157480314961
21
0.40625
0
LINE
8
BLACK
6
CONTINUOUS
10
0.4890157480314961
20
0.40625
11
0.4890157480314961
21
0.406496062992126
0
LINE
8
BLACK
6
CONTINUOUS
10
0.4890157480314961
20
0.406496062992126
11
0.4762204724409449
21
0.406496062992126
0
LINE
8
BLACK
6
CONTINUOUS
10
0.4762204724409449
20
0.406496062992126
11
0.4746843307086614
21
0.4066473622047244
0
LINE
8
BLACK
6
CONTINUOUS
10
0.4746843307086614
20
0.4066473622047244
11
0.471845905511811
21
0.4078230708661417
0
LINE
8
BLACK
6
CONTINUOUS
10
0.471845905511811
20
0.4078230708661417
11
0.4706527165354331
21
0.4088023228346457
0
LINE
8
BLACK
6
CONTINUOUS
10
0.4706527165354331
20
0.4088023228346457
11
0.4600652755905512
21
0.4193897637795275
0
LINE
8
BLACK
6
CONTINUOUS
10
0.4600652755905512
20
0.4193897637795275
11
0.4535236220472441
21
0.4193897637795275
0
LINE
8
BLACK
6
CONTINUOUS
10
0.4535236220472441
20
0.4193897637795275
11
0.4535236220472441
21
0.409763779527559
0
LINE
8
BLACK
6
CONTINUOUS
10
0.4535236220472441
20
0.409763779527559
11
0.4360236220472441
21
0.409763779527559
0
LINE
8
BLACK
6
CONTINUOUS
10
0.4360236220472441
20
0.409763779527559
11
0.4360236220472441
21
0.389763779527559
0
LINE
8
BLACK
6
CONTINUOUS
10
0.4360236220472441
20
0.389763779527559
11
0.4554366535433071
21
0.389763779527559
0
LINE
8
BLACK
6
CONTINUOUS
10
0.4554366535433071
20
0.389763779527559
11
0.4578186220472441
21
0.3900199212598425
0
LINE
8
BLACK
6
CONTINUOUS
10
0.4578186220472441
20
0.3900199212598425
11
0.4578188188976378
21
0.3900199606299212
0
LINE
8
BLACK
6
CONTINUOUS
10
0.4578188188976378
20
0.3900199606299212
11
0.4632070866141732
21
0.3920296456692913
0
LINE
8
BLACK
6
CONTINUOUS
10
0.4632070866141732
20
0.3920296456692913
11
0.463207125984252
21
0.3920296850393701
0
LINE
8
BLACK
6
CONTINUOUS
10
0.463207125984252
20
0.3920296850393701
11
0.4672053937007874
21
0.3950227559055118
0
LINE
8
BLACK
6
CONTINUOUS
10
0.4672053937007874
20
0.3950227559055118
11
0.4693659448818898
21
0.3955742125984252
0
LINE
8
BLACK
6
CONTINUOUS
10
0.4693659448818898
20
0.3955742125984252
11
0.4712836220472441
21
0.3944364173228346
0
LINE
8
BLACK
6
CONTINUOUS
10
0.4712836220472441
20
0.3944364173228346
11
0.4714309842519685
21
0.3942199212598425
0
LINE
8
BLACK
6
CONTINUOUS
10
0.4714309842519685
20
0.3942199212598425
11
0.4750312598425196
21
0.3883829527559055
0
LINE
8
BLACK
6
CONTINUOUS
10
0.4750312598425196
20
0.3883829527559055
11
0.4797608661417322
21
0.3836533464566929
0
LINE
8
BLACK
6
CONTINUOUS
10
0.4797608661417322
20
0.3836533464566929
11
0.4854536614173228
21
0.3801420078740158
0
LINE
8
BLACK
6
CONTINUOUS
10
0.4854536614173228
20
0.3801420078740158
11
0.4866085039370079
21
0.3797593307086614
0
LINE
8
BLACK
6
CONTINUOUS
10
0.4866085039370079
20
0.3797593307086614
11
0.4882956299212599
21
0.3783014173228346
0
LINE
8
BLACK
6
CONTINUOUS
10
0.4882956299212599
20
0.3783014173228346
11
0.4884576771653543
21
0.3760774803149606
0
LINE
8
BLACK
6
CONTINUOUS
10
0.4884576771653543
20
0.3760774803149606
11
0.4877522440944882
21
0.3749337401574803
0
LINE
8
BLACK
6
CONTINUOUS
10
0.4877522440944882
20
0.3749337401574803
11
0.484107874015748
21
0.3712893700787401
0
LINE
8
BLACK
6
CONTINUOUS
10
0.484107874015748
20
0.3712893700787401
11
0.4817342125984252
21
0.366630748031496
0
LINE
8
BLACK
6
CONTINUOUS
10
0.4817342125984252
20
0.366630748031496
11
0.4817341732283464
21
0.366630748031496
0
LINE
8
BLACK
6
CONTINUOUS
10
0.4817341732283464
20
0.366630748031496
11
0.4811220472440945
21
0.3627656299212598
0
LINE
8
BLACK
6
CONTINUOUS
10
0.4811220472440945
20
0.3627656299212598
11
0.4811220472440945
21
0.3429430708661417
0
LINE
8
BLACK
6
CONTINUOUS
10
0.4811220472440945
20
0.3429430708661417
11
0.4817342125984252
21
0.3390779527559055
0
LINE
8
BLACK
6
CONTINUOUS
10
0.4817342125984252
20
0.3390779527559055
11
0.484107874015748
21
0.3344193307086614
0
LINE
8
BLACK
6
CONTINUOUS
10
0.484107874015748
20
0.3344193307086614
11
0.4860343307086614
21
0.332492874015748
0
LINE
8
BLACK
6
CONTINUOUS
10
0.4860343307086614
20
0.332492874015748
11
0.4868876377952756
21
0.3304327952755906
0
LINE
8
BLACK
6
CONTINUOUS
10
0.4868876377952756
20
0.3304327952755906
11
0.4860343307086614
21
0.328372716535433
0
LINE
8
BLACK
6
CONTINUOUS
10
0.4860343307086614
20
0.328372716535433
11
0.4575898031496063
21
0.2999281102362205
0
LINE
8
BLACK
6
CONTINUOUS
10
0.4575898031496063
20
0.2999281102362205
11
0.4555297244094488
21
0.2990748031496063
0
LINE
8
BLACK
6
CONTINUOUS
10
0.4555297244094488
20
0.2990748031496063
11
0.416003937007874
21
0.2990748031496063
0
LINE
8
BLACK
6
CONTINUOUS
10
0.416003937007874
20
0.2990748031496063
11
0.4139438582677165
21
0.2999281102362205
0
LINE
8
BLACK
6
CONTINUOUS
10
0.4139438582677165
20
0.2999281102362205
11
0.4130905511811023
21
0.301988188976378
0
LINE
8
BLACK
6
CONTINUOUS
10
0.4130905511811023
20
0.301988188976378
11
0.4130905511811023
21
0.3049506692913386
0
LINE
8
BLACK
6
CONTINUOUS
10
0.4130905511811023
20
0.3049506692913386
11
0.412989842519685
21
0.305456968503937
0
LINE
8
BLACK
6
CONTINUOUS
10
0.412989842519685
20
0.305456968503937
11
0.4126325590551181
21
0.3072531889763779
0
LINE
8
BLACK
6
CONTINUOUS
10
0.4126325590551181
20
0.3072531889763779
11
0.410887874015748
21
0.3098642519685039
0
LINE
8
BLACK
6
CONTINUOUS
10
0.410887874015748
20
0.3098642519685039
11
0.4092414566929134
21
0.3109643700787402
0
LINE
8
BLACK
6
CONTINUOUS
10
0.4092414566929134
20
0.3109643700787402
11
0.4082768503937008
21
0.311608937007874
0
LINE
8
BLACK
6
CONTINUOUS
10
0.4082768503937008
20
0.311608937007874
11
0.4082768897637795
21
0.311608937007874
0
LINE
8
BLACK
6
CONTINUOUS
10
0.4082768897637795
20
0.311608937007874
11
0.4071255511811023
21
0.3118379527559055
0
LINE
8
BLACK
6
CONTINUOUS
10
0.4071255511811023
20
0.3118379527559055
11
0.4059743307086614
21
0.3120669291338583
0
LINE
8
BLACK
6
CONTINUOUS
10
0.4059743307086614
20
0.3120669291338583
11
0.3788288188976378
21
0.3120669291338583
0
LINE
8
BLACK
6
CONTINUOUS
10
0.3788288188976378
20
0.3120669291338583
11
0.3776775590551181
21
0.3118379527559055
0
LINE
8
BLACK
6
CONTINUOUS
10
0.3776775590551181
20
0.3118379527559055
11
0.3765262598425197
21
0.311608937007874
0
LINE
8
BLACK
6
CONTINUOUS
10
0.3765262598425197
20
0.311608937007874
11
0.3739153149606299
21
0.3098642913385827
0
LINE
8
BLACK
6
CONTINUOUS
10
0.3739153149606299
20
0.3098642913385827
11
0.3739152362204725
21
0.3098642125984252
0
LINE
8
BLACK
6
CONTINUOUS
10
0.3739152362204725
20
0.3098642125984252
11
0.3721705905511811
21
0.3072532677165354
0
LINE
8
BLACK
6
CONTINUOUS
10
0.3721705905511811
20
0.3072532677165354
11
0.3720844881889764
21
0.3068203937007874
0
LINE
8
BLACK
6
CONTINUOUS
10
0.3720844881889764
20
0.3068203937007874
11
0.3717125984251968
21
0.3049507086614173
0
LINE
8
BLACK
6
CONTINUOUS
10
0.3717125984251968
20
0.3049507086614173
11
0.3717125984251968
21
0.2616634645669291
0
LINE
8
BLACK
6
CONTINUOUS
10
0.3717125984251968
20
0.2616634645669291
11
0.3720179133858267
21
0.2601285039370079
0
LINE
8
BLACK
6
CONTINUOUS
10
0.3720179133858267
20
0.2601285039370079
11
0.3721705905511811
21
0.2593609448818898
0
LINE
8
BLACK
6
CONTINUOUS
10
0.3721705905511811
20
0.2593609448818898
11
0.3733310236220472
21
0.2576242913385827
0
LINE
8
BLACK
6
CONTINUOUS
10
0.3733310236220472
20
0.2576242913385827
11
0.3739152755905512
21
0.2567499212598425
0
LINE
8
BLACK
6
CONTINUOUS
10
0.3739152755905512
20
0.2567499212598425
11
0.3754734251968504
21
0.255708779527559
0
LINE
8
BLACK
6
CONTINUOUS
10
0.3754734251968504
20
0.255708779527559
11
0.3765262598425197
21
0.2550052755905512
0
LINE
8
BLACK
6
CONTINUOUS
10
0.3765262598425197
20
0.2550052755905512
11
0.3765262992125984
21
0.2550052755905512
0
LINE
8
BLACK
6
CONTINUOUS
10
0.3765262992125984
20
0.2550052755905512
11
0.3765263385826771
21
0.2550052362204724
0
LINE
8
BLACK
6
CONTINUOUS
10
0.3765263385826771
20
0.2550052362204724
11
0.3788288188976378
21
0.2545472440944882
0
LINE
8
BLACK
6
CONTINUOUS
10
0.3788288188976378
20
0.2545472440944882
11
0.3788288976377953
21
0.2545472440944882
0
LINE
8
BLACK
6
CONTINUOUS
10
0.3788288976377953
20
0.2545472440944882
11
0.405974251968504
21
0.2545472440944882
0
LINE
8
BLACK
6
CONTINUOUS
10
0.405974251968504
20
0.2545472440944882
11
0.4059743307086614
21
0.2545472440944882
0
LINE
8
BLACK
6
CONTINUOUS
10
0.4059743307086614
20
0.2545472440944882
11
0.408276811023622
21
0.2550052362204724
0
LINE
8
BLACK
6
CONTINUOUS
10
0.408276811023622
20
0.2550052362204724
11
0.410887874015748
21
0.2567499212598425
0
LINE
8
BLACK
6
CONTINUOUS
10
0.410887874015748
20
0.2567499212598425
11
0.4126325590551181
21
0.2593609842519685
0
LINE
8
BLACK
6
CONTINUOUS
10
0.4126325590551181
20
0.2593609842519685
11
0.4130905511811023
21
0.2616634645669291
0
LINE
8
BLACK
6
CONTINUOUS
10
0.4130905511811023
20
0.2616634645669291
11
0.4130905511811023
21
0.2646259842519685
0
LINE
8
BLACK
6
CONTINUOUS
10
0.4130905511811023
20
0.2646259842519685
11
0.4139438582677165
21
0.266686062992126
0
LINE
8
BLACK
6
CONTINUOUS
10
0.4139438582677165
20
0.266686062992126
11
0.416003937007874
21
0.2675393700787401
0
LINE
8
BLACK
6
CONTINUOUS
10
0.416003937007874
20
0.2675393700787401
11
0.4265101181102362
21
0.2675393700787401
0
LINE
8
BLACK
6
CONTINUOUS
10
0.4265101181102362
20
0.2675393700787401
11
0.4285701968503937
21
0.266686062992126
0
LINE
8
BLACK
6
CONTINUOUS
10
0.4285701968503937
20
0.266686062992126
11
0.4294235039370078
21
0.2646259842519685
0
LINE
8
BLACK
6
CONTINUOUS
10
0.4294235039370078
20
0.2646259842519685
11
0.4289897637795275
21
0.2630965748031496
0
LINE
8
BLACK
6
CONTINUOUS
10
0.4289897637795275
20
0.2630965748031496
11
0.4288034251968504
21
0.2627945275590551
0
LINE
8
BLACK
6
CONTINUOUS
10
0.4288034251968504
20
0.2627945275590551
11
0.4288034251968504
21
0.2627944881889764
0
LINE
8
BLACK
6
CONTINUOUS
10
0.4288034251968504
20
0.2627944881889764
11
0.4266995669291339
21
0.2564454724409449
0
LINE
8
BLACK
6
CONTINUOUS
10
0.4266995669291339
20
0.2564454724409449
11
0.4262992125984252
21
0.2525263779527559
0
LINE
8
BLACK
6
CONTINUOUS
10
0.4262992125984252
20
0.2525263779527559
11
0.4262992125984252
21
0.252007874015748
0
LINE
8
BLACK
6
CONTINUOUS
10
0.4262992125984252
20
0.252007874015748
11
0.4465752755905512
21
0.252007874015748
0
LINE
8
BLACK
6
CONTINUOUS
10
0.4465752755905512
20
0.252007874015748
11
0.4469547637795275
21
0.2539158267716535
0
LINE
8
BLACK
6
CONTINUOUS
10
0.4469547637795275
20
0.2539158267716535
11
0.4488216535433071
21
0.256709842519685
0
LINE
8
BLACK
6
CONTINUOUS
10
0.4488216535433071
20
0.256709842519685
11
0.4516156692913386
21
0.2585767322834646
0
LINE
8
BLACK
6
CONTINUOUS
10
0.4516156692913386
20
0.2585767322834646
11
0.4549114173228346
21
0.2592322834645669
0
LINE
8
BLACK
6
CONTINUOUS
10
0.4549114173228346
20
0.2592322834645669
11
0.4750885826771654
21
0.2592322834645669
0
LINE
8
BLACK
6
CONTINUOUS
10
0.4750885826771654
20
0.2592322834645669
11
0.4783843307086614
21
0.2585767322834646
0
LINE
8
BLACK
6
CONTINUOUS
10
0.4783843307086614
20
0.2585767322834646
11
0.4811783464566929
21
0.256709842519685
0
LINE
8
BLACK
6
CONTINUOUS
10
0.4811783464566929
20
0.256709842519685
11
0.4830452362204724
21
0.2539158267716535
0
LINE
8
BLACK
6
CONTINUOUS
10
0.4830452362204724
20
0.2539158267716535
11
0.4834247244094488
21
0.252007874015748
0
LINE
8
BLACK
6
CONTINUOUS
10
0.4834247244094488
20
0.252007874015748
11
0.503700748031496
21
0.252007874015748
0
LINE
8
BLACK
6
CONTINUOUS
10
0.503700748031496
20
0.252007874015748
11
0.503700748031496
21
0.2525261811023622
0
LINE
8
BLACK
6
CONTINUOUS
10
0.503700748031496
20
0.2525261811023622
11
0.5037007086614174
21
0.2525264173228347
0
LINE
8
BLACK
6
CONTINUOUS
10
0.5037007086614174
20
0.2525264173228347
11
0.5033003937007874
21
0.2564453937007874
0
LINE
8
BLACK
6
CONTINUOUS
10
0.5033003937007874
20
0.2564453937007874
11
0.5033003543307086
21
0.2564455905511811
0
LINE
8
BLACK
6
CONTINUOUS
10
0.5033003543307086
20
0.2564455905511811
11
0.5011965748031496
21
0.2627944094488189
0
LINE
8
BLACK
6
CONTINUOUS
10
0.5011965748031496
20
0.2627944094488189
11
0.4976852362204724
21
0.2684871653543307
0
LINE
8
BLACK
6
CONTINUOUS
10
0.4976852362204724
20
0.2684871653543307
11
0.4929556299212599
21
0.2732167716535433
0
LINE
8
BLACK
6
CONTINUOUS
10
0.4929556299212599
20
0.2732167716535433
11
0.4872629133858268
21
0.2767280708661417
0
LINE
8
BLACK
6
CONTINUOUS
10
0.4872629133858268
20
0.2767280708661417
11
0.4855307874015748
21
0.2773020472440945
0
LINE
8
BLACK
6
CONTINUOUS
10
0.4855307874015748
20
0.2773020472440945
11
0.4838437007874016
21
0.2787600393700788
0
LINE
8
BLACK
6
CONTINUOUS
10
0.4838437007874016
20
0.2787600393700788
11
0.4836816929133858
21
0.2809839763779527
0
LINE
8
BLACK
6
CONTINUOUS
10
0.4836816929133858
20
0.2809839763779527
11
0.484386968503937
21
0.2821274409448819
0
LINE
8
BLACK
6
CONTINUOUS
10
0.484386968503937
20
0.2821274409448819
11
0.5056565354330709
21
0.3033970078740157
0
LINE
8
BLACK
6
CONTINUOUS
10
0.5056565354330709
20
0.3033970078740157
11
0.5077164960629921
21
0.3042502362204724
0
LINE
8
BLACK
6
CONTINUOUS
10
0.5077164960629921
20
0.3042502362204724
11
0.5097765748031496
21
0.3033969291338582
0
LINE
8
BLACK
6
CONTINUOUS
10
0.5097765748031496
20
0.3033969291338582
11
0.6047868897637795
21
0.2083866141732283
0
LINE
8
BLACK
6
CONTINUOUS
10
0.6047868897637795
20
0.2083866141732283
11
0.604786968503937
21
0.2083865748031496
0
LINE
8
BLACK
6
CONTINUOUS
10
0.604786968503937
20
0.2083865748031496
11
0.6047870078740157
21
0.2083865354330709
0
LINE
8
BLACK
6
CONTINUOUS
10
0.6047870078740157
20
0.2083865354330709
11
0.6066902755905512
21
0.2072876771653543
0
LINE
8
BLACK
6
CONTINUOUS
10
0.6066902755905512
20
0.2072876771653543
11
0.6083823622047244
21
0.2063107480314961
0
LINE
8
BLACK
6
CONTINUOUS
10
0.6083823622047244
20
0.2063107480314961
11
0.6123926377952755
21
0.2052362204724409
0
LINE
8
BLACK
6
CONTINUOUS
10
0.6123926377952755
20
0.2052362204724409
11
0.6332470078740158
21
0.2052362204724409
0
LINE
8
BLACK
6
CONTINUOUS
10
0.6332470078740158
20
0.2052362204724409
11
0.6353070866141732
21
0.2043829133858268
0
LINE
8
BLACK
6
CONTINUOUS
10
0.6353070866141732
20
0.2043829133858268
11
0.6358428346456693
21
0.2036454724409449
0
LINE
8
BLACK
6
CONTINUOUS
10
0.6358428346456693
20
0.2036454724409449
11
0.6363913385826772
21
0.202568937007874
0
LINE
8
BLACK
6
CONTINUOUS
10
0.6363913385826772
20
0.202568937007874
11
0.6400357086614173
21
0.1989245669291339
0
LINE
8
BLACK
6
CONTINUOUS
10
0.6400357086614173
20
0.1989245669291339
11
0.6408890157480315
21
0.1968644881889764
0
LINE
8
BLACK
6
CONTINUOUS
10
0.6408890157480315
20
0.1968644881889764
11
0.6400357086614173
21
0.1948044094488189
0
LINE
8
BLACK
6
CONTINUOUS
10
0.6400357086614173
20
0.1948044094488189
11
0.6388920472440944
21
0.1940989763779528
0
LINE
8
BLACK
6
CONTINUOUS
10
0.6388920472440944
20
0.1940989763779528
11
0.6377370472440945
21
0.1937162598425197
0
LINE
8
BLACK
6
CONTINUOUS
10
0.6377370472440945
20
0.1937162598425197
11
0.6320443307086614
21
0.1902049606299213
0
LINE
8
BLACK
6
CONTINUOUS
10
0.6320443307086614
20
0.1902049606299213
11
0.6273147244094488
21
0.1854753543307087
0
LINE
8
BLACK
6
CONTINUOUS
10
0.6273147244094488
20
0.1854753543307087
11
0.6238033858267716
21
0.1797825984251968
0
LINE
8
BLACK
6
CONTINUOUS
10
0.6238033858267716
20
0.1797825984251968
11
0.6216995669291339
21
0.1734336614173228
0
LINE
8
BLACK
6
CONTINUOUS
10
0.6216995669291339
20
0.1734336614173228
11
0.6212992125984251
21
0.1695145669291339
0
LINE
8
BLACK
6
CONTINUOUS
10
0.6212992125984251
20
0.1695145669291339
11
0.6212992125984251
21
0.168996062992126
0
LINE
8
BLACK
6
CONTINUOUS
10
0.6212992125984251
20
0.168996062992126
11
0.6415752755905512
21
0.168996062992126
0
LINE
8
BLACK
6
CONTINUOUS
10
0.6415752755905512
20
0.168996062992126
11
0.6419547637795275
21
0.1709040157480315
0
LINE
8
BLACK
6
CONTINUOUS
10
0.6419547637795275
20
0.1709040157480315
11
0.6438216535433071
21
0.173698031496063
0
LINE
8
BLACK
6
CONTINUOUS
10
0.6438216535433071
20
0.173698031496063
11
0.6466156692913385
21
0.1755649212598425
0
LINE
8
BLACK
6
CONTINUOUS
10
0.6466156692913385
20
0.1755649212598425
11
0.6499114173228346
21
0.1762204724409449
0
LINE
8
BLACK
6
CONTINUOUS
10
0.6499114173228346
20
0.1762204724409449
11
0.6700885826771653
21
0.1762204724409449
0
LINE
8
BLACK
6
CONTINUOUS
10
0.6700885826771653
20
0.1762204724409449
11
0.6733843307086614
21
0.1755649212598425
0
LINE
8
BLACK
6
CONTINUOUS
10
0.6733843307086614
20
0.1755649212598425
11
0.6761783464566929
21
0.173698031496063
0
LINE
8
BLACK
6
CONTINUOUS
10
0.6761783464566929
20
0.173698031496063
11
0.6780452362204724
21
0.1709040157480315
0
LINE
8
BLACK
6
CONTINUOUS
10
0.6780452362204724
20
0.1709040157480315
11
0.6784247244094488
21
0.168996062992126
0
LINE
8
BLACK
6
CONTINUOUS
10
0.6784247244094488
20
0.168996062992126
11
0.6987007480314961
21
0.168996062992126
0
LINE
8
BLACK
6
CONTINUOUS
10
0.6987007480314961
20
0.168996062992126
11
0.6987007480314961
21
0.1695143700787402
0
LINE
8
BLACK
6
CONTINUOUS
10
0.6987007480314961
20
0.1695143700787402
11
0.6987007086614173
21
0.1695146062992126
0
LINE
8
BLACK
6
CONTINUOUS
10
0.6987007086614173
20
0.1695146062992126
11
0.6983003937007873
21
0.1734335826771654
0
LINE
8
BLACK
6
CONTINUOUS
10
0.6983003937007873
20
0.1734335826771654
11
0.6983003543307087
21
0.1734337795275591
0
LINE
8
BLACK
6
CONTINUOUS
10
0.6983003543307087
20
0.1734337795275591
11
0.6961965748031496
21
0.1797825984251968
0
LINE
8
BLACK
6
CONTINUOUS
10
0.6961965748031496
20
0.1797825984251968
11
0.6926852362204724
21
0.1854753543307087
0
LINE
8
BLACK
6
CONTINUOUS
10
0.6926852362204724
20
0.1854753543307087
11
0.6915664173228346
21
0.1865941732283465
0
LINE
8
BLACK
6
CONTINUOUS
10
0.6915664173228346
20
0.1865941732283465
11
0.6879556299212598
21
0.1902049606299213
0
LINE
8
BLACK
6
CONTINUOUS
10
0.6879556299212598
20
0.1902049606299213
11
0.682262874015748
21
0.1937162992125984
0
LINE
8
BLACK
6
CONTINUOUS
10
0.682262874015748
20
0.1937162992125984
11
0.6811079527559055
21
0.1940989763779528
0
LINE
8
BLACK
6
CONTINUOUS
10
0.6811079527559055
20
0.1940989763779528
11
0.6794208267716535
21
0.195556968503937
0
LINE
8
BLACK
6
CONTINUOUS
10
0.6794208267716535
20
0.195556968503937
11
0.6792588188976377
21
0.1977808661417323
0
LINE
8
BLACK
6
CONTINUOUS
10
0.6792588188976377
20
0.1977808661417323
11
0.6799641732283465
21
0.1989244881889764
0
LINE
8
BLACK
6
CONTINUOUS
10
0.6799641732283465
20
0.1989244881889764
11
0.6836085826771653
21
0.2025688582677165
0
LINE
8
BLACK
6
CONTINUOUS
10
0.6836085826771653
20
0.2025688582677165
11
0.6841571653543307
21
0.2036454724409449
0
LINE
8
BLACK
6
CONTINUOUS
10
0.6841571653543307
20
0.2036454724409449
11
0.685852716535433
21
0.2050936220472441
0
LINE
8
BLACK
6
CONTINUOUS
10
0.685852716535433
20
0.2050936220472441
11
0.6867529921259843
21
0.2052362204724409
0
LINE
8
BLACK
6
CONTINUOUS
10
0.6867529921259843
20
0.2052362204724409
11
0.6960983858267716
21
0.2052362204724409
0
LINE
8
BLACK
6
CONTINUOUS
10
0.6960983858267716
20
0.2052362204724409
11
0.6974353543307087
21
0.2048779921259843
0
LINE
8
BLACK
6
CONTINUOUS
10
0.6974353543307087
20
0.2048779921259843
11
0.6974381496062992
21
0.2048846456692913
0
LINE
8
BLACK
6
CONTINUOUS
10
0.6974381496062992
20
0.2048846456692913
11
0.6974886614173228
21
0.2048637401574803
0
LINE
8
BLACK
6
CONTINUOUS
10
0.6974886614173228
20
0.2048637401574803
11
0.697555
21
0.2048459448818898
0
LINE
8
BLACK
6
CONTINUOUS
10
0.697555
20
0.2048459448818898
11
0.6976144488188977
21
0.2048116141732284
0
LINE
8
BLACK
6
CONTINUOUS
10
0.6976144488188977
20
0.2048116141732284
11
0.6976144881889763
21
0.2048116141732284
0
LINE
8
BLACK
6
CONTINUOUS
10
0.6976144881889763
20
0.2048116141732284
11
0.6976145275590551
21
0.2048115748031496
0
LINE
8
BLACK
6
CONTINUOUS
10
0.6976145275590551
20
0.2048115748031496
11
0.7033656692913386
21
0.2024293700787402
0
LINE
8
BLACK
6
CONTINUOUS
10
0.7033656692913386
20
0.2024293700787402
11
0.7095374015748032
21
0.2016168503937008
0
LINE
8
BLACK
6
CONTINUOUS
10
0.7095374015748032
20
0.2016168503937008
11
0.7157091338582677
21
0.2024293700787402
0
LINE
8
BLACK
6
CONTINUOUS
10
0.7157091338582677
20
0.2024293700787402
11
0.7214602755905511
21
0.2048115748031496
0
LINE
8
BLACK
6
CONTINUOUS
10
0.7214602755905511
20
0.2048115748031496
11
0.7233327165354331
21
0.2062483858267717
0
LINE
8
BLACK
6
CONTINUOUS
10
0.7233327165354331
20
0.2062483858267717
11
0.7251062598425196
21
0.2068503937007874
0
LINE
8
BLACK
6
CONTINUOUS
10
0.7251062598425196
20
0.2068503937007874
11
0.7395375984251968
21
0.2068503937007874
0
LINE
8
BLACK
6
CONTINUOUS
10
0.7395375984251968
20
0.2068503937007874
11
0.7398494488188976
21
0.2084181102362205
0
LINE
8
BLACK
6
CONTINUOUS
10
0.7398494488188976
20
0.2084181102362205
11
0.7416629921259842
21
0.2111322834645669
0
LINE
8
BLACK
6
CONTINUOUS
10
0.7416629921259842
20
0.2111322834645669
11
0.7443771653543307
21
0.2129458267716536
0
LINE
8
BLACK
6
CONTINUOUS
10
0.7443771653543307
20
0.2129458267716536
11
0.7475787401574803
21
0.2135826771653543
0
LINE
8
BLACK
6
CONTINUOUS
10
0.7475787401574803
20
0.2135826771653543
11
0.8056496062992126
21
0.2135826771653543
0
LINE
8
BLACK
6
CONTINUOUS
10
0.8056496062992126
20
0.2135826771653543
11
0.8088511811023622
21
0.2129458267716536
0
LINE
8
BLACK
6
CONTINUOUS
10
0.8088511811023622
20
0.2129458267716536
11
0.8115653543307086
21
0.2111322834645669
0
LINE
8
BLACK
6
CONTINUOUS
10
0.8115653543307086
20
0.2111322834645669
11
0.8133788976377953
21
0.2084181102362205
0
LINE
8
BLACK
6
CONTINUOUS
10
0.8133788976377953
20
0.2084181102362205
11
0.814015748031496
21
0.2052165354330709
0
LINE
8
BLACK
6
CONTINUOUS
10
0.814015748031496
20
0.2052165354330709
11
0.814015748031496
21
0.2047244094488189
0
LINE
8
BLACK
6
CONTINUOUS
10
0.814015748031496
20
0.2047244094488189
11
0.8383133070866141
21
0.2047244094488189
0
LINE
8
BLACK
6
CONTINUOUS
10
0.8383133070866141
20
0.2047244094488189
11
0.8455118110236221
21
0.2119229133858268
0
LINE
8
BLACK
6
CONTINUOUS
10
0.8455118110236221
20
0.2119229133858268
11
0.8455118110236221
21
0.389763779527559
0
LINE
8
BLACK
6
CONTINUOUS
10
0.8455118110236221
20
0.389763779527559
11
1.034488188976378
21
0.389763779527559
0
LINE
8
BLACK
6
CONTINUOUS
10
1.034488188976378
20
0.389763779527559
11
1.034488188976378
21
0.2119229133858268
0
LINE
8
BLACK
6
CONTINUOUS
10
1.034488188976378
20
0.2119229133858268
11
1.0416866929133859
21
0.2047244094488189
0
LINE
8
BLACK
6
CONTINUOUS
10
1.0416866929133859
20
0.2047244094488189
11
1.0659842519685039
21
0.2047244094488189
0
LINE
8
BLACK
6
CONTINUOUS
10
1.0659842519685039
20
0.2047244094488189
11
1.0659842519685039
21
0.2052165354330709
0
LINE
8
BLACK
6
CONTINUOUS
10
1.0659842519685039
20
0.2052165354330709
11
1.0666211023622048
21
0.2084181102362205
0
LINE
8
BLACK
6
CONTINUOUS
10
1.0666211023622048
20
0.2084181102362205
11
1.0684346456692912
21
0.2111322834645669
0
LINE
8
BLACK
6
CONTINUOUS
10
1.0684346456692912
20
0.2111322834645669
11
1.0711488188976377
21
0.2129458267716536
0
LINE
8
BLACK
6
CONTINUOUS
10
1.0711488188976377
20
0.2129458267716536
11
1.0743503937007874
21
0.2135826771653543
0
LINE
8
BLACK
6
CONTINUOUS
10
1.0743503937007874
20
0.2135826771653543
11
1.1324212598425196
21
0.2135826771653543
0
LINE
8
BLACK
6
CONTINUOUS
10
1.1324212598425196
20
0.2135826771653543
11
1.1356228346456692
21
0.2129458267716536
0
LINE
8
BLACK
6
CONTINUOUS
10
1.1356228346456692
20
0.2129458267716536
11
1.1383370078740158
21
0.2111322834645669
0
LINE
8
BLACK
6
CONTINUOUS
10
1.1383370078740158
20
0.2111322834645669
11
1.1401505511811023
21
0.2084181102362205
0
LINE
8
BLACK
6
CONTINUOUS
10
1.1401505511811023
20
0.2084181102362205
11
1.1407874015748032
21
0.2052165354330709
0
LINE
8
BLACK
6
CONTINUOUS
10
1.1407874015748032
20
0.2052165354330709
11
1.1407874015748032
21
0.1884842519685039
0
LINE
8
BLACK
6
CONTINUOUS
10
1.1407874015748032
20
0.1884842519685039
11
1.1401505511811023
21
0.1852826771653543
0
LINE
8
BLACK
6
CONTINUOUS
10
1.1401505511811023
20
0.1852826771653543
11
1.1383370078740158
21
0.1825685039370079
0
LINE
8
BLACK
6
CONTINUOUS
10
1.1383370078740158
20
0.1825685039370079
11
1.1356228346456692
21
0.1807549606299212
0
LINE
8
BLACK
6
CONTINUOUS
10
1.1356228346456692
20
0.1807549606299212
11
1.1324212598425196
21
0.1801181102362205
0
LINE
8
BLACK
6
CONTINUOUS
10
1.1324212598425196
20
0.1801181102362205
11
1.1133858267716534
21
0.1801181102362205
0
LINE
8
BLACK
6
CONTINUOUS
10
1.1133858267716534
20
0.1801181102362205
11
1.1133858267716534
21
0.1601181102362205
0
LINE
8
BLACK
6
CONTINUOUS
10
1.1133858267716534
20
0.1601181102362205
11
1.1343112992125983
21
0.1601181102362205
0
LINE
8
BLACK
6
CONTINUOUS
10
1.1343112992125983
20
0.1601181102362205
11
1.1343113385826771
21
0.1601181496062992
0
LINE
8
BLACK
6
CONTINUOUS
10
1.1343113385826771
20
0.1601181496062992
11
1.138196496062992
21
0.1605150393700787
0
LINE
8
BLACK
6
CONTINUOUS
10
1.138196496062992
20
0.1605150393700787
11
1.1444908661417323
21
0.1626008267716536
0
LINE
8
BLACK
6
CONTINUOUS
10
1.1444908661417323
20
0.1626008267716536
11
1.1501346850393701
21
0.166081968503937
0
LINE
8
BLACK
6
CONTINUOUS
10
1.1501346850393701
20
0.166081968503937
11
1.1501348425196851
21
0.1660820472440945
0
LINE
8
BLACK
6
CONTINUOUS
10
1.1501348425196851
20
0.1660820472440945
11
1.1548234645669291
21
0.1707706692913386
0
LINE
8
BLACK
6
CONTINUOUS
10
1.1548234645669291
20
0.1707706692913386
11
1.1548235433070866
21
0.1707708267716535
0
LINE
8
BLACK
6
CONTINUOUS
10
1.1548235433070866
20
0.1707708267716535
11
1.1560046062992126
21
0.1726855905511811
0
LINE
8
BLACK
6
CONTINUOUS
10
1.1560046062992126
20
0.1726855905511811
11
1.1578123622047243
21
0.1739909842519685
0
LINE
8
BLACK
6
CONTINUOUS
10
1.1578123622047243
20
0.1739909842519685
11
1.1600137007874016
21
0.1736357874015748
0
LINE
8
BLACK
6
CONTINUOUS
10
1.1600137007874016
20
0.1736357874015748
11
1.161319094488189
21
0.171828031496063
0
LINE
8
BLACK
6
CONTINUOUS
10
1.161319094488189
20
0.171828031496063
11
1.1613976377952755
21
0.1711561417322835
0
LINE
8
BLACK
6
CONTINUOUS
10
1.1613976377952755
20
0.1711561417322835
11
1.1613976377952755
21
0.0226181102362205
0
LINE
8
BLACK
6
CONTINUOUS
10
1.1613976377952755
20
0.0226181102362205
11
1.1605443307086614
21
0.020558031496063
0
LINE
8
BLACK
6
CONTINUOUS
10
1.1605443307086614
20
0.020558031496063
11
1.1584842519685039
21
0.0197047244094488
0
LINE
8
BLACK
6
CONTINUOUS
10
1.1584842519685039
20
0.0197047244094488
11
0.9520763385826772
21
0.0197047244094488
0
LINE
8
BLACK
6
CONTINUOUS
10
0.9520763385826772
20
0.0197047244094488
11
0.9500162598425197
21
0.020558031496063
0
LINE
8
BLACK
6
CONTINUOUS
10
0.9500162598425197
20
0.020558031496063
11
0.9493847244094488
21
0.0215032283464567
0
LINE
8
BLACK
6
CONTINUOUS
10
0.9493847244094488
20
0.0215032283464567
11
0.9489229133858268
21
0.0226181102362205
0
LINE
8
BLACK
6
CONTINUOUS
10
0.9489229133858268
20
0.0226181102362205
11
0.9460001968503937
21
0.0296742519685039
0
LINE
8
BLACK
6
CONTINUOUS
10
0.9460001968503937
20
0.0296742519685039
11
0.9416121259842519
21
0.0372745669291339
0
LINE
8
BLACK
6
CONTINUOUS
10
0.9416121259842519
20
0.0372745669291339
11
0.9416120472440944
21
0.0372746850393701
0
LINE
8
BLACK
6
CONTINUOUS
10
0.9416120472440944
20
0.0372746850393701
11
0.9362697637795275
21
0.044236968503937
0
LINE
8
BLACK
6
CONTINUOUS
10
0.9362697637795275
20
0.044236968503937
11
0.9300637007874015
21
0.050443031496063
0
LINE
8
BLACK
6
CONTINUOUS
10
0.9300637007874015
20
0.050443031496063
11
0.9231014173228346
21
0.0557853149606299
0
LINE
8
BLACK
6
CONTINUOUS
10
0.9231014173228346
20
0.0557853149606299
11
0.9231011811023622
21
0.0557854724409449
0
LINE
8
BLACK
6
CONTINUOUS
10
0.9231011811023622
20
0.0557854724409449
11
0.9155009842519685
21
0.0601734645669291
0
LINE
8
BLACK
6
CONTINUOUS
10
0.9155009842519685
20
0.0601734645669291
11
0.9155006692913386
21
0.0601735826771654
0
LINE
8
BLACK
6
CONTINUOUS
10
0.9155006692913386
20
0.0601735826771654
11
0.9073929921259842
21
0.0635318897637795
0
LINE
8
BLACK
6
CONTINUOUS
10
0.9073929921259842
20
0.0635318897637795
11
0.8989157874015747
21
0.0658033464566929
0
LINE
8
BLACK
6
CONTINUOUS
10
0.8989157874015747
20
0.0658033464566929
11
0.8925057874015748
21
0.0666472440944882
0
LINE
8
BLACK
6
CONTINUOUS
10
0.8925057874015748
20
0.0666472440944882
11
0.890214842519685
21
0.0669488188976378
0
LINE
8
BLACK
6
CONTINUOUS
10
0.890214842519685
20
0.0669488188976378
11
0.8814387007874016
21
0.0669488188976378
0
LINE
8
BLACK
6
CONTINUOUS
10
0.8814387007874016
20
0.0669488188976378
11
0.8794142519685039
21
0.0666823228346457
0
LINE
8
BLACK
6
CONTINUOUS
10
0.8794142519685039
20
0.0666823228346457
11
0.8727377165354331
21
0.0658033464566929
0
LINE
8
BLACK
6
CONTINUOUS
10
0.8727377165354331
20
0.0658033464566929
11
0.8642605118110236
21
0.0635318897637795
0
LINE
8
BLACK
6
CONTINUOUS
10
0.8642605118110236
20
0.0635318897637795
11
0.8561528346456693
21
0.0601735826771654
0
LINE
8
BLACK
6
CONTINUOUS
10
0.8561528346456693
20
0.0601735826771654
11
0.8561525196850394
21
0.0601734645669291
0
LINE
8
BLACK
6
CONTINUOUS
10
0.8561525196850394
20
0.0601734645669291
11
0.8485523228346457
21
0.0557854724409449
0
LINE
8
BLACK
6
CONTINUOUS
10
0.8485523228346457
20
0.0557854724409449
11
0.8485520866141733
21
0.0557853149606299
0
LINE
8
BLACK
6
CONTINUOUS
10
0.8485520866141733
20
0.0557853149606299
11
0.8415898031496063
21
0.050443031496063
0
LINE
8
BLACK
6
CONTINUOUS
10
0.8415898031496063
20
0.050443031496063
11
0.8353837401574803
21
0.044236968503937
0
LINE
8
BLACK
6
CONTINUOUS
10
0.8353837401574803
20
0.044236968503937
11
0.8300414566929134
21
0.0372746850393701
0
LINE
8
BLACK
6
CONTINUOUS
10
0.8300414566929134
20
0.0372746850393701
11
0.8300412992125984
21
0.0372744488188976
0
LINE
8
BLACK
6
CONTINUOUS
10
0.8300412992125984
20
0.0372744488188976
11
0.8256533070866141
21
0.0296742519685039
0
LINE
8
BLACK
6
CONTINUOUS
10
0.8256533070866141
20
0.0296742519685039
11
0.825653188976378
21
0.029673937007874
0
LINE
8
BLACK
6
CONTINUOUS
10
0.825653188976378
20
0.029673937007874
11
0.8233583464566929
21
0.0241336614173228
0
LINE
8
BLACK
6
CONTINUOUS
10
0.8233583464566929
20
0.0241336614173228
11
0.8227306299212598
21
0.0226181102362205
0
LINE
8
BLACK
6
CONTINUOUS
10
0.8227306299212598
20
0.0226181102362205
11
0.8222688188976378
21
0.0215032283464567
0
LINE
8
BLACK
6
CONTINUOUS
10
0.8222688188976378
20
0.0215032283464567
11
0.8206921259842519
21
0.0199264960629921
0
LINE
8
BLACK
6
CONTINUOUS
10
0.8206921259842519
20
0.0199264960629921
11
0.8195772047244094
21
0.0197047244094488
0
LINE
8
BLACK
6
CONTINUOUS
10
0.8195772047244094
20
0.0197047244094488
11
0.5583755511811024
21
0.0197047244094488
0
LINE
8
BLACK
6
CONTINUOUS
10
0.5583755511811024
20
0.0197047244094488
11
0.5563154724409448
21
0.020558031496063
0
LINE
8
BLACK
6
CONTINUOUS
10
0.5563154724409448
20
0.020558031496063
11
0.555683937007874
21
0.0215032283464567
0
LINE
8
BLACK
6
CONTINUOUS
10
0.555683937007874
20
0.0215032283464567
11
0.5552221259842519
21
0.0226181102362205
0
LINE
8
BLACK
6
CONTINUOUS
10
0.5552221259842519
20
0.0226181102362205
11
0.5522994094488188
21
0.0296742519685039
0
LINE
8
BLACK
6
CONTINUOUS
10
0.5522994094488188
20
0.0296742519685039
11
0.5479113385826772
21
0.0372745669291339
0
LINE
8
BLACK
6
CONTINUOUS
10
0.5479113385826772
20
0.0372745669291339
11
0.5479112598425196
21
0.0372746850393701
0
LINE
8
BLACK
6
CONTINUOUS
10
0.5479112598425196
20
0.0372746850393701
11
0.5425689763779528
21
0.044236968503937
0
LINE
8
BLACK
6
CONTINUOUS
10
0.5425689763779528
20
0.044236968503937
11
0.5363629133858268
21
0.050443031496063
0
LINE
8
BLACK
6
CONTINUOUS
10
0.5363629133858268
20
0.050443031496063
11
0.5294006299212598
21
0.0557853149606299
0
LINE
8
BLACK
6
CONTINUOUS
10
0.5294006299212598
20
0.0557853149606299
11
0.5294003937007874
21
0.0557854724409449
0
LINE
8
BLACK
6
CONTINUOUS
10
0.5294003937007874
20
0.0557854724409449
11
0.5218001968503937
21
0.0601734645669291
0
LINE
8
BLACK
6
CONTINUOUS
10
0.5218001968503937
20
0.0601734645669291
11
0.5217998818897638
21
0.0601735826771654
0
LINE
8
BLACK
6
CONTINUOUS
10
0.5217998818897638
20
0.0601735826771654
11
0.5136922047244095
21
0.0635318897637795
0
LINE
8
BLACK
6
CONTINUOUS
10
0.5136922047244095
20
0.0635318897637795
11
0.505215
21
0.0658033464566929
0
LINE
8
BLACK
6
CONTINUOUS
10
0.505215
20
0.0658033464566929
11
0.498805
21
0.0666472440944882
0
LINE
8
BLACK
6
CONTINUOUS
10
0.498805
20
0.0666472440944882
11
0.4965140551181102
21
0.0669488188976378
0
LINE
8
BLACK
6
CONTINUOUS
10
0.4965140551181102
20
0.0669488188976378
11
0.4877379133858268
21
0.0669488188976378
0
LINE
8
BLACK
6
CONTINUOUS
10
0.4877379133858268
20
0.0669488188976378
11
0.4857134645669291
21
0.0666823228346457
0
LINE
8
BLACK
6
CONTINUOUS
10
0.4857134645669291
20
0.0666823228346457
11
0.4790369291338583
21
0.0658033464566929
0
LINE
8
BLACK
6
CONTINUOUS
10
0.4790369291338583
20
0.0658033464566929
11
0.4705597244094488
21
0.0635318897637795
0
LINE
8
BLACK
6
CONTINUOUS
10
0.4705597244094488
20
0.0635318897637795
11
0.4624520472440945
21
0.0601735826771654
0
LINE
8
BLACK
6
CONTINUOUS
10
0.4624520472440945
20
0.0601735826771654
11
0.4624517322834645
21
0.0601734645669291
0
LINE
8
BLACK
6
CONTINUOUS
10
0.4624517322834645
20
0.0601734645669291
11
0.4548515354330708
21
0.0557854724409449
0
LINE
8
BLACK
6
CONTINUOUS
10
0.4548515354330708
20
0.0557854724409449
11
0.4548512992125984
21
0.0557853149606299
0
LINE
8
BLACK
6
CONTINUOUS
10
0.4548512992125984
20
0.0557853149606299
11
0.4478890157480315
21
0.050443031496063
0
LINE
8
BLACK
6
CONTINUOUS
10
0.4478890157480315
20
0.050443031496063
11
0.4416829527559055
21
0.044236968503937
0
LINE
8
BLACK
6
CONTINUOUS
10
0.4416829527559055
20
0.044236968503937
11
0.4363406692913386
21
0.0372746850393701
0
LINE
8
BLACK
6
CONTINUOUS
10
0.4363406692913386
20
0.0372746850393701
11
0.4363405118110236
21
0.0372744488188976
0
LINE
8
BLACK
6
CONTINUOUS
10
0.4363405118110236
20
0.0372744488188976
11
0.4319525196850393
21
0.0296742519685039
0
LINE
8
BLACK
6
CONTINUOUS
10
0.4319525196850393
20
0.0296742519685039
11
0.4319524015748031
21
0.029673937007874
0
LINE
8
BLACK
6
CONTINUOUS
10
0.4319524015748031
20
0.029673937007874
11
0.4296575590551181
21
0.0241336614173228
0
LINE
8
BLACK
6
CONTINUOUS
10
0.4296575590551181
20
0.0241336614173228
11
0.429029842519685
21
0.0226181102362205
0
LINE
8
BLACK
6
CONTINUOUS
10
0.429029842519685
20
0.0226181102362205
11
0.428568031496063
21
0.0215032283464567
0
LINE
8
BLACK
6
CONTINUOUS
10
0.428568031496063
20
0.0215032283464567
11
0.4269913385826772
21
0.0199264960629921
0
LINE
8
BLACK
6
CONTINUOUS
10
0.4269913385826772
20
0.0199264960629921
11
0.4258764173228347
21
0.0197047244094488
0
LINE
8
BLACK
6
CONTINUOUS
10
0.4258764173228347
20
0.0197047244094488
11
0.1646747637795276
21
0.0197047244094488
0
LINE
8
BLACK
6
CONTINUOUS
10
0.1646747637795276
20
0.0197047244094488
11
0.1626146850393701
21
0.020558031496063
0
LINE
8
BLACK
6
CONTINUOUS
10
0.1626146850393701
20
0.020558031496063
11
0.1619831496062992
21
0.0215032283464567
0
LINE
8
BLACK
6
CONTINUOUS
10
0.1619831496062992
20
0.0215032283464567
11
0.1615213385826772
21
0.0226181102362205
0
LINE
8
BLACK
6
CONTINUOUS
10
0.1615213385826772
20
0.0226181102362205
11
0.1585986220472441
21
0.0296742519685039
0
LINE
8
BLACK
6
CONTINUOUS
10
0.1585986220472441
20
0.0296742519685039
11
0.1542105511811024
21
0.0372745669291339
0
LINE
8
BLACK
6
CONTINUOUS
10
0.1542105511811024
20
0.0372745669291339
11
0.1542104724409449
21
0.0372746850393701
0
LINE
8
BLACK
6
CONTINUOUS
10
0.1542104724409449
20
0.0372746850393701
11
0.148868188976378
21
0.044236968503937
0
LINE
8
BLACK
6
CONTINUOUS
10
0.148868188976378
20
0.044236968503937
11
0.142662125984252
21
0.050443031496063
0
LINE
8
BLACK
6
CONTINUOUS
10
0.142662125984252
20
0.050443031496063
11
0.135699842519685
21
0.0557853149606299
0
LINE
8
BLACK
6
CONTINUOUS
10
0.135699842519685
20
0.0557853149606299
11
0.1356996062992126
21
0.0557854724409449
0
LINE
8
BLACK
6
CONTINUOUS
10
0.1356996062992126
20
0.0557854724409449
11
0.1280994094488189
21
0.0601734645669291
0
LINE
8
BLACK
6
CONTINUOUS
10
0.1280994094488189
20
0.0601734645669291
11
0.128099094488189
21
0.0601735826771654
0
LINE
8
BLACK
6
CONTINUOUS
10
0.128099094488189
20
0.0601735826771654
11
0.1199914173228346
21
0.0635318897637795
0
LINE
8
BLACK
6
CONTINUOUS
10
0.1199914173228346
20
0.0635318897637795
11
0.1115142125984252
21
0.0658033464566929
0
LINE
8
BLACK
6
CONTINUOUS
10
0.1115142125984252
20
0.0658033464566929
11
0.1051042125984252
21
0.0666472440944882
0
LINE
8
BLACK
6
CONTINUOUS
10
0.1051042125984252
20
0.0666472440944882
11
0.1028132677165354
21
0.0669488188976378
0
LINE
8
BLACK
6
CONTINUOUS
10
0.1028132677165354
20
0.0669488188976378
11
0.094037125984252
21
0.0669488188976378
0
LINE
8
BLACK
6
CONTINUOUS
10
0.094037125984252
20
0.0669488188976378
11
0.0920126771653543
21
0.0666823228346457
0
LINE
8
BLACK
6
CONTINUOUS
10
0.0920126771653543
20
0.0666823228346457
11
0.0853361417322835
21
0.0658033464566929
0
LINE
8
BLACK
6
CONTINUOUS
10
0.0853361417322835
20
0.0658033464566929
11
0.076858937007874
21
0.0635318897637795
0
LINE
8
BLACK
6
CONTINUOUS
10
0.076858937007874
20
0.0635318897637795
11
0.0687512598425197
21
0.0601735826771654
0
LINE
8
BLACK
6
CONTINUOUS
10
0.0687512598425197
20
0.0601735826771654
11
0.0687509448818898
21
0.0601734645669291
0
LINE
8
BLACK
6
CONTINUOUS
10
0.0687509448818898
20
0.0601734645669291
11
0.0611507480314961
21
0.0557854724409449
0
LINE
8
BLACK
6
CONTINUOUS
10
0.0611507480314961
20
0.0557854724409449
11
0.0611505118110236
21
0.0557853149606299
0
LINE
8
BLACK
6
CONTINUOUS
10
0.0611505118110236
20
0.0557853149606299
11
0.0541882283464567
21
0.050443031496063
0
LINE
8
BLACK
6
CONTINUOUS
10
0.0541882283464567
20
0.050443031496063
11
0.0479821653543307
21
0.044236968503937
0
LINE
8
BLACK
6
CONTINUOUS
10
0.0479821653543307
20
0.044236968503937
11
0.0426398818897638
21
0.0372746850393701
0
LINE
8
BLACK
6
CONTINUOUS
10
0.0426398818897638
20
0.0372746850393701
11
0.0426397244094488
21
0.0372744488188976
0
LINE
8
BLACK
6
CONTINUOUS
10
0.0426397244094488
20
0.0372744488188976
11
0.0382517322834646
21
0.0296742519685039
0
LINE
8
BLACK
6
CONTINUOUS
10
0.0382517322834646
20
0.0296742519685039
11
0.0382516141732283
21
0.029673937007874
0
LINE
8
BLACK
6
CONTINUOUS
10
0.0382516141732283
20
0.029673937007874
11
0.0359567716535433
21
0.0241336614173228
0
LINE
8
BLACK
6
CONTINUOUS
10
0.0359567716535433
20
0.0241336614173228
11
0.0353290551181102
21
0.0226181102362205
0
LINE
8
BLACK
6
CONTINUOUS
10
0.0353290551181102
20
0.0226181102362205
11
0.0348672440944882
21
0.0215032283464567
0
LINE
8
BLACK
6
CONTINUOUS
10
0.0348672440944882
20
0.0215032283464567
11
0.0332905511811024
21
0.0199264960629921
0
LINE
8
BLACK
6
CONTINUOUS
10
0.0332905511811024
20
0.0199264960629921
11
0.0321756299212598
21
0.0197047244094488
0
LINE
8
BLACK
6
CONTINUOUS
10
0.0321756299212598
20
0.0197047244094488
11
0.0226181102362205
21
0.0197047244094488
0
LINE
8
BLACK
6
CONTINUOUS
10
0.0226181102362205
20
0.0197047244094488
11
0.020558031496063
21
0.020558031496063
0
LINE
8
BLACK
6
CONTINUOUS
10
0.020558031496063
20
0.020558031496063
11
0.0197047244094488
21
0.0226181102362205
0
LINE
8
BLACK
6
CONTINUOUS
10
0.0197047244094488
20
0.0226181102362205
11
0.0197047244094488
21
0.1060236220472441
0
LINE
8
BLACK
6
CONTINUOUS
10
0.0197047244094488
20
0.1060236220472441
11
0.020558031496063
21
0.1080837007874016
0
LINE
8
BLACK
6
CONTINUOUS
10
0.020558031496063
20
0.1080837007874016
11
0.0226181102362205
21
0.1089370078740158
0
LINE
8
BLACK
6
CONTINUOUS
10
0.0226181102362205
20
0.1089370078740158
11
0.0548503937007874
21
0.1089370078740158
0
LINE
8
BLACK
6
CONTINUOUS
10
0.0548503937007874
20
0.1089370078740158
11
0.0548503937007874
21
0.1289370078740157
0
LINE
8
BLACK
6
CONTINUOUS
10
0.0548503937007874
20
0.1289370078740157
11
0.0215433070866142
21
0.1289370078740157
0
LINE
8
BLACK
6
CONTINUOUS
10
0.0215433070866142
20
0.1289370078740157
11
0.0177767322834646
21
0.1296862204724409
0
LINE
8
BLACK
6
CONTINUOUS
10
0.0177767322834646
20
0.1296862204724409
11
0.0145835826771654
21
0.1318198031496063
0
LINE
8
BLACK
6
CONTINUOUS
10
0.0145835826771654
20
0.1318198031496063
11
0.01245
21
0.1350129527559055
0
LINE
8
BLACK
6
CONTINUOUS
10
0.01245
20
0.1350129527559055
11
0.0117007874015748
21
0.1387795275590551
0
LINE
8
BLACK
6
CONTINUOUS
10
0.0117007874015748
20
0.1387795275590551
11
0.0117007874015748
21
0.1584645669291339
0
LINE
8
BLACK
6
CONTINUOUS
10
0.0117007874015748
20
0.1584645669291339
11
0.01245
21
0.1622311417322835
0
LINE
8
BLACK
6
CONTINUOUS
10
0.01245
20
0.1622311417322835
11
0.0145835826771654
21
0.1654242913385827
0
LINE
8
BLACK
6
CONTINUOUS
10
0.0145835826771654
20
0.1654242913385827
11
0.0177767322834646
21
0.167557874015748
0
LINE
8
BLACK
6
CONTINUOUS
10
0.0177767322834646
20
0.167557874015748
11
0.0215433070866142
21
0.1683070866141732
0
LINE
8
BLACK
6
CONTINUOUS
10
0.0215433070866142
20
0.1683070866141732
11
0.0548503937007874
21
0.1683070866141732
0
LINE
8
BLACK
6
CONTINUOUS
10
0.0548503937007874
20
0.1683070866141732
11
0.0548503937007874
21
0.1883070866141732
0
LINE
8
BLACK
6
CONTINUOUS
10
0.0548503937007874
20
0.1883070866141732
11
0.0226181102362205
21
0.1883070866141732
0
LINE
8
BLACK
6
CONTINUOUS
10
0.0226181102362205
20
0.1883070866141732
11
0.020558031496063
21
0.1891603937007874
0
LINE
8
BLACK
6
CONTINUOUS
10
0.020558031496063
20
0.1891603937007874
11
0.0197047244094488
21
0.1912204724409449
0
LINE
8
BLACK
6
CONTINUOUS
10
0.0197047244094488
20
0.1912204724409449
11
0.0197047244094488
21
0.3993307086614173
0
LINE
8
BLACK
6
CONTINUOUS
10
0.0197047244094488
20
0.3993307086614173
11
0.020558031496063
21
0.4013907874015748
0
LINE
8
BLACK
6
CONTINUOUS
10
0.020558031496063
20
0.4013907874015748
11
0.0226181102362205
21
0.402244094488189
0
LINE
8
BLACK
6
CONTINUOUS
10
0.0226181102362205
20
0.402244094488189
11
0.0548503937007874
21
0.402244094488189
0
LINE
8
BLACK
6
CONTINUOUS
10
0.0548503937007874
20
0.402244094488189
11
0.0548503937007874
21
0.4222440944881889
0
LINE
8
BLACK
6
CONTINUOUS
10
0.0548503937007874
20
0.4222440944881889
11
0.0215433070866142
21
0.4222440944881889
0
LINE
8
BLACK
6
CONTINUOUS
10
0.0215433070866142
20
0.4222440944881889
11
0.0177767322834646
21
0.4229933070866141
0
LINE
8
BLACK
6
CONTINUOUS
10
0.0177767322834646
20
0.4229933070866141
11
0.0145835826771654
21
0.4251268897637795
0
LINE
8
BLACK
6
CONTINUOUS
10
0.0145835826771654
20
0.4251268897637795
11
0.01245
21
0.4283200393700787
0
LINE
8
BLACK
6
CONTINUOUS
10
0.01245
20
0.4283200393700787
11
0.0117007874015748
21
0.4320866141732284
0
LINE
8
BLACK
6
CONTINUOUS
10
0.0117007874015748
20
0.4320866141732284
11
0.0117007874015748
21
0.4517716535433071
0
LINE
8
BLACK
6
CONTINUOUS
10
0.0117007874015748
20
0.4517716535433071
11
0.01245
21
0.4555382283464567
0
LINE
8
BLACK
6
CONTINUOUS
10
0.01245
20
0.4555382283464567
11
0.0145835826771654
21
0.4587313779527559
0
LINE
8
BLACK
6
CONTINUOUS
10
0.0145835826771654
20
0.4587313779527559
11
0.0177767322834646
21
0.4608649606299213
0
LINE
8
BLACK
6
CONTINUOUS
10
0.0177767322834646
20
0.4608649606299213
11
0.0215433070866142
21
0.4616141732283465
0
LINE
8
BLACK
6
CONTINUOUS
10
0.0215433070866142
20
0.4616141732283465
11
0.0548503937007874
21
0.4616141732283465
0
LINE
8
BLACK
6
CONTINUOUS
10
0.0548503937007874
20
0.4616141732283465
11
0.0548503937007874
21
0.4816141732283464
0
LINE
8
BLACK
6
CONTINUOUS
10
0.0548503937007874
20
0.4816141732283464
11
0.0226181102362205
21
0.4816141732283464
0
LINE
8
BLACK
6
CONTINUOUS
10
0.0226181102362205
20
0.4816141732283464
11
0.020558031496063
21
0.4824674803149606
0
LINE
8
BLACK
6
CONTINUOUS
10
0.020558031496063
20
0.4824674803149606
11
0.0197047244094488
21
0.4845275590551181
0
LINE
8
BLACK
6
CONTINUOUS
10
0.0197047244094488
20
0.4845275590551181
11
0.0197047244094488
21
0.5679330708661418
0
LINE
8
BLACK
6
CONTINUOUS
10
0.0197047244094488
20
0.5679330708661418
11
0.020558031496063
21
0.5699931496062992
0
LINE
8
BLACK
6
CONTINUOUS
10
0.020558031496063
20
0.5699931496062992
11
0.0226181102362205
21
0.5708464566929133
0
LINE
8
BLACK
6
CONTINUOUS
10
0.0226181102362205
20
0.5708464566929133
11
0.0321756299212598
21
0.5708464566929133
0
LINE
8
BLACK
6
CONTINUOUS
10
0.0321756299212598
20
0.5708464566929133
11
0.0342357086614173
21
0.5699931496062992
0
LINE
8
BLACK
6
CONTINUOUS
10
0.8566473228346456
20
0.2007874015748032
11
0.847142559055118
21
0.1912826377952756
0
LINE
8
BLACK
6
CONTINUOUS
10
0.847142559055118
20
0.1912826377952756
11
0.8459493700787402
21
0.1903033858267716
0
LINE
8
BLACK
6
CONTINUOUS
10
0.8459493700787402
20
0.1903033858267716
11
0.8431109448818898
21
0.1891276771653543
0
LINE
8
BLACK
6
CONTINUOUS
10
0.8431109448818898
20
0.1891276771653543
11
0.8415748031496063
21
0.1889763779527559
0
LINE
8
BLACK
6
CONTINUOUS
10
0.8415748031496063
20
0.1889763779527559
11
0.814015748031496
21
0.1889763779527559
0
LINE
8
BLACK
6
CONTINUOUS
10
0.814015748031496
20
0.1889763779527559
11
0.814015748031496
21
0.1884842519685039
0
LINE
8
BLACK
6
CONTINUOUS
10
0.814015748031496
20
0.1884842519685039
11
0.8133788976377953
21
0.1852826771653543
0
LINE
8
BLACK
6
CONTINUOUS
10
0.8133788976377953
20
0.1852826771653543
11
0.8115653543307086
21
0.1825685039370079
0
LINE
8
BLACK
6
CONTINUOUS
10
0.8115653543307086
20
0.1825685039370079
11
0.8088511811023622
21
0.1807549606299212
0
LINE
8
BLACK
6
CONTINUOUS
10
0.8088511811023622
20
0.1807549606299212
11
0.8056496062992126
21
0.1801181102362205
0
LINE
8
BLACK
6
CONTINUOUS
10
0.8056496062992126
20
0.1801181102362205
11
0.7866141732283465
21
0.1801181102362205
0
LINE
8
BLACK
6
CONTINUOUS
10
0.7866141732283465
20
0.1801181102362205
11
0.7866141732283465
21
0.1601181102362205
0
LINE
8
BLACK
6
CONTINUOUS
10
0.7866141732283465
20
0.1601181102362205
11
0.8075396456692914
21
0.1601181102362205
0
LINE
8
BLACK
6
CONTINUOUS
10
0.8075396456692914
20
0.1601181102362205
11
0.80753968503937
21
0.1601181496062992
0
LINE
8
BLACK
6
CONTINUOUS
10
0.80753968503937
20
0.1601181496062992
11
0.8114248425196851
21
0.1605150393700787
0
LINE
8
BLACK
6
CONTINUOUS
10
0.8114248425196851
20
0.1605150393700787
11
0.8114249212598424
21
0.1605150393700787
0
LINE
8
BLACK
6
CONTINUOUS
10
0.8114249212598424
20
0.1605150393700787
11
0.8131190157480315
21
0.1610764173228346
0
LINE
8
BLACK
6
CONTINUOUS
10
0.8131190157480315
20
0.1610764173228346
11
0.8153429133858268
21
0.1609144094488189
0
LINE
8
BLACK
6
CONTINUOUS
10
0.8153429133858268
20
0.1609144094488189
11
0.8168009448818897
21
0.1592273228346457
0
LINE
8
BLACK
6
CONTINUOUS
10
0.8168009448818897
20
0.1592273228346457
11
0.8169488188976378
21
0.158310905511811
0
LINE
8
BLACK
6
CONTINUOUS
10
0.8169488188976378
20
0.158310905511811
11
0.8169488188976378
21
0.1015747244094488
0
LINE
8
BLACK
6
CONTINUOUS
10
0.8169488188976378
20
0.1015747244094488
11
0.8175518897637795
21
0.0977671653543307
0
LINE
8
BLACK
6
CONTINUOUS
10
0.8175518897637795
20
0.0977671653543307
11
0.8175518897637795
21
0.097767125984252
0
LINE
8
BLACK
6
CONTINUOUS
10
0.8175518897637795
20
0.097767125984252
11
0.8198901968503937
21
0.0931779133858268
0
LINE
8
BLACK
6
CONTINUOUS
10
0.8198901968503937
20
0.0931779133858268
11
0.8235322440944882
21
0.0895358661417323
0
LINE
8
BLACK
6
CONTINUOUS
10
0.8235322440944882
20
0.0895358661417323
11
0.8281214566929134
21
0.0871975590551181
0
LINE
8
BLACK
6
CONTINUOUS
10
0.8281214566929134
20
0.0871975590551181
11
0.8319290157480315
21
0.0865944881889764
0
LINE
8
BLACK
6
CONTINUOUS
10
0.8319290157480315
20
0.0865944881889764
11
0.8512205511811023
21
0.0865945275590551
0
LINE
8
BLACK
6
CONTINUOUS
10
0.8512205511811023
20
0.0865945275590551
11
0.8550281496062992
21
0.0871975590551181
0
LINE
8
BLACK
6
CONTINUOUS
10
0.8550281496062992
20
0.0871975590551181
11
0.8596173622047244
21
0.0895358661417323
0
LINE
8
BLACK
6
CONTINUOUS
10
0.8596173622047244
20
0.0895358661417323
11
0.8632594094488188
21
0.0931779133858268
0
LINE
8
BLACK
6
CONTINUOUS
10
0.8632594094488188
20
0.0931779133858268
11
0.8635852362204725
21
0.0938174409448819
0
LINE
8
BLACK
6
CONTINUOUS
10
0.8635852362204725
20
0.0938174409448819
11
0.8652807874015748
21
0.0952655511811024
0
LINE
8
BLACK
6
CONTINUOUS
10
0.8652807874015748
20
0.0952655511811024
11
0.8675037401574803
21
0.0950906299212598
0
LINE
8
BLACK
6
CONTINUOUS
10
0.8675037401574803
20
0.0950906299212598
11
0.8687769291338583
21
0.0938174409448819
0
LINE
8
BLACK
6
CONTINUOUS
10
0.8687769291338583
20
0.0938174409448819
11
0.8691027952755905
21
0.0931779133858268
0
LINE
8
BLACK
6
CONTINUOUS
10
0.8691027952755905
20
0.0931779133858268
11
0.872744842519685
21
0.0895358661417323
0
LINE
8
BLACK
6
CONTINUOUS
10
0.872744842519685
20
0.0895358661417323
11
0.8773340551181102
21
0.0871975590551181
0
LINE
8
BLACK
6
CONTINUOUS
10
0.8773340551181102
20
0.0871975590551181
11
0.8811416141732283
21
0.0865944881889764
0
LINE
8
BLACK
6
CONTINUOUS
10
0.8811416141732283
20
0.0865944881889764
11
0.9004331496062992
21
0.0865945275590551
0
LINE
8
BLACK
6
CONTINUOUS
10
0.9004331496062992
20
0.0865945275590551
11
0.904240748031496
21
0.0871975590551181
0
LINE
8
BLACK
6
CONTINUOUS
10
0.904240748031496
20
0.0871975590551181
11
0.9088299606299213
21
0.0895358661417323
0
LINE
8
BLACK
6
CONTINUOUS
10
0.9088299606299213
20
0.0895358661417323
11
0.9124720078740157
21
0.0931779133858268
0
LINE
8
BLACK
6
CONTINUOUS
10
0.9124720078740157
20
0.0931779133858268
11
0.9127978346456693
21
0.0938174409448819
0
LINE
8
BLACK
6
CONTINUOUS
10
0.9127978346456693
20
0.0938174409448819
11
0.9144933858267716
21
0.0952655511811024
0
LINE
8
BLACK
6
CONTINUOUS
10
0.9144933858267716
20
0.0952655511811024
11
0.9167163385826771
21
0.0950906299212598
0
LINE
8
BLACK
6
CONTINUOUS
10
0.9167163385826771
20
0.0950906299212598
11
0.9179895275590551
21
0.0938174409448819
0
LINE
8
BLACK
6
CONTINUOUS
10
0.9179895275590551
20
0.0938174409448819
11
0.9183153937007874
21
0.0931779133858268
0
LINE
8
BLACK
6
CONTINUOUS
10
0.9183153937007874
20
0.0931779133858268
11
0.9219574409448819
21
0.0895358661417323
0
LINE
8
BLACK
6
CONTINUOUS
10
0.9219574409448819
20
0.0895358661417323
11
0.9265466535433071
21
0.0871975590551181
0
LINE
8
BLACK
6
CONTINUOUS
10
0.9265466535433071
20
0.0871975590551181
11
0.9303542125984252
21
0.0865944881889764
0
LINE
8
BLACK
6
CONTINUOUS
10
0.9303542125984252
20
0.0865944881889764
11
0.949645748031496
21
0.0865945275590551
0
LINE
8
BLACK
6
CONTINUOUS
10
0.949645748031496
20
0.0865945275590551
11
0.9534533464566929
21
0.0871975590551181
0
LINE
8
BLACK
6
CONTINUOUS
10
0.9534533464566929
20
0.0871975590551181
11
0.958042559055118
21
0.0895358661417323
0
LINE
8
BLACK
6
CONTINUOUS
10
0.958042559055118
20
0.0895358661417323
11
0.9616846062992126
21
0.0931779133858268
0
LINE
8
BLACK
6
CONTINUOUS
10
0.9616846062992126
20
0.0931779133858268
11
0.9620104330708661
21
0.0938174409448819
0
LINE
8
BLACK
6
CONTINUOUS
10
0.9620104330708661
20
0.0938174409448819
11
0.9637059842519685
21
0.0952655511811024
0
LINE
8
BLACK
6
CONTINUOUS
10
0.9637059842519685
20
0.0952655511811024
11
0.965928937007874
21
0.0950906299212598
0
LINE
8
BLACK
6
CONTINUOUS
10
0.965928937007874
20
0.0950906299212598
11
0.9672021259842519
21
0.0938174409448819
0
LINE
8
BLACK
6
CONTINUOUS
10
0.9672021259842519
20
0.0938174409448819
11
0.9675279921259843
21
0.0931779133858268
0
LINE
8
BLACK
6
CONTINUOUS
10
0.9675279921259843
20
0.0931779133858268
11
0.9711700393700787
21
0.0895358661417323
0
LINE
8
BLACK
6
CONTINUOUS
10
0.9711700393700787
20
0.0895358661417323
11
0.9757592519685039
21
0.0871975590551181
0
LINE
8
BLACK
6
CONTINUOUS
10
0.9757592519685039
20
0.0871975590551181
11
0.979566811023622
21
0.0865944881889764
0
LINE
8
BLACK
6
CONTINUOUS
10
0.979566811023622
20
0.0865944881889764
11
0.9988583464566929
21
0.0865945275590551
0
LINE
8
BLACK
6
CONTINUOUS
10
0.9988583464566929
20
0.0865945275590551
11
1.0026659448818898
21
0.0871975590551181
0
LINE
8
BLACK
6
CONTINUOUS
10
1.0026659448818898
20
0.0871975590551181
11
1.007255157480315
21
0.0895358661417323
0
LINE
8
BLACK
6
CONTINUOUS
10
1.007255157480315
20
0.0895358661417323
11
1.0108972047244094
21
0.0931779133858268
0
LINE
8
BLACK
6
CONTINUOUS
10
1.0108972047244094
20
0.0931779133858268
11
1.0112230314960631
21
0.0938174409448819
0
LINE
8
BLACK
6
CONTINUOUS
10
1.0112230314960631
20
0.0938174409448819
11
1.0129185826771654
21
0.0952655511811024
0
LINE
8
BLACK
6
CONTINUOUS
10
1.0129185826771654
20
0.0952655511811024
11
1.0151415354330708
21
0.0950906299212598
0
LINE
8
BLACK
6
CONTINUOUS
10
1.0151415354330708
20
0.0950906299212598
11
1.0164147244094488
21
0.0938174409448819
0
LINE
8
BLACK
6
CONTINUOUS
10
1.0164147244094488
20
0.0938174409448819
11
1.016740590551181
21
0.0931779133858268
0
LINE
8
BLACK
6
CONTINUOUS
10
1.016740590551181
20
0.0931779133858268
11
1.0203826377952756
21
0.0895358661417323
0
LINE
8
BLACK
6
CONTINUOUS
10
1.0203826377952756
20
0.0895358661417323
11
1.0249718503937009
21
0.0871975590551181
0
LINE
8
BLACK
6
CONTINUOUS
10
1.0249718503937009
20
0.0871975590551181
11
1.028779409448819
21
0.0865944881889764
0
LINE
8
BLACK
6
CONTINUOUS
10
1.028779409448819
20
0.0865944881889764
11
1.0480709448818897
21
0.0865945275590551
0
LINE
8
BLACK
6
CONTINUOUS
10
1.0480709448818897
20
0.0865945275590551
11
1.0518785433070865
21
0.0871975590551181
0
LINE
8
BLACK
6
CONTINUOUS
10
1.0518785433070865
20
0.0871975590551181
11
1.0564677559055118
21
0.0895358661417323
0
LINE
8
BLACK
6
CONTINUOUS
10
1.0564677559055118
20
0.0895358661417323
11
1.0601098031496063
21
0.0931779133858268
0
LINE
8
BLACK
6
CONTINUOUS
10
1.0601098031496063
20
0.0931779133858268
11
1.0624481102362204
21
0.097767125984252
0
LINE
8
BLACK
6
CONTINUOUS
10
1.0624481102362204
20
0.097767125984252
11
1.0630511811023622
21
0.1015746850393701
0
LINE
8
BLACK
6
CONTINUOUS
10
1.0630511811023622
20
0.1015746850393701
11
1.0630511417322834
21
0.1583109842519685
0
LINE
8
BLACK
6
CONTINUOUS
10
1.0630511417322834
20
0.1583109842519685
11
1.0639044488188976
21
0.1603710236220472
0
LINE
8
BLACK
6
CONTINUOUS
10
1.0639044488188976
20
0.1603710236220472
11
1.065964527559055
21
0.1612243307086614
0
LINE
8
BLACK
6
CONTINUOUS
10
1.065964527559055
20
0.1612243307086614
11
1.0668809842519684
21
0.1610764173228346
0
LINE
8
BLACK
6
CONTINUOUS
10
1.0668809842519684
20
0.1610764173228346
11
1.068574842519685
21
0.1605151181102362
0
LINE
8
BLACK
6
CONTINUOUS
10
1.068574842519685
20
0.1605151181102362
11
1.0685751181102361
21
0.1605150393700787
0
LINE
8
BLACK
6
CONTINUOUS
10
1.0685751181102361
20
0.1605150393700787
11
1.0724602755905512
21
0.1601181496062992
0
LINE
8
BLACK
6
CONTINUOUS
10
1.0724602755905512
20
0.1601181496062992
11
1.0724603543307087
21
0.1601181102362205
0
LINE
8
BLACK
6
CONTINUOUS
10
1.0724603543307087
20
0.1601181102362205
11
1.0933858267716534
21
0.1601181102362205
0
LINE
8
BLACK
6
CONTINUOUS
10
1.0933858267716534
20
0.1601181102362205
11
1.0933858267716534
21
0.1801181102362205
0
LINE
8
BLACK
6
CONTINUOUS
10
1.0933858267716534
20
0.1801181102362205
11
1.0743503937007874
21
0.1801181102362205
0
LINE
8
BLACK
6
CONTINUOUS
10
1.0743503937007874
20
0.1801181102362205
11
1.0711488188976377
21
0.1807549606299212
0
LINE
8
BLACK
6
CONTINUOUS
10
1.0711488188976377
20
0.1807549606299212
11
1.0684346456692912
21
0.1825685039370079
0
LINE
8
BLACK
6
CONTINUOUS
10
1.0684346456692912
20
0.1825685039370079
11
1.0666211023622048
21
0.1852826771653543
0
LINE
8
BLACK
6
CONTINUOUS
10
1.0666211023622048
20
0.1852826771653543
11
1.0659842519685039
21
0.1884842519685039
0
LINE
8
BLACK
6
CONTINUOUS
10
1.0659842519685039
20
0.1884842519685039
11
1.0659842519685039
21
0.1889763779527559
0
LINE
8
BLACK
6
CONTINUOUS
10
1.0659842519685039
20
0.1889763779527559
11
1.0384251968503937
21
0.1889763779527559
0
LINE
8
BLACK
6
CONTINUOUS
10
1.0384251968503937
20
0.1889763779527559
11
1.0368890551181102
21
0.1891276771653543
0
LINE
8
BLACK
6
CONTINUOUS
10
1.0368890551181102
20
0.1891276771653543
11
1.0340506299212597
21
0.1903033858267716
0
LINE
8
BLACK
6
CONTINUOUS
10
1.0340506299212597
20
0.1903033858267716
11
1.0328574409448819
21
0.1912826377952756
0
LINE
8
BLACK
6
CONTINUOUS
10
1.0328574409448819
20
0.1912826377952756
11
1.0233526771653543
21
0.2007874015748032
0
LINE
8
BLACK
6
CONTINUOUS
10
1.0233526771653543
20
0.2007874015748032
11
0.8566473228346456
21
0.2007874015748032
0
LINE
8
BLACK
6
CONTINUOUS
10
0.67
20
0.1411220472440945
11
0.67
21
0.1217716929133858
0
LINE
8
BLACK
6
CONTINUOUS
10
0.67
20
0.1217716929133858
11
0.6719946850393701
21
0.1217716929133858
0
LINE
8
BLACK
6
CONTINUOUS
10
0.6719946850393701
20
0.1217716929133858
11
0.6719948818897638
21
0.1217717322834646
0
LINE
8
BLACK
6
CONTINUOUS
10
0.6719948818897638
20
0.1217717322834646
11
0.6759138582677165
21
0.1221720472440945
0
LINE
8
BLACK
6
CONTINUOUS
10
0.6759138582677165
20
0.1221720472440945
11
0.6759140551181102
21
0.1221720866141732
0
LINE
8
BLACK
6
CONTINUOUS
10
0.6759140551181102
20
0.1221720866141732
11
0.682262874015748
21
0.1242758661417323
0
LINE
8
BLACK
6
CONTINUOUS
10
0.682262874015748
20
0.1242758661417323
11
0.6879556299212598
21
0.1277872047244094
0
LINE
8
BLACK
6
CONTINUOUS
10
0.6879556299212598
20
0.1277872047244094
11
0.6926852362204724
21
0.132516811023622
0
LINE
8
BLACK
6
CONTINUOUS
10
0.6926852362204724
20
0.132516811023622
11
0.6961965748031496
21
0.1382095669291339
0
LINE
8
BLACK
6
CONTINUOUS
10
0.6961965748031496
20
0.1382095669291339
11
0.6971616535433071
21
0.1411220472440945
0
LINE
8
BLACK
6
CONTINUOUS
10
0.6971616535433071
20
0.1411220472440945
11
0.67
21
0.1411220472440945
0
LINE
8
BLACK
6
CONTINUOUS
10
0.0748503937007874
20
0.1683070866141732
11
0.1081574803149606
21
0.1683070866141732
0
LINE
8
BLACK
6
CONTINUOUS
10
0.1081574803149606
20
0.1683070866141732
11
0.1119240551181102
21
0.167557874015748
0
LINE
8
BLACK
6
CONTINUOUS
10
0.1119240551181102
20
0.167557874015748
11
0.1151172047244094
21
0.1654242913385827
0
LINE
8
BLACK
6
CONTINUOUS
10
0.1151172047244094
20
0.1654242913385827
11
0.1172507874015748
21
0.1622311417322835
0
LINE
8
BLACK
6
CONTINUOUS
10
0.1172507874015748
20
0.1622311417322835
11
0.1179686614173228
21
0.1586220472440945
0
LINE
8
BLACK
6
CONTINUOUS
10
0.1179686614173228
20
0.1586220472440945
11
0.138
21
0.1586220472440945
0
LINE
8
BLACK
6
CONTINUOUS
10
0.138
20
0.1586220472440945
11
0.138
21
0.160452874015748
0
LINE
8
BLACK
6
CONTINUOUS
10
0.138
20
0.160452874015748
11
0.1379999606299213
21
0.1604529527559055
0
LINE
8
BLACK
6
CONTINUOUS
10
0.1379999606299213
20
0.1604529527559055
11
0.1375824015748031
21
0.1645403937007874
0
LINE
8
BLACK
6
CONTINUOUS
10
0.1375824015748031
20
0.1645403937007874
11
0.1353880708661417
21
0.1711624015748031
0
LINE
8
BLACK
6
CONTINUOUS
10
0.1353880708661417
20
0.1711624015748031
11
0.1317257480314961
21
0.1770999606299213
0
LINE
8
BLACK
6
CONTINUOUS
10
0.1317257480314961
20
0.1770999606299213
11
0.1317256692913386
21
0.1771000787401575
0
LINE
8
BLACK
6
CONTINUOUS
10
0.1317256692913386
20
0.1771000787401575
11
0.1267929921259842
21
0.1820327559055118
0
LINE
8
BLACK
6
CONTINUOUS
10
0.1267929921259842
20
0.1820327559055118
11
0.1267928346456693
21
0.182032874015748
0
LINE
8
BLACK
6
CONTINUOUS
10
0.1267928346456693
20
0.182032874015748
11
0.1208552755905512
21
0.1856951968503937
0
LINE
8
BLACK
6
CONTINUOUS
10
0.1208552755905512
20
0.1856951968503937
11
0.1142332677165354
21
0.1878895275590551
0
LINE
8
BLACK
6
CONTINUOUS
10
0.1142332677165354
20
0.1878895275590551
11
0.1101458267716535
21
0.1883070866141732
0
LINE
8
BLACK
6
CONTINUOUS
10
0.1101458267716535
20
0.1883070866141732
11
0.0748503937007874
21
0.1883070866141732
0
LINE
8
BLACK
6
CONTINUOUS
10
0.0748503937007874
20
0.1883070866141732
11
0.0748503937007874
21
0.1683070866141732
0
LINE
8
BLACK
6
CONTINUOUS
10
0.4995658267716535
20
0.2185775984251968
11
0.5011965748031496
21
0.2212213779527559
0
LINE
8
BLACK
6
CONTINUOUS
10
0.5011965748031496
20
0.2212213779527559
11
0.5033003937007874
21
0.2275703149606299
0
LINE
8
BLACK
6
CONTINUOUS
10
0.5033003937007874
20
0.2275703149606299
11
0.503700748031496
21
0.2314894094488189
0
LINE
8
BLACK
6
CONTINUOUS
10
0.503700748031496
20
0.2314894094488189
11
0.5037007874015748
21
0.2314894881889764
0
LINE
8
BLACK
6
CONTINUOUS
10
0.5037007874015748
20
0.2314894881889764
11
0.5037007874015748
21
0.232007874015748
0
LINE
8
BLACK
6
CONTINUOUS
10
0.5037007874015748
20
0.232007874015748
11
0.4861355118110236
21
0.232007874015748
0
LINE
8
BLACK
6
CONTINUOUS
10
0.4861355118110236
20
0.232007874015748
11
0.4995658267716535
21
0.2185775984251968
0
LINE
8
BLACK
6
CONTINUOUS
10
0.2969094488188976
20
0.2616634645669291
11
0.2972147637795275
21
0.2601285039370079
0
LINE
8
BLACK
6
CONTINUOUS
10
0.2972147637795275
20
0.2601285039370079
11
0.2973674409448819
21
0.2593609448818898
0
LINE
8
BLACK
6
CONTINUOUS
10
0.2973674409448819
20
0.2593609448818898
11
0.298527874015748
21
0.2576242913385827
0
LINE
8
BLACK
6
CONTINUOUS
10
0.298527874015748
20
0.2576242913385827
11
0.299112125984252
21
0.2567499212598425
0
LINE
8
BLACK
6
CONTINUOUS
10
0.299112125984252
20
0.2567499212598425
11
0.3006702755905512
21
0.255708779527559
0
LINE
8
BLACK
6
CONTINUOUS
10
0.3006702755905512
20
0.255708779527559
11
0.3017231102362204
21
0.2550052755905512
0
LINE
8
BLACK
6
CONTINUOUS
10
0.3017231102362204
20
0.2550052755905512
11
0.3017231496062992
21
0.2550052755905512
0
LINE
8
BLACK
6
CONTINUOUS
10
0.3017231496062992
20
0.2550052755905512
11
0.301723188976378
21
0.2550052362204724
0
LINE
8
BLACK
6
CONTINUOUS
10
0.301723188976378
20
0.2550052362204724
11
0.3040256692913386
21
0.2545472440944882
0
LINE
8
BLACK
6
CONTINUOUS
10
0.3040256692913386
20
0.2545472440944882
11
0.3040257480314961
21
0.2545472440944882
0
LINE
8
BLACK
6
CONTINUOUS
10
0.3040257480314961
20
0.2545472440944882
11
0.3311711023622047
21
0.2545472440944882
0
LINE
8
BLACK
6
CONTINUOUS
10
0.3311711023622047
20
0.2545472440944882
11
0.3311711811023622
21
0.2545472440944882
0
LINE
8
BLACK
6
CONTINUOUS
10
0.3311711811023622
20
0.2545472440944882
11
0.3334736614173228
21
0.2550052362204724
0
LINE
8
BLACK
6
CONTINUOUS
10
0.3334736614173228
20
0.2550052362204724
11
0.3360847244094488
21
0.2567499212598425
0
LINE
8
BLACK
6
CONTINUOUS
10
0.3360847244094488
20
0.2567499212598425
11
0.3378294094488189
21
0.2593609842519685
0
LINE
8
BLACK
6
CONTINUOUS
10
0.3378294094488189
20
0.2593609842519685
11
0.3382874015748031
21
0.2616634645669291
0
LINE
8
BLACK
6
CONTINUOUS
10
0.3382874015748031
20
0.2616634645669291
11
0.3382874015748031
21
0.3049507086614173
0
LINE
8
BLACK
6
CONTINUOUS
10
0.3382874015748031
20
0.3049507086614173
11
0.3378294094488189
21
0.3072531889763779
0
LINE
8
BLACK
6
CONTINUOUS
10
0.3378294094488189
20
0.3072531889763779
11
0.3360847244094488
21
0.3098642519685039
0
LINE
8
BLACK
6
CONTINUOUS
10
0.3360847244094488
20
0.3098642519685039
11
0.3344383070866142
21
0.3109643700787402
0
LINE
8
BLACK
6
CONTINUOUS
10
0.3344383070866142
20
0.3109643700787402
11
0.3334737007874016
21
0.311608937007874
0
LINE
8
BLACK
6
CONTINUOUS
10
0.3334737007874016
20
0.311608937007874
11
0.3334737401574803
21
0.311608937007874
0
LINE
8
BLACK
6
CONTINUOUS
10
0.3334737401574803
20
0.311608937007874
11
0.3323224015748031
21
0.3118379527559055
0
LINE
8
BLACK
6
CONTINUOUS
10
0.3323224015748031
20
0.3118379527559055
11
0.3311711811023622
21
0.3120669291338583
0
LINE
8
BLACK
6
CONTINUOUS
10
0.3311711811023622
20
0.3120669291338583
11
0.3040256692913386
21
0.3120669291338583
0
LINE
8
BLACK
6
CONTINUOUS
10
0.3040256692913386
20
0.3120669291338583
11
0.3028744094488189
21
0.3118379527559055
0
LINE
8
BLACK
6
CONTINUOUS
10
0.3028744094488189
20
0.3118379527559055
11
0.3017231102362204
21
0.311608937007874
0
LINE
8
BLACK
6
CONTINUOUS
10
0.3017231102362204
20
0.311608937007874
11
0.2991121653543307
21
0.3098642913385827
0
LINE
8
BLACK
6
CONTINUOUS
10
0.2991121653543307
20
0.3098642913385827
11
0.2991120866141732
21
0.3098642125984252
0
LINE
8
BLACK
6
CONTINUOUS
10
0.2991120866141732
20
0.3098642125984252
11
0.2973674409448819
21
0.3072532677165354
0
LINE
8
BLACK
6
CONTINUOUS
10
0.2973674409448819
20
0.3072532677165354
11
0.2972813385826771
21
0.3068203937007874
0
LINE
8
BLACK
6
CONTINUOUS
10
0.2972813385826771
20
0.3068203937007874
11
0.2969094488188976
21
0.3049507086614173
0
LINE
8
BLACK
6
CONTINUOUS
10
0.2969094488188976
20
0.3049507086614173
11
0.2969094488188976
21
0.2616634645669291
0
LINE
8
BLACK
6
CONTINUOUS
10
0.4301181102362205
20
0.4888451574803149
11
0.4296186220472441
21
0.486334094488189
0
LINE
8
BLACK
6
CONTINUOUS
10
0.4296186220472441
20
0.486334094488189
11
0.4281962204724409
21
0.4842053543307087
0
LINE
8
BLACK
6
CONTINUOUS
10
0.4281962204724409
20
0.4842053543307087
11
0.4260674803149606
21
0.4827829527559055
0
LINE
8
BLACK
6
CONTINUOUS
10
0.4260674803149606
20
0.4827829527559055
11
0.4242125984251968
21
0.4824140551181103
0
LINE
8
BLACK
6
CONTINUOUS
10
0.4242125984251968
20
0.4824140551181103
11
0.4242125984251968
21
0.444763779527559
0
LINE
8
BLACK
6
CONTINUOUS
10
0.4242125984251968
20
0.444763779527559
11
0.4535236220472441
21
0.444763779527559
0
LINE
8
BLACK
6
CONTINUOUS
10
0.4535236220472441
20
0.444763779527559
11
0.4535236220472441
21
0.4351377952755905
0
LINE
8
BLACK
6
CONTINUOUS
10
0.4535236220472441
20
0.4351377952755905
11
0.4633267716535433
21
0.4351377952755905
0
LINE
8
BLACK
6
CONTINUOUS
10
0.4633267716535433
20
0.4351377952755905
11
0.4648629133858267
21
0.4349864960629921
0
LINE
8
BLACK
6
CONTINUOUS
10
0.4648629133858267
20
0.4349864960629921
11
0.4677013385826772
21
0.4338107874015748
0
LINE
8
BLACK
6
CONTINUOUS
10
0.4677013385826772
20
0.4338107874015748
11
0.4688945275590551
21
0.4328315354330708
0
LINE
8
BLACK
6
CONTINUOUS
10
0.4688945275590551
20
0.4328315354330708
11
0.479481968503937
21
0.4222440944881889
0
LINE
8
BLACK
6
CONTINUOUS
10
0.479481968503937
20
0.4222440944881889
11
0.4890157480314961
21
0.4222440944881889
0
LINE
8
BLACK
6
CONTINUOUS
10
0.4890157480314961
20
0.4222440944881889
11
0.4890157480314961
21
0.4234744094488189
0
LINE
8
BLACK
6
CONTINUOUS
10
0.4890157480314961
20
0.4234744094488189
11
0.4896712992125984
21
0.4267701574803149
0
LINE
8
BLACK
6
CONTINUOUS
10
0.4896712992125984
20
0.4267701574803149
11
0.491538188976378
21
0.4295641732283464
0
LINE
8
BLACK
6
CONTINUOUS
10
0.491538188976378
20
0.4295641732283464
11
0.4943322047244094
21
0.431431062992126
0
LINE
8
BLACK
6
CONTINUOUS
10
0.4943322047244094
20
0.431431062992126
11
0.4976279527559055
21
0.4320866141732284
0
LINE
8
BLACK
6
CONTINUOUS
10
0.4976279527559055
20
0.4320866141732284
11
0.4977165354330709
21
0.4320866141732284
0
LINE
8
BLACK
6
CONTINUOUS
10
0.4977165354330709
20
0.4320866141732284
11
0.4977165354330709
21
0.4520866141732283
0
LINE
8
BLACK
6
CONTINUOUS
10
0.4977165354330709
20
0.4520866141732283
11
0.4977164960629921
21
0.4520866535433071
0
LINE
8
BLACK
6
CONTINUOUS
10
0.4977164960629921
20
0.4520866535433071
11
0.4957218897637795
21
0.4520866141732283
0
LINE
8
BLACK
6
CONTINUOUS
10
0.4957218897637795
20
0.4520866141732283
11
0.4957215748031496
21
0.4520865748031496
0
LINE
8
BLACK
6
CONTINUOUS
10
0.4957215748031496
20
0.4520865748031496
11
0.4918026377952756
21
0.4516862598425197
0
LINE
8
BLACK
6
CONTINUOUS
10
0.4918026377952756
20
0.4516862598425197
11
0.4918024409448819
21
0.4516862204724409
0
LINE
8
BLACK
6
CONTINUOUS
10
0.4918024409448819
20
0.4516862204724409
11
0.4854536220472441
21
0.4495824409448819
0
LINE
8
BLACK
6
CONTINUOUS
10
0.4854536220472441
20
0.4495824409448819
11
0.4797608267716535
21
0.4460711023622047
0
LINE
8
BLACK
6
CONTINUOUS
10
0.4797608267716535
20
0.4460711023622047
11
0.4784912992125984
21
0.4448015354330709
0
LINE
8
BLACK
6
CONTINUOUS
10
0.4784912992125984
20
0.4448015354330709
11
0.4764312204724409
21
0.4439482677165354
0
LINE
8
BLACK
6
CONTINUOUS
10
0.4764312204724409
20
0.4439482677165354
11
0.4743711417322835
21
0.4448016141732283
0
LINE
8
BLACK
6
CONTINUOUS
10
0.4743711417322835
20
0.4448016141732283
11
0.4735683858267716
21
0.4466031102362205
0
LINE
8
BLACK
6
CONTINUOUS
10
0.4735683858267716
20
0.4466031102362205
11
0.473531968503937
21
0.4465991732283465
0
LINE
8
BLACK
6
CONTINUOUS
10
0.473531968503937
20
0.4465991732283465
11
0.4732674803149606
21
0.4490588188976378
0
LINE
8
BLACK
6
CONTINUOUS
10
0.4732674803149606
20
0.4490588188976378
11
0.4732674409448819
21
0.4490590157480315
0
LINE
8
BLACK
6
CONTINUOUS
10
0.4732674409448819
20
0.4490590157480315
11
0.4712577559055118
21
0.4544472834645669
0
LINE
8
BLACK
6
CONTINUOUS
10
0.4712577559055118
20
0.4544472834645669
11
0.4712577165354331
21
0.4544473228346457
0
LINE
8
BLACK
6
CONTINUOUS
10
0.4712577165354331
20
0.4544473228346457
11
0.4678111417322834
21
0.4590513385826772
0
LINE
8
BLACK
6
CONTINUOUS
10
0.4678111417322834
20
0.4590513385826772
11
0.463207125984252
21
0.4624979133858267
0
LINE
8
BLACK
6
CONTINUOUS
10
0.463207125984252
20
0.4624979133858267
11
0.4632070866141732
21
0.4624979527559055
0
LINE
8
BLACK
6
CONTINUOUS
10
0.4632070866141732
20
0.4624979527559055
11
0.4578188188976378
21
0.4645076377952756
0
LINE
8
BLACK
6
CONTINUOUS
10
0.4578188188976378
20
0.4645076377952756
11
0.4578186220472441
21
0.4645076771653543
0
LINE
8
BLACK
6
CONTINUOUS
10
0.4578186220472441
20
0.4645076771653543
11
0.4554366535433071
21
0.464763779527559
0
LINE
8
BLACK
6
CONTINUOUS
10
0.4554366535433071
20
0.464763779527559
11
0.4440724803149606
21
0.464763779527559
0
LINE
8
BLACK
6
CONTINUOUS
10
0.4440724803149606
20
0.464763779527559
11
0.4420124015748031
21
0.4656170866141732
0
LINE
8
BLACK
6
CONTINUOUS
10
0.4420124015748031
20
0.4656170866141732
11
0.441159094488189
21
0.4676771653543307
0
LINE
8
BLACK
6
CONTINUOUS
10
0.441159094488189
20
0.4676771653543307
11
0.4420124015748031
21
0.4697372440944882
0
LINE
8
BLACK
6
CONTINUOUS
10
0.4420124015748031
20
0.4697372440944882
11
0.4446188582677165
21
0.4723437401574803
0
LINE
8
BLACK
6
CONTINUOUS
10
0.4446188582677165
20
0.4723437401574803
11
0.4479559842519685
21
0.4778640551181102
0
LINE
8
BLACK
6
CONTINUOUS
10
0.4479559842519685
20
0.4778640551181102
11
0.449874842519685
21
0.484021968503937
0
LINE
8
BLACK
6
CONTINUOUS
10
0.449874842519685
20
0.484021968503937
11
0.4498749212598425
21
0.4840223622047244
0
LINE
8
BLACK
6
CONTINUOUS
10
0.4498749212598425
20
0.4840223622047244
11
0.4501180708661417
21
0.4866980708661417
0
LINE
8
BLACK
6
CONTINUOUS
10
0.4501180708661417
20
0.4866980708661417
11
0.4501181102362204
21
0.4866984251968504
0
LINE
8
BLACK
6
CONTINUOUS
10
0.4501181102362204
20
0.4866984251968504
11
0.4501181102362204
21
0.5018110236220472
0
LINE
8
BLACK
6
CONTINUOUS
10
0.4501181102362204
20
0.5018110236220472
11
0.4301181102362205
21
0.5018110236220472
0
LINE
8
BLACK
6
CONTINUOUS
10
0.4301181102362205
20
0.5018110236220472
11
0.4301181102362205
21
0.4888451574803149
0
LINE
8
BLACK
6
CONTINUOUS
10
0.5177165354330708
20
0.4320866141732284
11
0.5178051181102362
21
0.4320866141732284
0
LINE
8
BLACK
6
CONTINUOUS
10
0.5178051181102362
20
0.4320866141732284
11
0.5211008661417322
21
0.431431062992126
0
LINE
8
BLACK
6
CONTINUOUS
10
0.5211008661417322
20
0.431431062992126
11
0.5238948818897637
21
0.4295641732283464
0
LINE
8
BLACK
6
CONTINUOUS
10
0.5238948818897637
20
0.4295641732283464
11
0.5257617716535433
21
0.4267701574803149
0
LINE
8
BLACK
6
CONTINUOUS
10
0.5257617716535433
20
0.4267701574803149
11
0.5261412598425197
21
0.4248622047244094
0
LINE
8
BLACK
6
CONTINUOUS
10
0.5261412598425197
20
0.4248622047244094
11
0.546417283464567
21
0.4248622047244094
0
LINE
8
BLACK
6
CONTINUOUS
10
0.546417283464567
20
0.4248622047244094
11
0.546417283464567
21
0.4253805118110236
0
LINE
8
BLACK
6
CONTINUOUS
10
0.546417283464567
20
0.4253805118110236
11
0.5464172440944882
21
0.4253807480314961
0
LINE
8
BLACK
6
CONTINUOUS
10
0.5464172440944882
20
0.4253807480314961
11
0.5460169291338582
21
0.4292997244094488
0
LINE
8
BLACK
6
CONTINUOUS
10
0.5460169291338582
20
0.4292997244094488
11
0.5460168897637795
21
0.4292999212598425
0
LINE
8
BLACK
6
CONTINUOUS
10
0.5460168897637795
20
0.4292999212598425
11
0.5439131102362205
21
0.4356487401574803
0
LINE
8
BLACK
6
CONTINUOUS
10
0.5439131102362205
20
0.4356487401574803
11
0.5404017716535433
21
0.4413414960629921
0
LINE
8
BLACK
6
CONTINUOUS
10
0.5404017716535433
20
0.4413414960629921
11
0.5356721653543307
21
0.4460711023622047
0
LINE
8
BLACK
6
CONTINUOUS
10
0.5356721653543307
20
0.4460711023622047
11
0.5299794094488189
21
0.4495824409448819
0
LINE
8
BLACK
6
CONTINUOUS
10
0.5299794094488189
20
0.4495824409448819
11
0.5236304724409448
21
0.4516862598425197
0
LINE
8
BLACK
6
CONTINUOUS
10
0.5236304724409448
20
0.4516862598425197
11
0.5197113779527559
21
0.4520866141732283
0
LINE
8
BLACK
6
CONTINUOUS
10
0.5197113779527559
20
0.4520866141732283
11
0.5177165354330708
21
0.4520866141732283
0
LINE
8
BLACK
6
CONTINUOUS
10
0.5177165354330708
20
0.4520866141732283
11
0.5177165354330708
21
0.4320866141732284
0
LINE
8
BLACK
6
CONTINUOUS
10
0.0748503937007874
20
0.4616141732283465
11
0.1081574803149606
21
0.4616141732283465
0
LINE
8
BLACK
6
CONTINUOUS
10
0.1081574803149606
20
0.4616141732283465
11
0.1119240551181102
21
0.4608649606299213
0
LINE
8
BLACK
6
CONTINUOUS
10
0.1119240551181102
20
0.4608649606299213
11
0.1151172047244094
21
0.4587313779527559
0
LINE
8
BLACK
6
CONTINUOUS
10
0.1151172047244094
20
0.4587313779527559
11
0.1172507874015748
21
0.4555382283464567
0
LINE
8
BLACK
6
CONTINUOUS
10
0.1172507874015748
20
0.4555382283464567
11
0.1179686614173228
21
0.4519291338582677
0
LINE
8
BLACK
6
CONTINUOUS
10
0.1179686614173228
20
0.4519291338582677
11
0.138
21
0.4519291338582677
0
LINE
8
BLACK
6
CONTINUOUS
10
0.138
20
0.4519291338582677
11
0.138
21
0.4537599606299212
0
LINE
8
BLACK
6
CONTINUOUS
10
0.138
20
0.4537599606299212
11
0.1379999606299213
21
0.4537600393700787
0
LINE
8
BLACK
6
CONTINUOUS
10
0.1379999606299213
20
0.4537600393700787
11
0.1375824015748031
21
0.4578474803149606
0
LINE
8
BLACK
6
CONTINUOUS
10
0.1375824015748031
20
0.4578474803149606
11
0.1353880708661417
21
0.4644694881889764
0
LINE
8
BLACK
6
CONTINUOUS
10
0.1353880708661417
20
0.4644694881889764
11
0.1317257480314961
21
0.4704070472440945
0
LINE
8
BLACK
6
CONTINUOUS
10
0.1317257480314961
20
0.4704070472440945
11
0.1317256692913386
21
0.4704071653543307
0
LINE
8
BLACK
6
CONTINUOUS
10
0.1317256692913386
20
0.4704071653543307
11
0.1267929921259842
21
0.475339842519685
0
LINE
8
BLACK
6
CONTINUOUS
10
0.1267929921259842
20
0.475339842519685
11
0.1267928346456693
21
0.4753399606299212
0
LINE
8
BLACK
6
CONTINUOUS
10
0.1267928346456693
20
0.4753399606299212
11
0.1208552755905512
21
0.4790022834645669
0
LINE
8
BLACK
6
CONTINUOUS
10
0.1208552755905512
20
0.4790022834645669
11
0.1142332677165354
21
0.4811966141732283
0
LINE
8
BLACK
6
CONTINUOUS
10
0.1142332677165354
20
0.4811966141732283
11
0.1101458267716535
21
0.4816141732283464
0
LINE
8
BLACK
6
CONTINUOUS
10
0.1101458267716535
20
0.4816141732283464
11
0.0748503937007874
21
0.4816141732283464
0
LINE
8
BLACK
6
CONTINUOUS
10
0.0748503937007874
20
0.4816141732283464
11
0.0748503937007874
21
0.4616141732283465
0
LINE
8
BLACK
6
CONTINUOUS
10
0.1101457874015748
20
0.1089370078740158
11
0.1101458267716535
21
0.1089370472440945
0
LINE
8
BLACK
6
CONTINUOUS
10
0.1101458267716535
20
0.1089370472440945
11
0.1142332677165354
21
0.1093546062992126
0
LINE
8
BLACK
6
CONTINUOUS
10
0.1142332677165354
20
0.1093546062992126
11
0.1208552755905512
21
0.111548937007874
0
LINE
8
BLACK
6
CONTINUOUS
10
0.1208552755905512
20
0.111548937007874
11
0.1267928346456693
21
0.1152112598425197
0
LINE
8
BLACK
6
CONTINUOUS
10
0.1267928346456693
20
0.1152112598425197
11
0.1267929921259842
21
0.1152113385826772
0
LINE
8
BLACK
6
CONTINUOUS
10
0.1267929921259842
20
0.1152113385826772
11
0.1317256692913386
21
0.1201440157480315
0
LINE
8
BLACK
6
CONTINUOUS
10
0.1317256692913386
20
0.1201440157480315
11
0.1317257480314961
21
0.1201441732283465
0
LINE
8
BLACK
6
CONTINUOUS
10
0.1317257480314961
20
0.1201441732283465
11
0.1353880708661417
21
0.1260817322834646
0
LINE
8
BLACK
6
CONTINUOUS
10
0.1353880708661417
20
0.1260817322834646
11
0.1375824015748031
21
0.1327037401574803
0
LINE
8
BLACK
6
CONTINUOUS
10
0.1375824015748031
20
0.1327037401574803
11
0.1379999606299213
21
0.1367911811023622
0
LINE
8
BLACK
6
CONTINUOUS
10
0.1379999606299213
20
0.1367911811023622
11
0.138
21
0.1367912598425197
0
LINE
8
BLACK
6
CONTINUOUS
10
0.138
20
0.1367912598425197
11
0.138
21
0.1386220472440945
0
LINE
8
BLACK
6
CONTINUOUS
10
0.138
20
0.1386220472440945
11
0.1179686614173228
21
0.1386220472440945
0
LINE
8
BLACK
6
CONTINUOUS
10
0.1179686614173228
20
0.1386220472440945
11
0.1172507874015748
21
0.1350129527559055
0
LINE
8
BLACK
6
CONTINUOUS
10
0.1172507874015748
20
0.1350129527559055
11
0.1151172047244094
21
0.1318198031496063
0
LINE
8
BLACK
6
CONTINUOUS
10
0.1151172047244094
20
0.1318198031496063
11
0.1119240551181102
21
0.1296862204724409
0
LINE
8
BLACK
6
CONTINUOUS
10
0.1119240551181102
20
0.1296862204724409
11
0.1081574803149606
21
0.1289370078740157
0
LINE
8
BLACK
6
CONTINUOUS
10
0.1081574803149606
20
0.1289370078740157
11
0.0748503937007874
21
0.1289370078740157
0
LINE
8
BLACK
6
CONTINUOUS
10
0.0748503937007874
20
0.1289370078740157
11
0.0748503937007874
21
0.1089370078740158
0
LINE
8
BLACK
6
CONTINUOUS
10
0.0748503937007874
20
0.1089370078740158
11
0.1101457874015748
21
0.1089370078740158
0
LINE
8
BLACK
6
CONTINUOUS
10
0.6216995669291339
20
0.1445585826771653
11
0.6216996062992126
21
0.1445583858267717
0
LINE
8
BLACK
6
CONTINUOUS
10
0.6216996062992126
20
0.1445583858267717
11
0.6238033858267716
21
0.1382095669291339
0
LINE
8
BLACK
6
CONTINUOUS
10
0.6238033858267716
20
0.1382095669291339
11
0.6273147244094488
21
0.132516811023622
0
LINE
8
BLACK
6
CONTINUOUS
10
0.6273147244094488
20
0.132516811023622
11
0.6320443307086614
21
0.1277872047244094
0
LINE
8
BLACK
6
CONTINUOUS
10
0.6320443307086614
20
0.1277872047244094
11
0.6377370866141732
21
0.1242758661417323
0
LINE
8
BLACK
6
CONTINUOUS
10
0.6377370866141732
20
0.1242758661417323
11
0.6440860236220473
21
0.1221720472440945
0
LINE
8
BLACK
6
CONTINUOUS
10
0.6440860236220473
20
0.1221720472440945
11
0.648005157480315
21
0.1217716929133858
0
LINE
8
BLACK
6
CONTINUOUS
10
0.648005157480315
20
0.1217716929133858
11
0.6499999606299213
21
0.1217717322834646
0
LINE
8
BLACK
6
CONTINUOUS
10
0.6499999606299213
20
0.1217717322834646
11
0.65
21
0.1217717322834646
0
LINE
8
BLACK
6
CONTINUOUS
10
0.65
20
0.1217717322834646
11
0.65
21
0.1417716535433071
0
LINE
8
BLACK
6
CONTINUOUS
10
0.65
20
0.1417716535433071
11
0.6499114173228346
21
0.1417716535433071
0
LINE
8
BLACK
6
CONTINUOUS
10
0.6499114173228346
20
0.1417716535433071
11
0.6466156692913385
21
0.1424272047244095
0
LINE
8
BLACK
6
CONTINUOUS
10
0.6466156692913385
20
0.1424272047244095
11
0.6438216535433071
21
0.144294094488189
0
LINE
8
BLACK
6
CONTINUOUS
10
0.6438216535433071
20
0.144294094488189
11
0.6419547637795275
21
0.1470881102362205
0
LINE
8
BLACK
6
CONTINUOUS
10
0.6419547637795275
20
0.1470881102362205
11
0.6415752755905512
21
0.148996062992126
0
LINE
8
BLACK
6
CONTINUOUS
10
0.6415752755905512
20
0.148996062992126
11
0.6212992519685039
21
0.148996062992126
0
LINE
8
BLACK
6
CONTINUOUS
10
0.6212992519685039
20
0.148996062992126
11
0.6212992519685039
21
0.1484775590551181
0
LINE
8
BLACK
6
CONTINUOUS
10
0.6212992519685039
20
0.1484775590551181
11
0.6216995669291339
21
0.1445585826771653
0
LINE
8
BLACK
6
CONTINUOUS
10
0.7196094881889764
20
0.1827090157480315
11
0.7216952755905511
21
0.1764146456692913
0
LINE
8
BLACK
6
CONTINUOUS
10
0.7216952755905511
20
0.1764146456692913
11
0.7251764173228347
21
0.1707708267716535
0
LINE
8
BLACK
6
CONTINUOUS
10
0.7251764173228347
20
0.1707708267716535
11
0.7251765354330708
21
0.1707706692913386
0
LINE
8
BLACK
6
CONTINUOUS
10
0.7251765354330708
20
0.1707706692913386
11
0.729865157480315
21
0.1660820472440945
0
LINE
8
BLACK
6
CONTINUOUS
10
0.729865157480315
20
0.1660820472440945
11
0.7298652755905511
21
0.166081968503937
0
LINE
8
BLACK
6
CONTINUOUS
10
0.7298652755905511
20
0.166081968503937
11
0.7355090944881889
21
0.1626008267716536
0
LINE
8
BLACK
6
CONTINUOUS
10
0.7355090944881889
20
0.1626008267716536
11
0.7418034645669291
21
0.1605150393700787
0
LINE
8
BLACK
6
CONTINUOUS
10
0.7418034645669291
20
0.1605150393700787
11
0.7456886220472441
21
0.1601181496062992
0
LINE
8
BLACK
6
CONTINUOUS
10
0.7456886220472441
20
0.1601181496062992
11
0.7456887007874016
21
0.1601181102362205
0
LINE
8
BLACK
6
CONTINUOUS
10
0.7456887007874016
20
0.1601181102362205
11
0.7666141732283465
21
0.1601181102362205
0
LINE
8
BLACK
6
CONTINUOUS
10
0.7666141732283465
20
0.1601181102362205
11
0.7666141732283465
21
0.1801181102362205
0
LINE
8
BLACK
6
CONTINUOUS
10
0.7666141732283465
20
0.1801181102362205
11
0.7475787401574803
21
0.1801181102362205
0
LINE
8
BLACK
6
CONTINUOUS
10
0.7475787401574803
20
0.1801181102362205
11
0.7443771653543307
21
0.1807549606299212
0
LINE
8
BLACK
6
CONTINUOUS
10
0.7443771653543307
20
0.1807549606299212
11
0.7416629921259842
21
0.1825685039370079
0
LINE
8
BLACK
6
CONTINUOUS
10
0.7416629921259842
20
0.1825685039370079
11
0.7398494488188976
21
0.1852826771653543
0
LINE
8
BLACK
6
CONTINUOUS
10
0.7398494488188976
20
0.1852826771653543
11
0.7395375984251968
21
0.1868503937007874
0
LINE
8
BLACK
6
CONTINUOUS
10
0.7395375984251968
20
0.1868503937007874
11
0.7192125984251968
21
0.1868503937007874
0
LINE
8
BLACK
6
CONTINUOUS
10
0.7192125984251968
20
0.1868503937007874
11
0.7192125984251968
21
0.1865941732283465
0
LINE
8
BLACK
6
CONTINUOUS
10
0.7192125984251968
20
0.1865941732283465
11
0.7196094881889764
21
0.1827090157480315
0
LINE
8
BLACK
6
CONTINUOUS
10
0.1101457874015748
20
0.402244094488189
11
0.1101458267716535
21
0.4022441338582677
0
LINE
8
BLACK
6
CONTINUOUS
10
0.1101458267716535
20
0.4022441338582677
11
0.1142332677165354
21
0.4026616929133858
0
LINE
8
BLACK
6
CONTINUOUS
10
0.1142332677165354
20
0.4026616929133858
11
0.1208552755905512
21
0.4048560236220473
0
LINE
8
BLACK
6
CONTINUOUS
10
0.1208552755905512
20
0.4048560236220473
11
0.1267928346456693
21
0.4085183464566929
0
LINE
8
BLACK
6
CONTINUOUS
10
0.1267928346456693
20
0.4085183464566929
11
0.1267929921259842
21
0.4085184251968504
0
LINE
8
BLACK
6
CONTINUOUS
10
0.1267929921259842
20
0.4085184251968504
11
0.1317256692913386
21
0.4134511023622047
0
LINE
8
BLACK
6
CONTINUOUS
10
0.1317256692913386
20
0.4134511023622047
11
0.1317257480314961
21
0.4134512598425197
0
LINE
8
BLACK
6
CONTINUOUS
10
0.1317257480314961
20
0.4134512598425197
11
0.1353880708661417
21
0.4193888188976378
0
LINE
8
BLACK
6
CONTINUOUS
10
0.1353880708661417
20
0.4193888188976378
11
0.1375824015748031
21
0.4260108267716535
0
LINE
8
BLACK
6
CONTINUOUS
10
0.1375824015748031
20
0.4260108267716535
11
0.1379999606299213
21
0.4300982677165354
0
LINE
8
BLACK
6
CONTINUOUS
10
0.1379999606299213
20
0.4300982677165354
11
0.138
21
0.4300983464566929
0
LINE
8
BLACK
6
CONTINUOUS
10
0.138
20
0.4300983464566929
11
0.138
21
0.4319291338582677
0
LINE
8
BLACK
6
CONTINUOUS
10
0.138
20
0.4319291338582677
11
0.1179686614173228
21
0.4319291338582677
0
LINE
8
BLACK
6
CONTINUOUS
10
0.1179686614173228
20
0.4319291338582677
11
0.1172507874015748
21
0.4283200393700787
0
LINE
8
BLACK
6
CONTINUOUS
10
0.1172507874015748
20
0.4283200393700787
11
0.1151172047244094
21
0.4251268897637795
0
LINE
8
BLACK
6
CONTINUOUS
10
0.1151172047244094
20
0.4251268897637795
11
0.1119240551181102
21
0.4229933070866141
0
LINE
8
BLACK
6
CONTINUOUS
10
0.1119240551181102
20
0.4229933070866141
11
0.1081574803149606
21
0.4222440944881889
0
LINE
8
BLACK
6
CONTINUOUS
10
0.1081574803149606
20
0.4222440944881889
11
0.0748503937007874
21
0.4222440944881889
0
LINE
8
BLACK
6
CONTINUOUS
10
0.0748503937007874
20
0.4222440944881889
11
0.0748503937007874
21
0.402244094488189
0
LINE
8
BLACK
6
CONTINUOUS
10
0.0748503937007874
20
0.402244094488189
11
0.1101457874015748
21
0.402244094488189
0
LINE
8
BLACK
6
CONTINUOUS
10
0.1148664173228346
20
0.3849772834645669
11
0.1192564566929134
21
0.3827404330708661
0
LINE
8
BLACK
6
CONTINUOUS
10
0.1192564566929134
20
0.3827404330708661
11
0.1227404330708661
21
0.3792564566929134
0
LINE
8
BLACK
6
CONTINUOUS
10
0.1227404330708661
20
0.3792564566929134
11
0.1249772834645669
21
0.3748664173228347
0
LINE
8
BLACK
6
CONTINUOUS
10
0.1249772834645669
20
0.3748664173228347
11
0.125748031496063
21
0.37
0
LINE
8
BLACK
6
CONTINUOUS
10
0.125748031496063
20
0.37
11
0.1249772834645669
21
0.3651335826771653
0
LINE
8
BLACK
6
CONTINUOUS
10
0.1249772834645669
20
0.3651335826771653
11
0.1227404330708661
21
0.3607435433070866
0
LINE
8
BLACK
6
CONTINUOUS
10
0.1227404330708661
20
0.3607435433070866
11
0.1192564566929134
21
0.3572595669291339
0
LINE
8
BLACK
6
CONTINUOUS
10
0.1192564566929134
20
0.3572595669291339
11
0.1148664173228346
21
0.355022716535433
0
LINE
8
BLACK
6
CONTINUOUS
10
0.1148664173228346
20
0.355022716535433
11
0.11
21
0.354251968503937
0
LINE
8
BLACK
6
CONTINUOUS
10
0.11
20
0.354251968503937
11
0.1060181102362205
21
0.3548826377952756
0
LINE
8
BLACK
6
CONTINUOUS
10
0.1060181102362205
20
0.3548826377952756
11
0.0856299212598425
21
0.3344944094488189
0
LINE
8
BLACK
6
CONTINUOUS
10
0.0856299212598425
20
0.3344944094488189
11
0.0856299212598425
21
0.2555055905511811
0
LINE
8
BLACK
6
CONTINUOUS
10
0.0856299212598425
20
0.2555055905511811
11
0.1118048031496063
21
0.2293307086614173
0
LINE
8
BLACK
6
CONTINUOUS
10
0.1118048031496063
20
0.2293307086614173
11
0.1577616141732283
21
0.2293307086614173
0
LINE
8
BLACK
6
CONTINUOUS
10
0.1577616141732283
20
0.2293307086614173
11
0.1578196062992126
21
0.2296221653543307
0
LINE
8
BLACK
6
CONTINUOUS
10
0.1578196062992126
20
0.2296221653543307
11
0.1590997637795276
21
0.231538031496063
0
LINE
8
BLACK
6
CONTINUOUS
10
0.1590997637795276
20
0.231538031496063
11
0.1610156299212598
21
0.232818188976378
0
LINE
8
BLACK
6
CONTINUOUS
10
0.1610156299212598
20
0.232818188976378
11
0.1632755905511811
21
0.2332677165354331
0
LINE
8
BLACK
6
CONTINUOUS
10
0.1632755905511811
20
0.2332677165354331
11
0.2183937007874016
21
0.2332677165354331
0
LINE
8
BLACK
6
CONTINUOUS
10
0.2183937007874016
20
0.2332677165354331
11
0.2206536614173228
21
0.232818188976378
0
LINE
8
BLACK
6
CONTINUOUS
10
0.2206536614173228
20
0.232818188976378
11
0.2225695275590551
21
0.231538031496063
0
LINE
8
BLACK
6
CONTINUOUS
10
0.2225695275590551
20
0.231538031496063
11
0.2238496850393701
21
0.2296221653543307
0
LINE
8
BLACK
6
CONTINUOUS
10
0.2238496850393701
20
0.2296221653543307
11
0.2239076771653543
21
0.2293307086614173
0
LINE
8
BLACK
6
CONTINUOUS
10
0.2239076771653543
20
0.2293307086614173
11
0.2435433070866142
21
0.2293307086614173
0
LINE
8
BLACK
6
CONTINUOUS
10
0.2435433070866142
20
0.2293307086614173
11
0.2450794488188976
21
0.2291794094488189
0
LINE
8
BLACK
6
CONTINUOUS
10
0.2450794488188976
20
0.2291794094488189
11
0.247917874015748
21
0.2280037007874016
0
LINE
8
BLACK
6
CONTINUOUS
10
0.247917874015748
20
0.2280037007874016
11
0.249111062992126
21
0.2270244488188976
0
LINE
8
BLACK
6
CONTINUOUS
10
0.249111062992126
20
0.2270244488188976
11
0.2715686220472441
21
0.2045669291338583
0
LINE
8
BLACK
6
CONTINUOUS
10
0.2715686220472441
20
0.2045669291338583
11
0.3048031496062992
21
0.2045669291338583
0
LINE
8
BLACK
6
CONTINUOUS
10
0.3048031496062992
20
0.2045669291338583
11
0.3048031496062992
21
0.2175590551181102
0
LINE
8
BLACK
6
CONTINUOUS
10
0.3048031496062992
20
0.2175590551181102
11
0.3303937007874015
21
0.2175590551181102
0
LINE
8
BLACK
6
CONTINUOUS
10
0.3303937007874015
20
0.2175590551181102
11
0.3303937007874015
21
0.1758267716535433
0
LINE
8
BLACK
6
CONTINUOUS
10
0.3303937007874015
20
0.1758267716535433
11
0.3254724409448819
21
0.1758267716535433
0
LINE
8
BLACK
6
CONTINUOUS
10
0.3254724409448819
20
0.1758267716535433
11
0.3254724409448819
21
0.1656631102362205
0
LINE
8
BLACK
6
CONTINUOUS
10
0.3254724409448819
20
0.1656631102362205
11
0.3332615354330709
21
0.1578740157480315
0
LINE
8
BLACK
6
CONTINUOUS
10
0.3332615354330709
20
0.1578740157480315
11
0.3790613385826772
21
0.1578740157480315
0
LINE
8
BLACK
6
CONTINUOUS
10
0.3790613385826772
20
0.1578740157480315
11
0.3845275590551181
21
0.1633402755905512
0
LINE
8
BLACK
6
CONTINUOUS
10
0.3845275590551181
20
0.1633402755905512
11
0.3845275590551181
21
0.1675984251968504
0
LINE
8
BLACK
6
CONTINUOUS
10
0.3845275590551181
20
0.1675984251968504
11
0.3845275590551181
21
0.1758267716535433
0
LINE
8
BLACK
6
CONTINUOUS
10
0.3845275590551181
20
0.1758267716535433
11
0.3796062992125984
21
0.1758267716535433
0
LINE
8
BLACK
6
CONTINUOUS
10
0.3796062992125984
20
0.1758267716535433
11
0.3796062992125984
21
0.2175590551181102
0
LINE
8
BLACK
6
CONTINUOUS
10
0.3796062992125984
20
0.2175590551181102
11
0.4051968503937008
21
0.2175590551181102
0
LINE
8
BLACK
6
CONTINUOUS
10
0.4051968503937008
20
0.2175590551181102
11
0.4051968503937008
21
0.1758267716535433
0
LINE
8
BLACK
6
CONTINUOUS
10
0.4051968503937008
20
0.1758267716535433
11
0.4002755905511811
21
0.1758267716535433
0
LINE
8
BLACK
6
CONTINUOUS
10
0.4002755905511811
20
0.1758267716535433
11
0.4002755905511811
21
0.1675984251968504
0
LINE
8
BLACK
6
CONTINUOUS
10
0.4002755905511811
20
0.1675984251968504
11
0.4002755905511811
21
0.1658599606299213
0
LINE
8
BLACK
6
CONTINUOUS
10
0.4002755905511811
20
0.1658599606299213
11
0.4082615354330709
21
0.1578740157480315
0
LINE
8
BLACK
6
CONTINUOUS
10
0.4082615354330709
20
0.1578740157480315
11
0.42
21
0.1578740157480315
0
LINE
8
BLACK
6
CONTINUOUS
10
0.42
20
0.1578740157480315
11
0.4317385039370079
21
0.1578740157480315
0
LINE
8
BLACK
6
CONTINUOUS
10
0.4317385039370079
20
0.1578740157480315
11
0.4462992125984252
21
0.1724347637795275
0
LINE
8
BLACK
6
CONTINUOUS
10
0.4462992125984252
20
0.1724347637795275
11
0.4462992125984252
21
0.1886122047244095
0
LINE
8
BLACK
6
CONTINUOUS
10
0.4462992125984252
20
0.1886122047244095
11
0.4469547637795275
21
0.1919079527559055
0
LINE
8
BLACK
6
CONTINUOUS
10
0.4469547637795275
20
0.1919079527559055
11
0.4488216535433071
21
0.194701968503937
0
LINE
8
BLACK
6
CONTINUOUS
10
0.4488216535433071
20
0.194701968503937
11
0.4516156692913386
21
0.1965688582677165
0
LINE
8
BLACK
6
CONTINUOUS
10
0.4516156692913386
20
0.1965688582677165
11
0.4549114173228346
21
0.1972244094488189
0
LINE
8
BLACK
6
CONTINUOUS
10
0.4549114173228346
20
0.1972244094488189
11
0.4750885826771654
21
0.1972244094488189
0
LINE
8
BLACK
6
CONTINUOUS
10
0.4750885826771654
20
0.1972244094488189
11
0.4783843307086614
21
0.1965688582677165
0
LINE
8
BLACK
6
CONTINUOUS
10
0.4783843307086614
20
0.1965688582677165
11
0.4811783464566929
21
0.194701968503937
0
LINE
8
BLACK
6
CONTINUOUS
10
0.4811783464566929
20
0.194701968503937
11
0.4830452362204724
21
0.1919079527559055
0
LINE
8
BLACK
6
CONTINUOUS
10
0.4830452362204724
20
0.1919079527559055
11
0.4837007874015748
21
0.1886122047244095
0
LINE
8
BLACK
6
CONTINUOUS
10
0.4837007874015748
20
0.1886122047244095
11
0.4837007874015748
21
0.1844903937007874
0
LINE
8
BLACK
6
CONTINUOUS
10
0.4837007874015748
20
0.1844903937007874
11
0.4849102362204724
21
0.1832809448818898
0
LINE
8
BLACK
6
CONTINUOUS
10
0.4849102362204724
20
0.1832809448818898
11
0.4857920472440945
21
0.181152125984252
0
LINE
8
BLACK
6
CONTINUOUS
10
0.4857920472440945
20
0.181152125984252
11
0.4857920472440945
21
0.178847874015748
0
LINE
8
BLACK
6
CONTINUOUS
10
0.4857920472440945
20
0.178847874015748
11
0.4849102362204724
21
0.1767190551181102
0
LINE
8
BLACK
6
CONTINUOUS
10
0.4849102362204724
20
0.1767190551181102
11
0.4837007874015748
21
0.1755096062992126
0
LINE
8
BLACK
6
CONTINUOUS
10
0.4837007874015748
20
0.1755096062992126
11
0.4837007874015748
21
0.1713877952755906
0
LINE
8
BLACK
6
CONTINUOUS
10
0.4837007874015748
20
0.1713877952755906
11
0.4830452362204724
21
0.1680920472440945
0
LINE
8
BLACK
6
CONTINUOUS
10
0.4830452362204724
20
0.1680920472440945
11
0.4811783464566929
21
0.165298031496063
0
LINE
8
BLACK
6
CONTINUOUS
10
0.4811783464566929
20
0.165298031496063
11
0.4783843307086614
21
0.1634311417322835
0
LINE
8
BLACK
6
CONTINUOUS
10
0.4783843307086614
20
0.1634311417322835
11
0.4750885826771654
21
0.1627755905511811
0
LINE
8
BLACK
6
CONTINUOUS
10
0.4750885826771654
20
0.1627755905511811
11
0.4589111417322835
21
0.1627755905511811
0
LINE
8
BLACK
6
CONTINUOUS
10
0.4589111417322835
20
0.1627755905511811
11
0.4405677559055118
21
0.1444322440944882
0
LINE
8
BLACK
6
CONTINUOUS
10
0.4405677559055118
20
0.1444322440944882
11
0.4393745669291338
21
0.1434529921259843
0
LINE
8
BLACK
6
CONTINUOUS
10
0.4393745669291338
20
0.1434529921259843
11
0.4365361417322834
21
0.1422772834645669
0
LINE
8
BLACK
6
CONTINUOUS
10
0.4365361417322834
20
0.1422772834645669
11
0.435
21
0.1421259842519685
0
LINE
8
BLACK
6
CONTINUOUS
10
0.435
20
0.1421259842519685
11
0.42
21
0.1421259842519685
0
LINE
8
BLACK
6
CONTINUOUS
10
0.42
20
0.1421259842519685
11
0.405
21
0.1421259842519685
0
LINE
8
BLACK
6
CONTINUOUS
10
0.405
20
0.1421259842519685
11
0.3823228346456693
21
0.1421259842519685
0
LINE
8
BLACK
6
CONTINUOUS
10
0.3823228346456693
20
0.1421259842519685
11
0.33
21
0.1421259842519685
0
LINE
8
BLACK
6
CONTINUOUS
10
0.33
20
0.1421259842519685
11
0.3284638582677165
21
0.1422772834645669
0
LINE
8
BLACK
6
CONTINUOUS
10
0.3284638582677165
20
0.1422772834645669
11
0.3256254330708661
21
0.1434529921259843
0
LINE
8
BLACK
6
CONTINUOUS
10
0.3256254330708661
20
0.1434529921259843
11
0.3244322047244094
21
0.1444322440944882
0
LINE
8
BLACK
6
CONTINUOUS
10
0.3244322047244094
20
0.1444322440944882
11
0.3120306692913386
21
0.1568338188976378
0
LINE
8
BLACK
6
CONTINUOUS
10
0.3120306692913386
20
0.1568338188976378
11
0.3110514173228346
21
0.1580270078740157
0
LINE
8
BLACK
6
CONTINUOUS
10
0.3110514173228346
20
0.1580270078740157
11
0.3098757086614173
21
0.1608654330708661
0
LINE
8
BLACK
6
CONTINUOUS
10
0.3098757086614173
20
0.1608654330708661
11
0.3097244094488189
21
0.1624015748031496
0
LINE
8
BLACK
6
CONTINUOUS
10
0.3097244094488189
20
0.1624015748031496
11
0.3097244094488189
21
0.1758267716535433
0
LINE
8
BLACK
6
CONTINUOUS
10
0.3097244094488189
20
0.1758267716535433
11
0.3048031496062992
21
0.1758267716535433
0
LINE
8
BLACK
6
CONTINUOUS
10
0.3048031496062992
20
0.1758267716535433
11
0.3048031496062992
21
0.1888188976377953
0
LINE
8
BLACK
6
CONTINUOUS
10
0.3048031496062992
20
0.1888188976377953
11
0.2683070866141732
21
0.1888188976377953
0
LINE
8
BLACK
6
CONTINUOUS
10
0.2683070866141732
20
0.1888188976377953
11
0.2667709448818897
21
0.1889701968503937
0
LINE
8
BLACK
6
CONTINUOUS
10
0.2667709448818897
20
0.1889701968503937
11
0.2639325196850394
21
0.190145905511811
0
LINE
8
BLACK
6
CONTINUOUS
10
0.2639325196850394
20
0.190145905511811
11
0.2627392913385826
21
0.1911251574803149
0
LINE
8
BLACK
6
CONTINUOUS
10
0.2627392913385826
20
0.1911251574803149
11
0.240281811023622
21
0.2135826771653543
0
LINE
8
BLACK
6
CONTINUOUS
10
0.240281811023622
20
0.2135826771653543
11
0.2239076771653543
21
0.2135826771653543
0
LINE
8
BLACK
6
CONTINUOUS
10
0.2239076771653543
20
0.2135826771653543
11
0.2238496850393701
21
0.213291220472441
0
LINE
8
BLACK
6
CONTINUOUS
10
0.2238496850393701
20
0.213291220472441
11
0.2225695275590551
21
0.2113753543307087
0
LINE
8
BLACK
6
CONTINUOUS
10
0.2225695275590551
20
0.2113753543307087
11
0.2206536614173228
21
0.2100951968503937
0
LINE
8
BLACK
6
CONTINUOUS
10
0.2206536614173228
20
0.2100951968503937
11
0.2183937007874016
21
0.2096456692913386
0
LINE
8
BLACK
6
CONTINUOUS
10
0.2183937007874016
20
0.2096456692913386
11
0.1632755905511811
21
0.2096456692913386
0
LINE
8
BLACK
6
CONTINUOUS
10
0.1632755905511811
20
0.2096456692913386
11
0.1610156299212598
21
0.2100951968503937
0
LINE
8
BLACK
6
CONTINUOUS
10
0.1610156299212598
20
0.2100951968503937
11
0.1590997637795276
21
0.2113753543307087
0
LINE
8
BLACK
6
CONTINUOUS
10
0.1590997637795276
20
0.2113753543307087
11
0.1578196062992126
21
0.213291220472441
0
LINE
8
BLACK
6
CONTINUOUS
10
0.1578196062992126
20
0.213291220472441
11
0.1577616141732283
21
0.2135826771653543
0
LINE
8
BLACK
6
CONTINUOUS
10
0.1577616141732283
20
0.2135826771653543
11
0.1085433070866142
21
0.2135826771653543
0
LINE
8
BLACK
6
CONTINUOUS
10
0.1085433070866142
20
0.2135826771653543
11
0.1070071653543307
21
0.2137339763779527
0
LINE
8
BLACK
6
CONTINUOUS
10
0.1070071653543307
20
0.2137339763779527
11
0.1041687401574803
21
0.2149096850393701
0
LINE
8
BLACK
6
CONTINUOUS
10
0.1041687401574803
20
0.2149096850393701
11
0.1029755511811024
21
0.215888937007874
0
LINE
8
BLACK
6
CONTINUOUS
10
0.1029755511811024
20
0.215888937007874
11
0.0721881496062992
21
0.2466763385826772
0
LINE
8
BLACK
6
CONTINUOUS
10
0.0721881496062992
20
0.2466763385826772
11
0.0712088976377953
21
0.2478695275590551
0
LINE
8
BLACK
6
CONTINUOUS
10
0.0712088976377953
20
0.2478695275590551
11
0.0700331889763779
21
0.2507079527559055
0
LINE
8
BLACK
6
CONTINUOUS
10
0.0700331889763779
20
0.2507079527559055
11
0.0698818897637795
21
0.252244094488189
0
LINE
8
BLACK
6
CONTINUOUS
10
0.0698818897637795
20
0.252244094488189
11
0.0698818897637795
21
0.337755905511811
0
LINE
8
BLACK
6
CONTINUOUS
10
0.0698818897637795
20
0.337755905511811
11
0.0700331889763779
21
0.3392920472440945
0
LINE
8
BLACK
6
CONTINUOUS
10
0.0700331889763779
20
0.3392920472440945
11
0.0712088976377953
21
0.3421304724409449
0
LINE
8
BLACK
6
CONTINUOUS
10
0.0712088976377953
20
0.3421304724409449
11
0.0721881496062992
21
0.3433236614173228
0
LINE
8
BLACK
6
CONTINUOUS
10
0.0721881496062992
20
0.3433236614173228
11
0.0948825984251968
21
0.3660181496062992
0
LINE
8
BLACK
6
CONTINUOUS
10
0.0948825984251968
20
0.3660181496062992
11
0.094251968503937
21
0.37
0
LINE
8
BLACK
6
CONTINUOUS
10
0.094251968503937
20
0.37
11
0.0950227165354331
21
0.3748664173228347
0
LINE
8
BLACK
6
CONTINUOUS
10
0.0950227165354331
20
0.3748664173228347
11
0.0972595669291339
21
0.3792564566929134
0
LINE
8
BLACK
6
CONTINUOUS
10
0.0972595669291339
20
0.3792564566929134
11
0.1007435433070866
21
0.3827404330708661
0
LINE
8
BLACK
6
CONTINUOUS
10
0.1007435433070866
20
0.3827404330708661
11
0.1051335826771654
21
0.3849772834645669
0
LINE
8
BLACK
6
CONTINUOUS
10
0.1051335826771654
20
0.3849772834645669
11
0.11
21
0.385748031496063
0
LINE
8
BLACK
6
CONTINUOUS
10
0.11
20
0.385748031496063
11
0.1148664173228346
21
0.3849772834645669
0
LINE
8
BLACK
6
CONTINUOUS
10
0.5933843307086614
20
0.4325727952755906
11
0.5961783464566929
21
0.430705905511811
0
LINE
8
BLACK
6
CONTINUOUS
10
0.5961783464566929
20
0.430705905511811
11
0.5980452362204725
21
0.4279118897637795
0
LINE
8
BLACK
6
CONTINUOUS
10
0.5980452362204725
20
0.4279118897637795
11
0.5987007874015748
21
0.4246161417322835
0
LINE
8
BLACK
6
CONTINUOUS
10
0.5987007874015748
20
0.4246161417322835
11
0.5987007874015748
21
0.4238779527559055
0
LINE
8
BLACK
6
CONTINUOUS
10
0.5987007874015748
20
0.4238779527559055
11
0.6362992125984251
21
0.4238779527559055
0
LINE
8
BLACK
6
CONTINUOUS
10
0.6362992125984251
20
0.4238779527559055
11
0.6362992125984251
21
0.4246161417322835
0
LINE
8
BLACK
6
CONTINUOUS
10
0.6362992125984251
20
0.4246161417322835
11
0.6369547637795275
21
0.4279118897637795
0
LINE
8
BLACK
6
CONTINUOUS
10
0.6369547637795275
20
0.4279118897637795
11
0.6388216535433071
21
0.430705905511811
0
LINE
8
BLACK
6
CONTINUOUS
10
0.6388216535433071
20
0.430705905511811
11
0.6416156692913386
21
0.4325727952755906
0
LINE
8
BLACK
6
CONTINUOUS
10
0.6416156692913386
20
0.4325727952755906
11
0.6449114173228346
21
0.4332283464566929
0
LINE
8
BLACK
6
CONTINUOUS
10
0.6449114173228346
20
0.4332283464566929
11
0.6650885826771653
21
0.4332283464566929
0
LINE
8
BLACK
6
CONTINUOUS
10
0.6650885826771653
20
0.4332283464566929
11
0.6683843307086614
21
0.4325727952755906
0
LINE
8
BLACK
6
CONTINUOUS
10
0.6683843307086614
20
0.4325727952755906
11
0.6711783464566929
21
0.430705905511811
0
LINE
8
BLACK
6
CONTINUOUS
10
0.6711783464566929
20
0.430705905511811
11
0.6730452362204724
21
0.4279118897637795
0
LINE
8
BLACK
6
CONTINUOUS
10
0.6730452362204724
20
0.4279118897637795
11
0.6737007874015748
21
0.4246161417322835
0
LINE
8
BLACK
6
CONTINUOUS
10
0.6737007874015748
20
0.4246161417322835
11
0.6737007874015748
21
0.4073917322834645
0
LINE
8
BLACK
6
CONTINUOUS
10
0.6737007874015748
20
0.4073917322834645
11
0.6730452362204724
21
0.4040959842519685
0
LINE
8
BLACK
6
CONTINUOUS
10
0.6730452362204724
20
0.4040959842519685
11
0.6711783464566929
21
0.401301968503937
0
LINE
8
BLACK
6
CONTINUOUS
10
0.6711783464566929
20
0.401301968503937
11
0.6683843307086614
21
0.3994350787401575
0
LINE
8
BLACK
6
CONTINUOUS
10
0.6683843307086614
20
0.3994350787401575
11
0.6650885826771653
21
0.3987795275590551
0
LINE
8
BLACK
6
CONTINUOUS
10
0.6650885826771653
20
0.3987795275590551
11
0.6449114173228346
21
0.3987795275590551
0
LINE
8
BLACK
6
CONTINUOUS
10
0.6449114173228346
20
0.3987795275590551
11
0.6416156692913386
21
0.3994350787401575
0
LINE
8
BLACK
6
CONTINUOUS
10
0.6416156692913386
20
0.3994350787401575
11
0.6388216535433071
21
0.401301968503937
0
LINE
8
BLACK
6
CONTINUOUS
10
0.6388216535433071
20
0.401301968503937
11
0.6369547637795275
21
0.4040959842519685
0
LINE
8
BLACK
6
CONTINUOUS
10
0.6369547637795275
20
0.4040959842519685
11
0.6362992125984251
21
0.4073917322834645
0
LINE
8
BLACK
6
CONTINUOUS
10
0.6362992125984251
20
0.4073917322834645
11
0.6362992125984251
21
0.4081299212598425
0
LINE
8
BLACK
6
CONTINUOUS
10
0.6362992125984251
20
0.4081299212598425
11
0.5987007874015748
21
0.4081299212598425
0
LINE
8
BLACK
6
CONTINUOUS
10
0.5987007874015748
20
0.4081299212598425
11
0.5987007874015748
21
0.4073917322834645
0
LINE
8
BLACK
6
CONTINUOUS
10
0.5987007874015748
20
0.4073917322834645
11
0.5980452362204725
21
0.4040959842519685
0
LINE
8
BLACK
6
CONTINUOUS
10
0.5980452362204725
20
0.4040959842519685
11
0.5961783464566929
21
0.401301968503937
0
LINE
8
BLACK
6
CONTINUOUS
10
0.5961783464566929
20
0.401301968503937
11
0.5933843307086614
21
0.3994350787401575
0
LINE
8
BLACK
6
CONTINUOUS
10
0.5933843307086614
20
0.3994350787401575
11
0.5900885826771654
21
0.3987795275590551
0
LINE
8
BLACK
6
CONTINUOUS
10
0.5900885826771654
20
0.3987795275590551
11
0.5739111417322834
21
0.3987795275590551
0
LINE
8
BLACK
6
CONTINUOUS
10
0.5739111417322834
20
0.3987795275590551
11
0.5264173228346457
21
0.351285748031496
0
LINE
8
BLACK
6
CONTINUOUS
10
0.5264173228346457
20
0.351285748031496
11
0.5264173228346457
21
0.344242125984252
0
LINE
8
BLACK
6
CONTINUOUS
10
0.5264173228346457
20
0.344242125984252
11
0.5257617716535433
21
0.3409463779527559
0
LINE
8
BLACK
6
CONTINUOUS
10
0.5257617716535433
20
0.3409463779527559
11
0.5238948818897637
21
0.3381523622047244
0
LINE
8
BLACK
6
CONTINUOUS
10
0.5238948818897637
20
0.3381523622047244
11
0.5211008661417322
21
0.3362854724409449
0
LINE
8
BLACK
6
CONTINUOUS
10
0.5211008661417322
20
0.3362854724409449
11
0.5178051181102362
21
0.3356299212598425
0
LINE
8
BLACK
6
CONTINUOUS
10
0.5178051181102362
20
0.3356299212598425
11
0.5155905511811023
21
0.3356299212598425
0
LINE
8
BLACK
6
CONTINUOUS
10
0.5155905511811023
20
0.3356299212598425
11
0.5155905511811023
21
0.3310174015748031
0
LINE
8
BLACK
6
CONTINUOUS
10
0.5155905511811023
20
0.3310174015748031
11
0.61773
21
0.2288779527559055
0
LINE
8
BLACK
6
CONTINUOUS
10
0.61773
20
0.2288779527559055
11
0.6412992125984252
21
0.2288779527559055
0
LINE
8
BLACK
6
CONTINUOUS
10
0.6412992125984252
20
0.2288779527559055
11
0.6412992125984252
21
0.2296161417322835
0
LINE
8
BLACK
6
CONTINUOUS
10
0.6412992125984252
20
0.2296161417322835
11
0.6419547637795275
21
0.2329118897637795
0
LINE
8
BLACK
6
CONTINUOUS
10
0.6419547637795275
20
0.2329118897637795
11
0.6438216535433071
21
0.235705905511811
0
LINE
8
BLACK
6
CONTINUOUS
10
0.6438216535433071
20
0.235705905511811
11
0.6466156692913385
21
0.2375727952755906
0
LINE
8
BLACK
6
CONTINUOUS
10
0.6466156692913385
20
0.2375727952755906
11
0.6499114173228346
21
0.2382283464566929
0
LINE
8
BLACK
6
CONTINUOUS
10
0.6499114173228346
20
0.2382283464566929
11
0.6700885826771653
21
0.2382283464566929
0
LINE
8
BLACK
6
CONTINUOUS
10
0.6700885826771653
20
0.2382283464566929
11
0.6733843307086614
21
0.2375727952755906
0
LINE
8
BLACK
6
CONTINUOUS
10
0.6733843307086614
20
0.2375727952755906
11
0.6761783464566929
21
0.235705905511811
0
LINE
8
BLACK
6
CONTINUOUS
10
0.6761783464566929
20
0.235705905511811
11
0.6780452362204724
21
0.2329118897637795
0
LINE
8
BLACK
6
CONTINUOUS
10
0.6780452362204724
20
0.2329118897637795
11
0.6787007874015748
21
0.2296161417322835
0
LINE
8
BLACK
6
CONTINUOUS
10
0.6787007874015748
20
0.2296161417322835
11
0.6787007874015748
21
0.2288779527559055
0
LINE
8
BLACK
6
CONTINUOUS
10
0.6787007874015748
20
0.2288779527559055
11
0.6943303149606299
21
0.2288779527559055
0
LINE
8
BLACK
6
CONTINUOUS
10
0.6943303149606299
20
0.2288779527559055
11
0.6945601181102362
21
0.2303290157480315
0
LINE
8
BLACK
6
CONTINUOUS
10
0.6945601181102362
20
0.2303290157480315
11
0.696796968503937
21
0.2347190551181102
0
LINE
8
BLACK
6
CONTINUOUS
10
0.696796968503937
20
0.2347190551181102
11
0.7002809448818897
21
0.238203031496063
0
LINE
8
BLACK
6
CONTINUOUS
10
0.7002809448818897
20
0.238203031496063
11
0.7046709842519685
21
0.2404398818897638
0
LINE
8
BLACK
6
CONTINUOUS
10
0.7046709842519685
20
0.2404398818897638
11
0.7095374015748032
21
0.2412106299212598
0
LINE
8
BLACK
6
CONTINUOUS
10
0.7095374015748032
20
0.2412106299212598
11
0.713519251968504
21
0.24058
0
LINE
8
BLACK
6
CONTINUOUS
10
0.713519251968504
20
0.24058
11
0.7245700393700787
21
0.251630748031496
0
LINE
8
BLACK
6
CONTINUOUS
10
0.7245700393700787
20
0.251630748031496
11
0.7257632283464567
21
0.25261
0
LINE
8
BLACK
6
CONTINUOUS
10
0.7257632283464567
20
0.25261
11
0.7286016535433071
21
0.2537857086614173
0
LINE
8
BLACK
6
CONTINUOUS
10
0.7286016535433071
20
0.2537857086614173
11
0.7301377952755905
21
0.2539370078740157
0
LINE
8
BLACK
6
CONTINUOUS
10
0.7301377952755905
20
0.2539370078740157
11
0.7392125984251968
21
0.2539370078740157
0
LINE
8
BLACK
6
CONTINUOUS
10
0.7392125984251968
20
0.2539370078740157
11
0.7392125984251968
21
0.2544291338582677
0
LINE
8
BLACK
6
CONTINUOUS
10
0.7392125984251968
20
0.2544291338582677
11
0.7398494488188976
21
0.2576307086614173
0
LINE
8
BLACK
6
CONTINUOUS
10
0.7398494488188976
20
0.2576307086614173
11
0.7416629921259842
21
0.2603448818897638
0
LINE
8
BLACK
6
CONTINUOUS
10
0.7416629921259842
20
0.2603448818897638
11
0.7443771653543307
21
0.2621584251968504
0
LINE
8
BLACK
6
CONTINUOUS
10
0.7443771653543307
20
0.2621584251968504
11
0.7475787401574803
21
0.2627952755905512
0
LINE
8
BLACK
6
CONTINUOUS
10
0.7475787401574803
20
0.2627952755905512
11
0.8056496062992126
21
0.2627952755905512
0
LINE
8
BLACK
6
CONTINUOUS
10
0.8056496062992126
20
0.2627952755905512
11
0.8088511811023622
21
0.2621584251968504
0
LINE
8
BLACK
6
CONTINUOUS
10
0.8088511811023622
20
0.2621584251968504
11
0.8115653543307086
21
0.2603448818897638
0
LINE
8
BLACK
6
CONTINUOUS
10
0.8115653543307086
20
0.2603448818897638
11
0.8133788976377953
21
0.2576307086614173
0
LINE
8
BLACK
6
CONTINUOUS
10
0.8133788976377953
20
0.2576307086614173
11
0.814015748031496
21
0.2544291338582677
0
LINE
8
BLACK
6
CONTINUOUS
10
0.814015748031496
20
0.2544291338582677
11
0.814015748031496
21
0.2376968503937008
0
LINE
8
BLACK
6
CONTINUOUS
10
0.814015748031496
20
0.2376968503937008
11
0.8133788976377953
21
0.2344952755905512
0
LINE
8
BLACK
6
CONTINUOUS
10
0.8133788976377953
20
0.2344952755905512
11
0.8115653543307086
21
0.2317811023622047
0
LINE
8
BLACK
6
CONTINUOUS
10
0.8115653543307086
20
0.2317811023622047
11
0.8088511811023622
21
0.2299675590551181
0
LINE
8
BLACK
6
CONTINUOUS
10
0.8088511811023622
20
0.2299675590551181
11
0.8056496062992126
21
0.2293307086614173
0
LINE
8
BLACK
6
CONTINUOUS
10
0.8056496062992126
20
0.2293307086614173
11
0.7475787401574803
21
0.2293307086614173
0
LINE
8
BLACK
6
CONTINUOUS
10
0.7475787401574803
20
0.2293307086614173
11
0.7443771653543307
21
0.2299675590551181
0
LINE
8
BLACK
6
CONTINUOUS
10
0.7443771653543307
20
0.2299675590551181
11
0.7416629921259842
21
0.2317811023622047
0
LINE
8
BLACK
6
CONTINUOUS
10
0.7416629921259842
20
0.2317811023622047
11
0.7398494488188976
21
0.2344952755905512
0
LINE
8
BLACK
6
CONTINUOUS
10
0.7398494488188976
20
0.2344952755905512
11
0.7392125984251968
21
0.2376968503937008
0
LINE
8
BLACK
6
CONTINUOUS
10
0.7392125984251968
20
0.2376968503937008
11
0.7392125984251968
21
0.2381889763779527
0
LINE
8
BLACK
6
CONTINUOUS
10
0.7392125984251968
20
0.2381889763779527
11
0.7333992913385826
21
0.2381889763779527
0
LINE
8
BLACK
6
CONTINUOUS
10
0.7333992913385826
20
0.2381889763779527
11
0.7246547637795275
21
0.2294444881889764
0
LINE
8
BLACK
6
CONTINUOUS
10
0.7246547637795275
20
0.2294444881889764
11
0.7252854330708661
21
0.2254625984251968
0
LINE
8
BLACK
6
CONTINUOUS
10
0.7252854330708661
20
0.2254625984251968
11
0.7245146850393701
21
0.2205961811023622
0
LINE
8
BLACK
6
CONTINUOUS
10
0.7245146850393701
20
0.2205961811023622
11
0.7222778346456693
21
0.2162061417322834
0
LINE
8
BLACK
6
CONTINUOUS
10
0.7222778346456693
20
0.2162061417322834
11
0.7187938582677165
21
0.2127221653543307
0
LINE
8
BLACK
6
CONTINUOUS
10
0.7187938582677165
20
0.2127221653543307
11
0.7144038188976378
21
0.2104853149606299
0
LINE
8
BLACK
6
CONTINUOUS
10
0.7144038188976378
20
0.2104853149606299
11
0.7095374015748032
21
0.2097145669291338
0
LINE
8
BLACK
6
CONTINUOUS
10
0.7095374015748032
20
0.2097145669291338
11
0.7046709842519685
21
0.2104853149606299
0
LINE
8
BLACK
6
CONTINUOUS
10
0.7046709842519685
20
0.2104853149606299
11
0.7002809448818897
21
0.2127221653543307
0
LINE
8
BLACK
6
CONTINUOUS
10
0.7002809448818897
20
0.2127221653543307
11
0.699873188976378
21
0.2131299212598425
0
LINE
8
BLACK
6
CONTINUOUS
10
0.699873188976378
20
0.2131299212598425
11
0.6787007874015748
21
0.2131299212598425
0
LINE
8
BLACK
6
CONTINUOUS
10
0.6787007874015748
20
0.2131299212598425
11
0.6787007874015748
21
0.2123917322834646
0
LINE
8
BLACK
6
CONTINUOUS
10
0.6787007874015748
20
0.2123917322834646
11
0.6780452362204724
21
0.2090959842519685
0
LINE
8
BLACK
6
CONTINUOUS
10
0.6780452362204724
20
0.2090959842519685
11
0.6761783464566929
21
0.206301968503937
0
LINE
8
BLACK
6
CONTINUOUS
10
0.6761783464566929
20
0.206301968503937
11
0.6733843307086614
21
0.2044350787401575
0
LINE
8
BLACK
6
CONTINUOUS
10
0.6733843307086614
20
0.2044350787401575
11
0.6700885826771653
21
0.2037795275590551
0
LINE
8
BLACK
6
CONTINUOUS
10
0.6700885826771653
20
0.2037795275590551
11
0.6499114173228346
21
0.2037795275590551
0
LINE
8
BLACK
6
CONTINUOUS
10
0.6499114173228346
20
0.2037795275590551
11
0.6466156692913385
21
0.2044350787401575
0
LINE
8
BLACK
6
CONTINUOUS
10
0.6466156692913385
20
0.2044350787401575
11
0.6438216535433071
21
0.206301968503937
0
LINE
8
BLACK
6
CONTINUOUS
10
0.6438216535433071
20
0.206301968503937
11
0.6419547637795275
21
0.2090959842519685
0
LINE
8
BLACK
6
CONTINUOUS
10
0.6419547637795275
20
0.2090959842519685
11
0.6412992125984252
21
0.2123917322834646
0
LINE
8
BLACK
6
CONTINUOUS
10
0.6412992125984252
20
0.2123917322834646
11
0.6412992125984252
21
0.2131299212598425
0
LINE
8
BLACK
6
CONTINUOUS
10
0.6412992125984252
20
0.2131299212598425
11
0.6144685039370079
21
0.2131299212598425
0
LINE
8
BLACK
6
CONTINUOUS
10
0.6144685039370079
20
0.2131299212598425
11
0.6129323622047244
21
0.2132812204724409
0
LINE
8
BLACK
6
CONTINUOUS
10
0.6129323622047244
20
0.2132812204724409
11
0.610093937007874
21
0.2144569291338583
0
LINE
8
BLACK
6
CONTINUOUS
10
0.610093937007874
20
0.2144569291338583
11
0.6089007480314961
21
0.2154361811023622
0
LINE
8
BLACK
6
CONTINUOUS
10
0.6089007480314961
20
0.2154361811023622
11
0.5077165354330708
21
0.3166203937007874
0
LINE
8
BLACK
6
CONTINUOUS
10
0.5077165354330708
20
0.3166203937007874
11
0.4688354724409449
21
0.2777393307086614
0
LINE
8
BLACK
6
CONTINUOUS
10
0.4688354724409449
20
0.2777393307086614
11
0.4676422834645669
21
0.2767600787401575
0
LINE
8
BLACK
6
CONTINUOUS
10
0.4676422834645669
20
0.2767600787401575
11
0.4648038582677165
21
0.2755843700787401
0
LINE
8
BLACK
6
CONTINUOUS
10
0.4648038582677165
20
0.2755843700787401
11
0.4632677165354331
21
0.2754330708661417
0
LINE
8
BLACK
6
CONTINUOUS
10
0.4632677165354331
20
0.2754330708661417
11
0.4051968503937008
21
0.2754330708661417
0
LINE
8
BLACK
6
CONTINUOUS
10
0.4051968503937008
20
0.2754330708661417
11
0.4051968503937008
21
0.2624409448818897
0
LINE
8
BLACK
6
CONTINUOUS
10
0.4051968503937008
20
0.2624409448818897
11
0.3796062992125984
21
0.2624409448818897
0
LINE
8
BLACK
6
CONTINUOUS
10
0.3796062992125984
20
0.2624409448818897
11
0.3796062992125984
21
0.3041732283464567
0
LINE
8
BLACK
6
CONTINUOUS
10
0.3796062992125984
20
0.3041732283464567
11
0.4051968503937008
21
0.3041732283464567
0
LINE
8
BLACK
6
CONTINUOUS
10
0.4051968503937008
20
0.3041732283464567
11
0.4051968503937008
21
0.2911811023622047
0
LINE
8
BLACK
6
CONTINUOUS
10
0.4051968503937008
20
0.2911811023622047
11
0.4600062204724409
21
0.2911811023622047
0
LINE
8
BLACK
6
CONTINUOUS
10
0.4600062204724409
20
0.2911811023622047
11
0.4998425196850393
21
0.3310174015748031
0
LINE
8
BLACK
6
CONTINUOUS
10
0.4998425196850393
20
0.3310174015748031
11
0.4998425196850393
21
0.3356299212598425
0
LINE
8
BLACK
6
CONTINUOUS
10
0.4998425196850393
20
0.3356299212598425
11
0.4976279527559055
21
0.3356299212598425
0
LINE
8
BLACK
6
CONTINUOUS
10
0.4976279527559055
20
0.3356299212598425
11
0.4943322047244094
21
0.3362854724409449
0
LINE
8
BLACK
6
CONTINUOUS
10
0.4943322047244094
20
0.3362854724409449
11
0.491538188976378
21
0.3381523622047244
0
LINE
8
BLACK
6
CONTINUOUS
10
0.491538188976378
20
0.3381523622047244
11
0.4896712992125984
21
0.3409463779527559
0
LINE
8
BLACK
6
CONTINUOUS
10
0.4896712992125984
20
0.3409463779527559
11
0.4890157480314961
21
0.344242125984252
0
LINE
8
BLACK
6
CONTINUOUS
10
0.4890157480314961
20
0.344242125984252
11
0.4890157480314961
21
0.3614665354330708
0
LINE
8
BLACK
6
CONTINUOUS
10
0.4890157480314961
20
0.3614665354330708
11
0.4896712992125984
21
0.3647622834645669
0
LINE
8
BLACK
6
CONTINUOUS
10
0.4896712992125984
20
0.3647622834645669
11
0.491538188976378
21
0.3675562992125984
0
LINE
8
BLACK
6
CONTINUOUS
10
0.491538188976378
20
0.3675562992125984
11
0.4943322047244094
21
0.3694231889763779
0
LINE
8
BLACK
6
CONTINUOUS
10
0.4943322047244094
20
0.3694231889763779
11
0.4976279527559055
21
0.3700787401574803
0
LINE
8
BLACK
6
CONTINUOUS
10
0.4976279527559055
20
0.3700787401574803
11
0.5178051181102362
21
0.3700787401574803
0
LINE
8
BLACK
6
CONTINUOUS
10
0.5178051181102362
20
0.3700787401574803
11
0.5211008661417322
21
0.3694231889763779
0
LINE
8
BLACK
6
CONTINUOUS
10
0.5211008661417322
20
0.3694231889763779
11
0.5218099212598425
21
0.3689494094488189
0
LINE
8
BLACK
6
CONTINUOUS
10
0.5218099212598425
20
0.3689494094488189
11
0.5612992125984252
21
0.4084387007874016
0
LINE
8
BLACK
6
CONTINUOUS
10
0.5612992125984252
20
0.4084387007874016
11
0.5612992125984252
21
0.4246161417322835
0
LINE
8
BLACK
6
CONTINUOUS
10
0.5612992125984252
20
0.4246161417322835
11
0.5619547637795276
21
0.4279118897637795
0
LINE
8
BLACK
6
CONTINUOUS
10
0.5619547637795276
20
0.4279118897637795
11
0.563821653543307
21
0.430705905511811
0
LINE
8
BLACK
6
CONTINUOUS
10
0.563821653543307
20
0.430705905511811
11
0.5666156692913386
21
0.4325727952755906
0
LINE
8
BLACK
6
CONTINUOUS
10
0.5666156692913386
20
0.4325727952755906
11
0.5699114173228347
21
0.4332283464566929
0
LINE
8
BLACK
6
CONTINUOUS
10
0.5699114173228347
20
0.4332283464566929
11
0.5900885826771654
21
0.4332283464566929
0
LINE
8
BLACK
6
CONTINUOUS
10
0.5900885826771654
20
0.4332283464566929
11
0.5933843307086614
21
0.4325727952755906
0
LINE
8
BLACK
6
CONTINUOUS
10
1.1356228346456692
20
0.2621584251968504
11
1.1383370078740158
21
0.2603448818897638
0
LINE
8
BLACK
6
CONTINUOUS
10
1.1383370078740158
20
0.2603448818897638
11
1.139151496062992
21
0.2591258661417323
0
LINE
8
BLACK
6
CONTINUOUS
10
1.139151496062992
20
0.2591258661417323
11
1.140822559055118
21
0.2599772834645669
0
LINE
8
BLACK
6
CONTINUOUS
10
1.140822559055118
20
0.2599772834645669
11
1.1456889763779528
21
0.260748031496063
0
LINE
8
BLACK
6
CONTINUOUS
10
1.1456889763779528
20
0.260748031496063
11
1.1505553937007873
21
0.2599772834645669
0
LINE
8
BLACK
6
CONTINUOUS
10
1.1505553937007873
20
0.2599772834645669
11
1.1549454330708662
21
0.2577404330708661
0
LINE
8
BLACK
6
CONTINUOUS
10
1.1549454330708662
20
0.2577404330708661
11
1.1584294094488188
21
0.2542564566929134
0
LINE
8
BLACK
6
CONTINUOUS
10
1.1584294094488188
20
0.2542564566929134
11
1.1606662598425197
21
0.2498664173228346
0
LINE
8
BLACK
6
CONTINUOUS
10
1.1606662598425197
20
0.2498664173228346
11
1.1614370078740157
21
0.245
0
LINE
8
BLACK
6
CONTINUOUS
10
1.1614370078740157
20
0.245
11
1.1606662598425197
21
0.2401335826771653
0
LINE
8
BLACK
6
CONTINUOUS
10
1.1606662598425197
20
0.2401335826771653
11
1.1584294094488188
21
0.2357435433070866
0
LINE
8
BLACK
6
CONTINUOUS
10
1.1584294094488188
20
0.2357435433070866
11
1.1549454330708662
21
0.2322595669291339
0
LINE
8
BLACK
6
CONTINUOUS
10
1.1549454330708662
20
0.2322595669291339
11
1.1505553937007873
21
0.2300227165354331
0
LINE
8
BLACK
6
CONTINUOUS
10
1.1505553937007873
20
0.2300227165354331
11
1.1456889763779528
21
0.229251968503937
0
LINE
8
BLACK
6
CONTINUOUS
10
1.1456889763779528
20
0.229251968503937
11
1.140822559055118
21
0.2300227165354331
0
LINE
8
BLACK
6
CONTINUOUS
10
1.140822559055118
20
0.2300227165354331
11
1.1379192913385827
21
0.2315020078740157
0
LINE
8
BLACK
6
CONTINUOUS
10
1.1379192913385827
20
0.2315020078740157
11
1.1356228346456692
21
0.2299675590551181
0
LINE
8
BLACK
6
CONTINUOUS
10
1.1356228346456692
20
0.2299675590551181
11
1.1324212598425196
21
0.2293307086614173
0
LINE
8
BLACK
6
CONTINUOUS
10
1.1324212598425196
20
0.2293307086614173
11
1.0743503937007874
21
0.2293307086614173
0
LINE
8
BLACK
6
CONTINUOUS
10
1.0743503937007874
20
0.2293307086614173
11
1.0711488188976377
21
0.2299675590551181
0
LINE
8
BLACK
6
CONTINUOUS
10
1.0711488188976377
20
0.2299675590551181
11
1.0684346456692912
21
0.2317811023622047
0
LINE
8
BLACK
6
CONTINUOUS
10
1.0684346456692912
20
0.2317811023622047
11
1.0666211023622048
21
0.2344952755905512
0
LINE
8
BLACK
6
CONTINUOUS
10
1.0666211023622048
20
0.2344952755905512
11
1.0659842519685039
21
0.2376968503937008
0
LINE
8
BLACK
6
CONTINUOUS
10
1.0659842519685039
20
0.2376968503937008
11
1.0659842519685039
21
0.2544291338582677
0
LINE
8
BLACK
6
CONTINUOUS
10
1.0659842519685039
20
0.2544291338582677
11
1.0666211023622048
21
0.2576307086614173
0
LINE
8
BLACK
6
CONTINUOUS
10
1.0666211023622048
20
0.2576307086614173
11
1.0684346456692912
21
0.2603448818897638
0
LINE
8
BLACK
6
CONTINUOUS
10
1.0684346456692912
20
0.2603448818897638
11
1.0711488188976377
21
0.2621584251968504
0
LINE
8
BLACK
6
CONTINUOUS
10
1.0711488188976377
20
0.2621584251968504
11
1.0743503937007874
21
0.2627952755905512
0
LINE
8
BLACK
6
CONTINUOUS
10
1.0743503937007874
20
0.2627952755905512
11
1.1324212598425196
21
0.2627952755905512
0
LINE
8
BLACK
6
CONTINUOUS
10
1.1324212598425196
20
0.2627952755905512
11
1.1356228346456692
21
0.2621584251968504
0
LINE
8
BLACK
6
CONTINUOUS
10
0.2548664173228347
20
0.2849772834645669
11
0.2592564566929134
21
0.2827404330708662
0
LINE
8
BLACK
6
CONTINUOUS
10
0.2592564566929134
20
0.2827404330708662
11
0.2627404330708661
21
0.2792564566929134
0
LINE
8
BLACK
6
CONTINUOUS
10
0.2627404330708661
20
0.2792564566929134
11
0.2649772834645669
21
0.2748664173228346
0
LINE
8
BLACK
6
CONTINUOUS
10
0.2649772834645669
20
0.2748664173228346
11
0.265748031496063
21
0.27
0
LINE
8
BLACK
6
CONTINUOUS
10
0.265748031496063
20
0.27
11
0.2649772834645669
21
0.2651335826771654
0
LINE
8
BLACK
6
CONTINUOUS
10
0.2649772834645669
20
0.2651335826771654
11
0.2627404330708661
21
0.2607435433070866
0
LINE
8
BLACK
6
CONTINUOUS
10
0.2627404330708661
20
0.2607435433070866
11
0.2592564566929134
21
0.2572595669291339
0
LINE
8
BLACK
6
CONTINUOUS
10
0.2592564566929134
20
0.2572595669291339
11
0.2548664173228347
21
0.2550227165354331
0
LINE
8
BLACK
6
CONTINUOUS
10
0.2548664173228347
20
0.2550227165354331
11
0.25
21
0.254251968503937
0
LINE
8
BLACK
6
CONTINUOUS
10
0.25
20
0.254251968503937
11
0.2451335826771653
21
0.2550227165354331
0
LINE
8
BLACK
6
CONTINUOUS
10
0.2451335826771653
20
0.2550227165354331
11
0.2407435433070866
21
0.2572595669291339
0
LINE
8
BLACK
6
CONTINUOUS
10
0.2407435433070866
20
0.2572595669291339
11
0.2372595669291339
21
0.2607435433070866
0
LINE
8
BLACK
6
CONTINUOUS
10
0.2372595669291339
20
0.2607435433070866
11
0.2362141338582677
21
0.2627952755905512
0
LINE
8
BLACK
6
CONTINUOUS
10
0.2362141338582677
20
0.2627952755905512
11
0.2239076771653543
21
0.2627952755905512
0
LINE
8
BLACK
6
CONTINUOUS
10
0.2239076771653543
20
0.2627952755905512
11
0.2238496850393701
21
0.2625038188976378
0
LINE
8
BLACK
6
CONTINUOUS
10
0.2238496850393701
20
0.2625038188976378
11
0.2225695275590551
21
0.2605879527559055
0
LINE
8
BLACK
6
CONTINUOUS
10
0.2225695275590551
20
0.2605879527559055
11
0.2206536614173228
21
0.2593077952755906
0
LINE
8
BLACK
6
CONTINUOUS
10
0.2206536614173228
20
0.2593077952755906
11
0.2183937007874016
21
0.2588582677165354
0
LINE
8
BLACK
6
CONTINUOUS
10
0.2183937007874016
20
0.2588582677165354
11
0.1632755905511811
21
0.2588582677165354
0
LINE
8
BLACK
6
CONTINUOUS
10
0.1632755905511811
20
0.2588582677165354
11
0.1610156299212598
21
0.2593077952755906
0
LINE
8
BLACK
6
CONTINUOUS
10
0.1610156299212598
20
0.2593077952755906
11
0.1590997637795276
21
0.2605879527559055
0
LINE
8
BLACK
6
CONTINUOUS
10
0.1590997637795276
20
0.2605879527559055
11
0.1578196062992126
21
0.2625038188976378
0
LINE
8
BLACK
6
CONTINUOUS
10
0.1578196062992126
20
0.2625038188976378
11
0.1573700787401575
21
0.264763779527559
0
LINE
8
BLACK
6
CONTINUOUS
10
0.1573700787401575
20
0.264763779527559
11
0.1573700787401575
21
0.2765748031496063
0
LINE
8
BLACK
6
CONTINUOUS
10
0.1573700787401575
20
0.2765748031496063
11
0.1578196062992126
21
0.2788347637795275
0
LINE
8
BLACK
6
CONTINUOUS
10
0.1578196062992126
20
0.2788347637795275
11
0.1590997637795276
21
0.2807506299212598
0
LINE
8
BLACK
6
CONTINUOUS
10
0.1590997637795276
20
0.2807506299212598
11
0.1610156299212598
21
0.2820307874015748
0
LINE
8
BLACK
6
CONTINUOUS
10
0.1610156299212598
20
0.2820307874015748
11
0.1632755905511811
21
0.2824803149606299
0
LINE
8
BLACK
6
CONTINUOUS
10
0.1632755905511811
20
0.2824803149606299
11
0.2183937007874016
21
0.2824803149606299
0
LINE
8
BLACK
6
CONTINUOUS
10
0.2183937007874016
20
0.2824803149606299
11
0.2206536614173228
21
0.2820307874015748
0
LINE
8
BLACK
6
CONTINUOUS
10
0.2206536614173228
20
0.2820307874015748
11
0.2225695275590551
21
0.2807506299212598
0
LINE
8
BLACK
6
CONTINUOUS
10
0.2225695275590551
20
0.2807506299212598
11
0.2238496850393701
21
0.2788347637795275
0
LINE
8
BLACK
6
CONTINUOUS
10
0.2238496850393701
20
0.2788347637795275
11
0.2239076771653543
21
0.2785433070866142
0
LINE
8
BLACK
6
CONTINUOUS
10
0.2239076771653543
20
0.2785433070866142
11
0.2368961811023622
21
0.2785433070866142
0
LINE
8
BLACK
6
CONTINUOUS
10
0.2368961811023622
20
0.2785433070866142
11
0.2372595669291339
21
0.2792564566929134
0
LINE
8
BLACK
6
CONTINUOUS
10
0.2372595669291339
20
0.2792564566929134
11
0.2407435433070866
21
0.2827404330708662
0
LINE
8
BLACK
6
CONTINUOUS
10
0.2407435433070866
20
0.2827404330708662
11
0.2451335826771653
21
0.2849772834645669
0
LINE
8
BLACK
6
CONTINUOUS
10
0.2451335826771653
20
0.2849772834645669
11
0.25
21
0.285748031496063
0
LINE
8
BLACK
6
CONTINUOUS
10
0.25
20
0.285748031496063
11
0.2548664173228347
21
0.2849772834645669
0
LINE
8
BLACK
6
CONTINUOUS
10
0.8088511811023622
20
0.3605836220472441
11
0.8115653543307086
21
0.3587700787401575
0
LINE
8
BLACK
6
CONTINUOUS
10
0.8115653543307086
20
0.3587700787401575
11
0.8133788976377953
21
0.356055905511811
0
LINE
8
BLACK
6
CONTINUOUS
10
0.8133788976377953
20
0.356055905511811
11
0.814015748031496
21
0.3528543307086614
0
LINE
8
BLACK
6
CONTINUOUS
10
0.814015748031496
20
0.3528543307086614
11
0.814015748031496
21
0.3361220472440945
0
LINE
8
BLACK
6
CONTINUOUS
10
0.814015748031496
20
0.3361220472440945
11
0.8133788976377953
21
0.3329204724409449
0
LINE
8
BLACK
6
CONTINUOUS
10
0.8133788976377953
20
0.3329204724409449
11
0.8115653543307086
21
0.3302062992125984
0
LINE
8
BLACK
6
CONTINUOUS
10
0.8115653543307086
20
0.3302062992125984
11
0.8088511811023622
21
0.3283927559055118
0
LINE
8
BLACK
6
CONTINUOUS
10
0.8088511811023622
20
0.3283927559055118
11
0.8056496062992126
21
0.327755905511811
0
LINE
8
BLACK
6
CONTINUOUS
10
0.8056496062992126
20
0.327755905511811
11
0.7475787401574803
21
0.327755905511811
0
LINE
8
BLACK
6
CONTINUOUS
10
0.7475787401574803
20
0.327755905511811
11
0.7443771653543307
21
0.3283927559055118
0
LINE
8
BLACK
6
CONTINUOUS
10
0.7443771653543307
20
0.3283927559055118
11
0.7416629921259842
21
0.3302062992125984
0
LINE
8
BLACK
6
CONTINUOUS
10
0.7416629921259842
20
0.3302062992125984
11
0.7398494488188976
21
0.3329204724409449
0
LINE
8
BLACK
6
CONTINUOUS
10
0.7398494488188976
20
0.3329204724409449
11
0.7392125984251968
21
0.3361220472440945
0
LINE
8
BLACK
6
CONTINUOUS
10
0.7392125984251968
20
0.3361220472440945
11
0.7392125984251968
21
0.3385826771653543
0
LINE
8
BLACK
6
CONTINUOUS
10
0.7392125984251968
20
0.3385826771653543
11
0.7319343307086614
21
0.3385826771653543
0
LINE
8
BLACK
6
CONTINUOUS
10
0.7319343307086614
20
0.3385826771653543
11
0.7157671653543307
21
0.3224155118110236
0
LINE
8
BLACK
6
CONTINUOUS
10
0.7157671653543307
20
0.3224155118110236
11
0.7157671653543307
21
0.2846123228346457
0
LINE
8
BLACK
6
CONTINUOUS
10
0.7157671653543307
20
0.2846123228346457
11
0.7191181102362204
21
0.2829048818897638
0
LINE
8
BLACK
6
CONTINUOUS
10
0.7191181102362204
20
0.2829048818897638
11
0.7226020866141732
21
0.279420905511811
0
LINE
8
BLACK
6
CONTINUOUS
10
0.7226020866141732
20
0.279420905511811
11
0.7248389370078741
21
0.2750308661417323
0
LINE
8
BLACK
6
CONTINUOUS
10
0.7248389370078741
20
0.2750308661417323
11
0.7256096850393701
21
0.2701644488188976
0
LINE
8
BLACK
6
CONTINUOUS
10
0.7256096850393701
20
0.2701644488188976
11
0.7248389370078741
21
0.265298031496063
0
LINE
8
BLACK
6
CONTINUOUS
10
0.7248389370078741
20
0.265298031496063
11
0.7226020866141732
21
0.2609079921259843
0
LINE
8
BLACK
6
CONTINUOUS
10
0.7226020866141732
20
0.2609079921259843
11
0.7191181102362204
21
0.2574240157480315
0
LINE
8
BLACK
6
CONTINUOUS
10
0.7191181102362204
20
0.2574240157480315
11
0.7147280708661418
21
0.2551871653543307
0
LINE
8
BLACK
6
CONTINUOUS
10
0.7147280708661418
20
0.2551871653543307
11
0.7098616535433071
21
0.2544164173228347
0
LINE
8
BLACK
6
CONTINUOUS
10
0.7098616535433071
20
0.2544164173228347
11
0.7049952362204724
21
0.2551871653543307
0
LINE
8
BLACK
6
CONTINUOUS
10
0.7049952362204724
20
0.2551871653543307
11
0.7006051968503937
21
0.2574240157480315
0
LINE
8
BLACK
6
CONTINUOUS
10
0.7006051968503937
20
0.2574240157480315
11
0.697121220472441
21
0.2609079921259843
0
LINE
8
BLACK
6
CONTINUOUS
10
0.697121220472441
20
0.2609079921259843
11
0.6948843700787402
21
0.265298031496063
0
LINE
8
BLACK
6
CONTINUOUS
10
0.6948843700787402
20
0.265298031496063
11
0.694113622047244
21
0.2701644488188976
0
LINE
8
BLACK
6
CONTINUOUS
10
0.694113622047244
20
0.2701644488188976
11
0.6948843700787402
21
0.2750308661417323
0
LINE
8
BLACK
6
CONTINUOUS
10
0.6948843700787402
20
0.2750308661417323
11
0.697121220472441
21
0.279420905511811
0
LINE
8
BLACK
6
CONTINUOUS
10
0.697121220472441
20
0.279420905511811
11
0.7006051968503937
21
0.2829048818897638
0
LINE
8
BLACK
6
CONTINUOUS
10
0.7006051968503937
20
0.2829048818897638
11
0.7039561417322835
21
0.2846123228346457
0
LINE
8
BLACK
6
CONTINUOUS
10
0.7039561417322835
20
0.2846123228346457
11
0.7039561417322835
21
0.3248616535433071
0
LINE
8
BLACK
6
CONTINUOUS
10
0.7039561417322835
20
0.3248616535433071
11
0.7040696062992126
21
0.3260137795275591
0
LINE
8
BLACK
6
CONTINUOUS
10
0.7040696062992126
20
0.3260137795275591
11
0.7046140157480315
21
0.3273280708661417
0
LINE
8
BLACK
6
CONTINUOUS
10
0.7046140157480315
20
0.3273280708661417
11
0.7049513779527559
21
0.3281425590551181
0
LINE
8
BLACK
6
CONTINUOUS
10
0.7049513779527559
20
0.3281425590551181
11
0.7056858267716535
21
0.3290374803149606
0
LINE
8
BLACK
6
CONTINUOUS
10
0.7056858267716535
20
0.3290374803149606
11
0.7253123622047244
21
0.3486640157480315
0
LINE
8
BLACK
6
CONTINUOUS
10
0.7253123622047244
20
0.3486640157480315
11
0.7262072440944882
21
0.3493984645669291
0
LINE
8
BLACK
6
CONTINUOUS
10
0.7262072440944882
20
0.3493984645669291
11
0.7278910629921259
21
0.350095905511811
0
LINE
8
BLACK
6
CONTINUOUS
10
0.7278910629921259
20
0.350095905511811
11
0.7283360629921259
21
0.3502802362204724
0
LINE
8
BLACK
6
CONTINUOUS
10
0.7283360629921259
20
0.3502802362204724
11
0.7294881889763779
21
0.3503937007874016
0
LINE
8
BLACK
6
CONTINUOUS
10
0.7294881889763779
20
0.3503937007874016
11
0.7392125984251968
21
0.3503937007874016
0
LINE
8
BLACK
6
CONTINUOUS
10
0.7392125984251968
20
0.3503937007874016
11
0.7392125984251968
21
0.3528543307086614
0
LINE
8
BLACK
6
CONTINUOUS
10
0.7392125984251968
20
0.3528543307086614
11
0.7398494488188976
21
0.356055905511811
0
LINE
8
BLACK
6
CONTINUOUS
10
0.7398494488188976
20
0.356055905511811
11
0.7416629921259842
21
0.3587700787401575
0
LINE
8
BLACK
6
CONTINUOUS
10
0.7416629921259842
20
0.3587700787401575
11
0.7443771653543307
21
0.3605836220472441
0
LINE
8
BLACK
6
CONTINUOUS
10
0.7443771653543307
20
0.3605836220472441
11
0.7475787401574803
21
0.3612204724409449
0
LINE
8
BLACK
6
CONTINUOUS
10
0.7475787401574803
20
0.3612204724409449
11
0.8056496062992126
21
0.3612204724409449
0
LINE
8
BLACK
6
CONTINUOUS
10
0.8056496062992126
20
0.3612204724409449
11
0.8088511811023622
21
0.3605836220472441
0
LINE
8
BLACK
6
CONTINUOUS
10
0.2206536614173228
20
0.3312433858267717
11
0.2225695275590551
21
0.3299632283464567
0
LINE
8
BLACK
6
CONTINUOUS
10
0.2225695275590551
20
0.3299632283464567
11
0.2238496850393701
21
0.3280473622047244
0
LINE
8
BLACK
6
CONTINUOUS
10
0.2238496850393701
20
0.3280473622047244
11
0.2239076771653543
21
0.327755905511811
0
LINE
8
BLACK
6
CONTINUOUS
10
0.2239076771653543
20
0.327755905511811
11
0.2596850393700788
21
0.327755905511811
0
LINE
8
BLACK
6
CONTINUOUS
10
0.2596850393700788
20
0.327755905511811
11
0.2610294488188976
21
0.3276235039370078
0
LINE
8
BLACK
6
CONTINUOUS
10
0.2610294488188976
20
0.3276235039370078
11
0.2617083858267716
21
0.3279694094488189
0
LINE
8
BLACK
6
CONTINUOUS
10
0.2617083858267716
20
0.3279694094488189
11
0.2665748031496063
21
0.3287401574803149
0
LINE
8
BLACK
6
CONTINUOUS
10
0.2665748031496063
20
0.3287401574803149
11
0.271441220472441
21
0.3279694094488189
0
LINE
8
BLACK
6
CONTINUOUS
10
0.271441220472441
20
0.3279694094488189
11
0.2758312598425197
21
0.3257325590551181
0
LINE
8
BLACK
6
CONTINUOUS
10
0.2758312598425197
20
0.3257325590551181
11
0.2793152362204724
21
0.3222485826771653
0
LINE
8
BLACK
6
CONTINUOUS
10
0.2793152362204724
20
0.3222485826771653
11
0.2815520866141732
21
0.3178585433070866
0
LINE
8
BLACK
6
CONTINUOUS
10
0.2815520866141732
20
0.3178585433070866
11
0.2823228346456693
21
0.312992125984252
0
LINE
8
BLACK
6
CONTINUOUS
10
0.2823228346456693
20
0.312992125984252
11
0.2815520866141732
21
0.3081257086614173
0
LINE
8
BLACK
6
CONTINUOUS
10
0.2815520866141732
20
0.3081257086614173
11
0.2793152362204724
21
0.3037356692913386
0
LINE
8
BLACK
6
CONTINUOUS
10
0.2793152362204724
20
0.3037356692913386
11
0.2758312598425197
21
0.3002516929133858
0
LINE
8
BLACK
6
CONTINUOUS
10
0.2758312598425197
20
0.3002516929133858
11
0.271441220472441
21
0.298014842519685
0
LINE
8
BLACK
6
CONTINUOUS
10
0.271441220472441
20
0.298014842519685
11
0.2665748031496063
21
0.2972440944881889
0
LINE
8
BLACK
6
CONTINUOUS
10
0.2665748031496063
20
0.2972440944881889
11
0.2617083858267716
21
0.298014842519685
0
LINE
8
BLACK
6
CONTINUOUS
10
0.2617083858267716
20
0.298014842519685
11
0.2573183464566929
21
0.3002516929133858
0
LINE
8
BLACK
6
CONTINUOUS
10
0.2573183464566929
20
0.3002516929133858
11
0.2538343700787402
21
0.3037356692913386
0
LINE
8
BLACK
6
CONTINUOUS
10
0.2538343700787402
20
0.3037356692913386
11
0.2515975196850394
21
0.3081257086614173
0
LINE
8
BLACK
6
CONTINUOUS
10
0.2515975196850394
20
0.3081257086614173
11
0.2509826771653543
21
0.312007874015748
0
LINE
8
BLACK
6
CONTINUOUS
10
0.2509826771653543
20
0.312007874015748
11
0.2239076771653543
21
0.312007874015748
0
LINE
8
BLACK
6
CONTINUOUS
10
0.2239076771653543
20
0.312007874015748
11
0.2238496850393701
21
0.3117164173228346
0
LINE
8
BLACK
6
CONTINUOUS
10
0.2238496850393701
20
0.3117164173228346
11
0.2225695275590551
21
0.3098005511811023
0
LINE
8
BLACK
6
CONTINUOUS
10
0.2225695275590551
20
0.3098005511811023
11
0.2206536614173228
21
0.3085203937007874
0
LINE
8
BLACK
6
CONTINUOUS
10
0.2206536614173228
20
0.3085203937007874
11
0.2183937007874016
21
0.3080708661417323
0
LINE
8
BLACK
6
CONTINUOUS
10
0.2183937007874016
20
0.3080708661417323
11
0.1632755905511811
21
0.3080708661417323
0
LINE
8
BLACK
6
CONTINUOUS
10
0.1632755905511811
20
0.3080708661417323
11
0.1610156299212598
21
0.3085203937007874
0
LINE
8
BLACK
6
CONTINUOUS
10
0.1610156299212598
20
0.3085203937007874
11
0.1590997637795276
21
0.3098005511811023
0
LINE
8
BLACK
6
CONTINUOUS
10
0.1590997637795276
20
0.3098005511811023
11
0.1578196062992126
21
0.3117164173228346
0
LINE
8
BLACK
6
CONTINUOUS
10
0.1578196062992126
20
0.3117164173228346
11
0.1577616141732283
21
0.312007874015748
0
LINE
8
BLACK
6
CONTINUOUS
10
0.1577616141732283
20
0.312007874015748
11
0.1231434251968504
21
0.312007874015748
0
LINE
8
BLACK
6
CONTINUOUS
10
0.1231434251968504
20
0.312007874015748
11
0.1200787401574803
21
0.3089432283464567
0
LINE
8
BLACK
6
CONTINUOUS
10
0.1200787401574803
20
0.3089432283464567
11
0.1200787401574803
21
0.2841141338582677
0
LINE
8
BLACK
6
CONTINUOUS
10
0.1200787401574803
20
0.2841141338582677
11
0.1214611811023622
21
0.2834097244094488
0
LINE
8
BLACK
6
CONTINUOUS
10
0.1214611811023622
20
0.2834097244094488
11
0.124945157480315
21
0.2799257480314961
0
LINE
8
BLACK
6
CONTINUOUS
10
0.124945157480315
20
0.2799257480314961
11
0.1271820078740157
21
0.2755357086614173
0
LINE
8
BLACK
6
CONTINUOUS
10
0.1271820078740157
20
0.2755357086614173
11
0.1279527559055118
21
0.2706692913385827
0
LINE
8
BLACK
6
CONTINUOUS
10
0.1279527559055118
20
0.2706692913385827
11
0.1271820078740157
21
0.265802874015748
0
LINE
8
BLACK
6
CONTINUOUS
10
0.1271820078740157
20
0.265802874015748
11
0.124945157480315
21
0.2614128346456693
0
LINE
8
BLACK
6
CONTINUOUS
10
0.124945157480315
20
0.2614128346456693
11
0.1214611811023622
21
0.2579288582677166
0
LINE
8
BLACK
6
CONTINUOUS
10
0.1214611811023622
20
0.2579288582677166
11
0.1170711417322835
21
0.2556920078740157
0
LINE
8
BLACK
6
CONTINUOUS
10
0.1170711417322835
20
0.2556920078740157
11
0.1122047244094488
21
0.2549212598425197
0
LINE
8
BLACK
6
CONTINUOUS
10
0.1122047244094488
20
0.2549212598425197
11
0.1073383070866142
21
0.2556920078740157
0
LINE
8
BLACK
6
CONTINUOUS
10
0.1073383070866142
20
0.2556920078740157
11
0.1029482677165354
21
0.2579288582677166
0
LINE
8
BLACK
6
CONTINUOUS
10
0.1029482677165354
20
0.2579288582677166
11
0.0994642913385827
21
0.2614128346456693
0
LINE
8
BLACK
6
CONTINUOUS
10
0.0994642913385827
20
0.2614128346456693
11
0.0972274409448819
21
0.265802874015748
0
LINE
8
BLACK
6
CONTINUOUS
10
0.0972274409448819
20
0.265802874015748
11
0.0964566929133858
21
0.2706692913385827
0
LINE
8
BLACK
6
CONTINUOUS
10
0.0964566929133858
20
0.2706692913385827
11
0.0972274409448819
21
0.2755357086614173
0
LINE
8
BLACK
6
CONTINUOUS
10
0.0972274409448819
20
0.2755357086614173
11
0.0994642913385827
21
0.2799257480314961
0
LINE
8
BLACK
6
CONTINUOUS
10
0.0994642913385827
20
0.2799257480314961
11
0.1029482677165354
21
0.2834097244094488
0
LINE
8
BLACK
6
CONTINUOUS
10
0.1029482677165354
20
0.2834097244094488
11
0.1043307086614173
21
0.2841141338582677
0
LINE
8
BLACK
6
CONTINUOUS
10
0.1043307086614173
20
0.2841141338582677
11
0.1043307086614173
21
0.3122047244094488
0
LINE
8
BLACK
6
CONTINUOUS
10
0.1043307086614173
20
0.3122047244094488
11
0.1044820078740158
21
0.3137408661417323
0
LINE
8
BLACK
6
CONTINUOUS
10
0.1044820078740158
20
0.3137408661417323
11
0.1056577165354331
21
0.3165792913385826
0
LINE
8
BLACK
6
CONTINUOUS
10
0.1056577165354331
20
0.3165792913385826
11
0.106636968503937
21
0.3177724803149606
0
LINE
8
BLACK
6
CONTINUOUS
10
0.106636968503937
20
0.3177724803149606
11
0.1143141338582677
21
0.3254496850393701
0
LINE
8
BLACK
6
CONTINUOUS
10
0.1143141338582677
20
0.3254496850393701
11
0.1155073228346457
21
0.3264288976377953
0
LINE
8
BLACK
6
CONTINUOUS
10
0.1155073228346457
20
0.3264288976377953
11
0.1183457480314961
21
0.3276046062992126
0
LINE
8
BLACK
6
CONTINUOUS
10
0.1183457480314961
20
0.3276046062992126
11
0.1198818897637795
21
0.327755905511811
0
LINE
8
BLACK
6
CONTINUOUS
10
0.1198818897637795
20
0.327755905511811
11
0.1577616141732283
21
0.327755905511811
0
LINE
8
BLACK
6
CONTINUOUS
10
0.1577616141732283
20
0.327755905511811
11
0.1578196062992126
21
0.3280473622047244
0
LINE
8
BLACK
6
CONTINUOUS
10
0.1578196062992126
20
0.3280473622047244
11
0.1590997637795276
21
0.3299632283464567
0
LINE
8
BLACK
6
CONTINUOUS
10
0.1590997637795276
20
0.3299632283464567
11
0.1610156299212598
21
0.3312433858267717
0
LINE
8
BLACK
6
CONTINUOUS
10
0.1610156299212598
20
0.3312433858267717
11
0.1632755905511811
21
0.3316929133858267
0
LINE
8
BLACK
6
CONTINUOUS
10
0.1632755905511811
20
0.3316929133858267
11
0.2183937007874016
21
0.3316929133858267
0
LINE
8
BLACK
6
CONTINUOUS
10
0.2183937007874016
20
0.3316929133858267
11
0.2206536614173228
21
0.3312433858267717
0
LINE
8
BLACK
6
CONTINUOUS
10
0.8088511811023622
20
0.4097962204724409
11
0.8115653543307086
21
0.4079826771653543
0
LINE
8
BLACK
6
CONTINUOUS
10
0.8115653543307086
20
0.4079826771653543
11
0.8133788976377953
21
0.4052685039370079
0
LINE
8
BLACK
6
CONTINUOUS
10
0.8133788976377953
20
0.4052685039370079
11
0.814015748031496
21
0.4020669291338583
0
LINE
8
BLACK
6
CONTINUOUS
10
0.814015748031496
20
0.4020669291338583
11
0.814015748031496
21
0.3853346456692913
0
LINE
8
BLACK
6
CONTINUOUS
10
0.814015748031496
20
0.3853346456692913
11
0.8133788976377953
21
0.3821330708661417
0
LINE
8
BLACK
6
CONTINUOUS
10
0.8133788976377953
20
0.3821330708661417
11
0.8115653543307086
21
0.3794188976377953
0
LINE
8
BLACK
6
CONTINUOUS
10
0.8115653543307086
20
0.3794188976377953
11
0.8088511811023622
21
0.3776053543307086
0
LINE
8
BLACK
6
CONTINUOUS
10
0.8088511811023622
20
0.3776053543307086
11
0.8056496062992126
21
0.3769685039370079
0
LINE
8
BLACK
6
CONTINUOUS
10
0.8056496062992126
20
0.3769685039370079
11
0.7475787401574803
21
0.3769685039370079
0
LINE
8
BLACK
6
CONTINUOUS
10
0.7475787401574803
20
0.3769685039370079
11
0.7443771653543307
21
0.3776053543307086
0
LINE
8
BLACK
6
CONTINUOUS
10
0.7443771653543307
20
0.3776053543307086
11
0.7416629921259842
21
0.3794188976377953
0
LINE
8
BLACK
6
CONTINUOUS
10
0.7416629921259842
20
0.3794188976377953
11
0.7398494488188976
21
0.3821330708661417
0
LINE
8
BLACK
6
CONTINUOUS
10
0.7398494488188976
20
0.3821330708661417
11
0.7392125984251968
21
0.3853346456692913
0
LINE
8
BLACK
6
CONTINUOUS
10
0.7392125984251968
20
0.3853346456692913
11
0.7392125984251968
21
0.3877952755905512
0
LINE
8
BLACK
6
CONTINUOUS
10
0.7392125984251968
20
0.3877952755905512
11
0.7314028346456692
21
0.3877952755905512
0
LINE
8
BLACK
6
CONTINUOUS
10
0.7314028346456692
20
0.3877952755905512
11
0.6954331496062992
21
0.3518255905511811
0
LINE
8
BLACK
6
CONTINUOUS
10
0.6954331496062992
20
0.3518255905511811
11
0.6954331496062992
21
0.292769251968504
0
LINE
8
BLACK
6
CONTINUOUS
10
0.6954331496062992
20
0.292769251968504
11
0.69531968503937
21
0.2916171653543307
0
LINE
8
BLACK
6
CONTINUOUS
10
0.69531968503937
20
0.2916171653543307
11
0.6944379133858267
21
0.2894883070866142
0
LINE
8
BLACK
6
CONTINUOUS
10
0.6944379133858267
20
0.2894883070866142
11
0.6937034645669291
21
0.2885934251968504
0
LINE
8
BLACK
6
CONTINUOUS
10
0.6937034645669291
20
0.2885934251968504
11
0.6714066535433071
21
0.2662966141732284
0
LINE
8
BLACK
6
CONTINUOUS
10
0.6714066535433071
20
0.2662966141732284
11
0.6705117322834645
21
0.2655621653543307
0
LINE
8
BLACK
6
CONTINUOUS
10
0.6705117322834645
20
0.2655621653543307
11
0.6694770078740158
21
0.2651335826771654
0
LINE
8
BLACK
6
CONTINUOUS
10
0.6694770078740158
20
0.2651335826771654
11
0.6683829527559055
21
0.2646803937007874
0
LINE
8
BLACK
6
CONTINUOUS
10
0.6683829527559055
20
0.2646803937007874
11
0.6672308267716536
21
0.2645669291338583
0
LINE
8
BLACK
6
CONTINUOUS
10
0.6672308267716536
20
0.2645669291338583
11
0.6195267716535433
21
0.2645669291338583
0
LINE
8
BLACK
6
CONTINUOUS
10
0.6195267716535433
20
0.2645669291338583
11
0.6183746456692913
21
0.2646803937007874
0
LINE
8
BLACK
6
CONTINUOUS
10
0.6183746456692913
20
0.2646803937007874
11
0.6177511417322834
21
0.2649387007874016
0
LINE
8
BLACK
6
CONTINUOUS
10
0.6177511417322834
20
0.2649387007874016
11
0.6162458267716535
21
0.2655621653543307
0
LINE
8
BLACK
6
CONTINUOUS
10
0.6162458267716535
20
0.2655621653543307
11
0.6153509448818898
21
0.2662966141732284
0
LINE
8
BLACK
6
CONTINUOUS
10
0.6153509448818898
20
0.2662966141732284
11
0.5806541732283464
21
0.3009933858267717
0
LINE
8
BLACK
6
CONTINUOUS
10
0.5806541732283464
20
0.3009933858267717
11
0.5794887795275591
21
0.3003995669291338
0
LINE
8
BLACK
6
CONTINUOUS
10
0.5794887795275591
20
0.3003995669291338
11
0.5746223622047244
21
0.2996288188976378
0
LINE
8
BLACK
6
CONTINUOUS
10
0.5746223622047244
20
0.2996288188976378
11
0.5697559448818897
21
0.3003995669291338
0
LINE
8
BLACK
6
CONTINUOUS
10
0.5697559448818897
20
0.3003995669291338
11
0.565365905511811
21
0.3026364173228346
0
LINE
8
BLACK
6
CONTINUOUS
10
0.565365905511811
20
0.3026364173228346
11
0.5618819291338583
21
0.3061203937007874
0
LINE
8
BLACK
6
CONTINUOUS
10
0.5618819291338583
20
0.3061203937007874
11
0.5596450787401575
21
0.3105104330708661
0
LINE
8
BLACK
6
CONTINUOUS
10
0.5596450787401575
20
0.3105104330708661
11
0.5588743307086614
21
0.3153768503937008
0
LINE
8
BLACK
6
CONTINUOUS
10
0.5588743307086614
20
0.3153768503937008
11
0.5596450787401575
21
0.3202432677165354
0
LINE
8
BLACK
6
CONTINUOUS
10
0.5596450787401575
20
0.3202432677165354
11
0.5618819291338583
21
0.3246333070866141
0
LINE
8
BLACK
6
CONTINUOUS
10
0.5618819291338583
20
0.3246333070866141
11
0.565365905511811
21
0.3281172834645669
0
LINE
8
BLACK
6
CONTINUOUS
10
0.565365905511811
20
0.3281172834645669
11
0.5697559448818897
21
0.3303541338582677
0
LINE
8
BLACK
6
CONTINUOUS
10
0.5697559448818897
20
0.3303541338582677
11
0.5740944881889763
21
0.3310412992125984
0
LINE
8
BLACK
6
CONTINUOUS
10
0.5740944881889763
20
0.3310412992125984
11
0.5740944881889763
21
0.3367716535433071
0
LINE
8
BLACK
6
CONTINUOUS
10
0.5740944881889763
20
0.3367716535433071
11
0.5699114173228347
21
0.3367716535433071
0
LINE
8
BLACK
6
CONTINUOUS
10
0.5699114173228347
20
0.3367716535433071
11
0.5666156692913386
21
0.3374272047244095
0
LINE
8
BLACK
6
CONTINUOUS
10
0.5666156692913386
20
0.3374272047244095
11
0.563821653543307
21
0.339294094488189
0
LINE
8
BLACK
6
CONTINUOUS
10
0.563821653543307
20
0.339294094488189
11
0.5619547637795276
21
0.3420881102362205
0
LINE
8
BLACK
6
CONTINUOUS
10
0.5619547637795276
20
0.3420881102362205
11
0.5612992125984252
21
0.3453838582677165
0
LINE
8
BLACK
6
CONTINUOUS
10
0.5612992125984252
20
0.3453838582677165
11
0.5612992125984252
21
0.3626082677165354
0
LINE
8
BLACK
6
CONTINUOUS
10
0.5612992125984252
20
0.3626082677165354
11
0.5619547637795276
21
0.3659040157480315
0
LINE
8
BLACK
6
CONTINUOUS
10
0.5619547637795276
20
0.3659040157480315
11
0.563821653543307
21
0.368698031496063
0
LINE
8
BLACK
6
CONTINUOUS
10
0.563821653543307
20
0.368698031496063
11
0.5666156692913386
21
0.3705649212598425
0
LINE
8
BLACK
6
CONTINUOUS
10
0.5666156692913386
20
0.3705649212598425
11
0.5699114173228347
21
0.3712204724409449
0
LINE
8
BLACK
6
CONTINUOUS
10
0.5699114173228347
20
0.3712204724409449
11
0.5900885826771654
21
0.3712204724409449
0
LINE
8
BLACK
6
CONTINUOUS
10
0.5900885826771654
20
0.3712204724409449
11
0.5933843307086614
21
0.3705649212598425
0
LINE
8
BLACK
6
CONTINUOUS
10
0.5933843307086614
20
0.3705649212598425
11
0.5961783464566929
21
0.368698031496063
0
LINE
8
BLACK
6
CONTINUOUS
10
0.5961783464566929
20
0.368698031496063
11
0.5980452362204725
21
0.3659040157480315
0
LINE
8
BLACK
6
CONTINUOUS
10
0.5980452362204725
20
0.3659040157480315
11
0.5987007874015748
21
0.3626082677165354
0
LINE
8
BLACK
6
CONTINUOUS
10
0.5987007874015748
20
0.3626082677165354
11
0.5987007874015748
21
0.3453838582677165
0
LINE
8
BLACK
6
CONTINUOUS
10
0.5987007874015748
20
0.3453838582677165
11
0.5980452362204725
21
0.3420881102362205
0
LINE
8
BLACK
6
CONTINUOUS
10
0.5980452362204725
20
0.3420881102362205
11
0.5961783464566929
21
0.339294094488189
0
LINE
8
BLACK
6
CONTINUOUS
10
0.5961783464566929
20
0.339294094488189
11
0.5933843307086614
21
0.3374272047244095
0
LINE
8
BLACK
6
CONTINUOUS
10
0.5933843307086614
20
0.3374272047244095
11
0.5900885826771654
21
0.3367716535433071
0
LINE
8
BLACK
6
CONTINUOUS
10
0.5900885826771654
20
0.3367716535433071
11
0.5859055118110236
21
0.3367716535433071
0
LINE
8
BLACK
6
CONTINUOUS
10
0.5859055118110236
20
0.3367716535433071
11
0.5859055118110236
21
0.3260905905511811
0
LINE
8
BLACK
6
CONTINUOUS
10
0.5859055118110236
20
0.3260905905511811
11
0.5873627952755905
21
0.3246333070866141
0
LINE
8
BLACK
6
CONTINUOUS
10
0.5873627952755905
20
0.3246333070866141
11
0.5895996456692914
21
0.3202432677165354
0
LINE
8
BLACK
6
CONTINUOUS
10
0.5895996456692914
20
0.3202432677165354
11
0.5903703937007874
21
0.3153768503937008
0
LINE
8
BLACK
6
CONTINUOUS
10
0.5903703937007874
20
0.3153768503937008
11
0.5895996456692914
21
0.3105104330708661
0
LINE
8
BLACK
6
CONTINUOUS
10
0.5895996456692914
20
0.3105104330708661
11
0.5890058267716536
21
0.3093450393700787
0
LINE
8
BLACK
6
CONTINUOUS
10
0.5890058267716536
20
0.3093450393700787
11
0.6219729133858267
21
0.2763779527559055
0
LINE
8
BLACK
6
CONTINUOUS
10
0.6219729133858267
20
0.2763779527559055
11
0.66478468503937
21
0.2763779527559055
0
LINE
8
BLACK
6
CONTINUOUS
10
0.66478468503937
20
0.2763779527559055
11
0.683622125984252
21
0.2952153937007874
0
LINE
8
BLACK
6
CONTINUOUS
10
0.683622125984252
20
0.2952153937007874
11
0.683622125984252
21
0.3542717322834645
0
LINE
8
BLACK
6
CONTINUOUS
10
0.683622125984252
20
0.3542717322834645
11
0.683735590551181
21
0.3554238582677166
0
LINE
8
BLACK
6
CONTINUOUS
10
0.683735590551181
20
0.3554238582677166
11
0.684503188976378
21
0.357276968503937
0
LINE
8
BLACK
6
CONTINUOUS
10
0.684503188976378
20
0.357276968503937
11
0.6846173622047244
21
0.3575526377952756
0
LINE
8
BLACK
6
CONTINUOUS
10
0.6846173622047244
20
0.3575526377952756
11
0.6853518110236221
21
0.3584475590551181
0
LINE
8
BLACK
6
CONTINUOUS
10
0.6853518110236221
20
0.3584475590551181
11
0.7247808661417323
21
0.3978766141732283
0
LINE
8
BLACK
6
CONTINUOUS
10
0.7247808661417323
20
0.3978766141732283
11
0.7256757874015748
21
0.398611062992126
0
LINE
8
BLACK
6
CONTINUOUS
10
0.7256757874015748
20
0.398611062992126
11
0.7275392125984251
21
0.3993829133858268
0
LINE
8
BLACK
6
CONTINUOUS
10
0.7275392125984251
20
0.3993829133858268
11
0.7278045669291339
21
0.3994928346456693
0
LINE
8
BLACK
6
CONTINUOUS
10
0.7278045669291339
20
0.3994928346456693
11
0.7289566929133858
21
0.3996062992125984
0
LINE
8
BLACK
6
CONTINUOUS
10
0.7289566929133858
20
0.3996062992125984
11
0.7392125984251968
21
0.3996062992125984
0
LINE
8
BLACK
6
CONTINUOUS
10
0.7392125984251968
20
0.3996062992125984
11
0.7392125984251968
21
0.4020669291338583
0
LINE
8
BLACK
6
CONTINUOUS
10
0.7392125984251968
20
0.4020669291338583
11
0.7398494488188976
21
0.4052685039370079
0
LINE
8
BLACK
6
CONTINUOUS
10
0.7398494488188976
20
0.4052685039370079
11
0.7416629921259842
21
0.4079826771653543
0
LINE
8
BLACK
6
CONTINUOUS
10
0.7416629921259842
20
0.4079826771653543
11
0.7443771653543307
21
0.4097962204724409
0
LINE
8
BLACK
6
CONTINUOUS
10
0.7443771653543307
20
0.4097962204724409
11
0.7475787401574803
21
0.4104330708661417
0
LINE
8
BLACK
6
CONTINUOUS
10
0.7475787401574803
20
0.4104330708661417
11
0.8056496062992126
21
0.4104330708661417
0
LINE
8
BLACK
6
CONTINUOUS
10
0.8056496062992126
20
0.4104330708661417
11
0.8088511811023622
21
0.4097962204724409
0
LINE
8
BLACK
6
CONTINUOUS
10
0.8088511811023622
20
0.3113710236220472
11
0.8115653543307086
21
0.3095574803149606
0
LINE
8
BLACK
6
CONTINUOUS
10
0.8115653543307086
20
0.3095574803149606
11
0.8133788976377953
21
0.3068433070866142
0
LINE
8
BLACK
6
CONTINUOUS
10
0.8133788976377953
20
0.3068433070866142
11
0.814015748031496
21
0.3036417322834646
0
LINE
8
BLACK
6
CONTINUOUS
10
0.814015748031496
20
0.3036417322834646
11
0.814015748031496
21
0.2869094488188976
0
LINE
8
BLACK
6
CONTINUOUS
10
0.814015748031496
20
0.2869094488188976
11
0.8133788976377953
21
0.283707874015748
0
LINE
8
BLACK
6
CONTINUOUS
10
0.8133788976377953
20
0.283707874015748
11
0.8115653543307086
21
0.2809937007874015
0
LINE
8
BLACK
6
CONTINUOUS
10
0.8115653543307086
20
0.2809937007874015
11
0.8088511811023622
21
0.2791801574803149
0
LINE
8
BLACK
6
CONTINUOUS
10
0.8088511811023622
20
0.2791801574803149
11
0.8056496062992126
21
0.2785433070866142
0
LINE
8
BLACK
6
CONTINUOUS
10
0.8056496062992126
20
0.2785433070866142
11
0.7475787401574803
21
0.2785433070866142
0
LINE
8
BLACK
6
CONTINUOUS
10
0.7475787401574803
20
0.2785433070866142
11
0.7443771653543307
21
0.2791801574803149
0
LINE
8
BLACK
6
CONTINUOUS
10
0.7443771653543307
20
0.2791801574803149
11
0.7416629921259842
21
0.2809937007874015
0
LINE
8
BLACK
6
CONTINUOUS
10
0.7416629921259842
20
0.2809937007874015
11
0.7398494488188976
21
0.283707874015748
0
LINE
8
BLACK
6
CONTINUOUS
10
0.7398494488188976
20
0.283707874015748
11
0.7392125984251968
21
0.2869094488188976
0
LINE
8
BLACK
6
CONTINUOUS
10
0.7392125984251968
20
0.2869094488188976
11
0.7392125984251968
21
0.3036417322834646
0
LINE
8
BLACK
6
CONTINUOUS
10
0.7392125984251968
20
0.3036417322834646
11
0.7398494488188976
21
0.3068433070866142
0
LINE
8
BLACK
6
CONTINUOUS
10
0.7398494488188976
20
0.3068433070866142
11
0.7416629921259842
21
0.3095574803149606
0
LINE
8
BLACK
6
CONTINUOUS
10
0.7416629921259842
20
0.3095574803149606
11
0.7443771653543307
21
0.3113710236220472
0
LINE
8
BLACK
6
CONTINUOUS
10
0.7443771653543307
20
0.3113710236220472
11
0.7475787401574803
21
0.312007874015748
0
LINE
8
BLACK
6
CONTINUOUS
10
0.7475787401574803
20
0.312007874015748
11
0.8056496062992126
21
0.312007874015748
0
LINE
8
BLACK
6
CONTINUOUS
10
0.8056496062992126
20
0.312007874015748
11
0.8088511811023622
21
0.3113710236220472
0
LINE
8
BLACK
6
CONTINUOUS
10
1.1356228346456692
20
0.3113710236220472
11
1.1383370078740158
21
0.3095574803149606
0
LINE
8
BLACK
6
CONTINUOUS
10
1.1383370078740158
20
0.3095574803149606
11
1.1401505511811023
21
0.3068433070866142
0
LINE
8
BLACK
6
CONTINUOUS
10
1.1401505511811023
20
0.3068433070866142
11
1.1407874015748032
21
0.3036417322834646
0
LINE
8
BLACK
6
CONTINUOUS
10
1.1407874015748032
20
0.3036417322834646
11
1.1407874015748032
21
0.2869094488188976
0
LINE
8
BLACK
6
CONTINUOUS
10
1.1407874015748032
20
0.2869094488188976
11
1.1401505511811023
21
0.283707874015748
0
LINE
8
BLACK
6
CONTINUOUS
10
1.1401505511811023
20
0.283707874015748
11
1.1383370078740158
21
0.2809937007874015
0
LINE
8
BLACK
6
CONTINUOUS
10
1.1383370078740158
20
0.2809937007874015
11
1.1356228346456692
21
0.2791801574803149
0
LINE
8
BLACK
6
CONTINUOUS
10
1.1356228346456692
20
0.2791801574803149
11
1.1324212598425196
21
0.2785433070866142
0
LINE
8
BLACK
6
CONTINUOUS
10
1.1324212598425196
20
0.2785433070866142
11
1.0743503937007874
21
0.2785433070866142
0
LINE
8
BLACK
6
CONTINUOUS
10
1.0743503937007874
20
0.2785433070866142
11
1.0711488188976377
21
0.2791801574803149
0
LINE
8
BLACK
6
CONTINUOUS
10
1.0711488188976377
20
0.2791801574803149
11
1.0684346456692912
21
0.2809937007874015
0
LINE
8
BLACK
6
CONTINUOUS
10
1.0684346456692912
20
0.2809937007874015
11
1.0666211023622048
21
0.283707874015748
0
LINE
8
BLACK
6
CONTINUOUS
10
1.0666211023622048
20
0.283707874015748
11
1.0659842519685039
21
0.2869094488188976
0
LINE
8
BLACK
6
CONTINUOUS
10
1.0659842519685039
20
0.2869094488188976
11
1.0659842519685039
21
0.3036417322834646
0
LINE
8
BLACK
6
CONTINUOUS
10
1.0659842519685039
20
0.3036417322834646
11
1.0666211023622048
21
0.3068433070866142
0
LINE
8
BLACK
6
CONTINUOUS
10
1.0666211023622048
20
0.3068433070866142
11
1.0684346456692912
21
0.3095574803149606
0
LINE
8
BLACK
6
CONTINUOUS
10
1.0684346456692912
20
0.3095574803149606
11
1.0711488188976377
21
0.3113710236220472
0
LINE
8
BLACK
6
CONTINUOUS
10
1.0711488188976377
20
0.3113710236220472
11
1.0743503937007874
21
0.312007874015748
0
LINE
8
BLACK
6
CONTINUOUS
10
1.0743503937007874
20
0.312007874015748
11
1.1324212598425196
21
0.312007874015748
0
LINE
8
BLACK
6
CONTINUOUS
10
1.1324212598425196
20
0.312007874015748
11
1.1356228346456692
21
0.3113710236220472
0
LINE
8
BLACK
6
CONTINUOUS
10
0.6683843307086614
20
0.3705649212598425
11
0.6711783464566929
21
0.368698031496063
0
LINE
8
BLACK
6
CONTINUOUS
10
0.6711783464566929
20
0.368698031496063
11
0.6730452362204724
21
0.3659040157480315
0
LINE
8
BLACK
6
CONTINUOUS
10
0.6730452362204724
20
0.3659040157480315
11
0.6737007874015748
21
0.3626082677165354
0
LINE
8
BLACK
6
CONTINUOUS
10
0.6737007874015748
20
0.3626082677165354
11
0.6737007874015748
21
0.3453838582677165
0
LINE
8
BLACK
6
CONTINUOUS
10
0.6737007874015748
20
0.3453838582677165
11
0.6730452362204724
21
0.3420881102362205
0
LINE
8
BLACK
6
CONTINUOUS
10
0.6730452362204724
20
0.3420881102362205
11
0.6711783464566929
21
0.339294094488189
0
LINE
8
BLACK
6
CONTINUOUS
10
0.6711783464566929
20
0.339294094488189
11
0.6683843307086614
21
0.3374272047244095
0
LINE
8
BLACK
6
CONTINUOUS
10
0.6683843307086614
20
0.3374272047244095
11
0.6650885826771653
21
0.3367716535433071
0
LINE
8
BLACK
6
CONTINUOUS
10
0.6650885826771653
20
0.3367716535433071
11
0.6609059055118111
21
0.3367716535433071
0
LINE
8
BLACK
6
CONTINUOUS
10
0.6609059055118111
20
0.3367716535433071
11
0.6609059055118111
21
0.319447874015748
0
LINE
8
BLACK
6
CONTINUOUS
10
0.6609059055118111
20
0.319447874015748
11
0.6642568503937007
21
0.3177404330708661
0
LINE
8
BLACK
6
CONTINUOUS
10
0.6642568503937007
20
0.3177404330708661
11
0.6677408267716535
21
0.3142564566929134
0
LINE
8
BLACK
6
CONTINUOUS
10
0.6677408267716535
20
0.3142564566929134
11
0.6699776771653543
21
0.3098664173228347
0
LINE
8
BLACK
6
CONTINUOUS
10
0.6699776771653543
20
0.3098664173228347
11
0.6707484251968504
21
0.305
0
LINE
8
BLACK
6
CONTINUOUS
10
0.6707484251968504
20
0.305
11
0.6699776771653543
21
0.3001335826771653
0
LINE
8
BLACK
6
CONTINUOUS
10
0.6699776771653543
20
0.3001335826771653
11
0.6677408267716535
21
0.2957435433070866
0
LINE
8
BLACK
6
CONTINUOUS
10
0.6677408267716535
20
0.2957435433070866
11
0.6642568503937007
21
0.2922595669291339
0
LINE
8
BLACK
6
CONTINUOUS
10
0.6642568503937007
20
0.2922595669291339
11
0.659866811023622
21
0.290022716535433
0
LINE
8
BLACK
6
CONTINUOUS
10
0.659866811023622
20
0.290022716535433
11
0.6550003937007874
21
0.289251968503937
0
LINE
8
BLACK
6
CONTINUOUS
10
0.6550003937007874
20
0.289251968503937
11
0.6501339763779528
21
0.290022716535433
0
LINE
8
BLACK
6
CONTINUOUS
10
0.6501339763779528
20
0.290022716535433
11
0.645743937007874
21
0.2922595669291339
0
LINE
8
BLACK
6
CONTINUOUS
10
0.645743937007874
20
0.2922595669291339
11
0.6422599606299213
21
0.2957435433070866
0
LINE
8
BLACK
6
CONTINUOUS
10
0.6422599606299213
20
0.2957435433070866
11
0.6400231102362205
21
0.3001335826771653
0
LINE
8
BLACK
6
CONTINUOUS
10
0.6400231102362205
20
0.3001335826771653
11
0.6392523622047244
21
0.305
0
LINE
8
BLACK
6
CONTINUOUS
10
0.6392523622047244
20
0.305
11
0.6400231102362205
21
0.3098664173228347
0
LINE
8
BLACK
6
CONTINUOUS
10
0.6400231102362205
20
0.3098664173228347
11
0.6422599606299213
21
0.3142564566929134
0
LINE
8
BLACK
6
CONTINUOUS
10
0.6422599606299213
20
0.3142564566929134
11
0.645743937007874
21
0.3177404330708661
0
LINE
8
BLACK
6
CONTINUOUS
10
0.645743937007874
20
0.3177404330708661
11
0.6490948818897637
21
0.319447874015748
0
LINE
8
BLACK
6
CONTINUOUS
10
0.6490948818897637
20
0.319447874015748
11
0.6490948818897637
21
0.3367716535433071
0
LINE
8
BLACK
6
CONTINUOUS
10
0.6490948818897637
20
0.3367716535433071
11
0.6449114173228346
21
0.3367716535433071
0
LINE
8
BLACK
6
CONTINUOUS
10
0.6449114173228346
20
0.3367716535433071
11
0.6416156692913386
21
0.3374272047244095
0
LINE
8
BLACK
6
CONTINUOUS
10
0.6416156692913386
20
0.3374272047244095
11
0.6388216535433071
21
0.339294094488189
0
LINE
8
BLACK
6
CONTINUOUS
10
0.6388216535433071
20
0.339294094488189
11
0.6369547637795275
21
0.3420881102362205
0
LINE
8
BLACK
6
CONTINUOUS
10
0.6369547637795275
20
0.3420881102362205
11
0.6362992125984251
21
0.3453838582677165
0
LINE
8
BLACK
6
CONTINUOUS
10
0.6362992125984251
20
0.3453838582677165
11
0.6362992125984251
21
0.3626082677165354
0
LINE
8
BLACK
6
CONTINUOUS
10
0.6362992125984251
20
0.3626082677165354
11
0.6369547637795275
21
0.3659040157480315
0
LINE
8
BLACK
6
CONTINUOUS
10
0.6369547637795275
20
0.3659040157480315
11
0.6388216535433071
21
0.368698031496063
0
LINE
8
BLACK
6
CONTINUOUS
10
0.6388216535433071
20
0.368698031496063
11
0.6416156692913386
21
0.3705649212598425
0
LINE
8
BLACK
6
CONTINUOUS
10
0.6416156692913386
20
0.3705649212598425
11
0.6449114173228346
21
0.3712204724409449
0
LINE
8
BLACK
6
CONTINUOUS
10
0.6449114173228346
20
0.3712204724409449
11
0.6650885826771653
21
0.3712204724409449
0
LINE
8
BLACK
6
CONTINUOUS
10
0.6650885826771653
20
0.3712204724409449
11
0.6683843307086614
21
0.3705649212598425
0
LINE
8
BLACK
6
CONTINUOUS
10
1.1356228346456692
20
0.3605836220472441
11
1.1383370078740158
21
0.3587700787401575
0
LINE
8
BLACK
6
CONTINUOUS
10
1.1383370078740158
20
0.3587700787401575
11
1.1401505511811023
21
0.356055905511811
0
LINE
8
BLACK
6
CONTINUOUS
10
1.1401505511811023
20
0.356055905511811
11
1.1407874015748032
21
0.3528543307086614
0
LINE
8
BLACK
6
CONTINUOUS
10
1.1407874015748032
20
0.3528543307086614
11
1.1407874015748032
21
0.3361220472440945
0
LINE
8
BLACK
6
CONTINUOUS
10
1.1407874015748032
20
0.3361220472440945
11
1.1401505511811023
21
0.3329204724409449
0
LINE
8
BLACK
6
CONTINUOUS
10
1.1401505511811023
20
0.3329204724409449
11
1.1383370078740158
21
0.3302062992125984
0
LINE
8
BLACK
6
CONTINUOUS
10
1.1383370078740158
20
0.3302062992125984
11
1.1356228346456692
21
0.3283927559055118
0
LINE
8
BLACK
6
CONTINUOUS
10
1.1356228346456692
20
0.3283927559055118
11
1.1324212598425196
21
0.327755905511811
0
LINE
8
BLACK
6
CONTINUOUS
10
1.1324212598425196
20
0.327755905511811
11
1.0743503937007874
21
0.327755905511811
0
LINE
8
BLACK
6
CONTINUOUS
10
1.0743503937007874
20
0.327755905511811
11
1.0711488188976377
21
0.3283927559055118
0
LINE
8
BLACK
6
CONTINUOUS
10
1.0711488188976377
20
0.3283927559055118
11
1.0684346456692912
21
0.3302062992125984
0
LINE
8
BLACK
6
CONTINUOUS
10
1.0684346456692912
20
0.3302062992125984
11
1.0666211023622048
21
0.3329204724409449
0
LINE
8
BLACK
6
CONTINUOUS
10
1.0666211023622048
20
0.3329204724409449
11
1.0659842519685039
21
0.3361220472440945
0
LINE
8
BLACK
6
CONTINUOUS
10
1.0659842519685039
20
0.3361220472440945
11
1.0659842519685039
21
0.3528543307086614
0
LINE
8
BLACK
6
CONTINUOUS
10
1.0659842519685039
20
0.3528543307086614
11
1.0666211023622048
21
0.356055905511811
0
LINE
8
BLACK
6
CONTINUOUS
10
1.0666211023622048
20
0.356055905511811
11
1.0684346456692912
21
0.3587700787401575
0
LINE
8
BLACK
6
CONTINUOUS
10
1.0684346456692912
20
0.3587700787401575
11
1.0711488188976377
21
0.3605836220472441
0
LINE
8
BLACK
6
CONTINUOUS
10
1.0711488188976377
20
0.3605836220472441
11
1.0743503937007874
21
0.3612204724409449
0
LINE
8
BLACK
6
CONTINUOUS
10
1.0743503937007874
20
0.3612204724409449
11
1.1324212598425196
21
0.3612204724409449
0
LINE
8
BLACK
6
CONTINUOUS
10
1.1324212598425196
20
0.3612204724409449
11
1.1356228346456692
21
0.3605836220472441
0
LINE
8
BLACK
6
CONTINUOUS
10
0.2548664173228347
20
0.3849772834645669
11
0.2592564566929134
21
0.3827404330708661
0
LINE
8
BLACK
6
CONTINUOUS
10
0.2592564566929134
20
0.3827404330708661
11
0.2627404330708661
21
0.3792564566929134
0
LINE
8
BLACK
6
CONTINUOUS
10
0.2627404330708661
20
0.3792564566929134
11
0.263444842519685
21
0.3778740157480315
0
LINE
8
BLACK
6
CONTINUOUS
10
0.263444842519685
20
0.3778740157480315
11
0.2789566929133858
21
0.3778740157480315
0
LINE
8
BLACK
6
CONTINUOUS
10
0.2789566929133858
20
0.3778740157480315
11
0.2804928346456693
21
0.377722716535433
0
LINE
8
BLACK
6
CONTINUOUS
10
0.2804928346456693
20
0.377722716535433
11
0.2833312598425197
21
0.3765470078740157
0
LINE
8
BLACK
6
CONTINUOUS
10
0.2833312598425197
20
0.3765470078740157
11
0.2845244488188977
21
0.3755677559055118
0
LINE
8
BLACK
6
CONTINUOUS
10
0.2845244488188977
20
0.3755677559055118
11
0.2860764566929134
21
0.3740157480314961
0
LINE
8
BLACK
6
CONTINUOUS
10
0.2860764566929134
20
0.3740157480314961
11
0.302253937007874
21
0.3740157480314961
0
LINE
8
BLACK
6
CONTINUOUS
10
0.302253937007874
20
0.3740157480314961
11
0.3055496850393701
21
0.3733601968503937
0
LINE
8
BLACK
6
CONTINUOUS
10
0.3055496850393701
20
0.3733601968503937
11
0.3083437007874016
21
0.3714933070866142
0
LINE
8
BLACK
6
CONTINUOUS
10
0.3083437007874016
20
0.3714933070866142
11
0.3102105905511811
21
0.3686992913385826
0
LINE
8
BLACK
6
CONTINUOUS
10
0.3102105905511811
20
0.3686992913385826
11
0.3108661417322834
21
0.3654035433070866
0
LINE
8
BLACK
6
CONTINUOUS
10
0.3108661417322834
20
0.3654035433070866
11
0.3108661417322834
21
0.3646653543307087
0
LINE
8
BLACK
6
CONTINUOUS
10
0.3108661417322834
20
0.3646653543307087
11
0.3433464566929134
21
0.3646653543307087
0
LINE
8
BLACK
6
CONTINUOUS
10
0.3433464566929134
20
0.3646653543307087
11
0.3433464566929134
21
0.3690944881889764
0
LINE
8
BLACK
6
CONTINUOUS
10
0.3433464566929134
20
0.3690944881889764
11
0.3709055118110236
21
0.3690944881889764
0
LINE
8
BLACK
6
CONTINUOUS
10
0.3709055118110236
20
0.3690944881889764
11
0.3709055118110236
21
0.3651574803149606
0
LINE
8
BLACK
6
CONTINUOUS
10
0.3709055118110236
20
0.3651574803149606
11
0.3985236220472441
21
0.3651574803149606
0
LINE
8
BLACK
6
CONTINUOUS
10
0.3985236220472441
20
0.3651574803149606
11
0.3985236220472441
21
0.3697637795275591
0
LINE
8
BLACK
6
CONTINUOUS
10
0.3985236220472441
20
0.3697637795275591
11
0.4535236220472441
21
0.3697637795275591
0
LINE
8
BLACK
6
CONTINUOUS
10
0.4535236220472441
20
0.3697637795275591
11
0.4535236220472441
21
0.334763779527559
0
LINE
8
BLACK
6
CONTINUOUS
10
0.4535236220472441
20
0.334763779527559
11
0.3985236220472441
21
0.334763779527559
0
LINE
8
BLACK
6
CONTINUOUS
10
0.3985236220472441
20
0.334763779527559
11
0.3985236220472441
21
0.3494094488188976
0
LINE
8
BLACK
6
CONTINUOUS
10
0.3985236220472441
20
0.3494094488188976
11
0.3709055118110236
21
0.3494094488188976
0
LINE
8
BLACK
6
CONTINUOUS
10
0.3709055118110236
20
0.3494094488188976
11
0.3709055118110236
21
0.3454724409448819
0
LINE
8
BLACK
6
CONTINUOUS
10
0.3709055118110236
20
0.3454724409448819
11
0.3433464566929134
21
0.3454724409448819
0
LINE
8
BLACK
6
CONTINUOUS
10
0.3433464566929134
20
0.3454724409448819
11
0.3433464566929134
21
0.3489173228346457
0
LINE
8
BLACK
6
CONTINUOUS
10
0.3433464566929134
20
0.3489173228346457
11
0.3108661417322834
21
0.3489173228346457
0
LINE
8
BLACK
6
CONTINUOUS
10
0.3108661417322834
20
0.3489173228346457
11
0.3108661417322834
21
0.3481791338582677
0
LINE
8
BLACK
6
CONTINUOUS
10
0.3108661417322834
20
0.3481791338582677
11
0.3102105905511811
21
0.3448833858267716
0
LINE
8
BLACK
6
CONTINUOUS
10
0.3102105905511811
20
0.3448833858267716
11
0.3083437007874016
21
0.3420893700787401
0
LINE
8
BLACK
6
CONTINUOUS
10
0.3083437007874016
20
0.3420893700787401
11
0.3055496850393701
21
0.3402224803149606
0
LINE
8
BLACK
6
CONTINUOUS
10
0.3055496850393701
20
0.3402224803149606
11
0.302253937007874
21
0.3395669291338583
0
LINE
8
BLACK
6
CONTINUOUS
10
0.302253937007874
20
0.3395669291338583
11
0.2820767716535433
21
0.3395669291338583
0
LINE
8
BLACK
6
CONTINUOUS
10
0.2820767716535433
20
0.3395669291338583
11
0.2787810236220473
21
0.3402224803149606
0
LINE
8
BLACK
6
CONTINUOUS
10
0.2787810236220473
20
0.3402224803149606
11
0.2759870078740158
21
0.3420893700787401
0
LINE
8
BLACK
6
CONTINUOUS
10
0.2759870078740158
20
0.3420893700787401
11
0.2741201181102362
21
0.3448833858267716
0
LINE
8
BLACK
6
CONTINUOUS
10
0.2741201181102362
20
0.3448833858267716
11
0.2734645669291338
21
0.3481791338582677
0
LINE
8
BLACK
6
CONTINUOUS
10
0.2734645669291338
20
0.3481791338582677
11
0.2734645669291338
21
0.3621259842519685
0
LINE
8
BLACK
6
CONTINUOUS
10
0.2734645669291338
20
0.3621259842519685
11
0.263444842519685
21
0.3621259842519685
0
LINE
8
BLACK
6
CONTINUOUS
10
0.263444842519685
20
0.3621259842519685
11
0.2627404330708661
21
0.3607435433070866
0
LINE
8
BLACK
6
CONTINUOUS
10
0.2627404330708661
20
0.3607435433070866
11
0.2592564566929134
21
0.3572595669291339
0
LINE
8
BLACK
6
CONTINUOUS
10
0.2592564566929134
20
0.3572595669291339
11
0.2548664173228347
21
0.355022716535433
0
LINE
8
BLACK
6
CONTINUOUS
10
0.2548664173228347
20
0.355022716535433
11
0.25
21
0.354251968503937
0
LINE
8
BLACK
6
CONTINUOUS
10
0.25
20
0.354251968503937
11
0.2451335826771653
21
0.355022716535433
0
LINE
8
BLACK
6
CONTINUOUS
10
0.2451335826771653
20
0.355022716535433
11
0.2407435433070866
21
0.3572595669291339
0
LINE
8
BLACK
6
CONTINUOUS
10
0.2407435433070866
20
0.3572595669291339
11
0.2372595669291339
21
0.3607435433070866
0
LINE
8
BLACK
6
CONTINUOUS
10
0.2372595669291339
20
0.3607435433070866
11
0.2350227165354331
21
0.3651335826771653
0
LINE
8
BLACK
6
CONTINUOUS
10
0.2350227165354331
20
0.3651335826771653
11
0.234251968503937
21
0.37
0
LINE
8
BLACK
6
CONTINUOUS
10
0.234251968503937
20
0.37
11
0.2350227165354331
21
0.3748664173228347
0
LINE
8
BLACK
6
CONTINUOUS
10
0.2350227165354331
20
0.3748664173228347
11
0.2372595669291339
21
0.3792564566929134
0
LINE
8
BLACK
6
CONTINUOUS
10
0.2372595669291339
20
0.3792564566929134
11
0.2407435433070866
21
0.3827404330708661
0
LINE
8
BLACK
6
CONTINUOUS
10
0.2407435433070866
20
0.3827404330708661
11
0.2451335826771653
21
0.3849772834645669
0
LINE
8
BLACK
6
CONTINUOUS
10
0.2451335826771653
20
0.3849772834645669
11
0.25
21
0.385748031496063
0
LINE
8
BLACK
6
CONTINUOUS
10
0.25
20
0.385748031496063
11
0.2548664173228347
21
0.3849772834645669
0
LINE
8
BLACK
6
CONTINUOUS
10
1.1356228346456692
20
0.4097962204724409
11
1.1383370078740158
21
0.4079826771653543
0
LINE
8
BLACK
6
CONTINUOUS
10
1.1383370078740158
20
0.4079826771653543
11
1.1401505511811023
21
0.4052685039370079
0
LINE
8
BLACK
6
CONTINUOUS
10
1.1401505511811023
20
0.4052685039370079
11
1.1407874015748032
21
0.4020669291338583
0
LINE
8
BLACK
6
CONTINUOUS
10
1.1407874015748032
20
0.4020669291338583
11
1.1407874015748032
21
0.3853346456692913
0
LINE
8
BLACK
6
CONTINUOUS
10
1.1407874015748032
20
0.3853346456692913
11
1.1401505511811023
21
0.3821330708661417
0
LINE
8
BLACK
6
CONTINUOUS
10
1.1401505511811023
20
0.3821330708661417
11
1.1383370078740158
21
0.3794188976377953
0
LINE
8
BLACK
6
CONTINUOUS
10
1.1383370078740158
20
0.3794188976377953
11
1.1356228346456692
21
0.3776053543307086
0
LINE
8
BLACK
6
CONTINUOUS
10
1.1356228346456692
20
0.3776053543307086
11
1.1324212598425196
21
0.3769685039370079
0
LINE
8
BLACK
6
CONTINUOUS
10
1.1324212598425196
20
0.3769685039370079
11
1.0743503937007874
21
0.3769685039370079
0
LINE
8
BLACK
6
CONTINUOUS
10
1.0743503937007874
20
0.3769685039370079
11
1.0711488188976377
21
0.3776053543307086
0
LINE
8
BLACK
6
CONTINUOUS
10
1.0711488188976377
20
0.3776053543307086
11
1.0684346456692912
21
0.3794188976377953
0
LINE
8
BLACK
6
CONTINUOUS
10
1.0684346456692912
20
0.3794188976377953
11
1.0666211023622048
21
0.3821330708661417
0
LINE
8
BLACK
6
CONTINUOUS
10
1.0666211023622048
20
0.3821330708661417
11
1.0659842519685039
21
0.3853346456692913
0
LINE
8
BLACK
6
CONTINUOUS
10
1.0659842519685039
20
0.3853346456692913
11
1.0659842519685039
21
0.4020669291338583
0
LINE
8
BLACK
6
CONTINUOUS
10
1.0659842519685039
20
0.4020669291338583
11
1.0666211023622048
21
0.4052685039370079
0
LINE
8
BLACK
6
CONTINUOUS
10
1.0666211023622048
20
0.4052685039370079
11
1.0684346456692912
21
0.4079826771653543
0
LINE
8
BLACK
6
CONTINUOUS
10
1.0684346456692912
20
0.4079826771653543
11
1.0711488188976377
21
0.4097962204724409
0
LINE
8
BLACK
6
CONTINUOUS
10
1.0711488188976377
20
0.4097962204724409
11
1.0743503937007874
21
0.4104330708661417
0
LINE
8
BLACK
6
CONTINUOUS
10
1.0743503937007874
20
0.4104330708661417
11
1.1324212598425196
21
0.4104330708661417
0
LINE
8
BLACK
6
CONTINUOUS
10
1.1324212598425196
20
0.4104330708661417
11
1.1356228346456692
21
0.4097962204724409
0
LINE
8
BLACK
6
CONTINUOUS
10
0.2843351968503937
20
0.540839094488189
11
0.286463937007874
21
0.5394166929133858
0
LINE
8
BLACK
6
CONTINUOUS
10
0.286463937007874
20
0.5394166929133858
11
0.2878863385826771
21
0.5372879527559055
0
LINE
8
BLACK
6
CONTINUOUS
10
0.2878863385826771
20
0.5372879527559055
11
0.2883857874015748
21
0.5347768503937008
0
LINE
8
BLACK
6
CONTINUOUS
10
0.2883857874015748
20
0.5347768503937008
11
0.2883858267716535
21
0.4888451574803149
0
LINE
8
BLACK
6
CONTINUOUS
10
0.2883858267716535
20
0.4888451574803149
11
0.2878863385826771
21
0.486334094488189
0
LINE
8
BLACK
6
CONTINUOUS
10
0.2878863385826771
20
0.486334094488189
11
0.286463937007874
21
0.4842053543307087
0
LINE
8
BLACK
6
CONTINUOUS
10
0.286463937007874
20
0.4842053543307087
11
0.2843351968503937
21
0.4827829527559055
0
LINE
8
BLACK
6
CONTINUOUS
10
0.2843351968503937
20
0.4827829527559055
11
0.281824094488189
21
0.4822835039370079
0
LINE
8
BLACK
6
CONTINUOUS
10
0.281824094488189
20
0.4822835039370079
11
0.2588582677165354
21
0.4822835039370079
0
LINE
8
BLACK
6
CONTINUOUS
10
0.2588582677165354
20
0.4822835039370079
11
0.2588582677165354
21
0.4604579527559055
0
LINE
8
BLACK
6
CONTINUOUS
10
0.2588582677165354
20
0.4604579527559055
11
0.2832925984251968
21
0.4360236220472441
0
LINE
8
BLACK
6
CONTINUOUS
10
0.2832925984251968
20
0.4360236220472441
11
0.302253937007874
21
0.4360236220472441
0
LINE
8
BLACK
6
CONTINUOUS
10
0.302253937007874
20
0.4360236220472441
11
0.3055496850393701
21
0.4353680708661417
0
LINE
8
BLACK
6
CONTINUOUS
10
0.3055496850393701
20
0.4353680708661417
11
0.3083437007874016
21
0.4335011811023622
0
LINE
8
BLACK
6
CONTINUOUS
10
0.3083437007874016
20
0.4335011811023622
11
0.3102105905511811
21
0.4307071653543307
0
LINE
8
BLACK
6
CONTINUOUS
10
0.3102105905511811
20
0.4307071653543307
11
0.3108661417322834
21
0.4274114173228347
0
LINE
8
BLACK
6
CONTINUOUS
10
0.3108661417322834
20
0.4274114173228347
11
0.3108661417322834
21
0.4101870078740157
0
LINE
8
BLACK
6
CONTINUOUS
10
0.3108661417322834
20
0.4101870078740157
11
0.3102105905511811
21
0.4068912598425197
0
LINE
8
BLACK
6
CONTINUOUS
10
0.3102105905511811
20
0.4068912598425197
11
0.3083437007874016
21
0.4040972440944882
0
LINE
8
BLACK
6
CONTINUOUS
10
0.3083437007874016
20
0.4040972440944882
11
0.3055496850393701
21
0.4022303543307086
0
LINE
8
BLACK
6
CONTINUOUS
10
0.3055496850393701
20
0.4022303543307086
11
0.302253937007874
21
0.4015748031496063
0
LINE
8
BLACK
6
CONTINUOUS
10
0.302253937007874
20
0.4015748031496063
11
0.2820767716535433
21
0.4015748031496063
0
LINE
8
BLACK
6
CONTINUOUS
10
0.2820767716535433
20
0.4015748031496063
11
0.2787810236220473
21
0.4022303543307086
0
LINE
8
BLACK
6
CONTINUOUS
10
0.2787810236220473
20
0.4022303543307086
11
0.2759870078740158
21
0.4040972440944882
0
LINE
8
BLACK
6
CONTINUOUS
10
0.2759870078740158
20
0.4040972440944882
11
0.2741201181102362
21
0.4068912598425197
0
LINE
8
BLACK
6
CONTINUOUS
10
0.2741201181102362
20
0.4068912598425197
11
0.2734645669291338
21
0.4101870078740157
0
LINE
8
BLACK
6
CONTINUOUS
10
0.2734645669291338
20
0.4101870078740157
11
0.2734645669291338
21
0.4274114173228347
0
LINE
8
BLACK
6
CONTINUOUS
10
0.2734645669291338
20
0.4274114173228347
11
0.273752716535433
21
0.4288601968503937
0
LINE
8
BLACK
6
CONTINUOUS
10
0.273752716535433
20
0.4288601968503937
11
0.2487769291338583
21
0.4538359842519685
0
LINE
8
BLACK
6
CONTINUOUS
10
0.2487769291338583
20
0.4538359842519685
11
0.2480424803149606
21
0.454730905511811
0
LINE
8
BLACK
6
CONTINUOUS
10
0.2480424803149606
20
0.454730905511811
11
0.2471607086614173
21
0.4568597244094488
0
LINE
8
BLACK
6
CONTINUOUS
10
0.2471607086614173
20
0.4568597244094488
11
0.2470472440944882
21
0.458011811023622
0
LINE
8
BLACK
6
CONTINUOUS
10
0.2470472440944882
20
0.458011811023622
11
0.2470472440944882
21
0.4822835039370079
0
LINE
8
BLACK
6
CONTINUOUS
10
0.2470472440944882
20
0.4822835039370079
11
0.2457349212598425
21
0.4822834645669291
0
LINE
8
BLACK
6
CONTINUOUS
10
0.2457349212598425
20
0.4822834645669291
11
0.2432238582677165
21
0.4827829527559055
0
LINE
8
BLACK
6
CONTINUOUS
10
0.2432238582677165
20
0.4827829527559055
11
0.2410951181102362
21
0.4842053543307087
0
LINE
8
BLACK
6
CONTINUOUS
10
0.2410951181102362
20
0.4842053543307087
11
0.2396727165354331
21
0.486334094488189
0
LINE
8
BLACK
6
CONTINUOUS
10
0.2396727165354331
20
0.486334094488189
11
0.2391732677165354
21
0.4888451968503937
0
LINE
8
BLACK
6
CONTINUOUS
10
0.2391732677165354
20
0.4888451968503937
11
0.2391732283464567
21
0.5347768897637795
0
LINE
8
BLACK
6
CONTINUOUS
10
0.2391732283464567
20
0.5347768897637795
11
0.2396727165354331
21
0.5372879527559055
0
LINE
8
BLACK
6
CONTINUOUS
10
0.2396727165354331
20
0.5372879527559055
11
0.2410951181102362
21
0.5394166929133858
0
LINE
8
BLACK
6
CONTINUOUS
10
0.2410951181102362
20
0.5394166929133858
11
0.2432238582677165
21
0.540839094488189
0
LINE
8
BLACK
6
CONTINUOUS
10
0.2432238582677165
20
0.540839094488189
11
0.2457349606299213
21
0.5413385433070866
0
LINE
8
BLACK
6
CONTINUOUS
10
0.2457349606299213
20
0.5413385433070866
11
0.2818241338582677
21
0.5413385826771654
0
LINE
8
BLACK
6
CONTINUOUS
10
0.2818241338582677
20
0.5413385826771654
11
0.2843351968503937
21
0.540839094488189
0
LINE
8
BLACK
6
CONTINUOUS
10
0.8531425196850394
20
0.4954261417322834
11
0.8558566929133858
21
0.4936125984251968
0
LINE
8
BLACK
6
CONTINUOUS
10
0.8558566929133858
20
0.4936125984251968
11
0.8576702362204724
21
0.4908984251968504
0
LINE
8
BLACK
6
CONTINUOUS
10
0.8576702362204724
20
0.4908984251968504
11
0.8583070866141732
21
0.4876968503937008
0
LINE
8
BLACK
6
CONTINUOUS
10
0.8583070866141732
20
0.4876968503937008
11
0.8583070866141732
21
0.4296259842519685
0
LINE
8
BLACK
6
CONTINUOUS
10
0.8583070866141732
20
0.4296259842519685
11
0.8576702362204724
21
0.4264244094488189
0
LINE
8
BLACK
6
CONTINUOUS
10
0.8576702362204724
20
0.4264244094488189
11
0.8558566929133858
21
0.4237102362204724
0
LINE
8
BLACK
6
CONTINUOUS
10
0.8558566929133858
20
0.4237102362204724
11
0.8531425196850394
21
0.4218966929133858
0
LINE
8
BLACK
6
CONTINUOUS
10
0.8531425196850394
20
0.4218966929133858
11
0.8499409448818898
21
0.421259842519685
0
LINE
8
BLACK
6
CONTINUOUS
10
0.8499409448818898
20
0.421259842519685
11
0.8332086614173229
21
0.421259842519685
0
LINE
8
BLACK
6
CONTINUOUS
10
0.8332086614173229
20
0.421259842519685
11
0.8300070866141732
21
0.4218966929133858
0
LINE
8
BLACK
6
CONTINUOUS
10
0.8300070866141732
20
0.4218966929133858
11
0.8272929133858268
21
0.4237102362204724
0
LINE
8
BLACK
6
CONTINUOUS
10
0.8272929133858268
20
0.4237102362204724
11
0.8254793700787402
21
0.4264244094488189
0
LINE
8
BLACK
6
CONTINUOUS
10
0.8254793700787402
20
0.4264244094488189
11
0.8248425196850393
21
0.4296259842519685
0
LINE
8
BLACK
6
CONTINUOUS
10
0.8248425196850393
20
0.4296259842519685
11
0.8248425196850393
21
0.4876968503937008
0
LINE
8
BLACK
6
CONTINUOUS
10
0.8248425196850393
20
0.4876968503937008
11
0.8254793700787402
21
0.4908984251968504
0
LINE
8
BLACK
6
CONTINUOUS
10
0.8254793700787402
20
0.4908984251968504
11
0.8272929133858268
21
0.4936125984251968
0
LINE
8
BLACK
6
CONTINUOUS
10
0.8272929133858268
20
0.4936125984251968
11
0.8300070866141732
21
0.4954261417322834
0
LINE
8
BLACK
6
CONTINUOUS
10
0.8300070866141732
20
0.4954261417322834
11
0.8332086614173229
21
0.4960629921259843
0
LINE
8
BLACK
6
CONTINUOUS
10
0.8332086614173229
20
0.4960629921259843
11
0.8499409448818898
21
0.4960629921259843
0
LINE
8
BLACK
6
CONTINUOUS
10
0.8499409448818898
20
0.4960629921259843
11
0.8531425196850394
21
0.4954261417322834
0
LINE
8
BLACK
6
CONTINUOUS
10
0.9023551181102362
20
0.4954261417322834
11
0.9050692913385826
21
0.4936125984251968
0
LINE
8
BLACK
6
CONTINUOUS
10
0.9050692913385826
20
0.4936125984251968
11
0.9068828346456693
21
0.4908984251968504
0
LINE
8
BLACK
6
CONTINUOUS
10
0.9068828346456693
20
0.4908984251968504
11
0.9075196850393701
21
0.4876968503937008
0
LINE
8
BLACK
6
CONTINUOUS
10
0.9075196850393701
20
0.4876968503937008
11
0.9075196850393701
21
0.4296259842519685
0
LINE
8
BLACK
6
CONTINUOUS
10
0.9075196850393701
20
0.4296259842519685
11
0.9068828346456693
21
0.4264244094488189
0
LINE
8
BLACK
6
CONTINUOUS
10
0.9068828346456693
20
0.4264244094488189
11
0.9050692913385826
21
0.4237102362204724
0
LINE
8
BLACK
6
CONTINUOUS
10
0.9050692913385826
20
0.4237102362204724
11
0.9023551181102362
21
0.4218966929133858
0
LINE
8
BLACK
6
CONTINUOUS
10
0.9023551181102362
20
0.4218966929133858
11
0.8991535433070866
21
0.421259842519685
0
LINE
8
BLACK
6
CONTINUOUS
10
0.8991535433070866
20
0.421259842519685
11
0.8824212598425196
21
0.421259842519685
0
LINE
8
BLACK
6
CONTINUOUS
10
0.8824212598425196
20
0.421259842519685
11
0.8792196850393701
21
0.4218966929133858
0
LINE
8
BLACK
6
CONTINUOUS
10
0.8792196850393701
20
0.4218966929133858
11
0.8765055118110237
21
0.4237102362204724
0
LINE
8
BLACK
6
CONTINUOUS
10
0.8765055118110237
20
0.4237102362204724
11
0.8746919685039369
21
0.4264244094488189
0
LINE
8
BLACK
6
CONTINUOUS
10
0.8746919685039369
20
0.4264244094488189
11
0.8740551181102362
21
0.4296259842519685
0
LINE
8
BLACK
6
CONTINUOUS
10
0.8740551181102362
20
0.4296259842519685
11
0.8740551181102362
21
0.4876968503937008
0
LINE
8
BLACK
6
CONTINUOUS
10
0.8740551181102362
20
0.4876968503937008
11
0.8746919685039369
21
0.4908984251968504
0
LINE
8
BLACK
6
CONTINUOUS
10
0.8746919685039369
20
0.4908984251968504
11
0.8765055118110237
21
0.4936125984251968
0
LINE
8
BLACK
6
CONTINUOUS
10
0.8765055118110237
20
0.4936125984251968
11
0.8792196850393701
21
0.4954261417322834
0
LINE
8
BLACK
6
CONTINUOUS
10
0.8792196850393701
20
0.4954261417322834
11
0.8824212598425196
21
0.4960629921259843
0
LINE
8
BLACK
6
CONTINUOUS
10
0.8824212598425196
20
0.4960629921259843
11
0.8991535433070866
21
0.4960629921259843
0
LINE
8
BLACK
6
CONTINUOUS
10
0.8991535433070866
20
0.4960629921259843
11
0.9023551181102362
21
0.4954261417322834
0
LINE
8
BLACK
6
CONTINUOUS
10
0.951567716535433
20
0.4954261417322834
11
0.9542818897637795
21
0.4936125984251968
0
LINE
8
BLACK
6
CONTINUOUS
10
0.9542818897637795
20
0.4936125984251968
11
0.9560954330708661
21
0.4908984251968504
0
LINE
8
BLACK
6
CONTINUOUS
10
0.9560954330708661
20
0.4908984251968504
11
0.956732283464567
21
0.4876968503937008
0
LINE
8
BLACK
6
CONTINUOUS
10
0.956732283464567
20
0.4876968503937008
11
0.956732283464567
21
0.4296259842519685
0
LINE
8
BLACK
6
CONTINUOUS
10
0.956732283464567
20
0.4296259842519685
11
0.9560954330708661
21
0.4264244094488189
0
LINE
8
BLACK
6
CONTINUOUS
10
0.9560954330708661
20
0.4264244094488189
11
0.9542818897637795
21
0.4237102362204724
0
LINE
8
BLACK
6
CONTINUOUS
10
0.9542818897637795
20
0.4237102362204724
11
0.951567716535433
21
0.4218966929133858
0
LINE
8
BLACK
6
CONTINUOUS
10
0.951567716535433
20
0.4218966929133858
11
0.9483661417322834
21
0.421259842519685
0
LINE
8
BLACK
6
CONTINUOUS
10
0.9483661417322834
20
0.421259842519685
11
0.9316338582677165
21
0.421259842519685
0
LINE
8
BLACK
6
CONTINUOUS
10
0.9316338582677165
20
0.421259842519685
11
0.9284322834645669
21
0.4218966929133858
0
LINE
8
BLACK
6
CONTINUOUS
10
0.9284322834645669
20
0.4218966929133858
11
0.9257181102362204
21
0.4237102362204724
0
LINE
8
BLACK
6
CONTINUOUS
10
0.9257181102362204
20
0.4237102362204724
11
0.9239045669291338
21
0.4264244094488189
0
LINE
8
BLACK
6
CONTINUOUS
10
0.9239045669291338
20
0.4264244094488189
11
0.923267716535433
21
0.4296259842519685
0
LINE
8
BLACK
6
CONTINUOUS
10
0.923267716535433
20
0.4296259842519685
11
0.923267716535433
21
0.4876968503937008
0
LINE
8
BLACK
6
CONTINUOUS
10
0.923267716535433
20
0.4876968503937008
11
0.9239045669291338
21
0.4908984251968504
0
LINE
8
BLACK
6
CONTINUOUS
10
0.9239045669291338
20
0.4908984251968504
11
0.9257181102362204
21
0.4936125984251968
0
LINE
8
BLACK
6
CONTINUOUS
10
0.9257181102362204
20
0.4936125984251968
11
0.9284322834645669
21
0.4954261417322834
0
LINE
8
BLACK
6
CONTINUOUS
10
0.9284322834645669
20
0.4954261417322834
11
0.9316338582677165
21
0.4960629921259843
0
LINE
8
BLACK
6
CONTINUOUS
10
0.9316338582677165
20
0.4960629921259843
11
0.9483661417322834
21
0.4960629921259843
0
LINE
8
BLACK
6
CONTINUOUS
10
0.9483661417322834
20
0.4960629921259843
11
0.951567716535433
21
0.4954261417322834
0
LINE
8
BLACK
6
CONTINUOUS
10
1.0007803149606298
20
0.4954261417322834
11
1.0034944881889765
21
0.4936125984251968
0
LINE
8
BLACK
6
CONTINUOUS
10
1.0034944881889765
20
0.4936125984251968
11
1.005308031496063
21
0.4908984251968504
0
LINE
8
BLACK
6
CONTINUOUS
10
1.005308031496063
20
0.4908984251968504
11
1.0059448818897638
21
0.4876968503937008
0
LINE
8
BLACK
6
CONTINUOUS
10
1.0059448818897638
20
0.4876968503937008
11
1.0059448818897638
21
0.4296259842519685
0
LINE
8
BLACK
6
CONTINUOUS
10
1.0059448818897638
20
0.4296259842519685
11
1.005308031496063
21
0.4264244094488189
0
LINE
8
BLACK
6
CONTINUOUS
10
1.005308031496063
20
0.4264244094488189
11
1.0034944881889765
21
0.4237102362204724
0
LINE
8
BLACK
6
CONTINUOUS
10
1.0034944881889765
20
0.4237102362204724
11
1.0007803149606298
21
0.4218966929133858
0
LINE
8
BLACK
6
CONTINUOUS
10
1.0007803149606298
20
0.4218966929133858
11
0.9975787401574803
21
0.421259842519685
0
LINE
8
BLACK
6
CONTINUOUS
10
0.9975787401574803
20
0.421259842519685
11
0.9808464566929134
21
0.421259842519685
0
LINE
8
BLACK
6
CONTINUOUS
10
0.9808464566929134
20
0.421259842519685
11
0.9776448818897637
21
0.4218966929133858
0
LINE
8
BLACK
6
CONTINUOUS
10
0.9776448818897637
20
0.4218966929133858
11
0.9749307086614173
21
0.4237102362204724
0
LINE
8
BLACK
6
CONTINUOUS
10
0.9749307086614173
20
0.4237102362204724
11
0.9731171653543307
21
0.4264244094488189
0
LINE
8
BLACK
6
CONTINUOUS
10
0.9731171653543307
20
0.4264244094488189
11
0.9724803149606299
21
0.4296259842519685
0
LINE
8
BLACK
6
CONTINUOUS
10
0.9724803149606299
20
0.4296259842519685
11
0.9724803149606299
21
0.4876968503937008
0
LINE
8
BLACK
6
CONTINUOUS
10
0.9724803149606299
20
0.4876968503937008
11
0.9731171653543307
21
0.4908984251968504
0
LINE
8
BLACK
6
CONTINUOUS
10
0.9731171653543307
20
0.4908984251968504
11
0.9749307086614173
21
0.4936125984251968
0
LINE
8
BLACK
6
CONTINUOUS
10
0.9749307086614173
20
0.4936125984251968
11
0.9776448818897637
21
0.4954261417322834
0
LINE
8
BLACK
6
CONTINUOUS
10
0.9776448818897637
20
0.4954261417322834
11
0.9808464566929134
21
0.4960629921259843
0
LINE
8
BLACK
6
CONTINUOUS
10
0.9808464566929134
20
0.4960629921259843
11
0.9975787401574803
21
0.4960629921259843
0
LINE
8
BLACK
6
CONTINUOUS
10
0.9975787401574803
20
0.4960629921259843
11
1.0007803149606298
21
0.4954261417322834
0
LINE
8
BLACK
6
CONTINUOUS
10
1.0499929133858268
20
0.4954261417322834
11
1.0527070866141732
21
0.4936125984251968
0
LINE
8
BLACK
6
CONTINUOUS
10
1.0527070866141732
20
0.4936125984251968
11
1.0545206299212597
21
0.4908984251968504
0
LINE
8
BLACK
6
CONTINUOUS
10
1.0545206299212597
20
0.4908984251968504
11
1.0551574803149606
21
0.4876968503937008
0
LINE
8
BLACK
6
CONTINUOUS
10
1.0551574803149606
20
0.4876968503937008
11
1.0551574803149606
21
0.4296259842519685
0
LINE
8
BLACK
6
CONTINUOUS
10
1.0551574803149606
20
0.4296259842519685
11
1.0545206299212597
21
0.4264244094488189
0
LINE
8
BLACK
6
CONTINUOUS
10
1.0545206299212597
20
0.4264244094488189
11
1.0527070866141732
21
0.4237102362204724
0
LINE
8
BLACK
6
CONTINUOUS
10
1.0527070866141732
20
0.4237102362204724
11
1.0499929133858268
21
0.4218966929133858
0
LINE
8
BLACK
6
CONTINUOUS
10
1.0499929133858268
20
0.4218966929133858
11
1.046791338582677
21
0.421259842519685
0
LINE
8
BLACK
6
CONTINUOUS
10
1.046791338582677
20
0.421259842519685
11
1.0300590551181101
21
0.421259842519685
0
LINE
8
BLACK
6
CONTINUOUS
10
1.0300590551181101
20
0.421259842519685
11
1.0268574803149606
21
0.4218966929133858
0
LINE
8
BLACK
6
CONTINUOUS
10
1.0268574803149606
20
0.4218966929133858
11
1.0241433070866142
21
0.4237102362204724
0
LINE
8
BLACK
6
CONTINUOUS
10
1.0241433070866142
20
0.4237102362204724
11
1.0223297637795274
21
0.4264244094488189
0
LINE
8
BLACK
6
CONTINUOUS
10
1.0223297637795274
20
0.4264244094488189
11
1.0216929133858268
21
0.4296259842519685
0
LINE
8
BLACK
6
CONTINUOUS
10
1.0216929133858268
20
0.4296259842519685
11
1.0216929133858268
21
0.4876968503937008
0
LINE
8
BLACK
6
CONTINUOUS
10
1.0216929133858268
20
0.4876968503937008
11
1.0223297637795274
21
0.4908984251968504
0
LINE
8
BLACK
6
CONTINUOUS
10
1.0223297637795274
20
0.4908984251968504
11
1.0241433070866142
21
0.4936125984251968
0
LINE
8
BLACK
6
CONTINUOUS
10
1.0241433070866142
20
0.4936125984251968
11
1.0268574803149606
21
0.4954261417322834
0
LINE
8
BLACK
6
CONTINUOUS
10
1.0268574803149606
20
0.4954261417322834
11
1.0300590551181101
21
0.4960629921259843
0
LINE
8
BLACK
6
CONTINUOUS
10
1.0300590551181101
20
0.4960629921259843
11
1.046791338582677
21
0.4960629921259843
0
LINE
8
BLACK
6
CONTINUOUS
10
1.046791338582677
20
0.4960629921259843
11
1.0499929133858268
21
0.4954261417322834
0
CIRCLE
8
BLACK
10
0.4921259842519685
20
0.5905511811023622
40
0.0068897637795276
0
CIRCLE
8
BLACK
10
0.4921259842519685
20
0.
40
0.0068897637795276
0
CIRCLE
8
BLACK
10
0.0984251968503937
20
0.5905511811023622
40
0.0068897637795276
0
CIRCLE
8
BLACK
10
0.8858267716535433
20
0.
40
0.0068897637795276
0
CIRCLE
8
BLACK
10
0.8858267716535433
20
0.5905511811023622
40
0.0068897637795276
0
CIRCLE
8
BLACK
10
0.0984251968503937
20
0.
40
0.0068897637795276
0
CIRCLE
8
BLACK
10
0.165
20
0.17
40
0.0078740157480315
0
CIRCLE
8
BLACK
10
0.045
20
0.505
40
0.0078740157480315
0
CIRCLE
8
BLACK
10
0.155
20
0.475
40
0.0078740157480315
0
CIRCLE
8
BLACK
10
0.085
20
0.505
40
0.0078740157480315
0
CIRCLE
8
BLACK
10
0.125
20
0.505
40
0.0078740157480315
0
CIRCLE
8
BLACK
10
0.045
20
0.215
40
0.0078740157480315
0
CIRCLE
8
BLACK
10
0.045
20
0.09
40
0.0078740157480315
0
CIRCLE
8
BLACK
10
0.065
20
0.385
40
0.0078740157480315
0
CIRCLE
8
BLACK
10
0.135
20
0.09
40
0.0078740157480315
0
CIRCLE
8
BLACK
10
0.165
20
0.125
40
0.0078740157480315
0
CIRCLE
8
BLACK
10
0.04
20
0.35
40
0.0078740157480315
0
CIRCLE
8
BLACK
10
0.09
20
0.09
40
0.0078740157480315
0
CIRCLE
8
BLACK
10
0.2
20
0.42
40
0.0078740157480315
0
CIRCLE
8
BLACK
10
0.04
20
0.305
40
0.0078740157480315
0
CIRCLE
8
BLACK
10
0.3561417322834646
20
0.437992125984252
40
0.0078740157480315
0
CIRCLE
8
BLACK
10
0.3590944881889764
20
0.2312992125984252
40
0.0078740157480315
0
CIRCLE
8
BLACK
10
0.04
20
0.26
40
0.0078740157480315
0
CIRCLE
8
BLACK
10
0.16
20
0.42
40
0.0078740157480315
0
CIRCLE
8
BLACK
10
0.7095374015748032
20
0.2254625984251968
40
0.0078740157480315
0
CIRCLE
8
BLACK
10
1.1456889763779528
20
0.245
40
0.0078740157480315
0
CIRCLE
8
BLACK
10
0.11
20
0.37
40
0.0078740157480315
0
CIRCLE
8
BLACK
10
0.25
20
0.37
40
0.0078740157480315
0
CIRCLE
8
BLACK
10
0.1122047244094488
20
0.2706692913385827
40
0.0078740157480315
0
CIRCLE
8
BLACK
10
0.2665748031496063
20
0.312992125984252
40
0.0078740157480315
0
CIRCLE
8
BLACK
10
0.5746223622047244
20
0.3153768503937008
40
0.0078740157480315
0
CIRCLE
8
BLACK
10
0.7098616535433071
20
0.2701644488188976
40
0.0078740157480315
0
CIRCLE
8
BLACK
10
0.25
20
0.27
40
0.0078740157480315
0
CIRCLE
8
BLACK
10
0.6550003937007874
20
0.305
40
0.0078740157480315
  0
ENDSEC
  0
EOF
