  0
SECTION
  2
HEADER
  9
$ANGBASE
  50
0.0
  9
$ANGDIR
  70
1
  9
$MEASUREMENT
  70
0
  0
ENDSEC
  0
SECTION
  2
TABLES
  0
TABLE
  2
LTYPE
  70
4
  0
LTYPE
  5
40F
  2
CONTINUOUS
  70
0
  3
Solid line
  72
65
  73
0
  40
0.0
  0
LTYPE
  5
410
  2
DASHDOT
 70
0
  3
Dash Dot ____ _ ____ _
 72
65
 73
4
 40
2.0
 49
1.25
 49
-0.25
 49
0.25
 49
-0.25
  0
LTYPE
  5
411
  2
DASHED
 70
0
  3
Dashed __ __ __ __ __
 72
65
 73
2
 40
0.75
 49
0.5
 49
-0.25
  0
LTYPE
  5
43B
  2
DOTTED
 70
0
  3
Dotted .  .  .  .
 72
65
 73
2
 40
0.2
 49
0.0
 49
-0.2
  0
ENDTAB
  0
TABLE
  2
STYLE
  70
4
  0
STYLE
  2
KICAD
  70
0
  40
0
  41
1
  42
1
  50
0
  71
0
  3
isocp.shx
  0
STYLE
  2
KICADB
  70
0
  40
0
  41
1
  42
1
  50
0
  71
0
  3
isocp.shx
  0
STYLE
  2
KICADI
  70
0
  40
0
  41
1
  42
1
  50
15
  71
0
  3
isocp.shx
  0
STYLE
  2
KICADBI
  70
0
  40
0
  41
1
  42
1
  50
15
  71
0
  3
isocp.shx
  0
ENDTAB
  0
TABLE
  2
LAYER
  70
1
  0
LAYER
  2
BLACK
  70
0
  62
7
  6
CONTINUOUS
  0
ENDTAB
  0
ENDSEC
  0
SECTION
  2
ENTITIES
0
LINE
8
BLACK
6
CONTINUOUS
10
0.1997129527559055
20
0.0598007086614173
11
0.1997907086614173
21
0.0598062204724409
0
LINE
8
BLACK
6
CONTINUOUS
10
0.1997907086614173
20
0.0598062204724409
11
0.1998929527559055
21
0.0597829921259843
0
LINE
8
BLACK
6
CONTINUOUS
10
0.1998929527559055
20
0.0597829921259843
11
0.1999974803149606
21
0.0597726771653543
0
LINE
8
BLACK
6
CONTINUOUS
10
0.1999974803149606
20
0.0597726771653543
11
0.2000695669291339
21
0.0597428346456693
0
LINE
8
BLACK
6
CONTINUOUS
10
0.2000695669291339
20
0.0597428346456693
11
0.200355157480315
21
0.059677874015748
0
LINE
8
BLACK
6
CONTINUOUS
10
0.200355157480315
20
0.059677874015748
11
0.2059794488188976
21
0.0578031102362205
0
LINE
8
BLACK
6
CONTINUOUS
10
0.2059794488188976
20
0.0578031102362205
11
0.2065079921259843
21
0.057567125984252
0
LINE
8
BLACK
6
CONTINUOUS
10
0.2065079921259843
20
0.057567125984252
11
0.2065880708661417
21
0.0574976771653543
0
LINE
8
BLACK
6
CONTINUOUS
10
0.2065880708661417
20
0.0574976771653543
11
0.2066861417322834
21
0.0574570472440945
0
LINE
8
BLACK
6
CONTINUOUS
10
0.2066861417322834
20
0.0574570472440945
11
0.2071336220472441
21
0.0570898031496063
0
LINE
8
BLACK
6
CONTINUOUS
10
0.2071336220472441
20
0.0570898031496063
11
0.2108831889763779
21
0.0533402755905512
0
LINE
8
BLACK
6
CONTINUOUS
10
0.2108831889763779
20
0.0533402755905512
11
0.2112504330708661
21
0.0528928346456693
0
LINE
8
BLACK
6
CONTINUOUS
10
0.2112504330708661
20
0.0528928346456693
11
0.2112910236220472
21
0.0527948031496063
0
LINE
8
BLACK
6
CONTINUOUS
10
0.2112910236220472
20
0.0527948031496063
11
0.2113605118110236
21
0.0527146850393701
0
LINE
8
BLACK
6
CONTINUOUS
10
0.2113605118110236
20
0.0527146850393701
11
0.2115964960629921
21
0.0521861023622047
0
LINE
8
BLACK
6
CONTINUOUS
10
0.2115964960629921
20
0.0521861023622047
11
0.2134712598425197
21
0.0465618503937008
0
LINE
8
BLACK
6
CONTINUOUS
10
0.2134712598425197
20
0.0465618503937008
11
0.2135361811023622
21
0.0462762204724409
0
LINE
8
BLACK
6
CONTINUOUS
10
0.2135361811023622
20
0.0462762204724409
11
0.213566062992126
21
0.0462041338582677
0
LINE
8
BLACK
6
CONTINUOUS
10
0.213566062992126
20
0.0462041338582677
11
0.2135763385826772
21
0.0460996850393701
0
LINE
8
BLACK
6
CONTINUOUS
10
0.2135763385826772
20
0.0460996850393701
11
0.2135996062992126
21
0.0459974015748031
0
LINE
8
BLACK
6
CONTINUOUS
10
0.2135996062992126
20
0.0459974015748031
11
0.2135940551181102
21
0.0459196850393701
0
LINE
8
BLACK
6
CONTINUOUS
10
0.2135940551181102
20
0.0459196850393701
11
0.2136227952755906
21
0.0456280708661417
0
LINE
8
BLACK
6
CONTINUOUS
10
0.2136227952755906
20
0.0456280708661417
11
0.2136227952755906
21
0.0418785433070866
0
LINE
8
BLACK
6
CONTINUOUS
10
0.2136227952755906
20
0.0418785433070866
11
0.213566062992126
21
0.0413024803149606
0
LINE
8
BLACK
6
CONTINUOUS
10
0.213566062992126
20
0.0413024803149606
11
0.213125157480315
21
0.0402380708661417
0
LINE
8
BLACK
6
CONTINUOUS
10
0.213125157480315
20
0.0402380708661417
11
0.2123105118110236
21
0.0394234251968504
0
LINE
8
BLACK
6
CONTINUOUS
10
0.2123105118110236
20
0.0394234251968504
11
0.2112461023622047
21
0.0389825196850394
0
LINE
8
BLACK
6
CONTINUOUS
10
0.2112461023622047
20
0.0389825196850394
11
0.2100939763779527
21
0.0389825196850394
0
LINE
8
BLACK
6
CONTINUOUS
10
0.2100939763779527
20
0.0389825196850394
11
0.2090295669291339
21
0.0394234251968504
0
LINE
8
BLACK
6
CONTINUOUS
10
0.2090295669291339
20
0.0394234251968504
11
0.2082149212598425
21
0.0402380708661417
0
LINE
8
BLACK
6
CONTINUOUS
10
0.2082149212598425
20
0.0402380708661417
11
0.2077740157480315
21
0.0413024803149606
0
LINE
8
BLACK
6
CONTINUOUS
10
0.2077740157480315
20
0.0413024803149606
11
0.2077172834645669
21
0.0418785433070866
0
LINE
8
BLACK
6
CONTINUOUS
10
0.2077172834645669
20
0.0418785433070866
11
0.2077172834645669
21
0.045148937007874
0
LINE
8
BLACK
6
CONTINUOUS
10
0.2077172834645669
20
0.045148937007874
11
0.2062144881889764
21
0.0496573228346457
0
LINE
8
BLACK
6
CONTINUOUS
10
0.2062144881889764
20
0.0496573228346457
11
0.2034506692913386
21
0.0524211023622047
0
LINE
8
BLACK
6
CONTINUOUS
10
0.2034506692913386
20
0.0524211023622047
11
0.1989422834645669
21
0.0539238976377953
0
LINE
8
BLACK
6
CONTINUOUS
10
0.1989422834645669
20
0.0539238976377953
11
0.1712999606299213
21
0.0539238976377953
0
LINE
8
BLACK
6
CONTINUOUS
10
0.1712999606299213
20
0.0539238976377953
11
0.1707238976377953
21
0.0539806299212598
0
LINE
8
BLACK
6
CONTINUOUS
10
0.1707238976377953
20
0.0539806299212598
11
0.1696594881889764
21
0.0544215354330709
0
LINE
8
BLACK
6
CONTINUOUS
10
0.1696594881889764
20
0.0544215354330709
11
0.168844842519685
21
0.0552361811023622
0
LINE
8
BLACK
6
CONTINUOUS
10
0.168844842519685
20
0.0552361811023622
11
0.168403937007874
21
0.0563005905511811
0
LINE
8
BLACK
6
CONTINUOUS
10
0.168403937007874
20
0.0563005905511811
11
0.168403937007874
21
0.0574527165354331
0
LINE
8
BLACK
6
CONTINUOUS
10
0.168403937007874
20
0.0574527165354331
11
0.168844842519685
21
0.058517125984252
0
LINE
8
BLACK
6
CONTINUOUS
10
0.168844842519685
20
0.058517125984252
11
0.1696594881889764
21
0.0593317716535433
0
LINE
8
BLACK
6
CONTINUOUS
10
0.1696594881889764
20
0.0593317716535433
11
0.1707238976377953
21
0.0597726771653543
0
LINE
8
BLACK
6
CONTINUOUS
10
0.1707238976377953
20
0.0597726771653543
11
0.1712999606299213
21
0.0598294094488189
0
LINE
8
BLACK
6
CONTINUOUS
10
0.1712999606299213
20
0.0598294094488189
11
0.1994214173228346
21
0.0598294094488189
0
LINE
8
BLACK
6
CONTINUOUS
10
0.1994214173228346
20
0.0598294094488189
11
0.1997129527559055
21
0.0598007086614173
0
LINE
8
BLACK
6
CONTINUOUS
10
1.0435697244094488
20
0.0741577165354331
11
1.0905689763779527
21
0.0741577165354331
0
LINE
8
BLACK
6
CONTINUOUS
10
1.0905689763779527
20
0.0741577165354331
11
1.0905689763779527
21
0.0636732677165354
0
LINE
8
BLACK
6
CONTINUOUS
10
1.0905689763779527
20
0.0636732677165354
11
1.0435697244094488
21
0.0636732677165354
0
LINE
8
BLACK
6
CONTINUOUS
10
1.0435697244094488
20
0.0636732677165354
11
1.0435697244094488
21
0.0474042913385827
0
LINE
8
BLACK
6
CONTINUOUS
10
1.0435697244094488
20
0.0474042913385827
11
1.0330852362204723
21
0.0474042913385827
0
LINE
8
BLACK
6
CONTINUOUS
10
1.0330852362204723
20
0.0474042913385827
11
1.0330852362204723
21
0.0904266929133858
0
LINE
8
BLACK
6
CONTINUOUS
10
1.0330852362204723
20
0.0904266929133858
11
1.0435697244094488
21
0.0904266929133858
0
LINE
8
BLACK
6
CONTINUOUS
10
1.0435697244094488
20
0.0904266929133858
11
1.0435697244094488
21
0.0741577165354331
0
LINE
8
BLACK
6
CONTINUOUS
10
0.1828400787401575
20
0.0991707874015748
11
0.1829178346456693
21
0.0991762992125984
0
LINE
8
BLACK
6
CONTINUOUS
10
0.1829178346456693
20
0.0991762992125984
11
0.1830200787401575
21
0.0991530708661417
0
LINE
8
BLACK
6
CONTINUOUS
10
0.1830200787401575
20
0.0991530708661417
11
0.1831246062992126
21
0.0991427559055118
0
LINE
8
BLACK
6
CONTINUOUS
10
0.1831246062992126
20
0.0991427559055118
11
0.1831966929133858
21
0.0991129133858268
0
LINE
8
BLACK
6
CONTINUOUS
10
0.1831966929133858
20
0.0991129133858268
11
0.1834822834645669
21
0.0990479527559055
0
LINE
8
BLACK
6
CONTINUOUS
10
0.1834822834645669
20
0.0990479527559055
11
0.1891065748031496
21
0.0971731889763779
0
LINE
8
BLACK
6
CONTINUOUS
10
0.1891065748031496
20
0.0971731889763779
11
0.1896351181102362
21
0.0969372047244094
0
LINE
8
BLACK
6
CONTINUOUS
10
0.1896351181102362
20
0.0969372047244094
11
0.1897152362204724
21
0.0968677165354331
0
LINE
8
BLACK
6
CONTINUOUS
10
0.1897152362204724
20
0.0968677165354331
11
0.1898133070866142
21
0.0968270866141732
0
LINE
8
BLACK
6
CONTINUOUS
10
0.1898133070866142
20
0.0968270866141732
11
0.1902607480314961
21
0.0964598818897638
0
LINE
8
BLACK
6
CONTINUOUS
10
0.1902607480314961
20
0.0964598818897638
11
0.2077172834645669
21
0.0790033858267716
0
LINE
8
BLACK
6
CONTINUOUS
10
0.2077172834645669
20
0.0790033858267716
11
0.2077172834645669
21
0.0962467322834646
0
LINE
8
BLACK
6
CONTINUOUS
10
0.2077172834645669
20
0.0962467322834646
11
0.2077740157480315
21
0.0968227952755906
0
LINE
8
BLACK
6
CONTINUOUS
10
0.2077740157480315
20
0.0968227952755906
11
0.2082149212598425
21
0.0978872047244094
0
LINE
8
BLACK
6
CONTINUOUS
10
0.2082149212598425
20
0.0978872047244094
11
0.2090295669291339
21
0.0987018503937008
0
LINE
8
BLACK
6
CONTINUOUS
10
0.2090295669291339
20
0.0987018503937008
11
0.2100939763779527
21
0.0991427559055118
0
LINE
8
BLACK
6
CONTINUOUS
10
0.2100939763779527
20
0.0991427559055118
11
0.2112461023622047
21
0.0991427559055118
0
LINE
8
BLACK
6
CONTINUOUS
10
0.2112461023622047
20
0.0991427559055118
11
0.2123105118110236
21
0.0987018503937008
0
LINE
8
BLACK
6
CONTINUOUS
10
0.2123105118110236
20
0.0987018503937008
11
0.213125157480315
21
0.0978872047244094
0
LINE
8
BLACK
6
CONTINUOUS
10
0.213125157480315
20
0.0978872047244094
11
0.213566062992126
21
0.0968227952755906
0
LINE
8
BLACK
6
CONTINUOUS
10
0.213566062992126
20
0.0968227952755906
11
0.2136227952755906
21
0.0962467322834646
0
LINE
8
BLACK
6
CONTINUOUS
10
0.2136227952755906
20
0.0962467322834646
11
0.2136227952755906
21
0.0718748031496063
0
LINE
8
BLACK
6
CONTINUOUS
10
0.2136227952755906
20
0.0718748031496063
11
0.213566062992126
21
0.0712987401574803
0
LINE
8
BLACK
6
CONTINUOUS
10
0.213566062992126
20
0.0712987401574803
11
0.2134369291338583
21
0.0709870078740157
0
LINE
8
BLACK
6
CONTINUOUS
10
0.2134369291338583
20
0.0709870078740157
11
0.2131251968503937
21
0.0702343307086614
0
LINE
8
BLACK
6
CONTINUOUS
10
0.2131251968503937
20
0.0702343307086614
11
0.2123105118110236
21
0.0694196850393701
0
LINE
8
BLACK
6
CONTINUOUS
10
0.2123105118110236
20
0.0694196850393701
11
0.2112461023622047
21
0.0689787795275591
0
LINE
8
BLACK
6
CONTINUOUS
10
0.2112461023622047
20
0.0689787795275591
11
0.2100940157480315
21
0.0689787795275591
0
LINE
8
BLACK
6
CONTINUOUS
10
0.2100940157480315
20
0.0689787795275591
11
0.2100939763779527
21
0.0689787795275591
0
LINE
8
BLACK
6
CONTINUOUS
10
0.2100939763779527
20
0.0689787795275591
11
0.2097822047244094
21
0.0691079133858268
0
LINE
8
BLACK
6
CONTINUOUS
10
0.2097822047244094
20
0.0691079133858268
11
0.2090295669291339
21
0.0694196456692913
0
LINE
8
BLACK
6
CONTINUOUS
10
0.2090295669291339
20
0.0694196456692913
11
0.208582125984252
21
0.0697868897637795
0
LINE
8
BLACK
6
CONTINUOUS
10
0.208582125984252
20
0.0697868897637795
11
0.1865777952755905
21
0.0917911811023622
0
LINE
8
BLACK
6
CONTINUOUS
10
0.1865777952755905
20
0.0917911811023622
11
0.1820694094488189
21
0.0932939763779528
0
LINE
8
BLACK
6
CONTINUOUS
10
0.1820694094488189
20
0.0932939763779528
11
0.179496062992126
21
0.0932939763779528
0
LINE
8
BLACK
6
CONTINUOUS
10
0.179496062992126
20
0.0932939763779528
11
0.1767985826771654
21
0.0919452362204724
0
LINE
8
BLACK
6
CONTINUOUS
10
0.1767985826771654
20
0.0919452362204724
11
0.1756014566929134
21
0.0907481102362205
0
LINE
8
BLACK
6
CONTINUOUS
10
0.1756014566929134
20
0.0907481102362205
11
0.1742527165354331
21
0.0880506299212598
0
LINE
8
BLACK
6
CONTINUOUS
10
0.1742527165354331
20
0.0880506299212598
11
0.1742527165354331
21
0.080070905511811
0
LINE
8
BLACK
6
CONTINUOUS
10
0.1742527165354331
20
0.080070905511811
11
0.1756014566929134
21
0.0773734251968504
0
LINE
8
BLACK
6
CONTINUOUS
10
0.1756014566929134
20
0.0773734251968504
11
0.1771374015748031
21
0.0758374803149606
0
LINE
8
BLACK
6
CONTINUOUS
10
0.1771374015748031
20
0.0758374803149606
11
0.1775046062992126
21
0.0753900393700787
0
LINE
8
BLACK
6
CONTINUOUS
10
0.1775046062992126
20
0.0753900393700787
11
0.1779455118110236
21
0.0743256299212598
0
LINE
8
BLACK
6
CONTINUOUS
10
0.1779455118110236
20
0.0743256299212598
11
0.1779455118110236
21
0.0731735433070866
0
LINE
8
BLACK
6
CONTINUOUS
10
0.1779455118110236
20
0.0731735433070866
11
0.1775046062992126
21
0.0721091338582677
0
LINE
8
BLACK
6
CONTINUOUS
10
0.1775046062992126
20
0.0721091338582677
11
0.1766899212598425
21
0.0712944488188976
0
LINE
8
BLACK
6
CONTINUOUS
10
0.1766899212598425
20
0.0712944488188976
11
0.1756255118110236
21
0.0708535433070866
0
LINE
8
BLACK
6
CONTINUOUS
10
0.1756255118110236
20
0.0708535433070866
11
0.1744734251968504
21
0.0708535433070866
0
LINE
8
BLACK
6
CONTINUOUS
10
0.1744734251968504
20
0.0708535433070866
11
0.1734090157480315
21
0.0712944488188976
0
LINE
8
BLACK
6
CONTINUOUS
10
0.1734090157480315
20
0.0712944488188976
11
0.1729615748031496
21
0.0716616535433071
0
LINE
8
BLACK
6
CONTINUOUS
10
0.1729615748031496
20
0.0716616535433071
11
0.1710868110236221
21
0.0735364173228346
0
LINE
8
BLACK
6
CONTINUOUS
10
0.1710868110236221
20
0.0735364173228346
11
0.1709010236220472
21
0.0737627952755906
0
LINE
8
BLACK
6
CONTINUOUS
10
0.1709010236220472
20
0.0737627952755906
11
0.1708420472440945
21
0.073813937007874
0
LINE
8
BLACK
6
CONTINUOUS
10
0.1708420472440945
20
0.073813937007874
11
0.170786062992126
21
0.0739029133858268
0
LINE
8
BLACK
6
CONTINUOUS
10
0.170786062992126
20
0.0739029133858268
11
0.1707196062992126
21
0.0739838582677165
0
LINE
8
BLACK
6
CONTINUOUS
10
0.1707196062992126
20
0.0739838582677165
11
0.1706897637795275
21
0.0740558267716535
0
LINE
8
BLACK
6
CONTINUOUS
10
0.1706897637795275
20
0.0740558267716535
11
0.1705337007874016
21
0.0743038188976378
0
LINE
8
BLACK
6
CONTINUOUS
10
0.1705337007874016
20
0.0743038188976378
11
0.168658937007874
21
0.0780533464566929
0
LINE
8
BLACK
6
CONTINUOUS
10
0.168658937007874
20
0.0780533464566929
11
0.1684520472440945
21
0.0785939763779527
0
LINE
8
BLACK
6
CONTINUOUS
10
0.1684520472440945
20
0.0785939763779527
11
0.1684445275590551
21
0.0786998031496063
0
LINE
8
BLACK
6
CONTINUOUS
10
0.1684445275590551
20
0.0786998031496063
11
0.168403937007874
21
0.0787977952755906
0
LINE
8
BLACK
6
CONTINUOUS
10
0.168403937007874
20
0.0787977952755906
11
0.1683472047244094
21
0.0793738582677165
0
LINE
8
BLACK
6
CONTINUOUS
10
0.1683472047244094
20
0.0793738582677165
11
0.1683472047244094
21
0.0887476771653543
0
LINE
8
BLACK
6
CONTINUOUS
10
0.1683472047244094
20
0.0887476771653543
11
0.168403937007874
21
0.0893237401574803
0
LINE
8
BLACK
6
CONTINUOUS
10
0.168403937007874
20
0.0893237401574803
11
0.1684445275590551
21
0.0894217716535433
0
LINE
8
BLACK
6
CONTINUOUS
10
0.1684445275590551
20
0.0894217716535433
11
0.1684520472440945
21
0.0895275590551181
0
LINE
8
BLACK
6
CONTINUOUS
10
0.1684520472440945
20
0.0895275590551181
11
0.168658937007874
21
0.0900681889763779
0
LINE
8
BLACK
6
CONTINUOUS
10
0.168658937007874
20
0.0900681889763779
11
0.1705337007874016
21
0.0938177165354331
0
LINE
8
BLACK
6
CONTINUOUS
10
0.1705337007874016
20
0.0938177165354331
11
0.1706897637795275
21
0.0940657480314961
0
LINE
8
BLACK
6
CONTINUOUS
10
0.1706897637795275
20
0.0940657480314961
11
0.1707196062992126
21
0.0941376771653543
0
LINE
8
BLACK
6
CONTINUOUS
10
0.1707196062992126
20
0.0941376771653543
11
0.170786062992126
21
0.0942186614173228
0
LINE
8
BLACK
6
CONTINUOUS
10
0.170786062992126
20
0.0942186614173228
11
0.1708420472440945
21
0.0943075984251968
0
LINE
8
BLACK
6
CONTINUOUS
10
0.1708420472440945
20
0.0943075984251968
11
0.1709010236220472
21
0.0943587795275591
0
LINE
8
BLACK
6
CONTINUOUS
10
0.1709010236220472
20
0.0943587795275591
11
0.1710868110236221
21
0.0945851181102362
0
LINE
8
BLACK
6
CONTINUOUS
10
0.1710868110236221
20
0.0945851181102362
11
0.1729615748031496
21
0.0964598818897638
0
LINE
8
BLACK
6
CONTINUOUS
10
0.1729615748031496
20
0.0964598818897638
11
0.1731879133858268
21
0.0966456692913386
0
LINE
8
BLACK
6
CONTINUOUS
10
0.1731879133858268
20
0.0966456692913386
11
0.173239094488189
21
0.0967046456692913
0
LINE
8
BLACK
6
CONTINUOUS
10
0.173239094488189
20
0.0967046456692913
11
0.173328031496063
21
0.0967606299212598
0
LINE
8
BLACK
6
CONTINUOUS
10
0.173328031496063
20
0.0967606299212598
11
0.1734090157480315
21
0.0968270866141732
0
LINE
8
BLACK
6
CONTINUOUS
10
0.1734090157480315
20
0.0968270866141732
11
0.1734809448818898
21
0.0968569291338583
0
LINE
8
BLACK
6
CONTINUOUS
10
0.1734809448818898
20
0.0968569291338583
11
0.1737289763779528
21
0.0970129921259842
0
LINE
8
BLACK
6
CONTINUOUS
10
0.1737289763779528
20
0.0970129921259842
11
0.1774785039370079
21
0.0988877559055118
0
LINE
8
BLACK
6
CONTINUOUS
10
0.1774785039370079
20
0.0988877559055118
11
0.178019094488189
21
0.0990946456692913
0
LINE
8
BLACK
6
CONTINUOUS
10
0.178019094488189
20
0.0990946456692913
11
0.1781249606299213
21
0.0991022047244094
0
LINE
8
BLACK
6
CONTINUOUS
10
0.1781249606299213
20
0.0991022047244094
11
0.1782229527559055
21
0.0991427559055118
0
LINE
8
BLACK
6
CONTINUOUS
10
0.1782229527559055
20
0.0991427559055118
11
0.1787990157480315
21
0.0991994881889764
0
LINE
8
BLACK
6
CONTINUOUS
10
0.1787990157480315
20
0.0991994881889764
11
0.1825485433070866
21
0.0991994881889764
0
LINE
8
BLACK
6
CONTINUOUS
10
0.1825485433070866
20
0.0991994881889764
11
0.1828400787401575
21
0.0991707874015748
0
LINE
8
BLACK
6
CONTINUOUS
10
0.7759316535433071
20
0.1216144488188976
11
0.7775609448818898
21
0.119985157480315
0
LINE
8
BLACK
6
CONTINUOUS
10
0.7775609448818898
20
0.119985157480315
11
0.7784427559055118
21
0.1178563385826772
0
LINE
8
BLACK
6
CONTINUOUS
10
0.7784427559055118
20
0.1178563385826772
11
0.7785562204724409
21
0.1167042125984252
0
LINE
8
BLACK
6
CONTINUOUS
10
0.7785562204724409
20
0.1167042125984252
11
0.7785562204724409
21
0.1057368503937008
0
LINE
8
BLACK
6
CONTINUOUS
10
0.7785562204724409
20
0.1057368503937008
11
0.8317058267716535
21
0.1057368503937008
0
LINE
8
BLACK
6
CONTINUOUS
10
0.8317058267716535
20
0.1057368503937008
11
0.8328579527559055
21
0.1056233858267717
0
LINE
8
BLACK
6
CONTINUOUS
10
0.8328579527559055
20
0.1056233858267717
11
0.8349867716535433
21
0.1047415748031496
0
LINE
8
BLACK
6
CONTINUOUS
10
0.8349867716535433
20
0.1047415748031496
11
0.836616062992126
21
0.1031122834645669
0
LINE
8
BLACK
6
CONTINUOUS
10
0.836616062992126
20
0.1031122834645669
11
0.837497874015748
21
0.1009834645669291
0
LINE
8
BLACK
6
CONTINUOUS
10
0.837497874015748
20
0.1009834645669291
11
0.837497874015748
21
0.0986792125984252
0
LINE
8
BLACK
6
CONTINUOUS
10
0.837497874015748
20
0.0986792125984252
11
0.836616062992126
21
0.0965503937007874
0
LINE
8
BLACK
6
CONTINUOUS
10
0.836616062992126
20
0.0965503937007874
11
0.8349867716535433
21
0.0949211023622047
0
LINE
8
BLACK
6
CONTINUOUS
10
0.8349867716535433
20
0.0949211023622047
11
0.8328579527559055
21
0.0940392913385827
0
LINE
8
BLACK
6
CONTINUOUS
10
0.8328579527559055
20
0.0940392913385827
11
0.8317058267716535
21
0.0939258267716535
0
LINE
8
BLACK
6
CONTINUOUS
10
0.8317058267716535
20
0.0939258267716535
11
0.7785562204724409
21
0.0939258267716535
0
LINE
8
BLACK
6
CONTINUOUS
10
0.7785562204724409
20
0.0939258267716535
11
0.7785562204724409
21
0.0829584645669291
0
LINE
8
BLACK
6
CONTINUOUS
10
0.7785562204724409
20
0.0829584645669291
11
0.7784427559055118
21
0.0818063385826772
0
LINE
8
BLACK
6
CONTINUOUS
10
0.7784427559055118
20
0.0818063385826772
11
0.7775609448818898
21
0.0796775196850394
0
LINE
8
BLACK
6
CONTINUOUS
10
0.7775609448818898
20
0.0796775196850394
11
0.7759316535433071
21
0.0780482283464567
0
LINE
8
BLACK
6
CONTINUOUS
10
0.7759316535433071
20
0.0780482283464567
11
0.7738028346456692
21
0.0771664173228346
0
LINE
8
BLACK
6
CONTINUOUS
10
0.7738028346456692
20
0.0771664173228346
11
0.7714985826771653
21
0.0771664173228346
0
LINE
8
BLACK
6
CONTINUOUS
10
0.7714985826771653
20
0.0771664173228346
11
0.7693697637795276
21
0.0780482283464567
0
LINE
8
BLACK
6
CONTINUOUS
10
0.7693697637795276
20
0.0780482283464567
11
0.7677404724409449
21
0.0796775196850394
0
LINE
8
BLACK
6
CONTINUOUS
10
0.7677404724409449
20
0.0796775196850394
11
0.7668586614173228
21
0.0818063385826772
0
LINE
8
BLACK
6
CONTINUOUS
10
0.7668586614173228
20
0.0818063385826772
11
0.7667451968503937
21
0.0829584645669291
0
LINE
8
BLACK
6
CONTINUOUS
10
0.7667451968503937
20
0.0829584645669291
11
0.7667451968503937
21
0.1167042125984252
0
LINE
8
BLACK
6
CONTINUOUS
10
0.7667451968503937
20
0.1167042125984252
11
0.7668586614173228
21
0.1178563385826772
0
LINE
8
BLACK
6
CONTINUOUS
10
0.7668586614173228
20
0.1178563385826772
11
0.7677404724409449
21
0.119985157480315
0
LINE
8
BLACK
6
CONTINUOUS
10
0.7677404724409449
20
0.119985157480315
11
0.7693697637795276
21
0.1216144488188976
0
LINE
8
BLACK
6
CONTINUOUS
10
0.7693697637795276
20
0.1216144488188976
11
0.7714985826771653
21
0.1224962598425197
0
LINE
8
BLACK
6
CONTINUOUS
10
0.7714985826771653
20
0.1224962598425197
11
0.7738028346456692
21
0.1224962598425197
0
LINE
8
BLACK
6
CONTINUOUS
10
0.7738028346456692
20
0.1224962598425197
11
0.7759316535433071
21
0.1216144488188976
0
LINE
8
BLACK
6
CONTINUOUS
10
1.0905689763779527
20
0.132726062992126
11
1.0659847637795274
21
0.132726062992126
0
LINE
8
BLACK
6
CONTINUOUS
10
1.0659847637795274
20
0.132726062992126
11
1.0659847637795274
21
0.1066956692913386
0
LINE
8
BLACK
6
CONTINUOUS
10
1.0659847637795274
20
0.1066956692913386
11
1.0905689763779527
21
0.1066956692913386
0
LINE
8
BLACK
6
CONTINUOUS
10
1.0905689763779527
20
0.1066956692913386
11
1.0905689763779527
21
0.0962112204724409
0
LINE
8
BLACK
6
CONTINUOUS
10
1.0905689763779527
20
0.0962112204724409
11
1.0330852362204723
21
0.0962112204724409
0
LINE
8
BLACK
6
CONTINUOUS
10
1.0330852362204723
20
0.0962112204724409
11
1.0330852362204723
21
0.1066956692913386
0
LINE
8
BLACK
6
CONTINUOUS
10
1.0330852362204723
20
0.1066956692913386
11
1.055861811023622
21
0.1066956692913386
0
LINE
8
BLACK
6
CONTINUOUS
10
1.055861811023622
20
0.1066956692913386
11
1.055861811023622
21
0.1327157480314961
0
LINE
8
BLACK
6
CONTINUOUS
10
1.055861811023622
20
0.1327157480314961
11
1.0445639370078741
21
0.1328112992125984
0
LINE
8
BLACK
6
CONTINUOUS
10
1.0445639370078741
20
0.1328112992125984
11
1.0332660236220472
21
0.132906811023622
0
LINE
8
BLACK
6
CONTINUOUS
10
1.0332660236220472
20
0.132906811023622
11
1.0331659842519685
21
0.1382394488188976
0
LINE
8
BLACK
6
CONTINUOUS
10
1.0331659842519685
20
0.1382394488188976
11
1.033065905511811
21
0.1435720472440945
0
LINE
8
BLACK
6
CONTINUOUS
10
1.033065905511811
20
0.1435720472440945
11
1.0905689763779527
21
0.1435720472440945
0
LINE
8
BLACK
6
CONTINUOUS
10
1.0905689763779527
20
0.1435720472440945
11
1.0905689763779527
21
0.132726062992126
0
LINE
8
BLACK
6
CONTINUOUS
10
0.1875052362204724
20
0.2003134251968504
11
0.1876850393700787
21
0.1994094488188976
0
LINE
8
BLACK
6
CONTINUOUS
10
0.1876850393700787
20
0.1994094488188976
11
0.1876850393700787
21
0.1285433070866142
0
LINE
8
BLACK
6
CONTINUOUS
10
0.1876850393700787
20
0.1285433070866142
11
0.1875052362204724
21
0.1276393307086614
0
LINE
8
BLACK
6
CONTINUOUS
10
0.1875052362204724
20
0.1276393307086614
11
0.186226811023622
21
0.126360905511811
0
LINE
8
BLACK
6
CONTINUOUS
10
0.186226811023622
20
0.126360905511811
11
0.1853228346456693
21
0.1261811023622047
0
LINE
8
BLACK
6
CONTINUOUS
10
0.1853228346456693
20
0.1261811023622047
11
0.1282362204724409
21
0.1261811023622047
0
LINE
8
BLACK
6
CONTINUOUS
10
0.1282362204724409
20
0.1261811023622047
11
0.1273322440944882
21
0.126360905511811
0
LINE
8
BLACK
6
CONTINUOUS
10
0.1273322440944882
20
0.126360905511811
11
0.1260538188976378
21
0.1276393307086614
0
LINE
8
BLACK
6
CONTINUOUS
10
0.1260538188976378
20
0.1276393307086614
11
0.1260538188976378
21
0.1294472834645669
0
LINE
8
BLACK
6
CONTINUOUS
10
0.1260538188976378
20
0.1294472834645669
11
0.1273322440944882
21
0.1307257086614173
0
LINE
8
BLACK
6
CONTINUOUS
10
0.1273322440944882
20
0.1307257086614173
11
0.1282362204724409
21
0.1309055118110236
0
LINE
8
BLACK
6
CONTINUOUS
10
0.1282362204724409
20
0.1309055118110236
11
0.1829606299212598
21
0.1309055118110236
0
LINE
8
BLACK
6
CONTINUOUS
10
0.1829606299212598
20
0.1309055118110236
11
0.1829606299212598
21
0.1994094488188976
0
LINE
8
BLACK
6
CONTINUOUS
10
0.1829606299212598
20
0.1994094488188976
11
0.1831404330708661
21
0.2003134251968504
0
LINE
8
BLACK
6
CONTINUOUS
10
0.1831404330708661
20
0.2003134251968504
11
0.1844188582677165
21
0.2015918503937008
0
LINE
8
BLACK
6
CONTINUOUS
10
0.1844188582677165
20
0.2015918503937008
11
0.186226811023622
21
0.2015918503937008
0
LINE
8
BLACK
6
CONTINUOUS
10
0.186226811023622
20
0.2015918503937008
11
0.1875052362204724
21
0.2003134251968504
0
LINE
8
BLACK
6
CONTINUOUS
10
0.7759316535433071
20
0.1694209842519685
11
0.7775609448818898
21
0.1677916929133858
0
LINE
8
BLACK
6
CONTINUOUS
10
0.7775609448818898
20
0.1677916929133858
11
0.7784427559055118
21
0.165662874015748
0
LINE
8
BLACK
6
CONTINUOUS
10
0.7784427559055118
20
0.165662874015748
11
0.7785562204724409
21
0.1645107480314961
0
LINE
8
BLACK
6
CONTINUOUS
10
0.7785562204724409
20
0.1645107480314961
11
0.7785562204724409
21
0.1422947637795275
0
LINE
8
BLACK
6
CONTINUOUS
10
0.7785562204724409
20
0.1422947637795275
11
0.7948666929133859
21
0.1422947637795275
0
LINE
8
BLACK
6
CONTINUOUS
10
0.7948666929133859
20
0.1422947637795275
11
0.7948666929133859
21
0.1560742913385827
0
LINE
8
BLACK
6
CONTINUOUS
10
0.7948666929133859
20
0.1560742913385827
11
0.7949801574803149
21
0.1572264173228347
0
LINE
8
BLACK
6
CONTINUOUS
10
0.7949801574803149
20
0.1572264173228347
11
0.795861968503937
21
0.1593552362204724
0
LINE
8
BLACK
6
CONTINUOUS
10
0.795861968503937
20
0.1593552362204724
11
0.7974912598425197
21
0.1609845275590551
0
LINE
8
BLACK
6
CONTINUOUS
10
0.7974912598425197
20
0.1609845275590551
11
0.7996200787401575
21
0.1618663385826772
0
LINE
8
BLACK
6
CONTINUOUS
10
0.7996200787401575
20
0.1618663385826772
11
0.8019243307086614
21
0.1618663385826772
0
LINE
8
BLACK
6
CONTINUOUS
10
0.8019243307086614
20
0.1618663385826772
11
0.8040531496062991
21
0.1609845275590551
0
LINE
8
BLACK
6
CONTINUOUS
10
0.8040531496062991
20
0.1609845275590551
11
0.8056824409448818
21
0.1593552362204724
0
LINE
8
BLACK
6
CONTINUOUS
10
0.8056824409448818
20
0.1593552362204724
11
0.8065642519685039
21
0.1572264173228347
0
LINE
8
BLACK
6
CONTINUOUS
10
0.8065642519685039
20
0.1572264173228347
11
0.8066777165354331
21
0.1560742913385827
0
LINE
8
BLACK
6
CONTINUOUS
10
0.8066777165354331
20
0.1560742913385827
11
0.8066777165354331
21
0.1422947637795275
0
LINE
8
BLACK
6
CONTINUOUS
10
0.8066777165354331
20
0.1422947637795275
11
0.8317058267716535
21
0.1422947637795275
0
LINE
8
BLACK
6
CONTINUOUS
10
0.8317058267716535
20
0.1422947637795275
11
0.8328579527559055
21
0.1421812992125984
0
LINE
8
BLACK
6
CONTINUOUS
10
0.8328579527559055
20
0.1421812992125984
11
0.8349867716535433
21
0.1412994881889764
0
LINE
8
BLACK
6
CONTINUOUS
10
0.8349867716535433
20
0.1412994881889764
11
0.836616062992126
21
0.1396701968503937
0
LINE
8
BLACK
6
CONTINUOUS
10
0.836616062992126
20
0.1396701968503937
11
0.837497874015748
21
0.1375413779527559
0
LINE
8
BLACK
6
CONTINUOUS
10
0.837497874015748
20
0.1375413779527559
11
0.837497874015748
21
0.135237125984252
0
LINE
8
BLACK
6
CONTINUOUS
10
0.837497874015748
20
0.135237125984252
11
0.836616062992126
21
0.1331083070866142
0
LINE
8
BLACK
6
CONTINUOUS
10
0.836616062992126
20
0.1331083070866142
11
0.8349867716535433
21
0.1314790157480315
0
LINE
8
BLACK
6
CONTINUOUS
10
0.8349867716535433
20
0.1314790157480315
11
0.8328579527559055
21
0.1305972047244094
0
LINE
8
BLACK
6
CONTINUOUS
10
0.8328579527559055
20
0.1305972047244094
11
0.8317058267716535
21
0.1304837401574803
0
LINE
8
BLACK
6
CONTINUOUS
10
0.8317058267716535
20
0.1304837401574803
11
0.7726507086614173
21
0.1304837401574803
0
LINE
8
BLACK
6
CONTINUOUS
10
0.7726507086614173
20
0.1304837401574803
11
0.7714985826771653
21
0.1305972047244094
0
LINE
8
BLACK
6
CONTINUOUS
10
0.7714985826771653
20
0.1305972047244094
11
0.7693697637795276
21
0.1314790157480315
0
LINE
8
BLACK
6
CONTINUOUS
10
0.7693697637795276
20
0.1314790157480315
11
0.7677404724409449
21
0.1331083070866142
0
LINE
8
BLACK
6
CONTINUOUS
10
0.7677404724409449
20
0.1331083070866142
11
0.7668586614173228
21
0.135237125984252
0
LINE
8
BLACK
6
CONTINUOUS
10
0.7668586614173228
20
0.135237125984252
11
0.7667451968503937
21
0.1363892519685039
0
LINE
8
BLACK
6
CONTINUOUS
10
0.7667451968503937
20
0.1363892519685039
11
0.7667451968503937
21
0.1645107480314961
0
LINE
8
BLACK
6
CONTINUOUS
10
0.7667451968503937
20
0.1645107480314961
11
0.7668586614173228
21
0.165662874015748
0
LINE
8
BLACK
6
CONTINUOUS
10
0.7668586614173228
20
0.165662874015748
11
0.7677404724409449
21
0.1677916929133858
0
LINE
8
BLACK
6
CONTINUOUS
10
0.7677404724409449
20
0.1677916929133858
11
0.7693697637795276
21
0.1694209842519685
0
LINE
8
BLACK
6
CONTINUOUS
10
0.7693697637795276
20
0.1694209842519685
11
0.7714985826771653
21
0.1703027952755906
0
LINE
8
BLACK
6
CONTINUOUS
10
0.7714985826771653
20
0.1703027952755906
11
0.7738028346456692
21
0.1703027952755906
0
LINE
8
BLACK
6
CONTINUOUS
10
0.7738028346456692
20
0.1703027952755906
11
0.7759316535433071
21
0.1694209842519685
0
LINE
8
BLACK
6
CONTINUOUS
10
1.0530599606299211
20
0.2016910236220472
11
1.0573717322834646
21
0.201662874015748
0
LINE
8
BLACK
6
CONTINUOUS
10
1.0573717322834646
20
0.201662874015748
11
1.0610244881889763
21
0.2016359842519685
0
LINE
8
BLACK
6
CONTINUOUS
10
1.0610244881889763
20
0.2016359842519685
11
1.0640821653543306
21
0.2016077165354331
0
LINE
8
BLACK
6
CONTINUOUS
10
1.0640821653543306
20
0.2016077165354331
11
1.0666088582677165
21
0.2015753937007874
0
LINE
8
BLACK
6
CONTINUOUS
10
1.0666088582677165
20
0.2015753937007874
11
1.0686685433070866
21
0.2015362598425197
0
LINE
8
BLACK
6
CONTINUOUS
10
1.0686685433070866
20
0.2015362598425197
11
1.0703252362204725
21
0.2014877559055118
0
LINE
8
BLACK
6
CONTINUOUS
10
1.0703252362204725
20
0.2014877559055118
11
1.0716429527559055
21
0.2014270866141732
0
LINE
8
BLACK
6
CONTINUOUS
10
1.0716429527559055
20
0.2014270866141732
11
1.0726857086614172
21
0.2013516929133858
0
LINE
8
BLACK
6
CONTINUOUS
10
1.0726857086614172
20
0.2013516929133858
11
1.0735174803149605
21
0.2012588188976378
0
LINE
8
BLACK
6
CONTINUOUS
10
1.0735174803149605
20
0.2012588188976378
11
1.0742022834645668
21
0.2011457874015748
0
LINE
8
BLACK
6
CONTINUOUS
10
1.0742022834645668
20
0.2011457874015748
11
1.0748042125984252
21
0.2010099606299212
0
LINE
8
BLACK
6
CONTINUOUS
10
1.0748042125984252
20
0.2010099606299212
11
1.0753871653543308
21
0.2008486614173228
0
LINE
8
BLACK
6
CONTINUOUS
10
1.0753871653543308
20
0.2008486614173228
11
1.0757402362204724
21
0.200742874015748
0
LINE
8
BLACK
6
CONTINUOUS
10
1.0757402362204724
20
0.200742874015748
11
1.0796776377952755
21
0.1992304330708661
0
LINE
8
BLACK
6
CONTINUOUS
10
1.0796776377952755
20
0.1992304330708661
11
1.0830986220472441
21
0.1972491338582677
0
LINE
8
BLACK
6
CONTINUOUS
10
1.0830986220472441
20
0.1972491338582677
11
1.0859804330708662
21
0.1948203543307087
0
LINE
8
BLACK
6
CONTINUOUS
10
1.0859804330708662
20
0.1948203543307087
11
1.0883003937007873
21
0.1919654330708661
0
LINE
8
BLACK
6
CONTINUOUS
10
1.0883003937007873
20
0.1919654330708661
11
1.0900356299212599
21
0.1887057480314961
0
LINE
8
BLACK
6
CONTINUOUS
10
1.0900356299212599
20
0.1887057480314961
11
1.0907642125984252
21
0.1866415354330709
0
LINE
8
BLACK
6
CONTINUOUS
10
1.0907642125984252
20
0.1866415354330709
11
1.0910894488188976
21
0.1852605905511811
0
LINE
8
BLACK
6
CONTINUOUS
10
1.0910894488188976
20
0.1852605905511811
11
1.0914068897637794
21
0.1834516141732283
0
LINE
8
BLACK
6
CONTINUOUS
10
1.0914068897637794
20
0.1834516141732283
11
1.091682283464567
21
0.1814722047244094
0
LINE
8
BLACK
6
CONTINUOUS
10
1.091682283464567
20
0.1814722047244094
11
1.0918815748031496
21
0.1795798818897638
0
LINE
8
BLACK
6
CONTINUOUS
10
1.0918815748031496
20
0.1795798818897638
11
1.0919705905511812
21
0.1780321653543307
0
LINE
8
BLACK
6
CONTINUOUS
10
1.0919705905511812
20
0.1780321653543307
11
1.0919675984251969
21
0.1775656299212598
0
LINE
8
BLACK
6
CONTINUOUS
10
1.0919675984251969
20
0.1775656299212598
11
1.0919002362204724
21
0.1765347637795276
0
LINE
8
BLACK
6
CONTINUOUS
10
1.0919002362204724
20
0.1765347637795276
11
1.0917718503937008
21
0.1751142519685039
0
LINE
8
BLACK
6
CONTINUOUS
10
1.0917718503937008
20
0.1751142519685039
11
1.0916292913385826
21
0.1737816141732283
0
LINE
8
BLACK
6
CONTINUOUS
10
1.0916292913385826
20
0.1737816141732283
11
1.090846496062992
21
0.1698322047244094
0
LINE
8
BLACK
6
CONTINUOUS
10
1.090846496062992
20
0.1698322047244094
11
1.0894717716535434
21
0.1662472834645669
0
LINE
8
BLACK
6
CONTINUOUS
10
1.0894717716535434
20
0.1662472834645669
11
1.087533937007874
21
0.1630693307086614
0
LINE
8
BLACK
6
CONTINUOUS
10
1.087533937007874
20
0.1630693307086614
11
1.0850618110236221
21
0.1603408267716535
0
LINE
8
BLACK
6
CONTINUOUS
10
1.0850618110236221
20
0.1603408267716535
11
1.0820842519685039
21
0.1581042519685039
0
LINE
8
BLACK
6
CONTINUOUS
10
1.0820842519685039
20
0.1581042519685039
11
1.0803392913385828
21
0.1571466141732283
0
LINE
8
BLACK
6
CONTINUOUS
10
1.0803392913385828
20
0.1571466141732283
11
1.0789497244094488
21
0.1565045275590551
0
LINE
8
BLACK
6
CONTINUOUS
10
1.0789497244094488
20
0.1565045275590551
11
1.0775656299212599
21
0.1559549212598425
0
LINE
8
BLACK
6
CONTINUOUS
10
1.0775656299212599
20
0.1559549212598425
11
1.0761209842519686
21
0.1554913779527559
0
LINE
8
BLACK
6
CONTINUOUS
10
1.0761209842519686
20
0.1554913779527559
11
1.0745498031496064
21
0.1551074803149606
0
LINE
8
BLACK
6
CONTINUOUS
10
1.0745498031496064
20
0.1551074803149606
11
1.0727859448818897
21
0.1547967716535433
0
LINE
8
BLACK
6
CONTINUOUS
10
1.0727859448818897
20
0.1547967716535433
11
1.0707634645669291
21
0.154552874015748
0
LINE
8
BLACK
6
CONTINUOUS
10
1.0707634645669291
20
0.154552874015748
11
1.0684162598425198
21
0.1543692913385827
0
LINE
8
BLACK
6
CONTINUOUS
10
1.0684162598425198
20
0.1543692913385827
11
1.0656782677165355
21
0.1542396850393701
0
LINE
8
BLACK
6
CONTINUOUS
10
1.0656782677165355
20
0.1542396850393701
11
1.0624835433070865
21
0.1541575984251969
0
LINE
8
BLACK
6
CONTINUOUS
10
1.0624835433070865
20
0.1541575984251969
11
1.0587659448818898
21
0.1541166141732283
0
LINE
8
BLACK
6
CONTINUOUS
10
1.0587659448818898
20
0.1541166141732283
11
1.0544594881889764
21
0.1541102755905512
0
LINE
8
BLACK
6
CONTINUOUS
10
1.0544594881889764
20
0.1541102755905512
11
1.0494981496062992
21
0.1541322047244094
0
LINE
8
BLACK
6
CONTINUOUS
10
1.0494981496062992
20
0.1541322047244094
11
1.049354251968504
21
0.1541331496062992
0
LINE
8
BLACK
6
CONTINUOUS
10
1.049354251968504
20
0.1541331496062992
11
1.0332660236220472
21
0.1542372834645669
0
LINE
8
BLACK
6
CONTINUOUS
10
1.0332660236220472
20
0.1542372834645669
11
1.0331659842519685
21
0.1595698818897638
0
LINE
8
BLACK
6
CONTINUOUS
10
1.0331659842519685
20
0.1595698818897638
11
1.033065905511811
21
0.1649024803149606
0
LINE
8
BLACK
6
CONTINUOUS
10
1.033065905511811
20
0.1649024803149606
11
1.0500414566929133
21
0.1649024803149606
0
LINE
8
BLACK
6
CONTINUOUS
10
1.0500414566929133
20
0.1649024803149606
11
1.0541201968503937
21
0.1649112992125984
0
LINE
8
BLACK
6
CONTINUOUS
10
1.0541201968503937
20
0.1649112992125984
11
1.0578814566929133
21
0.164936811023622
0
LINE
8
BLACK
6
CONTINUOUS
10
1.0578814566929133
20
0.164936811023622
11
1.0612601181102361
21
0.1649777952755906
0
LINE
8
BLACK
6
CONTINUOUS
10
1.0612601181102361
20
0.1649777952755906
11
1.0641909055118111
21
0.1650329527559055
0
LINE
8
BLACK
6
CONTINUOUS
10
1.0641909055118111
20
0.1650329527559055
11
1.0666086614173229
21
0.1651009842519685
0
LINE
8
BLACK
6
CONTINUOUS
10
1.0666086614173229
20
0.1651009842519685
11
1.0684482283464567
21
0.1651805905511811
0
LINE
8
BLACK
6
CONTINUOUS
10
1.0684482283464567
20
0.1651805905511811
11
1.0696443307086614
21
0.1652705511811024
0
LINE
8
BLACK
6
CONTINUOUS
10
1.0696443307086614
20
0.1652705511811024
11
1.0698149606299212
21
0.1652916535433071
0
LINE
8
BLACK
6
CONTINUOUS
10
1.0698149606299212
20
0.1652916535433071
11
1.0731453543307086
21
0.1659665354330709
0
LINE
8
BLACK
6
CONTINUOUS
10
1.0731453543307086
20
0.1659665354330709
11
1.0758635433070867
21
0.167000157480315
0
LINE
8
BLACK
6
CONTINUOUS
10
1.0758635433070867
20
0.167000157480315
11
1.0780041338582678
21
0.1684279133858268
0
LINE
8
BLACK
6
CONTINUOUS
10
1.0780041338582678
20
0.1684279133858268
11
1.0796017322834646
21
0.1702853937007874
0
LINE
8
BLACK
6
CONTINUOUS
10
1.0796017322834646
20
0.1702853937007874
11
1.0806908661417323
21
0.1726080708661417
0
LINE
8
BLACK
6
CONTINUOUS
10
1.0806908661417323
20
0.1726080708661417
11
1.0813062598425196
21
0.1754314566929134
0
LINE
8
BLACK
6
CONTINUOUS
10
1.0813062598425196
20
0.1754314566929134
11
1.081456377952756
21
0.1772354330708661
0
LINE
8
BLACK
6
CONTINUOUS
10
1.081456377952756
20
0.1772354330708661
11
1.081384842519685
21
0.1805326771653543
0
LINE
8
BLACK
6
CONTINUOUS
10
1.081384842519685
20
0.1805326771653543
11
1.0808319685039369
21
0.1833088976377953
0
LINE
8
BLACK
6
CONTINUOUS
10
1.0808319685039369
20
0.1833088976377953
11
1.079766377952756
21
0.1856091338582677
0
LINE
8
BLACK
6
CONTINUOUS
10
1.079766377952756
20
0.1856091338582677
11
1.0781567716535432
21
0.1874783464566929
0
LINE
8
BLACK
6
CONTINUOUS
10
1.0781567716535432
20
0.1874783464566929
11
1.0759718503937008
21
0.1889614566929134
0
LINE
8
BLACK
6
CONTINUOUS
10
1.0759718503937008
20
0.1889614566929134
11
1.0731802362204723
21
0.1901034645669291
0
LINE
8
BLACK
6
CONTINUOUS
10
1.0731802362204723
20
0.1901034645669291
11
1.0723125196850394
21
0.1903607874015748
0
LINE
8
BLACK
6
CONTINUOUS
10
1.0723125196850394
20
0.1903607874015748
11
1.0716910629921259
21
0.1905198818897638
0
LINE
8
BLACK
6
CONTINUOUS
10
1.0716910629921259
20
0.1905198818897638
11
1.0710275196850394
21
0.1906542913385827
0
LINE
8
BLACK
6
CONTINUOUS
10
1.0710275196850394
20
0.1906542913385827
11
1.0702546850393702
21
0.1907666929133858
0
LINE
8
BLACK
6
CONTINUOUS
10
1.0702546850393702
20
0.1907666929133858
11
1.0693055118110235
21
0.1908598818897638
0
LINE
8
BLACK
6
CONTINUOUS
10
1.0693055118110235
20
0.1908598818897638
11
1.0681129133858267
21
0.1909364960629921
0
LINE
8
BLACK
6
CONTINUOUS
10
1.0681129133858267
20
0.1909364960629921
11
1.0666097244094488
21
0.1909993307086614
0
LINE
8
BLACK
6
CONTINUOUS
10
1.0666097244094488
20
0.1909993307086614
11
1.0647288582677166
21
0.191051062992126
0
LINE
8
BLACK
6
CONTINUOUS
10
1.0647288582677166
20
0.191051062992126
11
1.0624032283464566
21
0.1910944488188976
0
LINE
8
BLACK
6
CONTINUOUS
10
1.0624032283464566
20
0.1910944488188976
11
1.0595656692913387
21
0.191132125984252
0
LINE
8
BLACK
6
CONTINUOUS
10
1.0595656692913387
20
0.191132125984252
11
1.0561491338582676
21
0.1911668897637795
0
LINE
8
BLACK
6
CONTINUOUS
10
1.0561491338582676
20
0.1911668897637795
11
1.0520864566929133
21
0.1912014566929134
0
LINE
8
BLACK
6
CONTINUOUS
10
1.0520864566929133
20
0.1912014566929134
11
1.0514330314960629
21
0.1912066535433071
0
LINE
8
BLACK
6
CONTINUOUS
10
1.0514330314960629
20
0.1912066535433071
11
1.0330852362204723
21
0.1913519291338583
0
LINE
8
BLACK
6
CONTINUOUS
10
1.0330852362204723
20
0.1913519291338583
11
1.0330852362204723
21
0.2018181102362205
0
LINE
8
BLACK
6
CONTINUOUS
10
1.0330852362204723
20
0.2018181102362205
11
1.0530599606299211
21
0.2016910236220472
0
LINE
8
BLACK
6
CONTINUOUS
10
0.019395
20
0.4129118503937008
11
0.0195748031496063
21
0.412007874015748
0
LINE
8
BLACK
6
CONTINUOUS
10
0.0195748031496063
20
0.412007874015748
11
0.0195748031496063
21
0.1785433070866142
0
LINE
8
BLACK
6
CONTINUOUS
10
0.0195748031496063
20
0.1785433070866142
11
0.019395
21
0.1776393307086614
0
LINE
8
BLACK
6
CONTINUOUS
10
0.019395
20
0.1776393307086614
11
0.0181165748031496
21
0.176360905511811
0
LINE
8
BLACK
6
CONTINUOUS
10
0.0181165748031496
20
0.176360905511811
11
0.0163086220472441
21
0.176360905511811
0
LINE
8
BLACK
6
CONTINUOUS
10
0.0163086220472441
20
0.176360905511811
11
0.0150301968503937
21
0.1776393307086614
0
LINE
8
BLACK
6
CONTINUOUS
10
0.0150301968503937
20
0.1776393307086614
11
0.0148503937007874
21
0.1785433070866142
0
LINE
8
BLACK
6
CONTINUOUS
10
0.0148503937007874
20
0.1785433070866142
11
0.0148503937007874
21
0.412007874015748
0
LINE
8
BLACK
6
CONTINUOUS
10
0.0148503937007874
20
0.412007874015748
11
0.0150301968503937
21
0.4129118503937008
0
LINE
8
BLACK
6
CONTINUOUS
10
0.0150301968503937
20
0.4129118503937008
11
0.0163086220472441
21
0.4141902755905512
0
LINE
8
BLACK
6
CONTINUOUS
10
0.0163086220472441
20
0.4141902755905512
11
0.0181165748031496
21
0.4141902755905512
0
LINE
8
BLACK
6
CONTINUOUS
10
0.0181165748031496
20
0.4141902755905512
11
0.019395
21
0.4129118503937008
0
LINE
8
BLACK
6
CONTINUOUS
10
0.8293624015748031
20
0.2256639763779527
11
0.8302573228346457
21
0.2249295669291339
0
LINE
8
BLACK
6
CONTINUOUS
10
0.8302573228346457
20
0.2249295669291339
11
0.8330694881889763
21
0.2221174409448819
0
LINE
8
BLACK
6
CONTINUOUS
10
0.8330694881889763
20
0.2221174409448819
11
0.833803937007874
21
0.2212225196850394
0
LINE
8
BLACK
6
CONTINUOUS
10
0.833803937007874
20
0.2212225196850394
11
0.8338850787401575
21
0.2210266141732283
0
LINE
8
BLACK
6
CONTINUOUS
10
0.8338850787401575
20
0.2210266141732283
11
0.8340242125984252
21
0.2208661811023622
0
LINE
8
BLACK
6
CONTINUOUS
10
0.8340242125984252
20
0.2208661811023622
11
0.8344961811023622
21
0.2198090551181102
0
LINE
8
BLACK
6
CONTINUOUS
10
0.8344961811023622
20
0.2198090551181102
11
0.8373083070866142
21
0.2113725984251968
0
LINE
8
BLACK
6
CONTINUOUS
10
0.8373083070866142
20
0.2113725984251968
11
0.8374381889763779
21
0.2108012598425197
0
LINE
8
BLACK
6
CONTINUOUS
10
0.8374381889763779
20
0.2108012598425197
11
0.837497874015748
21
0.2106572440944882
0
LINE
8
BLACK
6
CONTINUOUS
10
0.837497874015748
20
0.2106572440944882
11
0.8375184251968504
21
0.2104485039370079
0
LINE
8
BLACK
6
CONTINUOUS
10
0.8375184251968504
20
0.2104485039370079
11
0.837565
21
0.2102437007874016
0
LINE
8
BLACK
6
CONTINUOUS
10
0.837565
20
0.2102437007874016
11
0.8375538976377953
21
0.210088031496063
0
LINE
8
BLACK
6
CONTINUOUS
10
0.8375538976377953
20
0.210088031496063
11
0.8376113385826771
21
0.2095051181102362
0
LINE
8
BLACK
6
CONTINUOUS
10
0.8376113385826771
20
0.2095051181102362
11
0.8376113385826771
21
0.2038808267716535
0
LINE
8
BLACK
6
CONTINUOUS
10
0.8376113385826771
20
0.2038808267716535
11
0.8375538976377953
21
0.2032979527559055
0
LINE
8
BLACK
6
CONTINUOUS
10
0.8375538976377953
20
0.2032979527559055
11
0.837565
21
0.2031422440944882
0
LINE
8
BLACK
6
CONTINUOUS
10
0.837565
20
0.2031422440944882
11
0.8375184251968504
21
0.2029374803149606
0
LINE
8
BLACK
6
CONTINUOUS
10
0.8375184251968504
20
0.2029374803149606
11
0.837497874015748
21
0.2027287007874016
0
LINE
8
BLACK
6
CONTINUOUS
10
0.837497874015748
20
0.2027287007874016
11
0.8374381889763779
21
0.2025847244094488
0
LINE
8
BLACK
6
CONTINUOUS
10
0.8374381889763779
20
0.2025847244094488
11
0.8373083070866142
21
0.2020133464566929
0
LINE
8
BLACK
6
CONTINUOUS
10
0.8373083070866142
20
0.2020133464566929
11
0.8344961811023622
21
0.1935768897637795
0
LINE
8
BLACK
6
CONTINUOUS
10
0.8344961811023622
20
0.1935768897637795
11
0.8340242125984252
21
0.1925197637795276
0
LINE
8
BLACK
6
CONTINUOUS
10
0.8340242125984252
20
0.1925197637795276
11
0.8338851574803149
21
0.1923594881889764
0
LINE
8
BLACK
6
CONTINUOUS
10
0.8338851574803149
20
0.1923594881889764
11
0.8338039763779528
21
0.1921634251968504
0
LINE
8
BLACK
6
CONTINUOUS
10
0.8338039763779528
20
0.1921634251968504
11
0.8330695275590551
21
0.1912685433070866
0
LINE
8
BLACK
6
CONTINUOUS
10
0.8330695275590551
20
0.1912685433070866
11
0.8274451968503936
21
0.1856442519685039
0
LINE
8
BLACK
6
CONTINUOUS
10
0.8274451968503936
20
0.1856442519685039
11
0.8269923622047244
21
0.1852726377952756
0
LINE
8
BLACK
6
CONTINUOUS
10
0.8269923622047244
20
0.1852726377952756
11
0.8268901574803149
21
0.1851547637795276
0
LINE
8
BLACK
6
CONTINUOUS
10
0.8268901574803149
20
0.1851547637795276
11
0.8267124409448818
21
0.1850429527559055
0
LINE
8
BLACK
6
CONTINUOUS
10
0.8267124409448818
20
0.1850429527559055
11
0.8265502755905512
21
0.1849098031496063
0
LINE
8
BLACK
6
CONTINUOUS
10
0.8265502755905512
20
0.1849098031496063
11
0.8264061811023622
21
0.184850157480315
0
LINE
8
BLACK
6
CONTINUOUS
10
0.8264061811023622
20
0.184850157480315
11
0.8259103937007873
21
0.184538031496063
0
LINE
8
BLACK
6
CONTINUOUS
10
0.8259103937007873
20
0.184538031496063
11
0.8202861023622047
21
0.1817258661417323
0
LINE
8
BLACK
6
CONTINUOUS
10
0.8202861023622047
20
0.1817258661417323
11
0.820201811023622
21
0.1816936220472441
0
LINE
8
BLACK
6
CONTINUOUS
10
0.820201811023622
20
0.1816936220472441
11
0.8201675590551181
21
0.1816682283464567
0
LINE
8
BLACK
6
CONTINUOUS
10
0.8201675590551181
20
0.1816682283464567
11
0.8196841732283464
21
0.1814955511811024
0
LINE
8
BLACK
6
CONTINUOUS
10
0.8196841732283464
20
0.1814955511811024
11
0.8192048818897638
21
0.181312125984252
0
LINE
8
BLACK
6
CONTINUOUS
10
0.8192048818897638
20
0.181312125984252
11
0.8191623228346456
21
0.1813091338582677
0
LINE
8
BLACK
6
CONTINUOUS
10
0.8191623228346456
20
0.1813091338582677
11
0.8190773622047244
21
0.1812787401574803
0
LINE
8
BLACK
6
CONTINUOUS
10
0.8190773622047244
20
0.1812787401574803
11
0.807828779527559
21
0.1784666141732283
0
LINE
8
BLACK
6
CONTINUOUS
10
0.807828779527559
20
0.1784666141732283
11
0.807629094488189
21
0.178437125984252
0
LINE
8
BLACK
6
CONTINUOUS
10
0.807629094488189
20
0.178437125984252
11
0.8075486220472441
21
0.1784037401574803
0
LINE
8
BLACK
6
CONTINUOUS
10
0.8075486220472441
20
0.1784037401574803
11
0.8071146456692914
21
0.1783610236220472
0
LINE
8
BLACK
6
CONTINUOUS
10
0.8071146456692914
20
0.1783610236220472
11
0.8066835433070866
21
0.1782972440944882
0
LINE
8
BLACK
6
CONTINUOUS
10
0.8066835433070866
20
0.1782972440944882
11
0.8065974015748031
21
0.1783100787401575
0
LINE
8
BLACK
6
CONTINUOUS
10
0.8065974015748031
20
0.1783100787401575
11
0.8063964960629921
21
0.1782902755905512
0
LINE
8
BLACK
6
CONTINUOUS
10
0.8063964960629921
20
0.1782902755905512
11
0.7979600393700788
21
0.1782902755905512
0
LINE
8
BLACK
6
CONTINUOUS
10
0.7979600393700788
20
0.1782902755905512
11
0.7977590944881889
21
0.1783100787401575
0
LINE
8
BLACK
6
CONTINUOUS
10
0.7977590944881889
20
0.1783100787401575
11
0.7976729921259842
21
0.1782972440944882
0
LINE
8
BLACK
6
CONTINUOUS
10
0.7976729921259842
20
0.1782972440944882
11
0.7972418503937008
21
0.1783610236220472
0
LINE
8
BLACK
6
CONTINUOUS
10
0.7972418503937008
20
0.1783610236220472
11
0.7968079133858268
21
0.1784037401574803
0
LINE
8
BLACK
6
CONTINUOUS
10
0.7968079133858268
20
0.1784037401574803
11
0.7967274015748032
21
0.178437125984252
0
LINE
8
BLACK
6
CONTINUOUS
10
0.7967274015748032
20
0.178437125984252
11
0.7965277559055118
21
0.1784666141732283
0
LINE
8
BLACK
6
CONTINUOUS
10
0.7965277559055118
20
0.1784666141732283
11
0.7852791732283464
21
0.1812787401574803
0
LINE
8
BLACK
6
CONTINUOUS
10
0.7852791732283464
20
0.1812787401574803
11
0.7851941732283464
21
0.1813091338582677
0
LINE
8
BLACK
6
CONTINUOUS
10
0.7851941732283464
20
0.1813091338582677
11
0.7851516535433071
21
0.181312125984252
0
LINE
8
BLACK
6
CONTINUOUS
10
0.7851516535433071
20
0.181312125984252
11
0.7846720866141732
21
0.1814956299212598
0
LINE
8
BLACK
6
CONTINUOUS
10
0.7846720866141732
20
0.1814956299212598
11
0.7841889763779527
21
0.1816682283464567
0
LINE
8
BLACK
6
CONTINUOUS
10
0.7841889763779527
20
0.1816682283464567
11
0.7841547244094488
21
0.1816936220472441
0
LINE
8
BLACK
6
CONTINUOUS
10
0.7841547244094488
20
0.1816936220472441
11
0.7840703937007873
21
0.1817258661417323
0
LINE
8
BLACK
6
CONTINUOUS
10
0.7840703937007873
20
0.1817258661417323
11
0.7784461417322834
21
0.184538031496063
0
LINE
8
BLACK
6
CONTINUOUS
10
0.7784461417322834
20
0.184538031496063
11
0.7779503937007873
21
0.1848501181102362
0
LINE
8
BLACK
6
CONTINUOUS
10
0.7779503937007873
20
0.1848501181102362
11
0.777806220472441
21
0.1849098031496063
0
LINE
8
BLACK
6
CONTINUOUS
10
0.777806220472441
20
0.1849098031496063
11
0.7776438976377953
21
0.185043031496063
0
LINE
8
BLACK
6
CONTINUOUS
10
0.7776438976377953
20
0.185043031496063
11
0.7774663779527559
21
0.1851547637795276
0
LINE
8
BLACK
6
CONTINUOUS
10
0.7774663779527559
20
0.1851547637795276
11
0.7773641732283464
21
0.1852725984251968
0
LINE
8
BLACK
6
CONTINUOUS
10
0.7773641732283464
20
0.1852725984251968
11
0.7769113385826771
21
0.1856442519685039
0
LINE
8
BLACK
6
CONTINUOUS
10
0.7769113385826771
20
0.1856442519685039
11
0.7712870472440945
21
0.1912685433070866
0
LINE
8
BLACK
6
CONTINUOUS
10
0.7712870472440945
20
0.1912685433070866
11
0.7705525984251969
21
0.1921634645669291
0
LINE
8
BLACK
6
CONTINUOUS
10
0.7705525984251969
20
0.1921634645669291
11
0.7704713779527559
21
0.1923595275590551
0
LINE
8
BLACK
6
CONTINUOUS
10
0.7704713779527559
20
0.1923595275590551
11
0.7703324015748031
21
0.1925197637795276
0
LINE
8
BLACK
6
CONTINUOUS
10
0.7703324015748031
20
0.1925197637795276
11
0.7698603937007874
21
0.1935768897637795
0
LINE
8
BLACK
6
CONTINUOUS
10
0.7698603937007874
20
0.1935768897637795
11
0.7670482677165354
21
0.2020133464566929
0
LINE
8
BLACK
6
CONTINUOUS
10
0.7670482677165354
20
0.2020133464566929
11
0.7669183858267716
21
0.2025845275590551
0
LINE
8
BLACK
6
CONTINUOUS
10
0.7669183858267716
20
0.2025845275590551
11
0.7668586614173228
21
0.2027287007874016
0
LINE
8
BLACK
6
CONTINUOUS
10
0.7668586614173228
20
0.2027287007874016
11
0.7668380708661418
21
0.2029377165354331
0
LINE
8
BLACK
6
CONTINUOUS
10
0.7668380708661418
20
0.2029377165354331
11
0.7667915748031496
21
0.2031422047244094
0
LINE
8
BLACK
6
CONTINUOUS
10
0.7667915748031496
20
0.2031422047244094
11
0.7668025984251968
21
0.2032977165354331
0
LINE
8
BLACK
6
CONTINUOUS
10
0.7668025984251968
20
0.2032977165354331
11
0.7667451968503937
21
0.2038808267716535
0
LINE
8
BLACK
6
CONTINUOUS
10
0.7667451968503937
20
0.2038808267716535
11
0.7667451968503937
21
0.2095051181102362
0
LINE
8
BLACK
6
CONTINUOUS
10
0.7667451968503937
20
0.2095051181102362
11
0.7668025984251968
21
0.2100882677165354
0
LINE
8
BLACK
6
CONTINUOUS
10
0.7668025984251968
20
0.2100882677165354
11
0.7667915748031496
21
0.2102437401574803
0
LINE
8
BLACK
6
CONTINUOUS
10
0.7667915748031496
20
0.2102437401574803
11
0.7668380708661418
21
0.2104482677165354
0
LINE
8
BLACK
6
CONTINUOUS
10
0.7668380708661418
20
0.2104482677165354
11
0.7668586614173228
21
0.2106572440944882
0
LINE
8
BLACK
6
CONTINUOUS
10
0.7668586614173228
20
0.2106572440944882
11
0.7669183858267716
21
0.2108014566929134
0
LINE
8
BLACK
6
CONTINUOUS
10
0.7669183858267716
20
0.2108014566929134
11
0.7670482677165354
21
0.2113725984251968
0
LINE
8
BLACK
6
CONTINUOUS
10
0.7670482677165354
20
0.2113725984251968
11
0.7698603937007874
21
0.2198090551181102
0
LINE
8
BLACK
6
CONTINUOUS
10
0.7698603937007874
20
0.2198090551181102
11
0.7703324015748031
21
0.2208661811023622
0
LINE
8
BLACK
6
CONTINUOUS
10
0.7703324015748031
20
0.2208661811023622
11
0.7704713779527559
21
0.2210264566929134
0
LINE
8
BLACK
6
CONTINUOUS
10
0.7704713779527559
20
0.2210264566929134
11
0.7705525984251969
21
0.2212224803149606
0
LINE
8
BLACK
6
CONTINUOUS
10
0.7705525984251969
20
0.2212224803149606
11
0.7712870472440945
21
0.2221174015748031
0
LINE
8
BLACK
6
CONTINUOUS
10
0.7712870472440945
20
0.2221174015748031
11
0.7740991732283464
21
0.2249295275590551
0
LINE
8
BLACK
6
CONTINUOUS
10
0.7740991732283464
20
0.2249295275590551
11
0.7749940551181103
21
0.2256639763779527
0
LINE
8
BLACK
6
CONTINUOUS
10
0.7749940551181103
20
0.2256639763779527
11
0.7771229133858267
21
0.2265457086614173
0
LINE
8
BLACK
6
CONTINUOUS
10
0.7771229133858267
20
0.2265457086614173
11
0.7794270866141733
21
0.2265457086614173
0
LINE
8
BLACK
6
CONTINUOUS
10
0.7794270866141733
20
0.2265457086614173
11
0.781555905511811
21
0.2256639763779527
0
LINE
8
BLACK
6
CONTINUOUS
10
0.781555905511811
20
0.2256639763779527
11
0.7831852755905512
21
0.2240346062992126
0
LINE
8
BLACK
6
CONTINUOUS
10
0.7831852755905512
20
0.2240346062992126
11
0.7840670078740157
21
0.2219057874015748
0
LINE
8
BLACK
6
CONTINUOUS
10
0.7840670078740157
20
0.2219057874015748
11
0.7840670078740157
21
0.2196016141732283
0
LINE
8
BLACK
6
CONTINUOUS
10
0.7840670078740157
20
0.2196016141732283
11
0.7831852755905512
21
0.2174727559055118
0
LINE
8
BLACK
6
CONTINUOUS
10
0.7831852755905512
20
0.2174727559055118
11
0.7824508267716536
21
0.216577874015748
0
LINE
8
BLACK
6
CONTINUOUS
10
0.7824508267716536
20
0.216577874015748
11
0.7806244488188976
21
0.2147515354330709
0
LINE
8
BLACK
6
CONTINUOUS
10
0.7806244488188976
20
0.2147515354330709
11
0.7785562204724409
21
0.2085468503937008
0
LINE
8
BLACK
6
CONTINUOUS
10
0.7785562204724409
20
0.2085468503937008
11
0.7785562204724409
21
0.2048391338582677
0
LINE
8
BLACK
6
CONTINUOUS
10
0.7785562204724409
20
0.2048391338582677
11
0.7806244488188976
21
0.1986344488188976
0
LINE
8
BLACK
6
CONTINUOUS
10
0.7806244488188976
20
0.1986344488188976
11
0.7845853543307086
21
0.1946735433070866
0
LINE
8
BLACK
6
CONTINUOUS
10
0.7845853543307086
20
0.1946735433070866
11
0.788772716535433
21
0.1925798818897638
0
LINE
8
BLACK
6
CONTINUOUS
10
0.788772716535433
20
0.1925798818897638
11
0.7986869685039369
21
0.1901012992125984
0
LINE
8
BLACK
6
CONTINUOUS
10
0.7986869685039369
20
0.1901012992125984
11
0.8056695669291338
21
0.1901012992125984
0
LINE
8
BLACK
6
CONTINUOUS
10
0.8056695669291338
20
0.1901012992125984
11
0.815583779527559
21
0.192579842519685
0
LINE
8
BLACK
6
CONTINUOUS
10
0.815583779527559
20
0.192579842519685
11
0.8197711811023621
21
0.1946735826771654
0
LINE
8
BLACK
6
CONTINUOUS
10
0.8197711811023621
20
0.1946735826771654
11
0.8237320472440944
21
0.1986344094488189
0
LINE
8
BLACK
6
CONTINUOUS
10
0.8237320472440944
20
0.1986344094488189
11
0.8258003149606299
21
0.2048392125984252
0
LINE
8
BLACK
6
CONTINUOUS
10
0.8258003149606299
20
0.2048392125984252
11
0.8258003149606299
21
0.2085467716535433
0
LINE
8
BLACK
6
CONTINUOUS
10
0.8258003149606299
20
0.2085467716535433
11
0.8237320472440944
21
0.2147515748031496
0
LINE
8
BLACK
6
CONTINUOUS
10
0.8237320472440944
20
0.2147515748031496
11
0.8219057480314961
21
0.2165778346456693
0
LINE
8
BLACK
6
CONTINUOUS
10
0.8219057480314961
20
0.2165778346456693
11
0.8211712992125985
21
0.2174727559055118
0
LINE
8
BLACK
6
CONTINUOUS
10
0.8211712992125985
20
0.2174727559055118
11
0.8202894881889764
21
0.2196015748031496
0
LINE
8
BLACK
6
CONTINUOUS
10
0.8202894881889764
20
0.2196015748031496
11
0.8202894881889764
21
0.2219057480314961
0
LINE
8
BLACK
6
CONTINUOUS
10
0.8202894881889764
20
0.2219057480314961
11
0.8211712598425197
21
0.2240345669291338
0
LINE
8
BLACK
6
CONTINUOUS
10
0.8211712598425197
20
0.2240345669291338
11
0.822800590551181
21
0.225663937007874
0
LINE
8
BLACK
6
CONTINUOUS
10
0.822800590551181
20
0.225663937007874
11
0.8249294094488189
21
0.226545748031496
0
LINE
8
BLACK
6
CONTINUOUS
10
0.8249294094488189
20
0.226545748031496
11
0.8272335826771653
21
0.226545748031496
0
LINE
8
BLACK
6
CONTINUOUS
10
0.8272335826771653
20
0.226545748031496
11
0.8293624015748031
21
0.2256639763779527
0
LINE
8
BLACK
6
CONTINUOUS
10
1.0905689763779527
20
0.2491403937007874
11
1.071180157480315
21
0.2362151968503937
0
LINE
8
BLACK
6
CONTINUOUS
10
1.071180157480315
20
0.2362151968503937
11
1.0517913779527559
21
0.2232900393700787
0
LINE
8
BLACK
6
CONTINUOUS
10
1.0517913779527559
20
0.2232900393700787
11
1.071180157480315
21
0.2231965354330709
0
LINE
8
BLACK
6
CONTINUOUS
10
1.071180157480315
20
0.2231965354330709
11
1.0905689763779527
21
0.2231029921259843
0
LINE
8
BLACK
6
CONTINUOUS
10
1.0905689763779527
20
0.2231029921259843
11
1.0905689763779527
21
0.212624842519685
0
LINE
8
BLACK
6
CONTINUOUS
10
1.0905689763779527
20
0.212624842519685
11
1.0330852362204723
21
0.212624842519685
0
LINE
8
BLACK
6
CONTINUOUS
10
1.0330852362204723
20
0.212624842519685
11
1.0330854330708661
21
0.2177766535433071
0
LINE
8
BLACK
6
CONTINUOUS
10
1.0330854330708661
20
0.2177766535433071
11
1.0330856299212599
21
0.2229285039370079
0
LINE
8
BLACK
6
CONTINUOUS
10
1.0330856299212599
20
0.2229285039370079
11
1.0513962598425197
21
0.2350398818897638
0
LINE
8
BLACK
6
CONTINUOUS
10
1.0513962598425197
20
0.2350398818897638
11
1.0697069291338583
21
0.247151220472441
0
LINE
8
BLACK
6
CONTINUOUS
10
1.0697069291338583
20
0.247151220472441
11
1.0513864566929134
21
0.2472449212598425
0
LINE
8
BLACK
6
CONTINUOUS
10
1.0513864566929134
20
0.2472449212598425
11
1.0330659448818897
21
0.2473386220472441
0
LINE
8
BLACK
6
CONTINUOUS
10
1.0330659448818897
20
0.2473386220472441
11
1.0332660236220472
21
0.2579972047244095
0
LINE
8
BLACK
6
CONTINUOUS
10
1.0332660236220472
20
0.2579972047244095
11
1.0619175196850394
21
0.2580897637795275
0
LINE
8
BLACK
6
CONTINUOUS
10
1.0619175196850394
20
0.2580897637795275
11
1.0905689763779527
21
0.2581823228346457
0
LINE
8
BLACK
6
CONTINUOUS
10
1.0905689763779527
20
0.2581823228346457
11
1.0905689763779527
21
0.2491403937007874
0
LINE
8
BLACK
6
CONTINUOUS
10
0.8122216929133859
20
0.2885067322834646
11
0.8123078346456692
21
0.2885195275590551
0
LINE
8
BLACK
6
CONTINUOUS
10
0.8123078346456692
20
0.2885195275590551
11
0.8127389763779528
21
0.2884557874015748
0
LINE
8
BLACK
6
CONTINUOUS
10
0.8127389763779528
20
0.2884557874015748
11
0.8131729133858268
21
0.288413031496063
0
LINE
8
BLACK
6
CONTINUOUS
10
0.8131729133858268
20
0.288413031496063
11
0.8132533858267716
21
0.2883797244094488
0
LINE
8
BLACK
6
CONTINUOUS
10
0.8132533858267716
20
0.2883797244094488
11
0.8134531102362205
21
0.288350157480315
0
LINE
8
BLACK
6
CONTINUOUS
10
0.8134531102362205
20
0.288350157480315
11
0.824701653543307
21
0.2855379921259842
0
LINE
8
BLACK
6
CONTINUOUS
10
0.824701653543307
20
0.2855379921259842
11
0.8257918503937007
21
0.2851485039370079
0
LINE
8
BLACK
6
CONTINUOUS
10
0.8257918503937007
20
0.2851485039370079
11
0.8261446062992126
21
0.284887125984252
0
LINE
8
BLACK
6
CONTINUOUS
10
0.8261446062992126
20
0.284887125984252
11
0.8265502755905512
21
0.284719094488189
0
LINE
8
BLACK
6
CONTINUOUS
10
0.8265502755905512
20
0.284719094488189
11
0.8274451968503936
21
0.2839846456692913
0
LINE
8
BLACK
6
CONTINUOUS
10
0.8274451968503936
20
0.2839846456692913
11
0.8330695275590551
21
0.2783603543307087
0
LINE
8
BLACK
6
CONTINUOUS
10
0.8330695275590551
20
0.2783603543307087
11
0.8334412992125984
21
0.2779073622047244
0
LINE
8
BLACK
6
CONTINUOUS
10
0.8334412992125984
20
0.2779073622047244
11
0.8335590157480315
21
0.2778052755905512
0
LINE
8
BLACK
6
CONTINUOUS
10
0.8335590157480315
20
0.2778052755905512
11
0.8336706692913386
21
0.2776279133858268
0
LINE
8
BLACK
6
CONTINUOUS
10
0.8336706692913386
20
0.2776279133858268
11
0.8338039763779528
21
0.2774654724409449
0
LINE
8
BLACK
6
CONTINUOUS
10
0.8338039763779528
20
0.2774654724409449
11
0.8338637007874016
21
0.2773212598425197
0
LINE
8
BLACK
6
CONTINUOUS
10
0.8338637007874016
20
0.2773212598425197
11
0.8341757480314961
21
0.2768255511811024
0
LINE
8
BLACK
6
CONTINUOUS
10
0.8341757480314961
20
0.2768255511811024
11
0.836987874015748
21
0.2712012204724409
0
LINE
8
BLACK
6
CONTINUOUS
10
0.836987874015748
20
0.2712012204724409
11
0.8374016535433071
21
0.27012
0
LINE
8
BLACK
6
CONTINUOUS
10
0.8374016535433071
20
0.27012
11
0.8374166535433071
21
0.2699083858267716
0
LINE
8
BLACK
6
CONTINUOUS
10
0.8374166535433071
20
0.2699083858267716
11
0.837497874015748
21
0.2697123622047244
0
LINE
8
BLACK
6
CONTINUOUS
10
0.837497874015748
20
0.2697123622047244
11
0.8376113385826771
21
0.2685602362204724
0
LINE
8
BLACK
6
CONTINUOUS
10
0.8376113385826771
20
0.2685602362204724
11
0.8376113385826771
21
0.2573116535433071
0
LINE
8
BLACK
6
CONTINUOUS
10
0.8376113385826771
20
0.2573116535433071
11
0.837497874015748
21
0.2561595275590551
0
LINE
8
BLACK
6
CONTINUOUS
10
0.837497874015748
20
0.2561595275590551
11
0.8374166535433071
21
0.2559635433070866
0
LINE
8
BLACK
6
CONTINUOUS
10
0.8374166535433071
20
0.2559635433070866
11
0.8374016535433071
21
0.2557518897637795
0
LINE
8
BLACK
6
CONTINUOUS
10
0.8374016535433071
20
0.2557518897637795
11
0.8369879133858268
21
0.2546706692913386
0
LINE
8
BLACK
6
CONTINUOUS
10
0.8369879133858268
20
0.2546706692913386
11
0.8341757480314961
21
0.2490463385826772
0
LINE
8
BLACK
6
CONTINUOUS
10
0.8341757480314961
20
0.2490463385826772
11
0.8338637007874016
21
0.2485505905511811
0
LINE
8
BLACK
6
CONTINUOUS
10
0.8338637007874016
20
0.2485505905511811
11
0.8338039763779528
21
0.2484063779527559
0
LINE
8
BLACK
6
CONTINUOUS
10
0.8338039763779528
20
0.2484063779527559
11
0.8336707874015747
21
0.2482441338582677
0
LINE
8
BLACK
6
CONTINUOUS
10
0.8336707874015747
20
0.2482441338582677
11
0.8335590551181102
21
0.2480665748031496
0
LINE
8
BLACK
6
CONTINUOUS
10
0.8335590551181102
20
0.2480665748031496
11
0.8334411811023622
21
0.2479644094488189
0
LINE
8
BLACK
6
CONTINUOUS
10
0.8334411811023622
20
0.2479644094488189
11
0.8330695275590551
21
0.2475114960629921
0
LINE
8
BLACK
6
CONTINUOUS
10
0.8330695275590551
20
0.2475114960629921
11
0.8274451968503936
21
0.2418872047244094
0
LINE
8
BLACK
6
CONTINUOUS
10
0.8274451968503936
20
0.2418872047244094
11
0.8265502755905512
21
0.2411527559055118
0
LINE
8
BLACK
6
CONTINUOUS
10
0.8265502755905512
20
0.2411527559055118
11
0.8261446062992126
21
0.2409847637795275
0
LINE
8
BLACK
6
CONTINUOUS
10
0.8261446062992126
20
0.2409847637795275
11
0.8257918503937007
21
0.2407233464566929
0
LINE
8
BLACK
6
CONTINUOUS
10
0.8257918503937007
20
0.2407233464566929
11
0.824701653543307
21
0.2403338582677165
0
LINE
8
BLACK
6
CONTINUOUS
10
0.824701653543307
20
0.2403338582677165
11
0.8134530708661417
21
0.2375217322834646
0
LINE
8
BLACK
6
CONTINUOUS
10
0.8134530708661417
20
0.2375217322834646
11
0.8132533858267716
21
0.2374922440944882
0
LINE
8
BLACK
6
CONTINUOUS
10
0.8132533858267716
20
0.2374922440944882
11
0.8131729133858268
21
0.2374588582677165
0
LINE
8
BLACK
6
CONTINUOUS
10
0.8131729133858268
20
0.2374588582677165
11
0.812738937007874
21
0.2374161417322835
0
LINE
8
BLACK
6
CONTINUOUS
10
0.812738937007874
20
0.2374161417322835
11
0.8123078346456692
21
0.2373523622047244
0
LINE
8
BLACK
6
CONTINUOUS
10
0.8123078346456692
20
0.2373523622047244
11
0.8122216929133859
21
0.2373651968503937
0
LINE
8
BLACK
6
CONTINUOUS
10
0.8122216929133859
20
0.2373651968503937
11
0.8120207874015748
21
0.2373453937007874
0
LINE
8
BLACK
6
CONTINUOUS
10
0.8120207874015748
20
0.2373453937007874
11
0.7923357480314961
21
0.2373453937007874
0
LINE
8
BLACK
6
CONTINUOUS
10
0.7923357480314961
20
0.2373453937007874
11
0.7921348031496063
21
0.2373651968503937
0
LINE
8
BLACK
6
CONTINUOUS
10
0.7921348031496063
20
0.2373651968503937
11
0.7920487007874015
21
0.2373523622047244
0
LINE
8
BLACK
6
CONTINUOUS
10
0.7920487007874015
20
0.2373523622047244
11
0.7916175590551181
21
0.2374161417322835
0
LINE
8
BLACK
6
CONTINUOUS
10
0.7916175590551181
20
0.2374161417322835
11
0.7911836220472441
21
0.2374588582677165
0
LINE
8
BLACK
6
CONTINUOUS
10
0.7911836220472441
20
0.2374588582677165
11
0.7911031102362205
21
0.2374922440944882
0
LINE
8
BLACK
6
CONTINUOUS
10
0.7911031102362205
20
0.2374922440944882
11
0.7909034645669292
21
0.2375217322834646
0
LINE
8
BLACK
6
CONTINUOUS
10
0.7909034645669292
20
0.2375217322834646
11
0.7796548818897637
21
0.2403338582677165
0
LINE
8
BLACK
6
CONTINUOUS
10
0.7796548818897637
20
0.2403338582677165
11
0.77856468503937
21
0.2407233464566929
0
LINE
8
BLACK
6
CONTINUOUS
10
0.77856468503937
20
0.2407233464566929
11
0.7782119291338583
21
0.2409847244094488
0
LINE
8
BLACK
6
CONTINUOUS
10
0.7782119291338583
20
0.2409847244094488
11
0.777806220472441
21
0.2411527559055118
0
LINE
8
BLACK
6
CONTINUOUS
10
0.777806220472441
20
0.2411527559055118
11
0.7769113385826771
21
0.2418872047244094
0
LINE
8
BLACK
6
CONTINUOUS
10
0.7769113385826771
20
0.2418872047244094
11
0.7712870472440945
21
0.2475114960629921
0
LINE
8
BLACK
6
CONTINUOUS
10
0.7712870472440945
20
0.2475114960629921
11
0.7709153937007874
21
0.2479643307086614
0
LINE
8
BLACK
6
CONTINUOUS
10
0.7709153937007874
20
0.2479643307086614
11
0.770797559055118
21
0.2480665354330709
0
LINE
8
BLACK
6
CONTINUOUS
10
0.770797559055118
20
0.2480665354330709
11
0.7706857086614173
21
0.2482442519685039
0
LINE
8
BLACK
6
CONTINUOUS
10
0.7706857086614173
20
0.2482442519685039
11
0.7705525984251969
21
0.2484064173228346
0
LINE
8
BLACK
6
CONTINUOUS
10
0.7705525984251969
20
0.2484064173228346
11
0.7704929133858267
21
0.2485505118110236
0
LINE
8
BLACK
6
CONTINUOUS
10
0.7704929133858267
20
0.2485505118110236
11
0.7701808267716536
21
0.2490462992125984
0
LINE
8
BLACK
6
CONTINUOUS
10
0.7701808267716536
20
0.2490462992125984
11
0.7673686614173229
21
0.2546706299212598
0
LINE
8
BLACK
6
CONTINUOUS
10
0.7673686614173229
20
0.2546706299212598
11
0.7669548818897638
21
0.2557518503937008
0
LINE
8
BLACK
6
CONTINUOUS
10
0.7669548818897638
20
0.2557518503937008
11
0.7669398031496063
21
0.2559635826771653
0
LINE
8
BLACK
6
CONTINUOUS
10
0.7669398031496063
20
0.2559635826771653
11
0.7668586614173228
21
0.2561595275590551
0
LINE
8
BLACK
6
CONTINUOUS
10
0.7668586614173228
20
0.2561595275590551
11
0.7667451968503937
21
0.2573116535433071
0
LINE
8
BLACK
6
CONTINUOUS
10
0.7667451968503937
20
0.2573116535433071
11
0.7667451968503937
21
0.2685602362204724
0
LINE
8
BLACK
6
CONTINUOUS
10
0.7667451968503937
20
0.2685602362204724
11
0.7668586614173228
21
0.2697123622047244
0
LINE
8
BLACK
6
CONTINUOUS
10
0.7668586614173228
20
0.2697123622047244
11
0.7669398818897638
21
0.2699084645669291
0
LINE
8
BLACK
6
CONTINUOUS
10
0.7669398818897638
20
0.2699084645669291
11
0.7669549212598425
21
0.2701200393700787
0
LINE
8
BLACK
6
CONTINUOUS
10
0.7669549212598425
20
0.2701200393700787
11
0.7673686614173229
21
0.2712012598425197
0
LINE
8
BLACK
6
CONTINUOUS
10
0.7673686614173229
20
0.2712012598425197
11
0.7701808267716536
21
0.2768255511811024
0
LINE
8
BLACK
6
CONTINUOUS
10
0.7701808267716536
20
0.2768255511811024
11
0.7704929133858267
21
0.2773213779527559
0
LINE
8
BLACK
6
CONTINUOUS
10
0.7704929133858267
20
0.2773213779527559
11
0.7705525984251969
21
0.2774654330708661
0
LINE
8
BLACK
6
CONTINUOUS
10
0.7705525984251969
20
0.2774654330708661
11
0.7706857086614173
21
0.2776276377952756
0
LINE
8
BLACK
6
CONTINUOUS
10
0.7706857086614173
20
0.2776276377952756
11
0.770797559055118
21
0.2778053149606299
0
LINE
8
BLACK
6
CONTINUOUS
10
0.770797559055118
20
0.2778053149606299
11
0.7709153937007874
21
0.2779075590551181
0
LINE
8
BLACK
6
CONTINUOUS
10
0.7709153937007874
20
0.2779075590551181
11
0.7712870472440945
21
0.2783603543307087
0
LINE
8
BLACK
6
CONTINUOUS
10
0.7712870472440945
20
0.2783603543307087
11
0.7769113385826771
21
0.2839846456692913
0
LINE
8
BLACK
6
CONTINUOUS
10
0.7769113385826771
20
0.2839846456692913
11
0.777806220472441
21
0.284719094488189
0
LINE
8
BLACK
6
CONTINUOUS
10
0.777806220472441
20
0.284719094488189
11
0.7782118503937008
21
0.284887125984252
0
LINE
8
BLACK
6
CONTINUOUS
10
0.7782118503937008
20
0.284887125984252
11
0.7785646456692913
21
0.2851485039370079
0
LINE
8
BLACK
6
CONTINUOUS
10
0.7785646456692913
20
0.2851485039370079
11
0.779654842519685
21
0.2855379921259842
0
LINE
8
BLACK
6
CONTINUOUS
10
0.779654842519685
20
0.2855379921259842
11
0.7909034251968504
21
0.288350157480315
0
LINE
8
BLACK
6
CONTINUOUS
10
0.7909034251968504
20
0.288350157480315
11
0.7911031102362205
21
0.2883797244094488
0
LINE
8
BLACK
6
CONTINUOUS
10
0.7911031102362205
20
0.2883797244094488
11
0.7911836220472441
21
0.288413031496063
0
LINE
8
BLACK
6
CONTINUOUS
10
0.7911836220472441
20
0.288413031496063
11
0.7916174409448818
21
0.2884557874015748
0
LINE
8
BLACK
6
CONTINUOUS
10
0.7916174409448818
20
0.2884557874015748
11
0.7920486614173228
21
0.2885195275590551
0
LINE
8
BLACK
6
CONTINUOUS
10
0.7920486614173228
20
0.2885195275590551
11
0.7921348031496063
21
0.2885067322834646
0
LINE
8
BLACK
6
CONTINUOUS
10
0.7921348031496063
20
0.2885067322834646
11
0.7923357480314961
21
0.2885264960629921
0
LINE
8
BLACK
6
CONTINUOUS
10
0.7923357480314961
20
0.2885264960629921
11
0.8120207874015748
21
0.2885264960629921
0
LINE
8
BLACK
6
CONTINUOUS
10
0.8120207874015748
20
0.2885264960629921
11
0.8122216929133859
21
0.2885067322834646
0
LINE
8
BLACK
6
CONTINUOUS
10
0.7841063385826772
20
0.2744763779527559
11
0.7803163385826771
21
0.2706863779527559
0
LINE
8
BLACK
6
CONTINUOUS
10
0.7803163385826771
20
0.2706863779527559
11
0.7785562204724409
21
0.2671661417322835
0
LINE
8
BLACK
6
CONTINUOUS
10
0.7785562204724409
20
0.2671661417322835
11
0.7785562204724409
21
0.258705748031496
0
LINE
8
BLACK
6
CONTINUOUS
10
0.7785562204724409
20
0.258705748031496
11
0.7803163385826771
21
0.2551855118110236
0
LINE
8
BLACK
6
CONTINUOUS
10
0.7803163385826771
20
0.2551855118110236
11
0.7841063385826772
21
0.2513955118110236
0
LINE
8
BLACK
6
CONTINUOUS
10
0.7841063385826772
20
0.2513955118110236
11
0.7930626771653543
21
0.2491564173228346
0
LINE
8
BLACK
6
CONTINUOUS
10
0.7930626771653543
20
0.2491564173228346
11
0.8112938582677165
21
0.2491564173228346
0
LINE
8
BLACK
6
CONTINUOUS
10
0.8112938582677165
20
0.2491564173228346
11
0.8202501574803149
21
0.2513955118110236
0
LINE
8
BLACK
6
CONTINUOUS
10
0.8202501574803149
20
0.2513955118110236
11
0.8240402362204724
21
0.2551855511811024
0
LINE
8
BLACK
6
CONTINUOUS
10
0.8240402362204724
20
0.2551855511811024
11
0.8258003149606299
21
0.258705748031496
0
LINE
8
BLACK
6
CONTINUOUS
10
0.8258003149606299
20
0.258705748031496
11
0.8258003149606299
21
0.2671661811023622
0
LINE
8
BLACK
6
CONTINUOUS
10
0.8258003149606299
20
0.2671661811023622
11
0.8240401968503936
21
0.2706863385826772
0
LINE
8
BLACK
6
CONTINUOUS
10
0.8240401968503936
20
0.2706863385826772
11
0.8202501574803149
21
0.2744763779527559
0
LINE
8
BLACK
6
CONTINUOUS
10
0.8202501574803149
20
0.2744763779527559
11
0.8112938188976377
21
0.2767154724409449
0
LINE
8
BLACK
6
CONTINUOUS
10
0.8112938188976377
20
0.2767154724409449
11
0.7930626771653543
21
0.2767154724409449
0
LINE
8
BLACK
6
CONTINUOUS
10
0.7930626771653543
20
0.2767154724409449
11
0.7841063385826772
21
0.2744763779527559
0
LINE
8
BLACK
6
CONTINUOUS
10
1.0640817716535433
20
0.3190204330708661
11
1.0677117322834646
21
0.3186902362204724
0
LINE
8
BLACK
6
CONTINUOUS
10
1.0677117322834646
20
0.3186902362204724
11
1.0701277559055118
21
0.3182331102362205
0
LINE
8
BLACK
6
CONTINUOUS
10
1.0701277559055118
20
0.3182331102362205
11
1.0743688188976377
21
0.3168648425196851
0
LINE
8
BLACK
6
CONTINUOUS
10
1.0743688188976377
20
0.3168648425196851
11
1.0782116141732283
21
0.3149313779527559
0
LINE
8
BLACK
6
CONTINUOUS
10
1.0782116141732283
20
0.3149313779527559
11
1.0816120472440944
21
0.3124671653543307
0
LINE
8
BLACK
6
CONTINUOUS
10
1.0816120472440944
20
0.3124671653543307
11
1.0845261417322833
21
0.3095068503937008
0
LINE
8
BLACK
6
CONTINUOUS
10
1.0845261417322833
20
0.3095068503937008
11
1.0869098031496063
21
0.3060849212598425
0
LINE
8
BLACK
6
CONTINUOUS
10
1.0869098031496063
20
0.3060849212598425
11
1.0878251574803148
21
0.3043462992125984
0
LINE
8
BLACK
6
CONTINUOUS
10
1.0878251574803148
20
0.3043462992125984
11
1.08842531496063
21
0.3030733070866142
0
LINE
8
BLACK
6
CONTINUOUS
10
1.08842531496063
20
0.3030733070866142
11
1.088921220472441
21
0.3019443307086614
0
LINE
8
BLACK
6
CONTINUOUS
10
1.088921220472441
20
0.3019443307086614
11
1.089323622047244
21
0.3008744488188976
0
LINE
8
BLACK
6
CONTINUOUS
10
1.089323622047244
20
0.3008744488188976
11
1.0896432677165353
21
0.2997787007874015
0
LINE
8
BLACK
6
CONTINUOUS
10
1.0896432677165353
20
0.2997787007874015
11
1.0898909055118109
21
0.2985722440944882
0
LINE
8
BLACK
6
CONTINUOUS
10
1.0898909055118109
20
0.2985722440944882
11
1.0900772440944881
21
0.2971700787401575
0
LINE
8
BLACK
6
CONTINUOUS
10
1.0900772440944881
20
0.2971700787401575
11
1.090213031496063
21
0.2954874015748031
0
LINE
8
BLACK
6
CONTINUOUS
10
1.090213031496063
20
0.2954874015748031
11
1.0903090157480315
21
0.2934391732283465
0
LINE
8
BLACK
6
CONTINUOUS
10
1.0903090157480315
20
0.2934391732283465
11
1.0903759448818897
21
0.2909405905511811
0
LINE
8
BLACK
6
CONTINUOUS
10
1.0903759448818897
20
0.2909405905511811
11
1.0904245275590552
21
0.2879066929133858
0
LINE
8
BLACK
6
CONTINUOUS
10
1.0904245275590552
20
0.2879066929133858
11
1.0904654724409448
21
0.2842525590551181
0
LINE
8
BLACK
6
CONTINUOUS
10
1.0904654724409448
20
0.2842525590551181
11
1.0904741338582677
21
0.2833948818897638
0
LINE
8
BLACK
6
CONTINUOUS
10
1.0904741338582677
20
0.2833948818897638
11
1.0906149606299211
21
0.2693855118110236
0
LINE
8
BLACK
6
CONTINUOUS
10
1.0906149606299211
20
0.2693855118110236
11
1.0811691338582676
21
0.2693855118110236
0
LINE
8
BLACK
6
CONTINUOUS
10
1.0811691338582676
20
0.2693855118110236
11
1.0330006299212597
21
0.2693855118110236
0
LINE
8
BLACK
6
CONTINUOUS
10
1.0330006299212597
20
0.2693855118110236
11
1.0331836614173229
21
0.282491062992126
0
LINE
8
BLACK
6
CONTINUOUS
10
1.0331836614173229
20
0.282491062992126
11
1.0332356299212597
21
0.2859892125984252
0
LINE
8
BLACK
6
CONTINUOUS
10
1.0332356299212597
20
0.2859892125984252
11
1.0332876377952755
21
0.2888518503937008
0
LINE
8
BLACK
6
CONTINUOUS
10
1.0332876377952755
20
0.2888518503937008
11
1.0333448818897637
21
0.2911664960629921
0
LINE
8
BLACK
6
CONTINUOUS
10
1.0333448818897637
20
0.2911664960629921
11
1.0334125590551182
21
0.2930207480314961
0
LINE
8
BLACK
6
CONTINUOUS
10
1.0334125590551182
20
0.2930207480314961
11
1.0334958267716534
21
0.2945020866141732
0
LINE
8
BLACK
6
CONTINUOUS
10
1.0334958267716534
20
0.2945020866141732
11
1.0335999606299213
21
0.295698031496063
0
LINE
8
BLACK
6
CONTINUOUS
10
1.0335999606299213
20
0.295698031496063
11
1.0337301181102363
21
0.2966961811023622
0
LINE
8
BLACK
6
CONTINUOUS
10
1.0337301181102363
20
0.2966961811023622
11
1.0338914566929134
21
0.2975840551181102
0
LINE
8
BLACK
6
CONTINUOUS
10
1.0338914566929134
20
0.2975840551181102
11
1.0340892519685039
21
0.2984491338582677
0
LINE
8
BLACK
6
CONTINUOUS
10
1.0340892519685039
20
0.2984491338582677
11
1.03414437007874
21
0.2986696456692913
0
LINE
8
BLACK
6
CONTINUOUS
10
1.03414437007874
20
0.2986696456692913
11
1.0355742125984251
21
0.3029812204724409
0
LINE
8
BLACK
6
CONTINUOUS
10
1.0355742125984251
20
0.3029812204724409
11
1.0375547244094487
21
0.3068362598425197
0
LINE
8
BLACK
6
CONTINUOUS
10
1.0375547244094487
20
0.3068362598425197
11
1.0400630708661418
21
0.3102116535433071
0
LINE
8
BLACK
6
CONTINUOUS
10
1.0400630708661418
20
0.3102116535433071
11
1.0430766141732284
21
0.3130842125984252
0
LINE
8
BLACK
6
CONTINUOUS
10
1.0430766141732284
20
0.3130842125984252
11
1.0465725196850393
21
0.3154308661417323
0
LINE
8
BLACK
6
CONTINUOUS
10
1.0465725196850393
20
0.3154308661417323
11
1.0505281102362205
21
0.3172284645669291
0
LINE
8
BLACK
6
CONTINUOUS
10
1.0505281102362205
20
0.3172284645669291
11
1.0531989763779528
21
0.3180564173228346
0
LINE
8
BLACK
6
CONTINUOUS
10
1.0531989763779528
20
0.3180564173228346
11
1.0565581496062992
21
0.3187007086614173
0
LINE
8
BLACK
6
CONTINUOUS
10
1.0565581496062992
20
0.3187007086614173
11
1.0602748031496063
21
0.3190229921259842
0
LINE
8
BLACK
6
CONTINUOUS
10
1.0602748031496063
20
0.3190229921259842
11
1.0640817716535433
21
0.3190204330708661
0
LINE
8
BLACK
6
CONTINUOUS
10
1.0607802362204724
20
0.3073228346456693
11
1.0580479921259842
21
0.3071421259842519
0
LINE
8
BLACK
6
CONTINUOUS
10
1.0580479921259842
20
0.3071421259842519
11
1.0556649606299213
21
0.3067882677165354
0
LINE
8
BLACK
6
CONTINUOUS
10
1.0556649606299213
20
0.3067882677165354
11
1.0550450787401575
21
0.3066456692913386
0
LINE
8
BLACK
6
CONTINUOUS
10
1.0550450787401575
20
0.3066456692913386
11
1.0525424015748031
21
0.3058913779527559
0
LINE
8
BLACK
6
CONTINUOUS
10
1.0525424015748031
20
0.3058913779527559
11
1.0505232677165355
21
0.3049895275590551
0
LINE
8
BLACK
6
CONTINUOUS
10
1.0505232677165355
20
0.3049895275590551
11
1.0487485039370079
21
0.3038146062992126
0
LINE
8
BLACK
6
CONTINUOUS
10
1.0487485039370079
20
0.3038146062992126
11
1.0473737401574803
21
0.3026220866141732
0
LINE
8
BLACK
6
CONTINUOUS
10
1.0473737401574803
20
0.3026220866141732
11
1.0460297637795275
21
0.3012244488188976
0
LINE
8
BLACK
6
CONTINUOUS
10
1.0460297637795275
20
0.3012244488188976
11
1.0449694881889764
21
0.2997905905511811
0
LINE
8
BLACK
6
CONTINUOUS
10
1.0449694881889764
20
0.2997905905511811
11
1.044162559055118
21
0.2982142125984252
0
LINE
8
BLACK
6
CONTINUOUS
10
1.044162559055118
20
0.2982142125984252
11
1.0435785433070865
21
0.2963892519685039
0
LINE
8
BLACK
6
CONTINUOUS
10
1.0435785433070865
20
0.2963892519685039
11
1.0431870472440945
21
0.2942094488188977
0
LINE
8
BLACK
6
CONTINUOUS
10
1.0431870472440945
20
0.2942094488188977
11
1.0429576771653544
21
0.2915687007874015
0
LINE
8
BLACK
6
CONTINUOUS
10
1.0429576771653544
20
0.2915687007874015
11
1.0428599999999999
21
0.2883607874015748
0
LINE
8
BLACK
6
CONTINUOUS
10
1.0428599999999999
20
0.2883607874015748
11
1.0428509448818897
21
0.2868294488188977
0
LINE
8
BLACK
6
CONTINUOUS
10
1.0428509448818897
20
0.2868294488188977
11
1.042846653543307
21
0.2798699606299213
0
LINE
8
BLACK
6
CONTINUOUS
10
1.042846653543307
20
0.2798699606299213
11
1.0811691338582676
21
0.2798699606299213
0
LINE
8
BLACK
6
CONTINUOUS
10
1.0811691338582676
20
0.2798699606299213
11
1.0811691338582676
21
0.2865405118110236
0
LINE
8
BLACK
6
CONTINUOUS
10
1.0811691338582676
20
0.2865405118110236
11
1.0811468503937007
21
0.2888180708661418
0
LINE
8
BLACK
6
CONTINUOUS
10
1.0811468503937007
20
0.2888180708661418
11
1.0810850393700788
21
0.2909857086614173
0
LINE
8
BLACK
6
CONTINUOUS
10
1.0810850393700788
20
0.2909857086614173
11
1.0809912992125985
21
0.2928833070866141
0
LINE
8
BLACK
6
CONTINUOUS
10
1.0809912992125985
20
0.2928833070866141
11
1.0808732677165354
21
0.2943507874015748
0
LINE
8
BLACK
6
CONTINUOUS
10
1.0808732677165354
20
0.2943507874015748
11
1.0807623228346457
21
0.2951269291338582
0
LINE
8
BLACK
6
CONTINUOUS
10
1.0807623228346457
20
0.2951269291338582
11
1.0797608661417322
21
0.298204094488189
0
LINE
8
BLACK
6
CONTINUOUS
10
1.0797608661417322
20
0.298204094488189
11
1.078162401574803
21
0.3008938976377953
0
LINE
8
BLACK
6
CONTINUOUS
10
1.078162401574803
20
0.3008938976377953
11
1.0759983464566929
21
0.3031665354330709
0
LINE
8
BLACK
6
CONTINUOUS
10
1.0759983464566929
20
0.3031665354330709
11
1.0733002362204724
21
0.3049922047244095
0
LINE
8
BLACK
6
CONTINUOUS
10
1.0733002362204724
20
0.3049922047244095
11
1.0700994488188975
21
0.306341062992126
0
LINE
8
BLACK
6
CONTINUOUS
10
1.0700994488188975
20
0.306341062992126
11
1.0684517716535433
21
0.3067967716535433
0
LINE
8
BLACK
6
CONTINUOUS
10
1.0684517716535433
20
0.3067967716535433
11
1.0662441732283465
21
0.3071531496062992
0
LINE
8
BLACK
6
CONTINUOUS
10
1.0662441732283465
20
0.3071531496062992
11
1.0635996456692913
21
0.3073275196850394
0
LINE
8
BLACK
6
CONTINUOUS
10
1.0635996456692913
20
0.3073275196850394
11
1.0607802362204724
21
0.3073228346456693
0
LINE
8
BLACK
6
CONTINUOUS
10
0.7901067322834645
20
0.3447120866141732
11
0.7902622440944882
21
0.3447231102362205
0
LINE
8
BLACK
6
CONTINUOUS
10
0.7902622440944882
20
0.3447231102362205
11
0.7904667322834645
21
0.3446766141732283
0
LINE
8
BLACK
6
CONTINUOUS
10
0.7904667322834645
20
0.3446766141732283
11
0.7906757480314961
21
0.3446560236220472
0
LINE
8
BLACK
6
CONTINUOUS
10
0.7906757480314961
20
0.3446560236220472
11
0.7908198818897637
21
0.3445963385826771
0
LINE
8
BLACK
6
CONTINUOUS
10
0.7908198818897637
20
0.3445963385826771
11
0.7913911417322834
21
0.3444664173228346
0
LINE
8
BLACK
6
CONTINUOUS
10
0.7913911417322834
20
0.3444664173228346
11
0.7998275196850394
21
0.3416542519685039
0
LINE
8
BLACK
6
CONTINUOUS
10
0.7998275196850394
20
0.3416542519685039
11
0.8008846456692913
21
0.3411822834645669
0
LINE
8
BLACK
6
CONTINUOUS
10
0.8008846456692913
20
0.3411822834645669
11
0.8010448818897637
21
0.3410433070866142
0
LINE
8
BLACK
6
CONTINUOUS
10
0.8010448818897637
20
0.3410433070866142
11
0.8012409448818898
21
0.3409620866141732
0
LINE
8
BLACK
6
CONTINUOUS
10
0.8012409448818898
20
0.3409620866141732
11
0.8021358661417323
21
0.3402276377952756
0
LINE
8
BLACK
6
CONTINUOUS
10
0.8021358661417323
20
0.3402276377952756
11
0.8258003149606299
21
0.3165631889763779
0
LINE
8
BLACK
6
CONTINUOUS
10
0.8258003149606299
20
0.3165631889763779
11
0.8258003149606299
21
0.3388639763779527
0
LINE
8
BLACK
6
CONTINUOUS
10
0.8258003149606299
20
0.3388639763779527
11
0.8259137795275591
21
0.3400161023622047
0
LINE
8
BLACK
6
CONTINUOUS
10
0.8259137795275591
20
0.3400161023622047
11
0.8267955905511811
21
0.3421449212598425
0
LINE
8
BLACK
6
CONTINUOUS
10
0.8267955905511811
20
0.3421449212598425
11
0.8284248818897637
21
0.3437742125984252
0
LINE
8
BLACK
6
CONTINUOUS
10
0.8284248818897637
20
0.3437742125984252
11
0.8305537007874015
21
0.3446560236220472
0
LINE
8
BLACK
6
CONTINUOUS
10
0.8305537007874015
20
0.3446560236220472
11
0.8328579527559055
21
0.3446560236220472
0
LINE
8
BLACK
6
CONTINUOUS
10
0.8328579527559055
20
0.3446560236220472
11
0.8349867716535433
21
0.3437742125984252
0
LINE
8
BLACK
6
CONTINUOUS
10
0.8349867716535433
20
0.3437742125984252
11
0.836616062992126
21
0.3421449212598425
0
LINE
8
BLACK
6
CONTINUOUS
10
0.836616062992126
20
0.3421449212598425
11
0.837497874015748
21
0.3400161023622047
0
LINE
8
BLACK
6
CONTINUOUS
10
0.837497874015748
20
0.3400161023622047
11
0.8376113385826771
21
0.3388639763779527
0
LINE
8
BLACK
6
CONTINUOUS
10
0.8376113385826771
20
0.3388639763779527
11
0.8376113385826771
21
0.3023060236220472
0
LINE
8
BLACK
6
CONTINUOUS
10
0.8376113385826771
20
0.3023060236220472
11
0.837497874015748
21
0.301153937007874
0
LINE
8
BLACK
6
CONTINUOUS
10
0.837497874015748
20
0.301153937007874
11
0.8366161023622047
21
0.2990251181102362
0
LINE
8
BLACK
6
CONTINUOUS
10
0.8366161023622047
20
0.2990251181102362
11
0.8349867322834645
21
0.297395748031496
0
LINE
8
BLACK
6
CONTINUOUS
10
0.8349867322834645
20
0.297395748031496
11
0.8337397244094488
21
0.296879251968504
0
LINE
8
BLACK
6
CONTINUOUS
10
0.8337397244094488
20
0.296879251968504
11
0.8328579527559055
21
0.2965139763779527
0
LINE
8
BLACK
6
CONTINUOUS
10
0.8328579527559055
20
0.2965139763779527
11
0.8328579133858267
21
0.2965139763779527
0
LINE
8
BLACK
6
CONTINUOUS
10
0.8328579133858267
20
0.2965139763779527
11
0.8305537401574803
21
0.2965139763779527
0
LINE
8
BLACK
6
CONTINUOUS
10
0.8305537401574803
20
0.2965139763779527
11
0.8305537007874015
21
0.2965139763779527
0
LINE
8
BLACK
6
CONTINUOUS
10
0.8305537007874015
20
0.2965139763779527
11
0.8299301968503937
21
0.2967722834645669
0
LINE
8
BLACK
6
CONTINUOUS
10
0.8299301968503937
20
0.2967722834645669
11
0.8284248818897637
21
0.297395748031496
0
LINE
8
BLACK
6
CONTINUOUS
10
0.8284248818897637
20
0.297395748031496
11
0.82753
21
0.2981301968503937
0
LINE
8
BLACK
6
CONTINUOUS
10
0.82753
20
0.2981301968503937
11
0.7947699606299212
21
0.3308902362204724
0
LINE
8
BLACK
6
CONTINUOUS
10
0.7947699606299212
20
0.3308902362204724
11
0.7885653149606299
21
0.3329584645669291
0
LINE
8
BLACK
6
CONTINUOUS
10
0.7885653149606299
20
0.3329584645669291
11
0.7852933858267717
21
0.3329584645669291
0
LINE
8
BLACK
6
CONTINUOUS
10
0.7852933858267717
20
0.3329584645669291
11
0.7817731889763779
21
0.3311983858267716
0
LINE
8
BLACK
6
CONTINUOUS
10
0.7817731889763779
20
0.3311983858267716
11
0.7803163385826771
21
0.3297415354330708
0
LINE
8
BLACK
6
CONTINUOUS
10
0.7803163385826771
20
0.3297415354330708
11
0.7785562204724409
21
0.3262212598425197
0
LINE
8
BLACK
6
CONTINUOUS
10
0.7785562204724409
20
0.3262212598425197
11
0.7785562204724409
21
0.3149487401574803
0
LINE
8
BLACK
6
CONTINUOUS
10
0.7785562204724409
20
0.3149487401574803
11
0.7803163385826771
21
0.3114285039370079
0
LINE
8
BLACK
6
CONTINUOUS
10
0.7803163385826771
20
0.3114285039370079
11
0.7824508267716536
21
0.3092940157480315
0
LINE
8
BLACK
6
CONTINUOUS
10
0.7824508267716536
20
0.3092940157480315
11
0.7831852755905512
21
0.3083991338582677
0
LINE
8
BLACK
6
CONTINUOUS
10
0.7831852755905512
20
0.3083991338582677
11
0.7840670078740157
21
0.3062702755905512
0
LINE
8
BLACK
6
CONTINUOUS
10
0.7840670078740157
20
0.3062702755905512
11
0.7840670078740157
21
0.3039661023622047
0
LINE
8
BLACK
6
CONTINUOUS
10
0.7840670078740157
20
0.3039661023622047
11
0.7831852755905512
21
0.3018372834645669
0
LINE
8
BLACK
6
CONTINUOUS
10
0.7831852755905512
20
0.3018372834645669
11
0.781555905511811
21
0.3002079133858268
0
LINE
8
BLACK
6
CONTINUOUS
10
0.781555905511811
20
0.3002079133858268
11
0.7794270866141733
21
0.2993261811023622
0
LINE
8
BLACK
6
CONTINUOUS
10
0.7794270866141733
20
0.2993261811023622
11
0.7771229133858267
21
0.2993261811023622
0
LINE
8
BLACK
6
CONTINUOUS
10
0.7771229133858267
20
0.2993261811023622
11
0.7749940551181103
21
0.3002079133858268
0
LINE
8
BLACK
6
CONTINUOUS
10
0.7749940551181103
20
0.3002079133858268
11
0.7740991732283464
21
0.3009423622047244
0
LINE
8
BLACK
6
CONTINUOUS
10
0.7740991732283464
20
0.3009423622047244
11
0.7712870472440945
21
0.3037544881889764
0
LINE
8
BLACK
6
CONTINUOUS
10
0.7712870472440945
20
0.3037544881889764
11
0.7709153937007874
21
0.3042073228346457
0
LINE
8
BLACK
6
CONTINUOUS
10
0.7709153937007874
20
0.3042073228346457
11
0.770797559055118
21
0.3043095275590551
0
LINE
8
BLACK
6
CONTINUOUS
10
0.770797559055118
20
0.3043095275590551
11
0.7706857086614173
21
0.3044872440944882
0
LINE
8
BLACK
6
CONTINUOUS
10
0.7706857086614173
20
0.3044872440944882
11
0.7705525984251969
21
0.3046494094488189
0
LINE
8
BLACK
6
CONTINUOUS
10
0.7705525984251969
20
0.3046494094488189
11
0.7704929133858267
21
0.3047935039370079
0
LINE
8
BLACK
6
CONTINUOUS
10
0.7704929133858267
20
0.3047935039370079
11
0.7701808267716536
21
0.3052892913385827
0
LINE
8
BLACK
6
CONTINUOUS
10
0.7701808267716536
20
0.3052892913385827
11
0.7673686614173229
21
0.3109135826771653
0
LINE
8
BLACK
6
CONTINUOUS
10
0.7673686614173229
20
0.3109135826771653
11
0.7669549212598425
21
0.3119948031496063
0
LINE
8
BLACK
6
CONTINUOUS
10
0.7669549212598425
20
0.3119948031496063
11
0.7669398818897638
21
0.3122064173228347
0
LINE
8
BLACK
6
CONTINUOUS
10
0.7669398818897638
20
0.3122064173228347
11
0.7668586614173228
21
0.3124024803149606
0
LINE
8
BLACK
6
CONTINUOUS
10
0.7668586614173228
20
0.3124024803149606
11
0.7667451968503937
21
0.3135546062992126
0
LINE
8
BLACK
6
CONTINUOUS
10
0.7667451968503937
20
0.3135546062992126
11
0.7667451968503937
21
0.3276153543307087
0
LINE
8
BLACK
6
CONTINUOUS
10
0.7667451968503937
20
0.3276153543307087
11
0.7668586614173228
21
0.3287674803149606
0
LINE
8
BLACK
6
CONTINUOUS
10
0.7668586614173228
20
0.3287674803149606
11
0.7669398818897638
21
0.3289635826771654
0
LINE
8
BLACK
6
CONTINUOUS
10
0.7669398818897638
20
0.3289635826771654
11
0.7669549212598425
21
0.329175157480315
0
LINE
8
BLACK
6
CONTINUOUS
10
0.7669549212598425
20
0.329175157480315
11
0.7673686614173229
21
0.3302563779527559
0
LINE
8
BLACK
6
CONTINUOUS
10
0.7673686614173229
20
0.3302563779527559
11
0.7701808267716536
21
0.3358806692913386
0
LINE
8
BLACK
6
CONTINUOUS
10
0.7701808267716536
20
0.3358806692913386
11
0.7704929527559055
21
0.3363765748031496
0
LINE
8
BLACK
6
CONTINUOUS
10
0.7704929527559055
20
0.3363765748031496
11
0.7705525984251969
21
0.3365205118110236
0
LINE
8
BLACK
6
CONTINUOUS
10
0.7705525984251969
20
0.3365205118110236
11
0.7706856299212598
21
0.3366826377952756
0
LINE
8
BLACK
6
CONTINUOUS
10
0.7706856299212598
20
0.3366826377952756
11
0.770797559055118
21
0.3368604330708662
0
LINE
8
BLACK
6
CONTINUOUS
10
0.770797559055118
20
0.3368604330708662
11
0.7709154330708661
21
0.3369627165354331
0
LINE
8
BLACK
6
CONTINUOUS
10
0.7709154330708661
20
0.3369627165354331
11
0.7712870078740157
21
0.3374154330708661
0
LINE
8
BLACK
6
CONTINUOUS
10
0.7712870078740157
20
0.3374154330708661
11
0.7740991338582677
21
0.3402275984251968
0
LINE
8
BLACK
6
CONTINUOUS
10
0.7740991338582677
20
0.3402275984251968
11
0.7745519291338583
21
0.3405992519685039
0
LINE
8
BLACK
6
CONTINUOUS
10
0.7745519291338583
20
0.3405992519685039
11
0.7746542125984252
21
0.340717125984252
0
LINE
8
BLACK
6
CONTINUOUS
10
0.7746542125984252
20
0.340717125984252
11
0.7748319291338582
21
0.3408290157480315
0
LINE
8
BLACK
6
CONTINUOUS
10
0.7748319291338582
20
0.3408290157480315
11
0.7749940551181103
21
0.3409620472440945
0
LINE
8
BLACK
6
CONTINUOUS
10
0.7749940551181103
20
0.3409620472440945
11
0.775138031496063
21
0.3410217322834646
0
LINE
8
BLACK
6
CONTINUOUS
10
0.775138031496063
20
0.3410217322834646
11
0.7756339763779527
21
0.3413338582677165
0
LINE
8
BLACK
6
CONTINUOUS
10
0.7756339763779527
20
0.3413338582677165
11
0.7812582283464566
21
0.3441460236220472
0
LINE
8
BLACK
6
CONTINUOUS
10
0.7812582283464566
20
0.3441460236220472
11
0.7823394881889764
21
0.3445597637795276
0
LINE
8
BLACK
6
CONTINUOUS
10
0.7823394881889764
20
0.3445597637795276
11
0.782551062992126
21
0.3445748031496063
0
LINE
8
BLACK
6
CONTINUOUS
10
0.782551062992126
20
0.3445748031496063
11
0.7827471653543306
21
0.3446560236220472
0
LINE
8
BLACK
6
CONTINUOUS
10
0.7827471653543306
20
0.3446560236220472
11
0.7838992913385826
21
0.3447694881889763
0
LINE
8
BLACK
6
CONTINUOUS
10
0.7838992913385826
20
0.3447694881889763
11
0.789523622047244
21
0.3447694881889763
0
LINE
8
BLACK
6
CONTINUOUS
10
0.789523622047244
20
0.3447694881889763
11
0.7901067322834645
21
0.3447120866141732
0
LINE
8
BLACK
6
CONTINUOUS
10
1.0905689763779527
20
0.327230748031496
11
1.0330852362204723
21
0.327230748031496
0
LINE
8
BLACK
6
CONTINUOUS
10
1.0330852362204723
20
0.327230748031496
11
1.0330852362204723
21
0.3641071259842519
0
LINE
8
BLACK
6
CONTINUOUS
10
1.0330852362204723
20
0.3641071259842519
11
1.0435697244094488
21
0.3641071259842519
0
LINE
8
BLACK
6
CONTINUOUS
10
1.0435697244094488
20
0.3641071259842519
11
1.0435697244094488
21
0.3380767322834646
0
LINE
8
BLACK
6
CONTINUOUS
10
1.0435697244094488
20
0.3380767322834646
11
1.0554888582677164
21
0.3380767322834646
0
LINE
8
BLACK
6
CONTINUOUS
10
1.0554888582677164
20
0.3380767322834646
11
1.0555849606299212
21
0.3481092913385826
0
LINE
8
BLACK
6
CONTINUOUS
10
1.0555849606299212
20
0.3481092913385826
11
1.0556810629921261
21
0.358141811023622
0
LINE
8
BLACK
6
CONTINUOUS
10
1.0556810629921261
20
0.358141811023622
11
1.0659847637795274
21
0.3583424409448819
0
LINE
8
BLACK
6
CONTINUOUS
10
1.0659847637795274
20
0.3583424409448819
11
1.0659847637795274
21
0.3380767322834646
0
LINE
8
BLACK
6
CONTINUOUS
10
1.0659847637795274
20
0.3380767322834646
11
1.080446062992126
21
0.3380767322834646
0
LINE
8
BLACK
6
CONTINUOUS
10
1.080446062992126
20
0.3380767322834646
11
1.080446062992126
21
0.3648301968503937
0
LINE
8
BLACK
6
CONTINUOUS
10
1.080446062992126
20
0.3648301968503937
11
1.0905689763779527
21
0.3648301968503937
0
LINE
8
BLACK
6
CONTINUOUS
10
1.0905689763779527
20
0.3648301968503937
11
1.0905689763779527
21
0.327230748031496
0
LINE
8
BLACK
6
CONTINUOUS
10
0.8094095669291338
20
0.4009926771653543
11
0.8094957086614173
21
0.4010054724409449
0
LINE
8
BLACK
6
CONTINUOUS
10
0.8094957086614173
20
0.4010054724409449
11
0.8099268503937007
21
0.4009417322834646
0
LINE
8
BLACK
6
CONTINUOUS
10
0.8099268503937007
20
0.4009417322834646
11
0.8103607874015748
21
0.4008989763779527
0
LINE
8
BLACK
6
CONTINUOUS
10
0.8103607874015748
20
0.4008989763779527
11
0.8104412598425197
21
0.4008656692913386
0
LINE
8
BLACK
6
CONTINUOUS
10
0.8104412598425197
20
0.4008656692913386
11
0.8106409842519685
21
0.4008361023622047
0
LINE
8
BLACK
6
CONTINUOUS
10
0.8106409842519685
20
0.4008361023622047
11
0.8218895275590551
21
0.398023937007874
0
LINE
8
BLACK
6
CONTINUOUS
10
0.8218895275590551
20
0.398023937007874
11
0.8219744881889763
21
0.3979935826771653
0
LINE
8
BLACK
6
CONTINUOUS
10
0.8219744881889763
20
0.3979935826771653
11
0.8220170472440945
21
0.3979905511811023
0
LINE
8
BLACK
6
CONTINUOUS
10
0.8220170472440945
20
0.3979905511811023
11
0.8224963385826771
21
0.3978071653543307
0
LINE
8
BLACK
6
CONTINUOUS
10
0.8224963385826771
20
0.3978071653543307
11
0.8229797244094488
21
0.3976344488188976
0
LINE
8
BLACK
6
CONTINUOUS
10
0.8229797244094488
20
0.3976344488188976
11
0.8230139763779527
21
0.397609094488189
0
LINE
8
BLACK
6
CONTINUOUS
10
0.8230139763779527
20
0.397609094488189
11
0.8230982677165354
21
0.397576811023622
0
LINE
8
BLACK
6
CONTINUOUS
10
0.8230982677165354
20
0.397576811023622
11
0.828722559055118
21
0.3947646456692913
0
LINE
8
BLACK
6
CONTINUOUS
10
0.828722559055118
20
0.3947646456692913
11
0.8292184251968504
21
0.3944525196850394
0
LINE
8
BLACK
6
CONTINUOUS
10
0.8292184251968504
20
0.3944525196850394
11
0.8293624015748031
21
0.394392874015748
0
LINE
8
BLACK
6
CONTINUOUS
10
0.8293624015748031
20
0.394392874015748
11
0.8295244881889764
21
0.394259842519685
0
LINE
8
BLACK
6
CONTINUOUS
10
0.8295244881889764
20
0.394259842519685
11
0.8297023228346456
21
0.3941479133858268
0
LINE
8
BLACK
6
CONTINUOUS
10
0.8297023228346456
20
0.3941479133858268
11
0.8298045669291338
21
0.3940300393700787
0
LINE
8
BLACK
6
CONTINUOUS
10
0.8298045669291338
20
0.3940300393700787
11
0.8302573228346457
21
0.3936584645669291
0
LINE
8
BLACK
6
CONTINUOUS
10
0.8302573228346457
20
0.3936584645669291
11
0.8330694881889763
21
0.3908463385826771
0
LINE
8
BLACK
6
CONTINUOUS
10
0.8330694881889763
20
0.3908463385826771
11
0.833441220472441
21
0.3903933858267716
0
LINE
8
BLACK
6
CONTINUOUS
10
0.833441220472441
20
0.3903933858267716
11
0.8335590157480315
21
0.3902912204724409
0
LINE
8
BLACK
6
CONTINUOUS
10
0.8335590157480315
20
0.3902912204724409
11
0.8336707874015747
21
0.3901136614173228
0
LINE
8
BLACK
6
CONTINUOUS
10
0.8336707874015747
20
0.3901136614173228
11
0.833803937007874
21
0.3899514173228346
0
LINE
8
BLACK
6
CONTINUOUS
10
0.833803937007874
20
0.3899514173228346
11
0.8338635826771653
21
0.3898073622047244
0
LINE
8
BLACK
6
CONTINUOUS
10
0.8338635826771653
20
0.3898073622047244
11
0.8341757480314961
21
0.3893114960629921
0
LINE
8
BLACK
6
CONTINUOUS
10
0.8341757480314961
20
0.3893114960629921
11
0.836987874015748
21
0.3836871653543307
0
LINE
8
BLACK
6
CONTINUOUS
10
0.836987874015748
20
0.3836871653543307
11
0.8374016535433071
21
0.3826059448818898
0
LINE
8
BLACK
6
CONTINUOUS
10
0.8374016535433071
20
0.3826059448818898
11
0.8374166535433071
21
0.3823943307086614
0
LINE
8
BLACK
6
CONTINUOUS
10
0.8374166535433071
20
0.3823943307086614
11
0.837497874015748
21
0.3821983070866142
0
LINE
8
BLACK
6
CONTINUOUS
10
0.837497874015748
20
0.3821983070866142
11
0.8376113385826771
21
0.3810461811023622
0
LINE
8
BLACK
6
CONTINUOUS
10
0.8376113385826771
20
0.3810461811023622
11
0.8376113385826771
21
0.3754218897637795
0
LINE
8
BLACK
6
CONTINUOUS
10
0.8376113385826771
20
0.3754218897637795
11
0.837497874015748
21
0.3742697637795275
0
LINE
8
BLACK
6
CONTINUOUS
10
0.837497874015748
20
0.3742697637795275
11
0.8374166535433071
21
0.374073779527559
0
LINE
8
BLACK
6
CONTINUOUS
10
0.8374166535433071
20
0.374073779527559
11
0.8374016535433071
21
0.3738621259842519
0
LINE
8
BLACK
6
CONTINUOUS
10
0.8374016535433071
20
0.3738621259842519
11
0.8369879133858268
21
0.372780905511811
0
LINE
8
BLACK
6
CONTINUOUS
10
0.8369879133858268
20
0.372780905511811
11
0.8341757480314961
21
0.3671565748031496
0
LINE
8
BLACK
6
CONTINUOUS
10
0.8341757480314961
20
0.3671565748031496
11
0.8338635826771653
21
0.3666606692913386
0
LINE
8
BLACK
6
CONTINUOUS
10
0.8338635826771653
20
0.3666606692913386
11
0.833803937007874
21
0.3665166141732283
0
LINE
8
BLACK
6
CONTINUOUS
10
0.833803937007874
20
0.3665166141732283
11
0.833670905511811
21
0.3663545669291339
0
LINE
8
BLACK
6
CONTINUOUS
10
0.833670905511811
20
0.3663545669291339
11
0.8335590551181102
21
0.366176811023622
0
LINE
8
BLACK
6
CONTINUOUS
10
0.8335590551181102
20
0.366176811023622
11
0.8334411023622047
21
0.3660745669291339
0
LINE
8
BLACK
6
CONTINUOUS
10
0.8334411023622047
20
0.3660745669291339
11
0.8330694881889763
21
0.3656216929133858
0
LINE
8
BLACK
6
CONTINUOUS
10
0.8330694881889763
20
0.3656216929133858
11
0.8302573228346457
21
0.3628095669291339
0
LINE
8
BLACK
6
CONTINUOUS
10
0.8302573228346457
20
0.3628095669291339
11
0.8298045669291338
21
0.362438031496063
0
LINE
8
BLACK
6
CONTINUOUS
10
0.8298045669291338
20
0.362438031496063
11
0.8297023228346456
21
0.3623201181102362
0
LINE
8
BLACK
6
CONTINUOUS
10
0.8297023228346456
20
0.3623201181102362
11
0.8295244881889764
21
0.3622082283464567
0
LINE
8
BLACK
6
CONTINUOUS
10
0.8295244881889764
20
0.3622082283464567
11
0.8293624015748031
21
0.3620751574803149
0
LINE
8
BLACK
6
CONTINUOUS
10
0.8293624015748031
20
0.3620751574803149
11
0.8292184251968504
21
0.3620155511811023
0
LINE
8
BLACK
6
CONTINUOUS
10
0.8292184251968504
20
0.3620155511811023
11
0.828722559055118
21
0.3617033858267716
0
LINE
8
BLACK
6
CONTINUOUS
10
0.828722559055118
20
0.3617033858267716
11
0.8230982677165354
21
0.3588912204724409
0
LINE
8
BLACK
6
CONTINUOUS
10
0.8230982677165354
20
0.3588912204724409
11
0.8230139763779527
21
0.3588589763779527
0
LINE
8
BLACK
6
CONTINUOUS
10
0.8230139763779527
20
0.3588589763779527
11
0.8229797244094488
21
0.3588335826771654
0
LINE
8
BLACK
6
CONTINUOUS
10
0.8229797244094488
20
0.3588335826771654
11
0.8224963385826771
21
0.358660905511811
0
LINE
8
BLACK
6
CONTINUOUS
10
0.8224963385826771
20
0.358660905511811
11
0.8220170472440945
21
0.3584774803149606
0
LINE
8
BLACK
6
CONTINUOUS
10
0.8220170472440945
20
0.3584774803149606
11
0.8219744881889763
21
0.3584744881889764
0
LINE
8
BLACK
6
CONTINUOUS
10
0.8219744881889763
20
0.3584744881889764
11
0.8218895275590551
21
0.358444094488189
0
LINE
8
BLACK
6
CONTINUOUS
10
0.8218895275590551
20
0.358444094488189
11
0.8106409448818898
21
0.355631968503937
0
LINE
8
BLACK
6
CONTINUOUS
10
0.8106409448818898
20
0.355631968503937
11
0.8104412598425197
21
0.3556024803149606
0
LINE
8
BLACK
6
CONTINUOUS
10
0.8104412598425197
20
0.3556024803149606
11
0.8103607874015748
21
0.355569094488189
0
LINE
8
BLACK
6
CONTINUOUS
10
0.8103607874015748
20
0.355569094488189
11
0.8099268110236221
21
0.3555263779527559
0
LINE
8
BLACK
6
CONTINUOUS
10
0.8099268110236221
20
0.3555263779527559
11
0.8094957086614173
21
0.3554625984251968
0
LINE
8
BLACK
6
CONTINUOUS
10
0.8094957086614173
20
0.3554625984251968
11
0.8094095669291338
21
0.3554754330708662
0
LINE
8
BLACK
6
CONTINUOUS
10
0.8094095669291338
20
0.3554754330708662
11
0.8092086614173228
21
0.3554556299212598
0
LINE
8
BLACK
6
CONTINUOUS
10
0.8092086614173228
20
0.3554556299212598
11
0.7951479133858268
21
0.3554556299212598
0
LINE
8
BLACK
6
CONTINUOUS
10
0.7951479133858268
20
0.3554556299212598
11
0.794946968503937
21
0.3554754330708662
0
LINE
8
BLACK
6
CONTINUOUS
10
0.794946968503937
20
0.3554754330708662
11
0.7948608661417322
21
0.3554625984251968
0
LINE
8
BLACK
6
CONTINUOUS
10
0.7948608661417322
20
0.3554625984251968
11
0.7944297244094488
21
0.3555263779527559
0
LINE
8
BLACK
6
CONTINUOUS
10
0.7944297244094488
20
0.3555263779527559
11
0.7939957874015748
21
0.355569094488189
0
LINE
8
BLACK
6
CONTINUOUS
10
0.7939957874015748
20
0.355569094488189
11
0.7939152755905512
21
0.3556024803149606
0
LINE
8
BLACK
6
CONTINUOUS
10
0.7939152755905512
20
0.3556024803149606
11
0.7937156299212599
21
0.355631968503937
0
LINE
8
BLACK
6
CONTINUOUS
10
0.7937156299212599
20
0.355631968503937
11
0.7824670078740157
21
0.358444094488189
0
LINE
8
BLACK
6
CONTINUOUS
10
0.7824670078740157
20
0.358444094488189
11
0.7823820078740157
21
0.3584744881889764
0
LINE
8
BLACK
6
CONTINUOUS
10
0.7823820078740157
20
0.3584744881889764
11
0.7823394881889764
21
0.3584774803149606
0
LINE
8
BLACK
6
CONTINUOUS
10
0.7823394881889764
20
0.3584774803149606
11
0.7818599212598425
21
0.3586609842519685
0
LINE
8
BLACK
6
CONTINUOUS
10
0.7818599212598425
20
0.3586609842519685
11
0.781376811023622
21
0.3588335826771654
0
LINE
8
BLACK
6
CONTINUOUS
10
0.781376811023622
20
0.3588335826771654
11
0.7813425590551181
21
0.3588589763779527
0
LINE
8
BLACK
6
CONTINUOUS
10
0.7813425590551181
20
0.3588589763779527
11
0.7812582283464566
21
0.3588912204724409
0
LINE
8
BLACK
6
CONTINUOUS
10
0.7812582283464566
20
0.3588912204724409
11
0.7756339763779527
21
0.3617033858267716
0
LINE
8
BLACK
6
CONTINUOUS
10
0.7756339763779527
20
0.3617033858267716
11
0.7751382283464566
21
0.3620154724409449
0
LINE
8
BLACK
6
CONTINUOUS
10
0.7751382283464566
20
0.3620154724409449
11
0.7749940551181103
21
0.3620751574803149
0
LINE
8
BLACK
6
CONTINUOUS
10
0.7749940551181103
20
0.3620751574803149
11
0.7748317322834646
21
0.3622083858267717
0
LINE
8
BLACK
6
CONTINUOUS
10
0.7748317322834646
20
0.3622083858267717
11
0.7746542125984252
21
0.3623201181102362
0
LINE
8
BLACK
6
CONTINUOUS
10
0.7746542125984252
20
0.3623201181102362
11
0.7745520078740157
21
0.3624379527559055
0
LINE
8
BLACK
6
CONTINUOUS
10
0.7745520078740157
20
0.3624379527559055
11
0.7740991732283464
21
0.3628096062992126
0
LINE
8
BLACK
6
CONTINUOUS
10
0.7740991732283464
20
0.3628096062992126
11
0.7712870472440945
21
0.3656217322834646
0
LINE
8
BLACK
6
CONTINUOUS
10
0.7712870472440945
20
0.3656217322834646
11
0.7709153937007874
21
0.3660745669291339
0
LINE
8
BLACK
6
CONTINUOUS
10
0.7709153937007874
20
0.3660745669291339
11
0.770797559055118
21
0.3661767716535433
0
LINE
8
BLACK
6
CONTINUOUS
10
0.770797559055118
20
0.3661767716535433
11
0.7706857086614173
21
0.3663544881889764
0
LINE
8
BLACK
6
CONTINUOUS
10
0.7706857086614173
20
0.3663544881889764
11
0.7705525984251969
21
0.3665166535433071
0
LINE
8
BLACK
6
CONTINUOUS
10
0.7705525984251969
20
0.3665166535433071
11
0.7704929133858267
21
0.3666607480314961
0
LINE
8
BLACK
6
CONTINUOUS
10
0.7704929133858267
20
0.3666607480314961
11
0.7701808267716536
21
0.3671565354330709
0
LINE
8
BLACK
6
CONTINUOUS
10
0.7701808267716536
20
0.3671565354330709
11
0.7673686614173229
21
0.3727808661417323
0
LINE
8
BLACK
6
CONTINUOUS
10
0.7673686614173229
20
0.3727808661417323
11
0.7669548818897638
21
0.3738620866141732
0
LINE
8
BLACK
6
CONTINUOUS
10
0.7669548818897638
20
0.3738620866141732
11
0.7669398031496063
21
0.3740738188976378
0
LINE
8
BLACK
6
CONTINUOUS
10
0.7669398031496063
20
0.3740738188976378
11
0.7668586614173228
21
0.3742697637795275
0
LINE
8
BLACK
6
CONTINUOUS
10
0.7668586614173228
20
0.3742697637795275
11
0.7667451968503937
21
0.3754218897637795
0
LINE
8
BLACK
6
CONTINUOUS
10
0.7667451968503937
20
0.3754218897637795
11
0.7667451968503937
21
0.3810461811023622
0
LINE
8
BLACK
6
CONTINUOUS
10
0.7667451968503937
20
0.3810461811023622
11
0.7668586614173228
21
0.3821983070866142
0
LINE
8
BLACK
6
CONTINUOUS
10
0.7668586614173228
20
0.3821983070866142
11
0.7669398818897638
21
0.3823944094488189
0
LINE
8
BLACK
6
CONTINUOUS
10
0.7669398818897638
20
0.3823944094488189
11
0.7669549212598425
21
0.3826059842519685
0
LINE
8
BLACK
6
CONTINUOUS
10
0.7669549212598425
20
0.3826059842519685
11
0.7673686614173229
21
0.3836872047244094
0
LINE
8
BLACK
6
CONTINUOUS
10
0.7673686614173229
20
0.3836872047244094
11
0.7701808267716536
21
0.3893114960629921
0
LINE
8
BLACK
6
CONTINUOUS
10
0.7701808267716536
20
0.3893114960629921
11
0.7704929133858267
21
0.3898073228346456
0
LINE
8
BLACK
6
CONTINUOUS
10
0.7704929133858267
20
0.3898073228346456
11
0.7705525984251969
21
0.3899513779527559
0
LINE
8
BLACK
6
CONTINUOUS
10
0.7705525984251969
20
0.3899513779527559
11
0.7706857086614173
21
0.3901135826771653
0
LINE
8
BLACK
6
CONTINUOUS
10
0.7706857086614173
20
0.3901135826771653
11
0.770797559055118
21
0.3902912598425197
0
LINE
8
BLACK
6
CONTINUOUS
10
0.770797559055118
20
0.3902912598425197
11
0.7709153937007874
21
0.3903935039370079
0
LINE
8
BLACK
6
CONTINUOUS
10
0.7709153937007874
20
0.3903935039370079
11
0.7712870472440945
21
0.3908462992125984
0
LINE
8
BLACK
6
CONTINUOUS
10
0.7712870472440945
20
0.3908462992125984
11
0.7740991732283464
21
0.3936584251968504
0
LINE
8
BLACK
6
CONTINUOUS
10
0.7740991732283464
20
0.3936584251968504
11
0.7745520078740157
21
0.3940301181102362
0
LINE
8
BLACK
6
CONTINUOUS
10
0.7745520078740157
20
0.3940301181102362
11
0.7746542125984252
21
0.3941479133858268
0
LINE
8
BLACK
6
CONTINUOUS
10
0.7746542125984252
20
0.3941479133858268
11
0.7748317322834646
21
0.3942596850393701
0
LINE
8
BLACK
6
CONTINUOUS
10
0.7748317322834646
20
0.3942596850393701
11
0.7749940551181103
21
0.394392874015748
0
LINE
8
BLACK
6
CONTINUOUS
10
0.7749940551181103
20
0.394392874015748
11
0.7751382283464566
21
0.3944525984251969
0
LINE
8
BLACK
6
CONTINUOUS
10
0.7751382283464566
20
0.3944525984251969
11
0.7756339763779527
21
0.3947646456692913
0
LINE
8
BLACK
6
CONTINUOUS
10
0.7756339763779527
20
0.3947646456692913
11
0.7812582283464566
21
0.397576811023622
0
LINE
8
BLACK
6
CONTINUOUS
10
0.7812582283464566
20
0.397576811023622
11
0.7813424803149606
21
0.397609094488189
0
LINE
8
BLACK
6
CONTINUOUS
10
0.7813424803149606
20
0.397609094488189
11
0.7813767716535432
21
0.3976344488188976
0
LINE
8
BLACK
6
CONTINUOUS
10
0.7813767716535432
20
0.3976344488188976
11
0.7818601968503937
21
0.3978072047244094
0
LINE
8
BLACK
6
CONTINUOUS
10
0.7818601968503937
20
0.3978072047244094
11
0.7823394881889764
21
0.3979905511811023
0
LINE
8
BLACK
6
CONTINUOUS
10
0.7823394881889764
20
0.3979905511811023
11
0.7823820078740157
21
0.3979935826771653
0
LINE
8
BLACK
6
CONTINUOUS
10
0.7823820078740157
20
0.3979935826771653
11
0.7824670078740157
21
0.398023937007874
0
LINE
8
BLACK
6
CONTINUOUS
10
0.7824670078740157
20
0.398023937007874
11
0.7937155905511811
21
0.4008361023622047
0
LINE
8
BLACK
6
CONTINUOUS
10
0.7937155905511811
20
0.4008361023622047
11
0.7939152755905512
21
0.4008656692913386
0
LINE
8
BLACK
6
CONTINUOUS
10
0.7939152755905512
20
0.4008656692913386
11
0.7939957874015748
21
0.4008989763779527
0
LINE
8
BLACK
6
CONTINUOUS
10
0.7939957874015748
20
0.4008989763779527
11
0.7944296062992126
21
0.4009417322834646
0
LINE
8
BLACK
6
CONTINUOUS
10
0.7944296062992126
20
0.4009417322834646
11
0.7948608267716535
21
0.4010054724409449
0
LINE
8
BLACK
6
CONTINUOUS
10
0.7948608267716535
20
0.4010054724409449
11
0.794946968503937
21
0.4009926771653543
0
LINE
8
BLACK
6
CONTINUOUS
10
0.794946968503937
20
0.4009926771653543
11
0.7951479133858268
21
0.4010124409448819
0
LINE
8
BLACK
6
CONTINUOUS
10
0.7951479133858268
20
0.4010124409448819
11
0.8092086614173228
21
0.4010124409448819
0
LINE
8
BLACK
6
CONTINUOUS
10
0.8092086614173228
20
0.4010124409448819
11
0.8094095669291338
21
0.4009926771653543
0
LINE
8
BLACK
6
CONTINUOUS
10
0.7859605511811023
20
0.386722874015748
11
0.7817731889763779
21
0.3846291732283464
0
LINE
8
BLACK
6
CONTINUOUS
10
0.7817731889763779
20
0.3846291732283464
11
0.7803163385826771
21
0.3831723228346456
0
LINE
8
BLACK
6
CONTINUOUS
10
0.7803163385826771
20
0.3831723228346456
11
0.7785562204724409
21
0.3796520866141732
0
LINE
8
BLACK
6
CONTINUOUS
10
0.7785562204724409
20
0.3796520866141732
11
0.7785562204724409
21
0.3768159842519685
0
LINE
8
BLACK
6
CONTINUOUS
10
0.7785562204724409
20
0.3768159842519685
11
0.7803163385826771
21
0.3732957480314961
0
LINE
8
BLACK
6
CONTINUOUS
10
0.7803163385826771
20
0.3732957480314961
11
0.7817731889763779
21
0.3718388976377953
0
LINE
8
BLACK
6
CONTINUOUS
10
0.7817731889763779
20
0.3718388976377953
11
0.7859605511811023
21
0.3697452362204725
0
LINE
8
BLACK
6
CONTINUOUS
10
0.7859605511811023
20
0.3697452362204725
11
0.795874842519685
21
0.3672666535433071
0
LINE
8
BLACK
6
CONTINUOUS
10
0.795874842519685
20
0.3672666535433071
11
0.8084817322834645
21
0.3672666535433071
0
LINE
8
BLACK
6
CONTINUOUS
10
0.8084817322834645
20
0.3672666535433071
11
0.8183959448818897
21
0.3697451968503937
0
LINE
8
BLACK
6
CONTINUOUS
10
0.8183959448818897
20
0.3697451968503937
11
0.8225833858267716
21
0.371838937007874
0
LINE
8
BLACK
6
CONTINUOUS
10
0.8225833858267716
20
0.371838937007874
11
0.8240402362204724
21
0.3732958267716535
0
LINE
8
BLACK
6
CONTINUOUS
10
0.8240402362204724
20
0.3732958267716535
11
0.8258003149606299
21
0.3768159842519685
0
LINE
8
BLACK
6
CONTINUOUS
10
0.8258003149606299
20
0.3768159842519685
11
0.8258003149606299
21
0.379652125984252
0
LINE
8
BLACK
6
CONTINUOUS
10
0.8258003149606299
20
0.379652125984252
11
0.8240402362204724
21
0.3831722834645669
0
LINE
8
BLACK
6
CONTINUOUS
10
0.8240402362204724
20
0.3831722834645669
11
0.8225833858267716
21
0.3846291338582677
0
LINE
8
BLACK
6
CONTINUOUS
10
0.8225833858267716
20
0.3846291338582677
11
0.8183959842519685
21
0.3867228346456693
0
LINE
8
BLACK
6
CONTINUOUS
10
0.8183959842519685
20
0.3867228346456693
11
0.8084816929133858
21
0.3892014173228346
0
LINE
8
BLACK
6
CONTINUOUS
10
0.8084816929133858
20
0.3892014173228346
11
0.795874842519685
21
0.3892014173228346
0
LINE
8
BLACK
6
CONTINUOUS
10
0.795874842519685
20
0.3892014173228346
11
0.7859605511811023
21
0.386722874015748
0
LINE
8
BLACK
6
CONTINUOUS
10
0.422027125984252
20
0.4431413385826772
11
0.4222231889763779
21
0.4430601181102362
0
LINE
8
BLACK
6
CONTINUOUS
10
0.4222231889763779
20
0.4430601181102362
11
0.4224348031496063
21
0.4430450787401575
0
LINE
8
BLACK
6
CONTINUOUS
10
0.4224348031496063
20
0.4430450787401575
11
0.4235160236220472
21
0.4426313385826772
0
LINE
8
BLACK
6
CONTINUOUS
10
0.4235160236220472
20
0.4426313385826772
11
0.4291403149606299
21
0.4398191732283465
0
LINE
8
BLACK
6
CONTINUOUS
10
0.4291403149606299
20
0.4398191732283465
11
0.4296361811023622
21
0.4395070472440945
0
LINE
8
BLACK
6
CONTINUOUS
10
0.4296361811023622
20
0.4395070472440945
11
0.429780157480315
21
0.4394474015748032
0
LINE
8
BLACK
6
CONTINUOUS
10
0.429780157480315
20
0.4394474015748032
11
0.4299422440944882
21
0.4393143700787401
0
LINE
8
BLACK
6
CONTINUOUS
10
0.4299422440944882
20
0.4393143700787401
11
0.4301200787401575
21
0.4392024409448819
0
LINE
8
BLACK
6
CONTINUOUS
10
0.4301200787401575
20
0.4392024409448819
11
0.4302223228346457
21
0.4390845669291338
0
LINE
8
BLACK
6
CONTINUOUS
10
0.4302223228346457
20
0.4390845669291338
11
0.4306750787401575
21
0.4387129921259842
0
LINE
8
BLACK
6
CONTINUOUS
10
0.4306750787401575
20
0.4387129921259842
11
0.4334872440944882
21
0.4359008661417323
0
LINE
8
BLACK
6
CONTINUOUS
10
0.4334872440944882
20
0.4359008661417323
11
0.4338589763779527
21
0.4354479133858268
0
LINE
8
BLACK
6
CONTINUOUS
10
0.4338589763779527
20
0.4354479133858268
11
0.4339767716535433
21
0.4353457480314961
0
LINE
8
BLACK
6
CONTINUOUS
10
0.4339767716535433
20
0.4353457480314961
11
0.4340885433070866
21
0.4351681889763779
0
LINE
8
BLACK
6
CONTINUOUS
10
0.4340885433070866
20
0.4351681889763779
11
0.4342216929133858
21
0.4350059448818898
0
LINE
8
BLACK
6
CONTINUOUS
10
0.4342216929133858
20
0.4350059448818898
11
0.4342813385826771
21
0.4348618897637795
0
LINE
8
BLACK
6
CONTINUOUS
10
0.4342813385826771
20
0.4348618897637795
11
0.4345935039370079
21
0.4343660236220472
0
LINE
8
BLACK
6
CONTINUOUS
10
0.4345935039370079
20
0.4343660236220472
11
0.4374056299212598
21
0.4287416929133858
0
LINE
8
BLACK
6
CONTINUOUS
10
0.4374056299212598
20
0.4287416929133858
11
0.4378194094488189
21
0.4276604724409448
0
LINE
8
BLACK
6
CONTINUOUS
10
0.4378194094488189
20
0.4276604724409448
11
0.4378344094488189
21
0.4274488582677165
0
LINE
8
BLACK
6
CONTINUOUS
10
0.4378344094488189
20
0.4274488582677165
11
0.4379156299212598
21
0.4272528346456693
0
LINE
8
BLACK
6
CONTINUOUS
10
0.4379156299212598
20
0.4272528346456693
11
0.4380290944881889
21
0.4261007086614173
0
LINE
8
BLACK
6
CONTINUOUS
10
0.4380290944881889
20
0.4261007086614173
11
0.4380290944881889
21
0.4176642519685039
0
LINE
8
BLACK
6
CONTINUOUS
10
0.4380290944881889
20
0.4176642519685039
11
0.4379156299212598
21
0.416512125984252
0
LINE
8
BLACK
6
CONTINUOUS
10
0.4379156299212598
20
0.416512125984252
11
0.4378344094488189
21
0.4163161417322834
0
LINE
8
BLACK
6
CONTINUOUS
10
0.4378344094488189
20
0.4163161417322834
11
0.4378194094488189
21
0.4161044881889764
0
LINE
8
BLACK
6
CONTINUOUS
10
0.4378194094488189
20
0.4161044881889764
11
0.4374056299212598
21
0.4150232677165354
0
LINE
8
BLACK
6
CONTINUOUS
10
0.4374056299212598
20
0.4150232677165354
11
0.4345935039370079
21
0.409398937007874
0
LINE
8
BLACK
6
CONTINUOUS
10
0.4345935039370079
20
0.409398937007874
11
0.4342814173228347
21
0.4089032283464567
0
LINE
8
BLACK
6
CONTINUOUS
10
0.4342814173228347
20
0.4089032283464567
11
0.4342217322834646
21
0.4087590551181102
0
LINE
8
BLACK
6
CONTINUOUS
10
0.4342217322834646
20
0.4087590551181102
11
0.4340885039370079
21
0.4085967716535433
0
LINE
8
BLACK
6
CONTINUOUS
10
0.4340885039370079
20
0.4085967716535433
11
0.4339767716535433
21
0.4084192125984252
0
LINE
8
BLACK
6
CONTINUOUS
10
0.4339767716535433
20
0.4084192125984252
11
0.4338589763779527
21
0.4083170866141732
0
LINE
8
BLACK
6
CONTINUOUS
10
0.4338589763779527
20
0.4083170866141732
11
0.4334872834645669
21
0.4078641338582677
0
LINE
8
BLACK
6
CONTINUOUS
10
0.4334872834645669
20
0.4078641338582677
11
0.4306751181102362
21
0.405051968503937
0
LINE
8
BLACK
6
CONTINUOUS
10
0.4306751181102362
20
0.405051968503937
11
0.4302222834645669
21
0.4046803543307086
0
LINE
8
BLACK
6
CONTINUOUS
10
0.4302222834645669
20
0.4046803543307086
11
0.4301200787401575
21
0.4045624803149606
0
LINE
8
BLACK
6
CONTINUOUS
10
0.4301200787401575
20
0.4045624803149606
11
0.4299423622047244
21
0.4044506692913385
0
LINE
8
BLACK
6
CONTINUOUS
10
0.4299423622047244
20
0.4044506692913385
11
0.4297801968503937
21
0.4043175196850394
0
LINE
8
BLACK
6
CONTINUOUS
10
0.4297801968503937
20
0.4043175196850394
11
0.4296361023622047
21
0.404257874015748
0
LINE
8
BLACK
6
CONTINUOUS
10
0.4296361023622047
20
0.404257874015748
11
0.4291403149606299
21
0.4039457480314961
0
LINE
8
BLACK
6
CONTINUOUS
10
0.4291403149606299
20
0.4039457480314961
11
0.4235160236220472
21
0.4011336220472441
0
LINE
8
BLACK
6
CONTINUOUS
10
0.4235160236220472
20
0.4011336220472441
11
0.4233807874015748
21
0.4010818897637795
0
LINE
8
BLACK
6
CONTINUOUS
10
0.4233807874015748
20
0.4010818897637795
11
0.4369615748031496
21
0.381680748031496
0
LINE
8
BLACK
6
CONTINUOUS
10
0.4369615748031496
20
0.381680748031496
11
0.4375293307086614
21
0.3806718503937008
0
LINE
8
BLACK
6
CONTINUOUS
10
0.4375293307086614
20
0.3806718503937008
11
0.438027716535433
21
0.3784221653543307
0
LINE
8
BLACK
6
CONTINUOUS
10
0.438027716535433
20
0.3784221653543307
11
0.4376272834645669
21
0.376153031496063
0
LINE
8
BLACK
6
CONTINUOUS
10
0.4376272834645669
20
0.376153031496063
11
0.4363889763779528
21
0.374209842519685
0
LINE
8
BLACK
6
CONTINUOUS
10
0.4363889763779528
20
0.374209842519685
11
0.4345012598425197
21
0.3728884251968504
0
LINE
8
BLACK
6
CONTINUOUS
10
0.4345012598425197
20
0.3728884251968504
11
0.4322515748031496
21
0.3723900393700788
0
LINE
8
BLACK
6
CONTINUOUS
10
0.4322515748031496
20
0.3723900393700788
11
0.4299824409448819
21
0.3727904724409449
0
LINE
8
BLACK
6
CONTINUOUS
10
0.4299824409448819
20
0.3727904724409449
11
0.428039251968504
21
0.374028779527559
0
LINE
8
BLACK
6
CONTINUOUS
10
0.428039251968504
20
0.374028779527559
11
0.4272855905511811
21
0.3749075984251968
0
LINE
8
BLACK
6
CONTINUOUS
10
0.4272855905511811
20
0.3749075984251968
11
0.4093638188976378
21
0.4005101574803149
0
LINE
8
BLACK
6
CONTINUOUS
10
0.4093638188976378
20
0.4005101574803149
11
0.4042833070866141
21
0.4005101574803149
0
LINE
8
BLACK
6
CONTINUOUS
10
0.4042833070866141
20
0.4005101574803149
11
0.4042833070866141
21
0.3782941732283465
0
LINE
8
BLACK
6
CONTINUOUS
10
0.4042833070866141
20
0.3782941732283465
11
0.404169842519685
21
0.3771420472440945
0
LINE
8
BLACK
6
CONTINUOUS
10
0.404169842519685
20
0.3771420472440945
11
0.403288031496063
21
0.3750132283464567
0
LINE
8
BLACK
6
CONTINUOUS
10
0.403288031496063
20
0.3750132283464567
11
0.4016587401574803
21
0.373383937007874
0
LINE
8
BLACK
6
CONTINUOUS
10
0.4016587401574803
20
0.373383937007874
11
0.3995299212598425
21
0.372502125984252
0
LINE
8
BLACK
6
CONTINUOUS
10
0.3995299212598425
20
0.372502125984252
11
0.3972256692913386
21
0.372502125984252
0
LINE
8
BLACK
6
CONTINUOUS
10
0.3972256692913386
20
0.372502125984252
11
0.3950968503937008
21
0.373383937007874
0
LINE
8
BLACK
6
CONTINUOUS
10
0.3950968503937008
20
0.373383937007874
11
0.3934675590551181
21
0.3750132283464567
0
LINE
8
BLACK
6
CONTINUOUS
10
0.3934675590551181
20
0.3750132283464567
11
0.392585748031496
21
0.3771420472440945
0
LINE
8
BLACK
6
CONTINUOUS
10
0.392585748031496
20
0.3771420472440945
11
0.3924722834645669
21
0.3782941732283465
0
LINE
8
BLACK
6
CONTINUOUS
10
0.3924722834645669
20
0.3782941732283465
11
0.3924722834645669
21
0.4373492913385827
0
LINE
8
BLACK
6
CONTINUOUS
10
0.3924722834645669
20
0.4373492913385827
11
0.392585748031496
21
0.4385014173228347
0
LINE
8
BLACK
6
CONTINUOUS
10
0.392585748031496
20
0.4385014173228347
11
0.3934675590551181
21
0.4406302362204724
0
LINE
8
BLACK
6
CONTINUOUS
10
0.3934675590551181
20
0.4406302362204724
11
0.3950968503937008
21
0.4422595275590551
0
LINE
8
BLACK
6
CONTINUOUS
10
0.3950968503937008
20
0.4422595275590551
11
0.3972256692913386
21
0.4431413385826772
0
LINE
8
BLACK
6
CONTINUOUS
10
0.3972256692913386
20
0.4431413385826772
11
0.3983777952755905
21
0.4432548031496063
0
LINE
8
BLACK
6
CONTINUOUS
10
0.3983777952755905
20
0.4432548031496063
11
0.420875
21
0.4432548031496063
0
LINE
8
BLACK
6
CONTINUOUS
10
0.420875
20
0.4432548031496063
11
0.422027125984252
21
0.4431413385826772
0
LINE
8
BLACK
6
CONTINUOUS
10
0.4042833070866141
20
0.4123211811023622
11
0.419480905511811
21
0.4123211811023622
0
LINE
8
BLACK
6
CONTINUOUS
10
0.419480905511811
20
0.4123211811023622
11
0.423001062992126
21
0.4140812598425197
0
LINE
8
BLACK
6
CONTINUOUS
10
0.423001062992126
20
0.4140812598425197
11
0.4244579527559055
21
0.4155381496062992
0
LINE
8
BLACK
6
CONTINUOUS
10
0.4244579527559055
20
0.4155381496062992
11
0.4262180708661417
21
0.4190583464566929
0
LINE
8
BLACK
6
CONTINUOUS
10
0.4262180708661417
20
0.4190583464566929
11
0.4262180708661417
21
0.4247066535433071
0
LINE
8
BLACK
6
CONTINUOUS
10
0.4262180708661417
20
0.4247066535433071
11
0.4244579921259842
21
0.428226811023622
0
LINE
8
BLACK
6
CONTINUOUS
10
0.4244579921259842
20
0.428226811023622
11
0.4230011417322835
21
0.4296836614173228
0
LINE
8
BLACK
6
CONTINUOUS
10
0.4230011417322835
20
0.4296836614173228
11
0.419480905511811
21
0.431443779527559
0
LINE
8
BLACK
6
CONTINUOUS
10
0.419480905511811
20
0.431443779527559
11
0.4042833070866141
21
0.431443779527559
0
LINE
8
BLACK
6
CONTINUOUS
10
0.4042833070866141
20
0.431443779527559
11
0.4042833070866141
21
0.4123211811023622
0
LINE
8
BLACK
6
CONTINUOUS
10
0.3783429921259843
20
0.442716968503937
11
0.3802096850393701
21
0.441366062992126
0
LINE
8
BLACK
6
CONTINUOUS
10
0.3802096850393701
20
0.441366062992126
11
0.3814172834645669
21
0.4394037007874015
0
LINE
8
BLACK
6
CONTINUOUS
10
0.3814172834645669
20
0.4394037007874015
11
0.3817820078740157
21
0.4371285433070866
0
LINE
8
BLACK
6
CONTINUOUS
10
0.3817820078740157
20
0.4371285433070866
11
0.3816255511811024
21
0.4359814566929134
0
LINE
8
BLACK
6
CONTINUOUS
10
0.3816255511811024
20
0.4359814566929134
11
0.3675648031496063
21
0.3769263385826772
0
LINE
8
BLACK
6
CONTINUOUS
10
0.3675648031496063
20
0.3769263385826772
11
0.3674285039370079
21
0.3765309448818898
0
LINE
8
BLACK
6
CONTINUOUS
10
0.3674285039370079
20
0.3765309448818898
11
0.36740968503937
21
0.3763892125984252
0
LINE
8
BLACK
6
CONTINUOUS
10
0.36740968503937
20
0.3763892125984252
11
0.3673355118110236
21
0.3762611417322835
0
LINE
8
BLACK
6
CONTINUOUS
10
0.3673355118110236
20
0.3762611417322835
11
0.3671875590551181
21
0.3758318110236221
0
LINE
8
BLACK
6
CONTINUOUS
10
0.3671875590551181
20
0.3758318110236221
11
0.3666847244094488
21
0.3751370472440945
0
LINE
8
BLACK
6
CONTINUOUS
10
0.3666847244094488
20
0.3751370472440945
11
0.3662552362204725
21
0.3743951181102362
0
LINE
8
BLACK
6
CONTINUOUS
10
0.3662552362204725
20
0.3743951181102362
11
0.3660144488188976
21
0.3742108267716535
0
LINE
8
BLACK
6
CONTINUOUS
10
0.3660144488188976
20
0.3742108267716535
11
0.3658366535433071
21
0.3739651181102362
0
LINE
8
BLACK
6
CONTINUOUS
10
0.3658366535433071
20
0.3739651181102362
11
0.3651062992125984
21
0.3735157086614173
0
LINE
8
BLACK
6
CONTINUOUS
10
0.3651062992125984
20
0.3735157086614173
11
0.3644255118110236
21
0.3729945669291339
0
LINE
8
BLACK
6
CONTINUOUS
10
0.3644255118110236
20
0.3729945669291339
11
0.3641325196850393
21
0.3729164566929134
0
LINE
8
BLACK
6
CONTINUOUS
10
0.3641325196850393
20
0.3729164566929134
11
0.3638742913385827
21
0.3727575196850393
0
LINE
8
BLACK
6
CONTINUOUS
10
0.3638742913385827
20
0.3727575196850393
11
0.3630276771653543
21
0.372621811023622
0
LINE
8
BLACK
6
CONTINUOUS
10
0.3630276771653543
20
0.372621811023622
11
0.3621990551181102
21
0.3724008267716535
0
LINE
8
BLACK
6
CONTINUOUS
10
0.3621990551181102
20
0.3724008267716535
11
0.3618984251968504
21
0.3724407874015748
0
LINE
8
BLACK
6
CONTINUOUS
10
0.3618984251968504
20
0.3724407874015748
11
0.3615991338582677
21
0.3723927952755905
0
LINE
8
BLACK
6
CONTINUOUS
10
0.3615991338582677
20
0.3723927952755905
11
0.3607648818897637
21
0.3725914173228346
0
LINE
8
BLACK
6
CONTINUOUS
10
0.3607648818897637
20
0.3725914173228346
11
0.3599149212598425
21
0.3727043700787401
0
LINE
8
BLACK
6
CONTINUOUS
10
0.3599149212598425
20
0.3727043700787401
11
0.3596525590551181
21
0.3728562598425197
0
LINE
8
BLACK
6
CONTINUOUS
10
0.3596525590551181
20
0.3728562598425197
11
0.3593575196850394
21
0.3729264960629921
0
LINE
8
BLACK
6
CONTINUOUS
10
0.3593575196850394
20
0.3729264960629921
11
0.3586627165354331
21
0.3734293307086614
0
LINE
8
BLACK
6
CONTINUOUS
10
0.3586627165354331
20
0.3734293307086614
11
0.3579208267716535
21
0.3738588188976378
0
LINE
8
BLACK
6
CONTINUOUS
10
0.3579208267716535
20
0.3738588188976378
11
0.3577364960629921
21
0.3740996062992126
0
LINE
8
BLACK
6
CONTINUOUS
10
0.3577364960629921
20
0.3740996062992126
11
0.3574908267716536
21
0.3742774015748032
0
LINE
8
BLACK
6
CONTINUOUS
10
0.3574908267716536
20
0.3742774015748032
11
0.3570413779527559
21
0.3750077559055118
0
LINE
8
BLACK
6
CONTINUOUS
10
0.3570413779527559
20
0.3750077559055118
11
0.3565202755905512
21
0.3756885433070866
0
LINE
8
BLACK
6
CONTINUOUS
10
0.3565202755905512
20
0.3756885433070866
11
0.356360905511811
21
0.3761135433070866
0
LINE
8
BLACK
6
CONTINUOUS
10
0.356360905511811
20
0.3761135433070866
11
0.3562832283464567
21
0.3762397637795276
0
LINE
8
BLACK
6
CONTINUOUS
10
0.3562832283464567
20
0.3762397637795276
11
0.3562605511811023
21
0.3763811417322834
0
LINE
8
BLACK
6
CONTINUOUS
10
0.3562605511811023
20
0.3763811417322834
11
0.3561137795275591
21
0.3767725590551181
0
LINE
8
BLACK
6
CONTINUOUS
10
0.3561137795275591
20
0.3767725590551181
11
0.3505712598425197
21
0.3975569291338583
0
LINE
8
BLACK
6
CONTINUOUS
10
0.3505712598425197
20
0.3975569291338583
11
0.3450287795275591
21
0.3767725590551181
0
LINE
8
BLACK
6
CONTINUOUS
10
0.3450287795275591
20
0.3767725590551181
11
0.344881968503937
21
0.3763811417322834
0
LINE
8
BLACK
6
CONTINUOUS
10
0.344881968503937
20
0.3763811417322834
11
0.3448593307086614
21
0.3762397637795276
0
LINE
8
BLACK
6
CONTINUOUS
10
0.3448593307086614
20
0.3762397637795276
11
0.3447816141732283
21
0.3761135433070866
0
LINE
8
BLACK
6
CONTINUOUS
10
0.3447816141732283
20
0.3761135433070866
11
0.3446222834645669
21
0.3756885433070866
0
LINE
8
BLACK
6
CONTINUOUS
10
0.3446222834645669
20
0.3756885433070866
11
0.3441011417322835
21
0.3750077559055118
0
LINE
8
BLACK
6
CONTINUOUS
10
0.3441011417322835
20
0.3750077559055118
11
0.3436517322834646
21
0.3742774015748032
0
LINE
8
BLACK
6
CONTINUOUS
10
0.3436517322834646
20
0.3742774015748032
11
0.3434060236220473
21
0.3740996062992126
0
LINE
8
BLACK
6
CONTINUOUS
10
0.3434060236220473
20
0.3740996062992126
11
0.3432217322834646
21
0.3738588188976378
0
LINE
8
BLACK
6
CONTINUOUS
10
0.3432217322834646
20
0.3738588188976378
11
0.3424798031496063
21
0.3734293307086614
0
LINE
8
BLACK
6
CONTINUOUS
10
0.3424798031496063
20
0.3734293307086614
11
0.3417850393700788
21
0.3729264960629921
0
LINE
8
BLACK
6
CONTINUOUS
10
0.3417850393700788
20
0.3729264960629921
11
0.3414899606299213
21
0.3728562598425197
0
LINE
8
BLACK
6
CONTINUOUS
10
0.3414899606299213
20
0.3728562598425197
11
0.3412276377952756
21
0.3727043700787401
0
LINE
8
BLACK
6
CONTINUOUS
10
0.3412276377952756
20
0.3727043700787401
11
0.3403776377952756
21
0.3725914173228346
0
LINE
8
BLACK
6
CONTINUOUS
10
0.3403776377952756
20
0.3725914173228346
11
0.3395434251968504
21
0.3723927952755905
0
LINE
8
BLACK
6
CONTINUOUS
10
0.3395434251968504
20
0.3723927952755905
11
0.339244094488189
21
0.3724407874015748
0
LINE
8
BLACK
6
CONTINUOUS
10
0.339244094488189
20
0.3724407874015748
11
0.3389435039370078
21
0.3724008267716535
0
LINE
8
BLACK
6
CONTINUOUS
10
0.3389435039370078
20
0.3724008267716535
11
0.338114842519685
21
0.372621811023622
0
LINE
8
BLACK
6
CONTINUOUS
10
0.338114842519685
20
0.372621811023622
11
0.3372682677165355
21
0.3727575196850393
0
LINE
8
BLACK
6
CONTINUOUS
10
0.3372682677165355
20
0.3727575196850393
11
0.33701
21
0.3729164566929134
0
LINE
8
BLACK
6
CONTINUOUS
10
0.33701
20
0.3729164566929134
11
0.3367170472440945
21
0.3729945669291339
0
LINE
8
BLACK
6
CONTINUOUS
10
0.3367170472440945
20
0.3729945669291339
11
0.3360362204724409
21
0.3735157086614173
0
LINE
8
BLACK
6
CONTINUOUS
10
0.3360362204724409
20
0.3735157086614173
11
0.335305905511811
21
0.3739651181102362
0
LINE
8
BLACK
6
CONTINUOUS
10
0.335305905511811
20
0.3739651181102362
11
0.3351280708661417
21
0.3742108267716535
0
LINE
8
BLACK
6
CONTINUOUS
10
0.3351280708661417
20
0.3742108267716535
11
0.3348873228346457
21
0.3743951181102362
0
LINE
8
BLACK
6
CONTINUOUS
10
0.3348873228346457
20
0.3743951181102362
11
0.3344577952755906
21
0.3751370472440945
0
LINE
8
BLACK
6
CONTINUOUS
10
0.3344577952755906
20
0.3751370472440945
11
0.333955
21
0.3758318110236221
0
LINE
8
BLACK
6
CONTINUOUS
10
0.333955
20
0.3758318110236221
11
0.3338070078740157
21
0.3762611417322835
0
LINE
8
BLACK
6
CONTINUOUS
10
0.3338070078740157
20
0.3762611417322835
11
0.333732874015748
21
0.3763892125984252
0
LINE
8
BLACK
6
CONTINUOUS
10
0.333732874015748
20
0.3763892125984252
11
0.3337140157480315
21
0.3765309448818898
0
LINE
8
BLACK
6
CONTINUOUS
10
0.3337140157480315
20
0.3765309448818898
11
0.3335777559055118
21
0.3769263385826772
0
LINE
8
BLACK
6
CONTINUOUS
10
0.3335777559055118
20
0.3769263385826772
11
0.3195170078740158
21
0.4359814566929134
0
LINE
8
BLACK
6
CONTINUOUS
10
0.3195170078740158
20
0.4359814566929134
11
0.3193605511811023
21
0.4371285433070866
0
LINE
8
BLACK
6
CONTINUOUS
10
0.3193605511811023
20
0.4371285433070866
11
0.3197252755905512
21
0.4394037007874015
0
LINE
8
BLACK
6
CONTINUOUS
10
0.3197252755905512
20
0.4394037007874015
11
0.320932874015748
21
0.441366062992126
0
LINE
8
BLACK
6
CONTINUOUS
10
0.320932874015748
20
0.441366062992126
11
0.3227995669291339
21
0.442716968503937
0
LINE
8
BLACK
6
CONTINUOUS
10
0.3227995669291339
20
0.442716968503937
11
0.3250411811023622
21
0.4432506692913386
0
LINE
8
BLACK
6
CONTINUOUS
10
0.3250411811023622
20
0.4432506692913386
11
0.3273163385826772
21
0.4428859448818898
0
LINE
8
BLACK
6
CONTINUOUS
10
0.3273163385826772
20
0.4428859448818898
11
0.3292787007874016
21
0.4416783464566929
0
LINE
8
BLACK
6
CONTINUOUS
10
0.3292787007874016
20
0.4416783464566929
11
0.3306296062992126
21
0.4398116535433071
0
LINE
8
BLACK
6
CONTINUOUS
10
0.3306296062992126
20
0.4398116535433071
11
0.3310068503937008
21
0.4387171259842519
0
LINE
8
BLACK
6
CONTINUOUS
10
0.3310068503937008
20
0.4387171259842519
11
0.339646811023622
21
0.4024292519685039
0
LINE
8
BLACK
6
CONTINUOUS
10
0.339646811023622
20
0.4024292519685039
11
0.3448651574803149
21
0.4219979921259843
0
LINE
8
BLACK
6
CONTINUOUS
10
0.3448651574803149
20
0.4219979921259843
11
0.3449663779527559
21
0.4222679527559055
0
LINE
8
BLACK
6
CONTINUOUS
10
0.3449663779527559
20
0.4222679527559055
11
0.3449814566929134
21
0.4223813385826772
0
LINE
8
BLACK
6
CONTINUOUS
10
0.3449814566929134
20
0.4223813385826772
11
0.3450593700787402
21
0.4225159842519685
0
LINE
8
BLACK
6
CONTINUOUS
10
0.3450593700787402
20
0.4225159842519685
11
0.3452716535433071
21
0.4230820078740157
0
LINE
8
BLACK
6
CONTINUOUS
10
0.3452716535433071
20
0.4230820078740157
11
0.3457454330708661
21
0.4237009842519685
0
LINE
8
BLACK
6
CONTINUOUS
10
0.3457454330708661
20
0.4237009842519685
11
0.346135905511811
21
0.4243754330708661
0
LINE
8
BLACK
6
CONTINUOUS
10
0.346135905511811
20
0.4243754330708661
11
0.3464396456692913
21
0.4246079921259843
0
LINE
8
BLACK
6
CONTINUOUS
10
0.3464396456692913
20
0.4246079921259843
11
0.3466722047244095
21
0.4249117322834646
0
LINE
8
BLACK
6
CONTINUOUS
10
0.3466722047244095
20
0.4249117322834646
11
0.3473466535433071
21
0.4253022047244094
0
LINE
8
BLACK
6
CONTINUOUS
10
0.3473466535433071
20
0.4253022047244094
11
0.3479656299212598
21
0.4257759842519685
0
LINE
8
BLACK
6
CONTINUOUS
10
0.3479656299212598
20
0.4257759842519685
11
0.3483353149606299
21
0.4258746062992126
0
LINE
8
BLACK
6
CONTINUOUS
10
0.3483353149606299
20
0.4258746062992126
11
0.3486662992125984
21
0.4260661811023622
0
LINE
8
BLACK
6
CONTINUOUS
10
0.3486662992125984
20
0.4260661811023622
11
0.349438779527559
21
0.4261688582677165
0
LINE
8
BLACK
6
CONTINUOUS
10
0.349438779527559
20
0.4261688582677165
11
0.3501920866141732
21
0.4263697244094488
0
LINE
8
BLACK
6
CONTINUOUS
10
0.3501920866141732
20
0.4263697244094488
11
0.3505712598425197
21
0.4263193700787402
0
LINE
8
BLACK
6
CONTINUOUS
10
0.3505712598425197
20
0.4263193700787402
11
0.3509504330708662
21
0.4263697244094488
0
LINE
8
BLACK
6
CONTINUOUS
10
0.3509504330708662
20
0.4263697244094488
11
0.3517037007874015
21
0.4261688582677165
0
LINE
8
BLACK
6
CONTINUOUS
10
0.3517037007874015
20
0.4261688582677165
11
0.3524762204724409
21
0.4260661811023622
0
LINE
8
BLACK
6
CONTINUOUS
10
0.3524762204724409
20
0.4260661811023622
11
0.3528071653543307
21
0.4258746062992126
0
LINE
8
BLACK
6
CONTINUOUS
10
0.3528071653543307
20
0.4258746062992126
11
0.3531768897637795
21
0.4257759842519685
0
LINE
8
BLACK
6
CONTINUOUS
10
0.3531768897637795
20
0.4257759842519685
11
0.3537958267716536
21
0.4253022047244094
0
LINE
8
BLACK
6
CONTINUOUS
10
0.3537958267716536
20
0.4253022047244094
11
0.3544703149606299
21
0.4249117322834646
0
LINE
8
BLACK
6
CONTINUOUS
10
0.3544703149606299
20
0.4249117322834646
11
0.3547028346456693
21
0.4246079921259843
0
LINE
8
BLACK
6
CONTINUOUS
10
0.3547028346456693
20
0.4246079921259843
11
0.3550066141732283
21
0.4243754330708661
0
LINE
8
BLACK
6
CONTINUOUS
10
0.3550066141732283
20
0.4243754330708661
11
0.3553970472440945
21
0.4237009842519685
0
LINE
8
BLACK
6
CONTINUOUS
10
0.3553970472440945
20
0.4237009842519685
11
0.3558708661417323
21
0.4230820078740157
0
LINE
8
BLACK
6
CONTINUOUS
10
0.3558708661417323
20
0.4230820078740157
11
0.3560831496062992
21
0.4225159448818898
0
LINE
8
BLACK
6
CONTINUOUS
10
0.3560831496062992
20
0.4225159448818898
11
0.356161062992126
21
0.4223813385826772
0
LINE
8
BLACK
6
CONTINUOUS
10
0.356161062992126
20
0.4223813385826772
11
0.3561761023622047
21
0.4222679921259843
0
LINE
8
BLACK
6
CONTINUOUS
10
0.3561761023622047
20
0.4222679921259843
11
0.3562773622047244
21
0.421998031496063
0
LINE
8
BLACK
6
CONTINUOUS
10
0.3562773622047244
20
0.421998031496063
11
0.3614957086614173
21
0.4024292519685039
0
LINE
8
BLACK
6
CONTINUOUS
10
0.3614957086614173
20
0.4024292519685039
11
0.3701357086614173
21
0.4387171259842519
0
LINE
8
BLACK
6
CONTINUOUS
10
0.3701357086614173
20
0.4387171259842519
11
0.3705129527559055
21
0.4398116535433071
0
LINE
8
BLACK
6
CONTINUOUS
10
0.3705129527559055
20
0.4398116535433071
11
0.3718638582677165
21
0.4416783464566929
0
LINE
8
BLACK
6
CONTINUOUS
10
0.3718638582677165
20
0.4416783464566929
11
0.373826220472441
21
0.4428859448818898
0
LINE
8
BLACK
6
CONTINUOUS
10
0.373826220472441
20
0.4428859448818898
11
0.3761013779527559
21
0.4432506692913386
0
LINE
8
BLACK
6
CONTINUOUS
10
0.3761013779527559
20
0.4432506692913386
11
0.3783429921259843
21
0.442716968503937
0
LINE
8
BLACK
6
CONTINUOUS
10
0.2954804330708661
20
0.4431413385826772
11
0.2956764960629921
21
0.4430601181102362
0
LINE
8
BLACK
6
CONTINUOUS
10
0.2956764960629921
20
0.4430601181102362
11
0.2958881102362205
21
0.4430450787401575
0
LINE
8
BLACK
6
CONTINUOUS
10
0.2958881102362205
20
0.4430450787401575
11
0.2969693307086614
21
0.4426313385826772
0
LINE
8
BLACK
6
CONTINUOUS
10
0.2969693307086614
20
0.4426313385826772
11
0.3025936220472441
21
0.4398191732283465
0
LINE
8
BLACK
6
CONTINUOUS
10
0.3025936220472441
20
0.4398191732283465
11
0.3030894881889764
21
0.4395070472440945
0
LINE
8
BLACK
6
CONTINUOUS
10
0.3030894881889764
20
0.4395070472440945
11
0.3032334645669291
21
0.4394474015748032
0
LINE
8
BLACK
6
CONTINUOUS
10
0.3032334645669291
20
0.4394474015748032
11
0.3033955511811023
21
0.4393143700787401
0
LINE
8
BLACK
6
CONTINUOUS
10
0.3033955511811023
20
0.4393143700787401
11
0.3035733858267716
21
0.4392024409448819
0
LINE
8
BLACK
6
CONTINUOUS
10
0.3035733858267716
20
0.4392024409448819
11
0.3036756299212598
21
0.4390845669291338
0
LINE
8
BLACK
6
CONTINUOUS
10
0.3036756299212598
20
0.4390845669291338
11
0.3041283858267717
21
0.4387129921259842
0
LINE
8
BLACK
6
CONTINUOUS
10
0.3041283858267717
20
0.4387129921259842
11
0.3069405511811024
21
0.4359008661417323
0
LINE
8
BLACK
6
CONTINUOUS
10
0.3069405511811024
20
0.4359008661417323
11
0.3073122834645669
21
0.4354479133858268
0
LINE
8
BLACK
6
CONTINUOUS
10
0.3073122834645669
20
0.4354479133858268
11
0.3074300787401575
21
0.4353457480314961
0
LINE
8
BLACK
6
CONTINUOUS
10
0.3074300787401575
20
0.4353457480314961
11
0.3075418503937008
21
0.4351681889763779
0
LINE
8
BLACK
6
CONTINUOUS
10
0.3075418503937008
20
0.4351681889763779
11
0.307675
21
0.4350059448818898
0
LINE
8
BLACK
6
CONTINUOUS
10
0.307675
20
0.4350059448818898
11
0.3077346456692913
21
0.4348618897637795
0
LINE
8
BLACK
6
CONTINUOUS
10
0.3077346456692913
20
0.4348618897637795
11
0.308046811023622
21
0.4343660236220472
0
LINE
8
BLACK
6
CONTINUOUS
10
0.308046811023622
20
0.4343660236220472
11
0.310858937007874
21
0.4287416929133858
0
LINE
8
BLACK
6
CONTINUOUS
10
0.310858937007874
20
0.4287416929133858
11
0.311272716535433
21
0.4276604724409448
0
LINE
8
BLACK
6
CONTINUOUS
10
0.311272716535433
20
0.4276604724409448
11
0.3112877165354331
21
0.4274488582677165
0
LINE
8
BLACK
6
CONTINUOUS
10
0.3112877165354331
20
0.4274488582677165
11
0.311368937007874
21
0.4272528346456693
0
LINE
8
BLACK
6
CONTINUOUS
10
0.311368937007874
20
0.4272528346456693
11
0.3114824015748032
21
0.4261007086614173
0
LINE
8
BLACK
6
CONTINUOUS
10
0.3114824015748032
20
0.4261007086614173
11
0.3114824015748032
21
0.4176642519685039
0
LINE
8
BLACK
6
CONTINUOUS
10
0.3114824015748032
20
0.4176642519685039
11
0.311368937007874
21
0.416512125984252
0
LINE
8
BLACK
6
CONTINUOUS
10
0.311368937007874
20
0.416512125984252
11
0.3112877165354331
21
0.4163161417322834
0
LINE
8
BLACK
6
CONTINUOUS
10
0.3112877165354331
20
0.4163161417322834
11
0.311272716535433
21
0.4161044881889764
0
LINE
8
BLACK
6
CONTINUOUS
10
0.311272716535433
20
0.4161044881889764
11
0.310858937007874
21
0.4150232677165354
0
LINE
8
BLACK
6
CONTINUOUS
10
0.310858937007874
20
0.4150232677165354
11
0.308046811023622
21
0.409398937007874
0
LINE
8
BLACK
6
CONTINUOUS
10
0.308046811023622
20
0.409398937007874
11
0.3077347244094488
21
0.4089032283464567
0
LINE
8
BLACK
6
CONTINUOUS
10
0.3077347244094488
20
0.4089032283464567
11
0.3076750393700787
21
0.4087590551181102
0
LINE
8
BLACK
6
CONTINUOUS
10
0.3076750393700787
20
0.4087590551181102
11
0.307541811023622
21
0.4085967716535433
0
LINE
8
BLACK
6
CONTINUOUS
10
0.307541811023622
20
0.4085967716535433
11
0.3074300787401575
21
0.4084192125984252
0
LINE
8
BLACK
6
CONTINUOUS
10
0.3074300787401575
20
0.4084192125984252
11
0.3073122834645669
21
0.4083170866141732
0
LINE
8
BLACK
6
CONTINUOUS
10
0.3073122834645669
20
0.4083170866141732
11
0.3069405905511811
21
0.4078641338582677
0
LINE
8
BLACK
6
CONTINUOUS
10
0.3069405905511811
20
0.4078641338582677
11
0.3041284251968504
21
0.405051968503937
0
LINE
8
BLACK
6
CONTINUOUS
10
0.3041284251968504
20
0.405051968503937
11
0.3036755905511811
21
0.4046803543307086
0
LINE
8
BLACK
6
CONTINUOUS
10
0.3036755905511811
20
0.4046803543307086
11
0.3035733858267716
21
0.4045624803149606
0
LINE
8
BLACK
6
CONTINUOUS
10
0.3035733858267716
20
0.4045624803149606
11
0.3033956692913386
21
0.4044506692913385
0
LINE
8
BLACK
6
CONTINUOUS
10
0.3033956692913386
20
0.4044506692913385
11
0.3032335039370079
21
0.4043175196850394
0
LINE
8
BLACK
6
CONTINUOUS
10
0.3032335039370079
20
0.4043175196850394
11
0.3030894094488189
21
0.404257874015748
0
LINE
8
BLACK
6
CONTINUOUS
10
0.3030894094488189
20
0.404257874015748
11
0.3025936220472441
21
0.4039457480314961
0
LINE
8
BLACK
6
CONTINUOUS
10
0.3025936220472441
20
0.4039457480314961
11
0.2969693307086614
21
0.4011336220472441
0
LINE
8
BLACK
6
CONTINUOUS
10
0.2969693307086614
20
0.4011336220472441
11
0.2958880708661417
21
0.400719842519685
0
LINE
8
BLACK
6
CONTINUOUS
10
0.2958880708661417
20
0.400719842519685
11
0.2956764173228346
21
0.400704842519685
0
LINE
8
BLACK
6
CONTINUOUS
10
0.2956764173228346
20
0.400704842519685
11
0.2954804330708661
21
0.4006236220472441
0
LINE
8
BLACK
6
CONTINUOUS
10
0.2954804330708661
20
0.4006236220472441
11
0.2943283070866142
21
0.4005101574803149
0
LINE
8
BLACK
6
CONTINUOUS
10
0.2943283070866142
20
0.4005101574803149
11
0.2777366141732283
21
0.4005101574803149
0
LINE
8
BLACK
6
CONTINUOUS
10
0.2777366141732283
20
0.4005101574803149
11
0.2777366141732283
21
0.3782941732283465
0
LINE
8
BLACK
6
CONTINUOUS
10
0.2777366141732283
20
0.3782941732283465
11
0.2776231496062992
21
0.3771420472440945
0
LINE
8
BLACK
6
CONTINUOUS
10
0.2776231496062992
20
0.3771420472440945
11
0.2767413385826771
21
0.3750132283464567
0
LINE
8
BLACK
6
CONTINUOUS
10
0.2767413385826771
20
0.3750132283464567
11
0.2751120472440945
21
0.373383937007874
0
LINE
8
BLACK
6
CONTINUOUS
10
0.2751120472440945
20
0.373383937007874
11
0.2729832283464567
21
0.372502125984252
0
LINE
8
BLACK
6
CONTINUOUS
10
0.2729832283464567
20
0.372502125984252
11
0.2706789763779527
21
0.372502125984252
0
LINE
8
BLACK
6
CONTINUOUS
10
0.2706789763779527
20
0.372502125984252
11
0.268550157480315
21
0.373383937007874
0
LINE
8
BLACK
6
CONTINUOUS
10
0.268550157480315
20
0.373383937007874
11
0.2669208661417323
21
0.3750132283464567
0
LINE
8
BLACK
6
CONTINUOUS
10
0.2669208661417323
20
0.3750132283464567
11
0.2660390551181102
21
0.3771420472440945
0
LINE
8
BLACK
6
CONTINUOUS
10
0.2660390551181102
20
0.3771420472440945
11
0.2659255905511811
21
0.3782941732283465
0
LINE
8
BLACK
6
CONTINUOUS
10
0.2659255905511811
20
0.3782941732283465
11
0.2659255905511811
21
0.4373492913385827
0
LINE
8
BLACK
6
CONTINUOUS
10
0.2659255905511811
20
0.4373492913385827
11
0.2660390551181102
21
0.4385014173228347
0
LINE
8
BLACK
6
CONTINUOUS
10
0.2660390551181102
20
0.4385014173228347
11
0.2669208661417323
21
0.4406302362204724
0
LINE
8
BLACK
6
CONTINUOUS
10
0.2669208661417323
20
0.4406302362204724
11
0.268550157480315
21
0.4422595275590551
0
LINE
8
BLACK
6
CONTINUOUS
10
0.268550157480315
20
0.4422595275590551
11
0.2706789763779527
21
0.4431413385826772
0
LINE
8
BLACK
6
CONTINUOUS
10
0.2706789763779527
20
0.4431413385826772
11
0.2718311023622047
21
0.4432548031496063
0
LINE
8
BLACK
6
CONTINUOUS
10
0.2718311023622047
20
0.4432548031496063
11
0.2943283070866142
21
0.4432548031496063
0
LINE
8
BLACK
6
CONTINUOUS
10
0.2943283070866142
20
0.4432548031496063
11
0.2954804330708661
21
0.4431413385826772
0
LINE
8
BLACK
6
CONTINUOUS
10
0.2777366141732283
20
0.4123211811023622
11
0.2929342125984252
21
0.4123211811023622
0
LINE
8
BLACK
6
CONTINUOUS
10
0.2929342125984252
20
0.4123211811023622
11
0.2964543700787401
21
0.4140812598425197
0
LINE
8
BLACK
6
CONTINUOUS
10
0.2964543700787401
20
0.4140812598425197
11
0.2979112598425197
21
0.4155381496062992
0
LINE
8
BLACK
6
CONTINUOUS
10
0.2979112598425197
20
0.4155381496062992
11
0.2996713779527559
21
0.4190583464566929
0
LINE
8
BLACK
6
CONTINUOUS
10
0.2996713779527559
20
0.4190583464566929
11
0.2996713779527559
21
0.4247066535433071
0
LINE
8
BLACK
6
CONTINUOUS
10
0.2996713779527559
20
0.4247066535433071
11
0.2979112992125984
21
0.428226811023622
0
LINE
8
BLACK
6
CONTINUOUS
10
0.2979112992125984
20
0.428226811023622
11
0.2964544488188977
21
0.4296836614173228
0
LINE
8
BLACK
6
CONTINUOUS
10
0.2964544488188977
20
0.4296836614173228
11
0.2929342125984252
21
0.431443779527559
0
LINE
8
BLACK
6
CONTINUOUS
10
0.2929342125984252
20
0.431443779527559
11
0.2777366141732283
21
0.431443779527559
0
LINE
8
BLACK
6
CONTINUOUS
10
0.2777366141732283
20
0.431443779527559
11
0.2777366141732283
21
0.4123211811023622
0
LINE
8
BLACK
6
CONTINUOUS
10
1.0903706299212599
20
0.4165305118110236
11
1.0904553937007875
21
0.4156233070866142
0
LINE
8
BLACK
6
CONTINUOUS
10
1.0904553937007875
20
0.4156233070866142
11
1.0905204330708662
21
0.4142250393700787
0
LINE
8
BLACK
6
CONTINUOUS
10
1.0905204330708662
20
0.4142250393700787
11
1.0905598031496062
21
0.4124516141732283
0
LINE
8
BLACK
6
CONTINUOUS
10
1.0905598031496062
20
0.4124516141732283
11
1.0905689763779527
21
0.4109867716535433
0
LINE
8
BLACK
6
CONTINUOUS
10
1.0905689763779527
20
0.4109867716535433
11
1.0905689763779527
21
0.4050223228346457
0
LINE
8
BLACK
6
CONTINUOUS
10
1.0905689763779527
20
0.4050223228346457
11
1.0801749212598426
21
0.3996344488188976
0
LINE
8
BLACK
6
CONTINUOUS
10
1.0801749212598426
20
0.3996344488188976
11
1.0697808267716535
21
0.3942465748031496
0
LINE
8
BLACK
6
CONTINUOUS
10
1.0697808267716535
20
0.3942465748031496
11
1.0695807480314961
21
0.3836298818897638
0
LINE
8
BLACK
6
CONTINUOUS
10
1.0695807480314961
20
0.3836298818897638
11
1.0905689763779527
21
0.3836298818897638
0
LINE
8
BLACK
6
CONTINUOUS
10
1.0905689763779527
20
0.3836298818897638
11
1.0905689763779527
21
0.3727795669291338
0
LINE
8
BLACK
6
CONTINUOUS
10
1.0905689763779527
20
0.3727795669291338
11
1.0619175196850394
21
0.372872125984252
0
LINE
8
BLACK
6
CONTINUOUS
10
1.0619175196850394
20
0.372872125984252
11
1.060646653543307
21
0.372876220472441
0
LINE
8
BLACK
6
CONTINUOUS
10
1.060646653543307
20
0.372876220472441
11
1.0332660236220472
21
0.3729646850393701
0
LINE
8
BLACK
6
CONTINUOUS
10
1.0332660236220472
20
0.3729646850393701
11
1.0332949606299213
21
0.3856183070866142
0
LINE
8
BLACK
6
CONTINUOUS
10
1.0332949606299213
20
0.3856183070866142
11
1.0333107086614173
21
0.3894062204724409
0
LINE
8
BLACK
6
CONTINUOUS
10
1.0333107086614173
20
0.3894062204724409
11
1.033345748031496
21
0.3925568897637795
0
LINE
8
BLACK
6
CONTINUOUS
10
1.033345748031496
20
0.3925568897637795
11
1.0334099999999999
21
0.3951561417322835
0
LINE
8
BLACK
6
CONTINUOUS
10
1.0334099999999999
20
0.3951561417322835
11
1.0335134645669291
21
0.3972897244094488
0
LINE
8
BLACK
6
CONTINUOUS
10
1.0335134645669291
20
0.3972897244094488
11
1.0336660629921259
21
0.3990435039370079
0
LINE
8
BLACK
6
CONTINUOUS
10
1.0336660629921259
20
0.3990435039370079
11
1.0338777952755904
21
0.4005032283464567
0
LINE
8
BLACK
6
CONTINUOUS
10
1.0338777952755904
20
0.4005032283464567
11
1.0341585826771653
21
0.4017546456692913
0
LINE
8
BLACK
6
CONTINUOUS
10
1.0341585826771653
20
0.4017546456692913
11
1.0345184251968504
21
0.4028836220472441
0
LINE
8
BLACK
6
CONTINUOUS
10
1.0345184251968504
20
0.4028836220472441
11
1.0349672834645669
21
0.403975905511811
0
LINE
8
BLACK
6
CONTINUOUS
10
1.0349672834645669
20
0.403975905511811
11
1.0355151181102362
21
0.4051173228346457
0
LINE
8
BLACK
6
CONTINUOUS
10
1.0355151181102362
20
0.4051173228346457
11
1.0355727165354331
21
0.4052314960629921
0
LINE
8
BLACK
6
CONTINUOUS
10
1.0355727165354331
20
0.4052314960629921
11
1.0373841338582677
21
0.4080937401574803
0
LINE
8
BLACK
6
CONTINUOUS
10
1.0373841338582677
20
0.4080937401574803
11
1.0396283858267716
21
0.4103776377952756
0
LINE
8
BLACK
6
CONTINUOUS
10
1.0396283858267716
20
0.4103776377952756
11
1.0423023622047243
21
0.4120805511811024
0
LINE
8
BLACK
6
CONTINUOUS
10
1.0423023622047243
20
0.4120805511811024
11
1.045142440944882
21
0.4131327952755905
0
LINE
8
BLACK
6
CONTINUOUS
10
1.045142440944882
20
0.4131327952755905
11
1.0470264173228345
21
0.4134696456692913
0
LINE
8
BLACK
6
CONTINUOUS
10
1.0470264173228345
20
0.4134696456692913
11
1.049316968503937
21
0.4136322440944882
0
LINE
8
BLACK
6
CONTINUOUS
10
1.049316968503937
20
0.4136322440944882
11
1.0517679921259842
21
0.4136256299212598
0
LINE
8
BLACK
6
CONTINUOUS
10
1.0517679921259842
20
0.4136256299212598
11
1.0541333464566929
21
0.413454842519685
0
LINE
8
BLACK
6
CONTINUOUS
10
1.0541333464566929
20
0.413454842519685
11
1.0561669291338582
21
0.4131249212598425
0
LINE
8
BLACK
6
CONTINUOUS
10
1.0561669291338582
20
0.4131249212598425
11
1.0570182283464566
21
0.4128898818897638
0
LINE
8
BLACK
6
CONTINUOUS
10
1.0570182283464566
20
0.4128898818897638
11
1.0600534251968503
21
0.411496811023622
0
LINE
8
BLACK
6
CONTINUOUS
10
1.0600534251968503
20
0.411496811023622
11
1.0626918110236221
21
0.4095035433070866
0
LINE
8
BLACK
6
CONTINUOUS
10
1.0626918110236221
20
0.4095035433070866
11
1.0649109055118109
21
0.4069284645669291
0
LINE
8
BLACK
6
CONTINUOUS
10
1.0649109055118109
20
0.4069284645669291
11
1.0656018503937008
21
0.4058641732283464
0
LINE
8
BLACK
6
CONTINUOUS
10
1.0656018503937008
20
0.4058641732283464
11
1.066136811023622
21
0.4049811811023622
0
LINE
8
BLACK
6
CONTINUOUS
10
1.066136811023622
20
0.4049811811023622
11
1.0664972440944882
21
0.4043979921259843
0
LINE
8
BLACK
6
CONTINUOUS
10
1.0664972440944882
20
0.4043979921259843
11
1.0665694881889765
21
0.4042877165354331
0
LINE
8
BLACK
6
CONTINUOUS
10
1.0665694881889765
20
0.4042877165354331
11
1.0668984251968503
21
0.4044232283464567
0
LINE
8
BLACK
6
CONTINUOUS
10
1.0668984251968503
20
0.4044232283464567
11
1.067791968503937
21
0.4048661417322835
0
LINE
8
BLACK
6
CONTINUOUS
10
1.067791968503937
20
0.4048661417322835
11
1.0691790551181102
21
0.4055792913385827
0
LINE
8
BLACK
6
CONTINUOUS
10
1.0691790551181102
20
0.4055792913385827
11
1.0709886614173227
21
0.4065255511811023
0
LINE
8
BLACK
6
CONTINUOUS
10
1.0709886614173227
20
0.4065255511811023
11
1.07314968503937
21
0.407667716535433
0
LINE
8
BLACK
6
CONTINUOUS
10
1.07314968503937
20
0.407667716535433
11
1.0755911023622047
21
0.4089686220472441
0
LINE
8
BLACK
6
CONTINUOUS
10
1.0755911023622047
20
0.4089686220472441
11
1.078241811023622
21
0.4103911023622047
0
LINE
8
BLACK
6
CONTINUOUS
10
1.078241811023622
20
0.4103911023622047
11
1.078321062992126
21
0.4104337795275591
0
LINE
8
BLACK
6
CONTINUOUS
10
1.078321062992126
20
0.4104337795275591
11
1.0809884251968505
21
0.4118692913385827
0
LINE
8
BLACK
6
CONTINUOUS
10
1.0809884251968505
20
0.4118692913385827
11
1.0834570866141733
21
0.4131958267716535
0
LINE
8
BLACK
6
CONTINUOUS
10
1.0834570866141733
20
0.4131958267716535
11
1.0856541732283465
21
0.4143744488188976
0
LINE
8
BLACK
6
CONTINUOUS
10
1.0856541732283465
20
0.4143744488188976
11
1.0875069291338582
21
0.4153661811023622
0
LINE
8
BLACK
6
CONTINUOUS
10
1.0875069291338582
20
0.4153661811023622
11
1.0889425590551181
21
0.4161320472440945
0
LINE
8
BLACK
6
CONTINUOUS
10
1.0889425590551181
20
0.4161320472440945
11
1.0898882283464566
21
0.4166330708661417
0
LINE
8
BLACK
6
CONTINUOUS
10
1.0898882283464566
20
0.4166330708661417
11
1.0902711417322835
21
0.4168303149606299
0
LINE
8
BLACK
6
CONTINUOUS
10
1.0902711417322835
20
0.4168303149606299
11
1.0902720078740158
21
0.4168306692913386
0
LINE
8
BLACK
6
CONTINUOUS
10
1.0902720078740158
20
0.4168306692913386
11
1.0903706299212599
21
0.4165305118110236
0
LINE
8
BLACK
6
CONTINUOUS
10
1.0486879527559054
20
0.4022901574803149
11
1.0464417716535432
21
0.4014664960629921
0
LINE
8
BLACK
6
CONTINUOUS
10
1.0464417716535432
20
0.4014664960629921
11
1.0446577559055117
21
0.4000987795275591
0
LINE
8
BLACK
6
CONTINUOUS
10
1.0446577559055117
20
0.4000987795275591
11
1.0433539763779527
21
0.3981981889763779
0
LINE
8
BLACK
6
CONTINUOUS
10
1.0433539763779527
20
0.3981981889763779
11
1.0429972440944881
21
0.397363031496063
0
LINE
8
BLACK
6
CONTINUOUS
10
1.0429972440944881
20
0.397363031496063
11
1.0427291338582676
21
0.3963798031496063
0
LINE
8
BLACK
6
CONTINUOUS
10
1.0427291338582676
20
0.3963798031496063
11
1.042520905511811
21
0.3949934645669291
0
LINE
8
BLACK
6
CONTINUOUS
10
1.042520905511811
20
0.3949934645669291
11
1.0423627559055118
21
0.3931079133858268
0
LINE
8
BLACK
6
CONTINUOUS
10
1.0423627559055118
20
0.3931079133858268
11
1.0422448818897638
21
0.3906268897637795
0
LINE
8
BLACK
6
CONTINUOUS
10
1.0422448818897638
20
0.3906268897637795
11
1.0422138976377953
21
0.3896855511811024
0
LINE
8
BLACK
6
CONTINUOUS
10
1.0422138976377953
20
0.3896855511811024
11
1.0420311023622046
21
0.3836298818897638
0
LINE
8
BLACK
6
CONTINUOUS
10
1.0420311023622046
20
0.3836298818897638
11
1.060646653543307
21
0.3836298818897638
0
LINE
8
BLACK
6
CONTINUOUS
10
1.060646653543307
20
0.3836298818897638
11
1.0604739763779527
21
0.3895048031496063
0
LINE
8
BLACK
6
CONTINUOUS
10
1.0604739763779527
20
0.3895048031496063
11
1.0603686614173229
21
0.3921664173228346
0
LINE
8
BLACK
6
CONTINUOUS
10
1.0603686614173229
20
0.3921664173228346
11
1.0602227952755905
21
0.3942026771653543
0
LINE
8
BLACK
6
CONTINUOUS
10
1.0602227952755905
20
0.3942026771653543
11
1.0600263385826771
21
0.3957105905511811
0
LINE
8
BLACK
6
CONTINUOUS
10
1.0600263385826771
20
0.3957105905511811
11
1.059769251968504
21
0.3967872440944882
0
LINE
8
BLACK
6
CONTINUOUS
10
1.059769251968504
20
0.3967872440944882
11
1.059701377952756
21
0.3969817716535433
0
LINE
8
BLACK
6
CONTINUOUS
10
1.059701377952756
20
0.3969817716535433
11
1.0585636220472441
21
0.3992316535433071
0
LINE
8
BLACK
6
CONTINUOUS
10
1.0585636220472441
20
0.3992316535433071
11
1.0570412598425196
21
0.4008842519685039
0
LINE
8
BLACK
6
CONTINUOUS
10
1.0570412598425196
20
0.4008842519685039
11
1.0550988976377953
21
0.4019633464566929
0
LINE
8
BLACK
6
CONTINUOUS
10
1.0550988976377953
20
0.4019633464566929
11
1.0527010236220473
21
0.4024927559055118
0
LINE
8
BLACK
6
CONTINUOUS
10
1.0527010236220473
20
0.4024927559055118
11
1.0513782283464568
21
0.4025585826771653
0
LINE
8
BLACK
6
CONTINUOUS
10
1.0513782283464568
20
0.4025585826771653
11
1.0486879527559054
21
0.4022901574803149
0
LINE
8
BLACK
6
CONTINUOUS
10
0.186226811023622
20
0.4641902755905511
11
0.1875052362204724
21
0.4629118503937008
0
LINE
8
BLACK
6
CONTINUOUS
10
0.1875052362204724
20
0.4629118503937008
11
0.1876850393700787
21
0.462007874015748
0
LINE
8
BLACK
6
CONTINUOUS
10
0.1876850393700787
20
0.462007874015748
11
0.1876850393700787
21
0.393503937007874
0
LINE
8
BLACK
6
CONTINUOUS
10
0.1876850393700787
20
0.393503937007874
11
0.2242992125984252
21
0.393503937007874
0
LINE
8
BLACK
6
CONTINUOUS
10
0.2242992125984252
20
0.393503937007874
11
0.2252031889763779
21
0.3933241338582677
0
LINE
8
BLACK
6
CONTINUOUS
10
0.2252031889763779
20
0.3933241338582677
11
0.2264816141732283
21
0.3920457086614173
0
LINE
8
BLACK
6
CONTINUOUS
10
0.2264816141732283
20
0.3920457086614173
11
0.2264816141732283
21
0.3902377559055118
0
LINE
8
BLACK
6
CONTINUOUS
10
0.2264816141732283
20
0.3902377559055118
11
0.2252031889763779
21
0.3889593307086614
0
LINE
8
BLACK
6
CONTINUOUS
10
0.2252031889763779
20
0.3889593307086614
11
0.2242992125984252
21
0.3887795275590551
0
LINE
8
BLACK
6
CONTINUOUS
10
0.2242992125984252
20
0.3887795275590551
11
0.1853228346456693
21
0.3887795275590551
0
LINE
8
BLACK
6
CONTINUOUS
10
0.1853228346456693
20
0.3887795275590551
11
0.1844188582677165
21
0.3889593307086614
0
LINE
8
BLACK
6
CONTINUOUS
10
0.1844188582677165
20
0.3889593307086614
11
0.1831404330708661
21
0.3902377559055118
0
LINE
8
BLACK
6
CONTINUOUS
10
0.1831404330708661
20
0.3902377559055118
11
0.1829606299212598
21
0.3911417322834645
0
LINE
8
BLACK
6
CONTINUOUS
10
0.1829606299212598
20
0.3911417322834645
11
0.1829606299212598
21
0.4596456692913386
0
LINE
8
BLACK
6
CONTINUOUS
10
0.1829606299212598
20
0.4596456692913386
11
0.1282362204724409
21
0.4596456692913386
0
LINE
8
BLACK
6
CONTINUOUS
10
0.1282362204724409
20
0.4596456692913386
11
0.1273322440944882
21
0.4598254724409448
0
LINE
8
BLACK
6
CONTINUOUS
10
0.1273322440944882
20
0.4598254724409448
11
0.1260538188976378
21
0.4611038976377952
0
LINE
8
BLACK
6
CONTINUOUS
10
0.1260538188976378
20
0.4611038976377952
11
0.1260538188976378
21
0.4629118503937008
0
LINE
8
BLACK
6
CONTINUOUS
10
0.1260538188976378
20
0.4629118503937008
11
0.1273322440944882
21
0.4641902755905511
0
LINE
8
BLACK
6
CONTINUOUS
10
0.1273322440944882
20
0.4641902755905511
11
0.1282362204724409
21
0.4643700787401575
0
LINE
8
BLACK
6
CONTINUOUS
10
0.1282362204724409
20
0.4643700787401575
11
0.1853228346456693
21
0.4643700787401575
0
LINE
8
BLACK
6
CONTINUOUS
10
0.1853228346456693
20
0.4643700787401575
11
0.186226811023622
21
0.4641902755905511
0
LINE
8
BLACK
6
CONTINUOUS
10
1.1297953149606299
20
0.4246188976377953
11
1.1340781496062993
21
0.4238665748031496
0
LINE
8
BLACK
6
CONTINUOUS
10
1.1340781496062993
20
0.4238665748031496
11
1.1382279527559054
21
0.4231372834645669
0
LINE
8
BLACK
6
CONTINUOUS
10
1.1382279527559054
20
0.4231372834645669
11
1.1421777559055117
21
0.4224427952755905
0
LINE
8
BLACK
6
CONTINUOUS
10
1.1421777559055117
20
0.4224427952755905
11
1.1458606299212599
21
0.4217949212598425
0
LINE
8
BLACK
6
CONTINUOUS
10
1.1458606299212599
20
0.4217949212598425
11
1.1492096062992125
21
0.4212054330708661
0
LINE
8
BLACK
6
CONTINUOUS
10
1.1492096062992125
20
0.4212054330708661
11
1.1521577165354331
21
0.4206861417322835
0
LINE
8
BLACK
6
CONTINUOUS
10
1.1521577165354331
20
0.4206861417322835
11
1.1546380314960629
21
0.4202487795275591
0
LINE
8
BLACK
6
CONTINUOUS
10
1.1546380314960629
20
0.4202487795275591
11
1.1565836220472441
21
0.4199051968503937
0
LINE
8
BLACK
6
CONTINUOUS
10
1.1565836220472441
20
0.4199051968503937
11
1.1579275196850394
21
0.4196671653543307
0
LINE
8
BLACK
6
CONTINUOUS
10
1.1579275196850394
20
0.4196671653543307
11
1.1584467716535434
21
0.4195746062992126
0
LINE
8
BLACK
6
CONTINUOUS
10
1.1584467716535434
20
0.4195746062992126
11
1.1617909842519685
21
0.4189747244094488
0
LINE
8
BLACK
6
CONTINUOUS
10
1.1617909842519685
20
0.4189747244094488
11
1.1617909842519685
21
0.4137751968503937
0
LINE
8
BLACK
6
CONTINUOUS
10
1.1617909842519685
20
0.4137751968503937
11
1.161786811023622
21
0.411742874015748
0
LINE
8
BLACK
6
CONTINUOUS
10
1.161786811023622
20
0.411742874015748
11
1.1617635039370078
21
0.4103236614173228
0
LINE
8
BLACK
6
CONTINUOUS
10
1.1617635039370078
20
0.4103236614173228
11
1.1617047244094487
21
0.4094075590551181
0
LINE
8
BLACK
6
CONTINUOUS
10
1.1617047244094487
20
0.4094075590551181
11
1.1615940551181103
21
0.4088846456692913
0
LINE
8
BLACK
6
CONTINUOUS
10
1.1615940551181103
20
0.4088846456692913
11
1.1614152362204724
21
0.4086448818897638
0
LINE
8
BLACK
6
CONTINUOUS
10
1.1614152362204724
20
0.4086448818897638
11
1.1611518503937008
21
0.4085783858267716
0
LINE
8
BLACK
6
CONTINUOUS
10
1.1611518503937008
20
0.4085783858267716
11
1.161018464566929
21
0.4085756692913386
0
LINE
8
BLACK
6
CONTINUOUS
10
1.161018464566929
20
0.4085756692913386
11
1.1605590551181102
21
0.4086362992125984
0
LINE
8
BLACK
6
CONTINUOUS
10
1.1605590551181102
20
0.4086362992125984
11
1.1594613385826771
21
0.4088105905511811
0
LINE
8
BLACK
6
CONTINUOUS
10
1.1594613385826771
20
0.4088105905511811
11
1.1577907874015747
21
0.4090870472440945
0
LINE
8
BLACK
6
CONTINUOUS
10
1.1577907874015747
20
0.4090870472440945
11
1.1556131102362204
21
0.4094542125984252
0
LINE
8
BLACK
6
CONTINUOUS
10
1.1556131102362204
20
0.4094542125984252
11
1.1529937795275591
21
0.4099005511811024
0
LINE
8
BLACK
6
CONTINUOUS
10
1.1529937795275591
20
0.4099005511811024
11
1.149998464566929
21
0.4104146456692913
0
LINE
8
BLACK
6
CONTINUOUS
10
1.149998464566929
20
0.4104146456692913
11
1.1466926771653543
21
0.410985
0
LINE
8
BLACK
6
CONTINUOUS
10
1.1466926771653543
20
0.410985
11
1.1431420472440945
21
0.4116001181102362
0
LINE
8
BLACK
6
CONTINUOUS
10
1.1431420472440945
20
0.4116001181102362
11
1.139412125984252
21
0.4122485039370078
0
LINE
8
BLACK
6
CONTINUOUS
10
1.139412125984252
20
0.4122485039370078
11
1.1355685039370078
21
0.4129187401574803
0
LINE
8
BLACK
6
CONTINUOUS
10
1.1355685039370078
20
0.4129187401574803
11
1.1316767716535432
21
0.4135993307086614
0
LINE
8
BLACK
6
CONTINUOUS
10
1.1316767716535432
20
0.4135993307086614
11
1.1278025196850394
21
0.4142787401574803
0
LINE
8
BLACK
6
CONTINUOUS
10
1.1278025196850394
20
0.4142787401574803
11
1.1240112992125983
21
0.4149455905511811
0
LINE
8
BLACK
6
CONTINUOUS
10
1.1240112992125983
20
0.4149455905511811
11
1.1203686614173227
21
0.4155883070866142
0
LINE
8
BLACK
6
CONTINUOUS
10
1.1203686614173227
20
0.4155883070866142
11
1.1169402755905511
21
0.4161954330708661
0
LINE
8
BLACK
6
CONTINUOUS
10
1.1169402755905511
20
0.4161954330708661
11
1.113791653543307
21
0.4167555511811024
0
LINE
8
BLACK
6
CONTINUOUS
10
1.113791653543307
20
0.4167555511811024
11
1.1109883858267717
21
0.417257125984252
0
LINE
8
BLACK
6
CONTINUOUS
10
1.1109883858267717
20
0.417257125984252
11
1.1085961023622046
21
0.4176887007874016
0
LINE
8
BLACK
6
CONTINUOUS
10
1.1085961023622046
20
0.4176887007874016
11
1.1066803149606299
21
0.418038779527559
0
LINE
8
BLACK
6
CONTINUOUS
10
1.1066803149606299
20
0.418038779527559
11
1.1053066535433071
21
0.4182958661417323
0
LINE
8
BLACK
6
CONTINUOUS
10
1.1053066535433071
20
0.4182958661417323
11
1.1045406692913387
21
0.4184485433070866
0
LINE
8
BLACK
6
CONTINUOUS
10
1.1045406692913387
20
0.4184485433070866
11
1.1044000787401576
21
0.4184852362204725
0
LINE
8
BLACK
6
CONTINUOUS
10
1.1044000787401576
20
0.4184852362204725
11
1.104366653543307
21
0.4188670472440945
0
LINE
8
BLACK
6
CONTINUOUS
10
1.104366653543307
20
0.4188670472440945
11
1.1043509448818898
21
0.4198408267716535
0
LINE
8
BLACK
6
CONTINUOUS
10
1.1043509448818898
20
0.4198408267716535
11
1.1043532283464568
21
0.4212757874015748
0
LINE
8
BLACK
6
CONTINUOUS
10
1.1043532283464568
20
0.4212757874015748
11
1.1043738188976377
21
0.423041062992126
0
LINE
8
BLACK
6
CONTINUOUS
10
1.1043738188976377
20
0.423041062992126
11
1.1043876771653542
21
0.4238306692913386
0
LINE
8
BLACK
6
CONTINUOUS
10
1.1043876771653542
20
0.4238306692913386
11
1.1044879921259843
21
0.4290633464566929
0
LINE
8
BLACK
6
CONTINUOUS
10
1.1044879921259843
20
0.4290633464566929
11
1.1297953149606299
21
0.4246188976377953
0
LINE
8
BLACK
6
CONTINUOUS
10
0.8349867716535433
20
0.4562601181102362
11
0.836616062992126
21
0.4546308267716535
0
LINE
8
BLACK
6
CONTINUOUS
10
0.836616062992126
20
0.4546308267716535
11
0.837497874015748
21
0.4525020078740157
0
LINE
8
BLACK
6
CONTINUOUS
10
0.837497874015748
20
0.4525020078740157
11
0.8376113385826771
21
0.4513498818897638
0
LINE
8
BLACK
6
CONTINUOUS
10
0.8376113385826771
20
0.4513498818897638
11
0.8376113385826771
21
0.417604094488189
0
LINE
8
BLACK
6
CONTINUOUS
10
0.8376113385826771
20
0.417604094488189
11
0.837497874015748
21
0.416451968503937
0
LINE
8
BLACK
6
CONTINUOUS
10
0.837497874015748
20
0.416451968503937
11
0.836616062992126
21
0.4143231496062992
0
LINE
8
BLACK
6
CONTINUOUS
10
0.836616062992126
20
0.4143231496062992
11
0.8349867716535433
21
0.4126938582677165
0
LINE
8
BLACK
6
CONTINUOUS
10
0.8349867716535433
20
0.4126938582677165
11
0.8328579527559055
21
0.4118120472440945
0
LINE
8
BLACK
6
CONTINUOUS
10
0.8328579527559055
20
0.4118120472440945
11
0.8305537007874015
21
0.4118120472440945
0
LINE
8
BLACK
6
CONTINUOUS
10
0.8305537007874015
20
0.4118120472440945
11
0.8284248818897637
21
0.4126938582677165
0
LINE
8
BLACK
6
CONTINUOUS
10
0.8284248818897637
20
0.4126938582677165
11
0.8267955905511811
21
0.4143231496062992
0
LINE
8
BLACK
6
CONTINUOUS
10
0.8267955905511811
20
0.4143231496062992
11
0.8259137795275591
21
0.416451968503937
0
LINE
8
BLACK
6
CONTINUOUS
10
0.8259137795275591
20
0.416451968503937
11
0.8258003149606299
21
0.417604094488189
0
LINE
8
BLACK
6
CONTINUOUS
10
0.8258003149606299
20
0.417604094488189
11
0.8258003149606299
21
0.4285714566929134
0
LINE
8
BLACK
6
CONTINUOUS
10
0.8258003149606299
20
0.4285714566929134
11
0.7897200393700787
21
0.4285714566929134
0
LINE
8
BLACK
6
CONTINUOUS
10
0.7897200393700787
20
0.4285714566929134
11
0.7908872834645669
21
0.4274042125984252
0
LINE
8
BLACK
6
CONTINUOUS
10
0.7908872834645669
20
0.4274042125984252
11
0.791258937007874
21
0.4269513779527559
0
LINE
8
BLACK
6
CONTINUOUS
10
0.791258937007874
20
0.4269513779527559
11
0.7913767716535433
21
0.4268491732283464
0
LINE
8
BLACK
6
CONTINUOUS
10
0.7913767716535433
20
0.4268491732283464
11
0.7914885039370079
21
0.4266716535433071
0
LINE
8
BLACK
6
CONTINUOUS
10
0.7914885039370079
20
0.4266716535433071
11
0.7916217322834646
21
0.4265093307086614
0
LINE
8
BLACK
6
CONTINUOUS
10
0.7916217322834646
20
0.4265093307086614
11
0.7916814173228346
21
0.4263651574803149
0
LINE
8
BLACK
6
CONTINUOUS
10
0.7916814173228346
20
0.4263651574803149
11
0.7919935039370078
21
0.4258694094488189
0
LINE
8
BLACK
6
CONTINUOUS
10
0.7919935039370078
20
0.4258694094488189
11
0.7948056692913386
21
0.4202451574803149
0
LINE
8
BLACK
6
CONTINUOUS
10
0.7948056692913386
20
0.4202451574803149
11
0.7952194094488189
21
0.4191638976377953
0
LINE
8
BLACK
6
CONTINUOUS
10
0.7952194094488189
20
0.4191638976377953
11
0.7953827559055118
21
0.4168654724409449
0
LINE
8
BLACK
6
CONTINUOUS
10
0.7953827559055118
20
0.4168654724409449
11
0.7946541338582677
21
0.4146795669291338
0
LINE
8
BLACK
6
CONTINUOUS
10
0.7946541338582677
20
0.4146795669291338
11
0.7931444094488189
21
0.412938779527559
0
LINE
8
BLACK
6
CONTINUOUS
10
0.7931444094488189
20
0.412938779527559
11
0.7910834251968504
21
0.4119083070866142
0
LINE
8
BLACK
6
CONTINUOUS
10
0.7910834251968504
20
0.4119083070866142
11
0.788785
21
0.4117449606299213
0
LINE
8
BLACK
6
CONTINUOUS
10
0.788785
20
0.4117449606299213
11
0.7865990551181102
21
0.4124736220472441
0
LINE
8
BLACK
6
CONTINUOUS
10
0.7865990551181102
20
0.4124736220472441
11
0.7848583070866142
21
0.4139833070866142
0
LINE
8
BLACK
6
CONTINUOUS
10
0.7848583070866142
20
0.4139833070866142
11
0.7842415748031496
21
0.4149630708661417
0
LINE
8
BLACK
6
CONTINUOUS
10
0.7842415748031496
20
0.4149630708661417
11
0.7818579921259843
21
0.4197301968503937
0
LINE
8
BLACK
6
CONTINUOUS
10
0.7818579921259843
20
0.4197301968503937
11
0.7773248818897638
21
0.4242633070866141
0
LINE
8
BLACK
6
CONTINUOUS
10
0.7773248818897638
20
0.4242633070866141
11
0.7693749212598425
21
0.4295632677165354
0
LINE
8
BLACK
6
CONTINUOUS
10
0.7693749212598425
20
0.4295632677165354
11
0.7693716141732283
21
0.4295659842519685
0
LINE
8
BLACK
6
CONTINUOUS
10
0.7693716141732283
20
0.4295659842519685
11
0.7693697637795276
21
0.4295667322834645
0
LINE
8
BLACK
6
CONTINUOUS
10
0.7693697637795276
20
0.4295667322834645
11
0.7693655511811024
21
0.4295709448818897
0
LINE
8
BLACK
6
CONTINUOUS
10
0.7693655511811024
20
0.4295709448818897
11
0.768479251968504
21
0.4302967716535433
0
LINE
8
BLACK
6
CONTINUOUS
10
0.768479251968504
20
0.4302967716535433
11
0.7681538976377953
21
0.4307825984251968
0
LINE
8
BLACK
6
CONTINUOUS
10
0.7681538976377953
20
0.4307825984251968
11
0.7677404724409449
21
0.4311960236220472
0
LINE
8
BLACK
6
CONTINUOUS
10
0.7677404724409449
20
0.4311960236220472
11
0.7675190157480315
21
0.4317305905511811
0
LINE
8
BLACK
6
CONTINUOUS
10
0.7675190157480315
20
0.4317305905511811
11
0.7671970866141732
21
0.4322113385826771
0
LINE
8
BLACK
6
CONTINUOUS
10
0.7671970866141732
20
0.4322113385826771
11
0.7670824015748031
21
0.4327846850393701
0
LINE
8
BLACK
6
CONTINUOUS
10
0.7670824015748031
20
0.4327846850393701
11
0.7668586614173228
21
0.433324842519685
0
LINE
8
BLACK
6
CONTINUOUS
10
0.7668586614173228
20
0.433324842519685
11
0.7668586614173228
21
0.4339034645669291
0
LINE
8
BLACK
6
CONTINUOUS
10
0.7668586614173228
20
0.4339034645669291
11
0.7667451968503937
21
0.434470748031496
0
LINE
8
BLACK
6
CONTINUOUS
10
0.7667451968503937
20
0.434470748031496
11
0.7668586614173228
21
0.4350443307086614
0
LINE
8
BLACK
6
CONTINUOUS
10
0.7668586614173228
20
0.4350443307086614
11
0.7668586614173228
21
0.435629094488189
0
LINE
8
BLACK
6
CONTINUOUS
10
0.7668586614173228
20
0.435629094488189
11
0.7670800787401575
21
0.4361637007874016
0
LINE
8
BLACK
6
CONTINUOUS
10
0.7670800787401575
20
0.4361637007874016
11
0.7671923622047244
21
0.4367311811023622
0
LINE
8
BLACK
6
CONTINUOUS
10
0.7671923622047244
20
0.4367311811023622
11
0.7675166929133858
21
0.4372177165354331
0
LINE
8
BLACK
6
CONTINUOUS
10
0.7675166929133858
20
0.4372177165354331
11
0.7677404724409449
21
0.4377579133858268
0
LINE
8
BLACK
6
CONTINUOUS
10
0.7677404724409449
20
0.4377579133858268
11
0.7681495669291338
21
0.4381670472440945
0
LINE
8
BLACK
6
CONTINUOUS
10
0.7681495669291338
20
0.4381670472440945
11
0.7684705118110237
21
0.4386484251968504
0
LINE
8
BLACK
6
CONTINUOUS
10
0.7684705118110237
20
0.4386484251968504
11
0.7689562992125984
21
0.4389737795275591
0
LINE
8
BLACK
6
CONTINUOUS
10
0.7689562992125984
20
0.4389737795275591
11
0.7693697637795276
21
0.4393872047244095
0
LINE
8
BLACK
6
CONTINUOUS
10
0.7693697637795276
20
0.4393872047244095
11
0.7699042913385826
21
0.4396086614173228
0
LINE
8
BLACK
6
CONTINUOUS
10
0.7699042913385826
20
0.4396086614173228
11
0.7703850787401575
21
0.4399305905511811
0
LINE
8
BLACK
6
CONTINUOUS
10
0.7703850787401575
20
0.4399305905511811
11
0.7709583858267717
21
0.4400452755905512
0
LINE
8
BLACK
6
CONTINUOUS
10
0.7709583858267717
20
0.4400452755905512
11
0.7714985826771653
21
0.4402690157480315
0
LINE
8
BLACK
6
CONTINUOUS
10
0.7714985826771653
20
0.4402690157480315
11
0.7726384251968503
21
0.4403812992125984
0
LINE
8
BLACK
6
CONTINUOUS
10
0.7726384251968503
20
0.4403812992125984
11
0.7726444881889764
21
0.4403824803149606
0
LINE
8
BLACK
6
CONTINUOUS
10
0.7726444881889764
20
0.4403824803149606
11
0.7726465354330708
21
0.4403820866141732
0
LINE
8
BLACK
6
CONTINUOUS
10
0.7726465354330708
20
0.4403820866141732
11
0.7726507086614173
21
0.4403824803149606
0
LINE
8
BLACK
6
CONTINUOUS
10
0.7726507086614173
20
0.4403824803149606
11
0.8258003149606299
21
0.4403824803149606
0
LINE
8
BLACK
6
CONTINUOUS
10
0.8258003149606299
20
0.4403824803149606
11
0.8258003149606299
21
0.4513498818897638
0
LINE
8
BLACK
6
CONTINUOUS
10
0.8258003149606299
20
0.4513498818897638
11
0.8259137795275591
21
0.4525020078740157
0
LINE
8
BLACK
6
CONTINUOUS
10
0.8259137795275591
20
0.4525020078740157
11
0.8267955905511811
21
0.4546308267716535
0
LINE
8
BLACK
6
CONTINUOUS
10
0.8267955905511811
20
0.4546308267716535
11
0.8284248818897637
21
0.4562601181102362
0
LINE
8
BLACK
6
CONTINUOUS
10
0.8284248818897637
20
0.4562601181102362
11
0.8305537007874015
21
0.4571419291338583
0
LINE
8
BLACK
6
CONTINUOUS
10
0.8305537007874015
20
0.4571419291338583
11
0.8328579527559055
21
0.4571419291338583
0
LINE
8
BLACK
6
CONTINUOUS
10
0.8328579527559055
20
0.4571419291338583
11
0.8349867716535433
21
0.4562601181102362
0
LINE
8
BLACK
6
CONTINUOUS
10
1.034665748031496
20
0.4645900393700788
11
1.036083779527559
21
0.4643864173228346
0
LINE
8
BLACK
6
CONTINUOUS
10
1.036083779527559
20
0.4643864173228346
11
1.037802125984252
21
0.4641029133858268
0
LINE
8
BLACK
6
CONTINUOUS
10
1.037802125984252
20
0.4641029133858268
11
1.038248622047244
21
0.4640241732283464
0
LINE
8
BLACK
6
CONTINUOUS
10
1.038248622047244
20
0.4640241732283464
11
1.0400290944881889
21
0.4637096062992126
0
LINE
8
BLACK
6
CONTINUOUS
10
1.0400290944881889
20
0.4637096062992126
11
1.0415503543307085
21
0.4634470078740157
0
LINE
8
BLACK
6
CONTINUOUS
10
1.0415503543307085
20
0.4634470078740157
11
1.0426724409448818
21
0.4632601181102362
0
LINE
8
BLACK
6
CONTINUOUS
10
1.0426724409448818
20
0.4632601181102362
11
1.0432553149606298
21
0.4631726377952756
0
LINE
8
BLACK
6
CONTINUOUS
10
1.0432553149606298
20
0.4631726377952756
11
1.0432985433070865
21
0.463169094488189
0
LINE
8
BLACK
6
CONTINUOUS
10
1.0432985433070865
20
0.463169094488189
11
1.0433639763779528
21
0.462821220472441
0
LINE
8
BLACK
6
CONTINUOUS
10
1.0433639763779528
20
0.462821220472441
11
1.0434237401574802
21
0.4618353543307087
0
LINE
8
BLACK
6
CONTINUOUS
10
1.0434237401574802
20
0.4618353543307087
11
1.0434758267716535
21
0.4602964173228347
0
LINE
8
BLACK
6
CONTINUOUS
10
1.0434758267716535
20
0.4602964173228347
11
1.0435183464566928
21
0.4582894881889764
0
LINE
8
BLACK
6
CONTINUOUS
10
1.0435183464566928
20
0.4582894881889764
11
1.0435492519685039
21
0.4558995669291339
0
LINE
8
BLACK
6
CONTINUOUS
10
1.0435492519685039
20
0.4558995669291339
11
1.0435666141732283
21
0.4532116141732284
0
LINE
8
BLACK
6
CONTINUOUS
10
1.0435666141732283
20
0.4532116141732284
11
1.0435697244094488
21
0.4514429527559055
0
LINE
8
BLACK
6
CONTINUOUS
10
1.0435697244094488
20
0.4514429527559055
11
1.0435697244094488
21
0.4397187401574803
0
LINE
8
BLACK
6
CONTINUOUS
10
1.0435697244094488
20
0.4397187401574803
11
1.0454677559055119
21
0.4393425196850393
0
LINE
8
BLACK
6
CONTINUOUS
10
1.0454677559055119
20
0.4393425196850393
11
1.0467290944881888
21
0.4391018110236221
0
LINE
8
BLACK
6
CONTINUOUS
10
1.0467290944881888
20
0.4391018110236221
11
1.04839531496063
21
0.4387962204724409
0
LINE
8
BLACK
6
CONTINUOUS
10
1.04839531496063
20
0.4387962204724409
11
1.0501584645669291
21
0.4384820078740158
0
LINE
8
BLACK
6
CONTINUOUS
10
1.0501584645669291
20
0.4384820078740158
11
1.0506196062992126
21
0.4384015354330709
0
LINE
8
BLACK
6
CONTINUOUS
10
1.0506196062992126
20
0.4384015354330709
11
1.0521677559055118
21
0.438129094488189
0
LINE
8
BLACK
6
CONTINUOUS
10
1.0521677559055118
20
0.438129094488189
11
1.053521811023622
21
0.4378840551181102
0
LINE
8
BLACK
6
CONTINUOUS
10
1.053521811023622
20
0.4378840551181102
11
1.0544668110236219
21
0.4377056299212598
0
LINE
8
BLACK
6
CONTINUOUS
10
1.0544668110236219
20
0.4377056299212598
11
1.0546868503937008
21
0.4376606299212598
0
LINE
8
BLACK
6
CONTINUOUS
10
1.0546868503937008
20
0.4376606299212598
11
1.0555002755905512
21
0.4374845275590551
0
LINE
8
BLACK
6
CONTINUOUS
10
1.0555002755905512
20
0.4374845275590551
11
1.0555002755905512
21
0.4465297244094488
0
LINE
8
BLACK
6
CONTINUOUS
10
1.0555002755905512
20
0.4465297244094488
11
1.0555083464566928
21
0.449454842519685
0
LINE
8
BLACK
6
CONTINUOUS
10
1.0555083464566928
20
0.449454842519685
11
1.0555346456692913
21
0.4517231102362205
0
LINE
8
BLACK
6
CONTINUOUS
10
1.0555346456692913
20
0.4517231102362205
11
1.0555825196850392
21
0.4534005511811023
0
LINE
8
BLACK
6
CONTINUOUS
10
1.0555825196850392
20
0.4534005511811023
11
1.0556552362204725
21
0.4545533070866142
0
LINE
8
BLACK
6
CONTINUOUS
10
1.0556552362204725
20
0.4545533070866142
11
1.0557561811023621
21
0.4552474015748031
0
LINE
8
BLACK
6
CONTINUOUS
10
1.0557561811023621
20
0.4552474015748031
11
1.0558885433070866
21
0.4555488976377953
0
LINE
8
BLACK
6
CONTINUOUS
10
1.0558885433070866
20
0.4555488976377953
11
1.0559522047244094
21
0.4555743700787401
0
LINE
8
BLACK
6
CONTINUOUS
10
1.0559522047244094
20
0.4555743700787401
11
1.0564499999999999
21
0.455511968503937
0
LINE
8
BLACK
6
CONTINUOUS
10
1.0564499999999999
20
0.455511968503937
11
1.0574872047244095
21
0.4553453937007874
0
LINE
8
BLACK
6
CONTINUOUS
10
1.0574872047244095
20
0.4553453937007874
11
1.0588928346456692
21
0.4551051574803149
0
LINE
8
BLACK
6
CONTINUOUS
10
1.0588928346456692
20
0.4551051574803149
11
1.0604959055118111
21
0.4548216535433071
0
LINE
8
BLACK
6
CONTINUOUS
10
1.0604959055118111
20
0.4548216535433071
11
1.06212531496063
21
0.4545253937007874
0
LINE
8
BLACK
6
CONTINUOUS
10
1.06212531496063
20
0.4545253937007874
11
1.063610157480315
21
0.4542467716535433
0
LINE
8
BLACK
6
CONTINUOUS
10
1.063610157480315
20
0.4542467716535433
11
1.0647793700787402
21
0.4540162204724409
0
LINE
8
BLACK
6
CONTINUOUS
10
1.0647793700787402
20
0.4540162204724409
11
1.0651712992125983
21
0.4539331102362205
0
LINE
8
BLACK
6
CONTINUOUS
10
1.0651712992125983
20
0.4539331102362205
11
1.0659847637795274
21
0.4537535039370079
0
LINE
8
BLACK
6
CONTINUOUS
10
1.0659847637795274
20
0.4537535039370079
11
1.0659847637795274
21
0.4357044094488189
0
LINE
8
BLACK
6
CONTINUOUS
10
1.0659847637795274
20
0.4357044094488189
11
1.066798188976378
21
0.435519842519685
0
LINE
8
BLACK
6
CONTINUOUS
10
1.066798188976378
20
0.435519842519685
11
1.0673624015748031
21
0.4354111417322835
0
LINE
8
BLACK
6
CONTINUOUS
10
1.0673624015748031
20
0.4354111417322835
11
1.0685366929133857
21
0.4351991732283464
0
LINE
8
BLACK
6
CONTINUOUS
10
1.0685366929133857
20
0.4351991732283464
11
1.0702183070866143
21
0.4349019291338583
0
LINE
8
BLACK
6
CONTINUOUS
10
1.0702183070866143
20
0.4349019291338583
11
1.072304527559055
21
0.4345374803149606
0
LINE
8
BLACK
6
CONTINUOUS
10
1.072304527559055
20
0.4345374803149606
11
1.0746925984251969
21
0.4341238582677165
0
LINE
8
BLACK
6
CONTINUOUS
10
1.0746925984251969
20
0.4341238582677165
11
1.0771922834645669
21
0.4336941338582677
0
LINE
8
BLACK
6
CONTINUOUS
10
1.0771922834645669
20
0.4336941338582677
11
1.0798475196850394
21
0.4332374015748031
0
LINE
8
BLACK
6
CONTINUOUS
10
1.0798475196850394
20
0.4332374015748031
11
1.0823668503937007
21
0.4328005118110236
0
LINE
8
BLACK
6
CONTINUOUS
10
1.0823668503937007
20
0.4328005118110236
11
1.0846322440944882
21
0.4324042125984252
0
LINE
8
BLACK
6
CONTINUOUS
10
1.0846322440944882
20
0.4324042125984252
11
1.086525748031496
21
0.4320692125984252
0
LINE
8
BLACK
6
CONTINUOUS
10
1.086525748031496
20
0.4320692125984252
11
1.0879293700787402
21
0.4318162598425197
0
LINE
8
BLACK
6
CONTINUOUS
10
1.0879293700787402
20
0.4318162598425197
11
1.0886709448818896
21
0.431676968503937
0
LINE
8
BLACK
6
CONTINUOUS
10
1.0886709448818896
20
0.431676968503937
11
1.0905689763779527
21
0.4313009842519685
0
LINE
8
BLACK
6
CONTINUOUS
10
1.0905689763779527
20
0.4313009842519685
11
1.0905689763779527
21
0.4260843700787402
0
LINE
8
BLACK
6
CONTINUOUS
10
1.0905689763779527
20
0.4260843700787402
11
1.0905600393700787
21
0.4240233070866142
0
LINE
8
BLACK
6
CONTINUOUS
10
1.0905600393700787
20
0.4240233070866142
11
1.0905254724409448
21
0.4225797637795276
0
LINE
8
BLACK
6
CONTINUOUS
10
1.0905254724409448
20
0.4225797637795276
11
1.0904535039370078
21
0.4216484645669291
0
LINE
8
BLACK
6
CONTINUOUS
10
1.0904535039370078
20
0.4216484645669291
11
1.0903325196850393
21
0.4211240157480315
0
LINE
8
BLACK
6
CONTINUOUS
10
1.0903325196850393
20
0.4211240157480315
11
1.090150748031496
21
0.4209009842519685
0
LINE
8
BLACK
6
CONTINUOUS
10
1.090150748031496
20
0.4209009842519685
11
1.0899899212598425
21
0.4208677952755905
0
LINE
8
BLACK
6
CONTINUOUS
10
1.0899899212598425
20
0.4208677952755905
11
1.0895284251968504
21
0.4209290551181102
0
LINE
8
BLACK
6
CONTINUOUS
10
1.0895284251968504
20
0.4209290551181102
11
1.0884270472440944
21
0.421105157480315
0
LINE
8
BLACK
6
CONTINUOUS
10
1.0884270472440944
20
0.421105157480315
11
1.0867516141732283
21
0.4213844488188976
0
LINE
8
BLACK
6
CONTINUOUS
10
1.0867516141732283
20
0.4213844488188976
11
1.0845680314960631
21
0.4217553149606299
0
LINE
8
BLACK
6
CONTINUOUS
10
1.0845680314960631
20
0.4217553149606299
11
1.0819420866141731
21
0.4222061417322834
0
LINE
8
BLACK
6
CONTINUOUS
10
1.0819420866141731
20
0.4222061417322834
11
1.07893968503937
21
0.4227253543307086
0
LINE
8
BLACK
6
CONTINUOUS
10
1.07893968503937
20
0.4227253543307086
11
1.075626653543307
21
0.4233012992125984
0
LINE
8
BLACK
6
CONTINUOUS
10
1.075626653543307
20
0.4233012992125984
11
1.0720688188976377
21
0.4239223622047244
0
LINE
8
BLACK
6
CONTINUOUS
10
1.0720688188976377
20
0.4239223622047244
11
1.0683320866141732
21
0.424576968503937
0
LINE
8
BLACK
6
CONTINUOUS
10
1.0683320866141732
20
0.424576968503937
11
1.0644822834645669
21
0.4252534645669291
0
LINE
8
BLACK
6
CONTINUOUS
10
1.0644822834645669
20
0.4252534645669291
11
1.0605852362204724
21
0.4259402362204724
0
LINE
8
BLACK
6
CONTINUOUS
10
1.0605852362204724
20
0.4259402362204724
11
1.056706811023622
21
0.4266257086614173
0
LINE
8
BLACK
6
CONTINUOUS
10
1.056706811023622
20
0.4266257086614173
11
1.0529128740157481
21
0.4272981889763779
0
LINE
8
BLACK
6
CONTINUOUS
10
1.0529128740157481
20
0.4272981889763779
11
1.0492692519685038
21
0.4279461811023622
0
LINE
8
BLACK
6
CONTINUOUS
10
1.0492692519685038
20
0.4279461811023622
11
1.0458418110236221
21
0.4285579527559055
0
LINE
8
BLACK
6
CONTINUOUS
10
1.0458418110236221
20
0.4285579527559055
11
1.0426964173228346
21
0.429121968503937
0
LINE
8
BLACK
6
CONTINUOUS
10
1.0426964173228346
20
0.429121968503937
11
1.0398988976377952
21
0.4296265748031496
0
LINE
8
BLACK
6
CONTINUOUS
10
1.0398988976377952
20
0.4296265748031496
11
1.0375151181102362
21
0.4300601968503937
0
LINE
8
BLACK
6
CONTINUOUS
10
1.0375151181102362
20
0.4300601968503937
11
1.0356109448818898
21
0.4304111811023622
0
LINE
8
BLACK
6
CONTINUOUS
10
1.0356109448818898
20
0.4304111811023622
11
1.0342521653543306
21
0.4306679133858268
0
LINE
8
BLACK
6
CONTINUOUS
10
1.0342521653543306
20
0.4306679133858268
11
1.0335046850393701
21
0.4308188188976378
0
LINE
8
BLACK
6
CONTINUOUS
10
1.0335046850393701
20
0.4308188188976378
11
1.0333786220472441
21
0.4308520472440945
0
LINE
8
BLACK
6
CONTINUOUS
10
1.0333786220472441
20
0.4308520472440945
11
1.0333235039370079
21
0.4312346456692913
0
LINE
8
BLACK
6
CONTINUOUS
10
1.0333235039370079
20
0.4312346456692913
11
1.0332733858267715
21
0.4322532283464567
0
LINE
8
BLACK
6
CONTINUOUS
10
1.0332733858267715
20
0.4322532283464567
11
1.0332285826771654
21
0.4338207086614173
0
LINE
8
BLACK
6
CONTINUOUS
10
1.0332285826771654
20
0.4338207086614173
11
1.0331893307086615
21
0.4358500393700787
0
LINE
8
BLACK
6
CONTINUOUS
10
1.0331893307086615
20
0.4358500393700787
11
1.0331558661417322
21
0.4382541732283464
0
LINE
8
BLACK
6
CONTINUOUS
10
1.0331558661417322
20
0.4382541732283464
11
1.0331285039370079
21
0.4409459842519685
0
LINE
8
BLACK
6
CONTINUOUS
10
1.0331285039370079
20
0.4409459842519685
11
1.0331074803149607
21
0.4438384645669291
0
LINE
8
BLACK
6
CONTINUOUS
10
1.0331074803149607
20
0.4438384645669291
11
1.0330929921259842
21
0.4468445275590551
0
LINE
8
BLACK
6
CONTINUOUS
10
1.0330929921259842
20
0.4468445275590551
11
1.0330853937007873
21
0.4498771259842519
0
LINE
8
BLACK
6
CONTINUOUS
10
1.0330853937007873
20
0.4498771259842519
11
1.0330849212598425
21
0.4528491338582677
0
LINE
8
BLACK
6
CONTINUOUS
10
1.0330849212598425
20
0.4528491338582677
11
1.033091811023622
21
0.4556735433070866
0
LINE
8
BLACK
6
CONTINUOUS
10
1.033091811023622
20
0.4556735433070866
11
1.0331062992125983
21
0.4582632677165354
0
LINE
8
BLACK
6
CONTINUOUS
10
1.0331062992125983
20
0.4582632677165354
11
1.0331287401574802
21
0.4605312204724409
0
LINE
8
BLACK
6
CONTINUOUS
10
1.0331287401574802
20
0.4605312204724409
11
1.0331592913385828
21
0.4623903543307086
0
LINE
8
BLACK
6
CONTINUOUS
10
1.0331592913385828
20
0.4623903543307086
11
1.0331982677165354
21
0.4637536220472441
0
LINE
8
BLACK
6
CONTINUOUS
10
1.0331982677165354
20
0.4637536220472441
11
1.0332459055118111
21
0.464533937007874
0
LINE
8
BLACK
6
CONTINUOUS
10
1.0332459055118111
20
0.464533937007874
11
1.033277559055118
21
0.4646850393700787
0
LINE
8
BLACK
6
CONTINUOUS
10
1.033277559055118
20
0.4646850393700787
11
1.0336847637795274
21
0.4646956692913386
0
LINE
8
BLACK
6
CONTINUOUS
10
1.0336847637795274
20
0.4646956692913386
11
1.034665748031496
21
0.4645900393700788
0
LINE
8
BLACK
6
CONTINUOUS
10
0.9635707086614173
20
0.4536007086614173
11
0.9641398031496062
21
0.4535016929133858
0
LINE
8
BLACK
6
CONTINUOUS
10
0.9641398031496062
20
0.4535016929133858
11
0.9653629133858268
21
0.4532875984251968
0
LINE
8
BLACK
6
CONTINUOUS
10
0.9653629133858268
20
0.4532875984251968
11
0.9671818503937007
21
0.4529686220472441
0
LINE
8
BLACK
6
CONTINUOUS
10
0.9671818503937007
20
0.4529686220472441
11
0.9695385433070866
21
0.452555
0
LINE
8
BLACK
6
CONTINUOUS
10
0.9695385433070866
20
0.452555
11
0.9723748031496062
21
0.4520569291338583
0
LINE
8
BLACK
6
CONTINUOUS
10
0.9723748031496062
20
0.4520569291338583
11
0.9756324803149606
21
0.4514846456692913
0
LINE
8
BLACK
6
CONTINUOUS
10
0.9756324803149606
20
0.4514846456692913
11
0.9792535039370078
21
0.4508483070866142
0
LINE
8
BLACK
6
CONTINUOUS
10
0.9792535039370078
20
0.4508483070866142
11
0.98317968503937
21
0.4501581889763779
0
LINE
8
BLACK
6
CONTINUOUS
10
0.98317968503937
20
0.4501581889763779
11
0.9873529133858268
21
0.4494244488188976
0
LINE
8
BLACK
6
CONTINUOUS
10
0.9873529133858268
20
0.4494244488188976
11
0.9917150393700788
21
0.4486573228346457
0
LINE
8
BLACK
6
CONTINUOUS
10
0.9917150393700788
20
0.4486573228346457
11
0.9922320472440944
21
0.4485664173228346
0
LINE
8
BLACK
6
CONTINUOUS
10
0.9922320472440944
20
0.4485664173228346
11
1.0195277559055118
21
0.4437655118110236
0
LINE
8
BLACK
6
CONTINUOUS
10
1.0195277559055118
20
0.4437655118110236
11
1.0196278346456693
21
0.4384627165354331
0
LINE
8
BLACK
6
CONTINUOUS
10
1.0196278346456693
20
0.4384627165354331
11
1.0196545275590552
21
0.436307874015748
0
LINE
8
BLACK
6
CONTINUOUS
10
1.0196545275590552
20
0.436307874015748
11
1.0196362992125985
21
0.4347882677165354
0
LINE
8
BLACK
6
CONTINUOUS
10
1.0196362992125985
20
0.4347882677165354
11
1.0195672047244093
21
0.433816968503937
0
LINE
8
BLACK
6
CONTINUOUS
10
1.0195672047244093
20
0.433816968503937
11
1.0194412992125983
21
0.4333072440944882
0
LINE
8
BLACK
6
CONTINUOUS
10
1.0194412992125983
20
0.4333072440944882
11
1.0192662992125985
21
0.4331713385826771
0
LINE
8
BLACK
6
CONTINUOUS
10
1.0192662992125985
20
0.4331713385826771
11
1.0188455905511811
21
0.4332344488188976
0
LINE
8
BLACK
6
CONTINUOUS
10
1.0188455905511811
20
0.4332344488188976
11
1.0177675984251968
21
0.4334138188976378
0
LINE
8
BLACK
6
CONTINUOUS
10
1.0177675984251968
20
0.4334138188976378
11
1.0160870078740156
21
0.4336998818897638
0
LINE
8
BLACK
6
CONTINUOUS
10
1.0160870078740156
20
0.4336998818897638
11
1.0138585433070866
21
0.4340831889763779
0
LINE
8
BLACK
6
CONTINUOUS
10
1.0138585433070866
20
0.4340831889763779
11
1.0111369685039371
21
0.4345542519685039
0
LINE
8
BLACK
6
CONTINUOUS
10
1.0111369685039371
20
0.4345542519685039
11
1.0079770472440945
21
0.4351035039370079
0
LINE
8
BLACK
6
CONTINUOUS
10
1.0079770472440945
20
0.4351035039370079
11
1.0044334251968503
21
0.4357215354330709
0
LINE
8
BLACK
6
CONTINUOUS
10
1.0044334251968503
20
0.4357215354330709
11
1.000560905511811
21
0.4363987401574803
0
LINE
8
BLACK
6
CONTINUOUS
10
1.000560905511811
20
0.4363987401574803
11
0.9964141732283465
21
0.4371257086614173
0
LINE
8
BLACK
6
CONTINUOUS
10
0.9964141732283465
20
0.4371257086614173
11
0.9920479921259843
21
0.437892874015748
0
LINE
8
BLACK
6
CONTINUOUS
10
0.9920479921259843
20
0.437892874015748
11
0.9906051181102362
21
0.4381467716535433
0
LINE
8
BLACK
6
CONTINUOUS
10
0.9906051181102362
20
0.4381467716535433
11
0.9624055511811024
21
0.4431107874015748
0
LINE
8
BLACK
6
CONTINUOUS
10
0.9624055511811024
20
0.4431107874015748
11
0.9622050787401575
21
0.4538341732283465
0
LINE
8
BLACK
6
CONTINUOUS
10
0.9622050787401575
20
0.4538341732283465
11
0.9635707086614173
21
0.4536007086614173
0
LINE
8
BLACK
6
CONTINUOUS
10
1.105170157480315
20
0.4699612204724409
11
1.1062481496062992
21
0.4697816929133858
0
LINE
8
BLACK
6
CONTINUOUS
10
1.1062481496062992
20
0.4697816929133858
11
1.1079287007874015
21
0.4694953937007874
0
LINE
8
BLACK
6
CONTINUOUS
10
1.1079287007874015
20
0.4694953937007874
11
1.110157125984252
21
0.4691117716535433
0
LINE
8
BLACK
6
CONTINUOUS
10
1.110157125984252
20
0.4691117716535433
11
1.112878622047244
21
0.4686403543307087
0
LINE
8
BLACK
6
CONTINUOUS
10
1.112878622047244
20
0.4686403543307087
11
1.1160385433070865
21
0.4680906692913386
0
LINE
8
BLACK
6
CONTINUOUS
10
1.1160385433070865
20
0.4680906692913386
11
1.1195820866141732
21
0.4674722047244094
0
LINE
8
BLACK
6
CONTINUOUS
10
1.1195820866141732
20
0.4674722047244094
11
1.1234545275590551
21
0.4667944881889763
0
LINE
8
BLACK
6
CONTINUOUS
10
1.1234545275590551
20
0.4667944881889763
11
1.1276012204724408
21
0.4660670078740157
0
LINE
8
BLACK
6
CONTINUOUS
10
1.1276012204724408
20
0.4660670078740157
11
1.1319673228346456
21
0.4652992913385827
0
LINE
8
BLACK
6
CONTINUOUS
10
1.1319673228346456
20
0.4652992913385827
11
1.1334106299212598
21
0.4650451181102362
0
LINE
8
BLACK
6
CONTINUOUS
10
1.1334106299212598
20
0.4650451181102362
11
1.1616101968503936
21
0.4600775984251969
0
LINE
8
BLACK
6
CONTINUOUS
10
1.1616101968503936
20
0.4600775984251969
11
1.1618106692913386
21
0.4493620078740158
0
LINE
8
BLACK
6
CONTINUOUS
10
1.1618106692913386
20
0.4493620078740158
11
1.1604450787401575
21
0.4495961811023622
0
LINE
8
BLACK
6
CONTINUOUS
10
1.1604450787401575
20
0.4495961811023622
11
1.1598759448818898
21
0.4496952755905512
0
LINE
8
BLACK
6
CONTINUOUS
10
1.1598759448818898
20
0.4496952755905512
11
1.1586528346456693
21
0.4499093307086614
0
LINE
8
BLACK
6
CONTINUOUS
10
1.1586528346456693
20
0.4499093307086614
11
1.1568338188976377
21
0.4502281102362204
0
LINE
8
BLACK
6
CONTINUOUS
10
1.1568338188976377
20
0.4502281102362204
11
1.1544770866141731
21
0.4506414960629921
0
LINE
8
BLACK
6
CONTINUOUS
10
1.1544770866141731
20
0.4506414960629921
11
1.1516407480314961
21
0.4511392125984252
0
LINE
8
BLACK
6
CONTINUOUS
10
1.1516407480314961
20
0.4511392125984252
11
1.1483829527559055
21
0.451711062992126
0
LINE
8
BLACK
6
CONTINUOUS
10
1.1483829527559055
20
0.451711062992126
11
1.1447618503937007
21
0.4523468503937008
0
LINE
8
BLACK
6
CONTINUOUS
10
1.1447618503937007
20
0.4523468503937008
11
1.1408355905511811
21
0.4530364173228346
0
LINE
8
BLACK
6
CONTINUOUS
10
1.1408355905511811
20
0.4530364173228346
11
1.136662283464567
21
0.4537694881889764
0
LINE
8
BLACK
6
CONTINUOUS
10
1.136662283464567
20
0.4537694881889764
11
1.1323000393700786
21
0.4545358661417322
0
LINE
8
BLACK
6
CONTINUOUS
10
1.1323000393700786
20
0.4545358661417322
11
1.1317837401574804
21
0.4546266141732284
0
LINE
8
BLACK
6
CONTINUOUS
10
1.1317837401574804
20
0.4546266141732284
11
1.1044879921259843
21
0.4594228346456693
0
LINE
8
BLACK
6
CONTINUOUS
10
1.1044879921259843
20
0.4594228346456693
11
1.1043879527559055
21
0.4647295275590551
0
LINE
8
BLACK
6
CONTINUOUS
10
1.1043879527559055
20
0.4647295275590551
11
1.1043612598425196
21
0.4668851574803149
0
LINE
8
BLACK
6
CONTINUOUS
10
1.1043612598425196
20
0.4668851574803149
11
1.1043794488188976
21
0.4684055905511811
0
LINE
8
BLACK
6
CONTINUOUS
10
1.1043794488188976
20
0.4684055905511811
11
1.1044484251968503
21
0.4693775984251968
0
LINE
8
BLACK
6
CONTINUOUS
10
1.1044484251968503
20
0.4693775984251968
11
1.1045741732283465
21
0.4698879921259843
0
LINE
8
BLACK
6
CONTINUOUS
10
1.1045741732283465
20
0.4698879921259843
11
1.1047494881889763
21
0.4700244488188976
0
LINE
8
BLACK
6
CONTINUOUS
10
1.1047494881889763
20
0.4700244488188976
11
1.105170157480315
21
0.4699612204724409
0
LINE
8
BLACK
6
CONTINUOUS
10
1.0812595275590551
20
0.4937350787401575
11
1.0819734251968505
21
0.4935955511811024
0
LINE
8
BLACK
6
CONTINUOUS
10
1.0819734251968505
20
0.4935955511811024
11
1.0831850787401573
21
0.4933735039370079
0
LINE
8
BLACK
6
CONTINUOUS
10
1.0831850787401573
20
0.4933735039370079
11
1.0846793307086613
21
0.4931079921259842
0
LINE
8
BLACK
6
CONTINUOUS
10
1.0846793307086613
20
0.4931079921259842
11
1.0853267716535433
21
0.4929951181102362
0
LINE
8
BLACK
6
CONTINUOUS
10
1.0853267716535433
20
0.4929951181102362
11
1.0869042913385827
21
0.4927188188976378
0
LINE
8
BLACK
6
CONTINUOUS
10
1.0869042913385827
20
0.4927188188976378
11
1.0883164960629921
21
0.4924662598425197
0
LINE
8
BLACK
6
CONTINUOUS
10
1.0883164960629921
20
0.4924662598425197
11
1.0893343307086614
21
0.4922785433070866
0
LINE
8
BLACK
6
CONTINUOUS
10
1.0893343307086614
20
0.4922785433070866
11
1.0895747637795274
21
0.492231811023622
0
LINE
8
BLACK
6
CONTINUOUS
10
1.0895747637795274
20
0.492231811023622
11
1.0905689763779527
21
0.4920323228346457
0
LINE
8
BLACK
6
CONTINUOUS
10
1.0905689763779527
20
0.4920323228346457
11
1.0905689763779527
21
0.476876653543307
0
LINE
8
BLACK
6
CONTINUOUS
10
1.0905689763779527
20
0.476876653543307
11
1.0905646456692912
21
0.4730135433070866
0
LINE
8
BLACK
6
CONTINUOUS
10
1.0905646456692912
20
0.4730135433070866
11
1.0905505511811024
21
0.4698203937007874
0
LINE
8
BLACK
6
CONTINUOUS
10
1.0905505511811024
20
0.4698203937007874
11
1.0905251181102362
21
0.4672442125984252
0
LINE
8
BLACK
6
CONTINUOUS
10
1.0905251181102362
20
0.4672442125984252
11
1.0904868110236221
21
0.465231968503937
0
LINE
8
BLACK
6
CONTINUOUS
10
1.0904868110236221
20
0.465231968503937
11
1.0904339763779527
21
0.4637305511811023
0
LINE
8
BLACK
6
CONTINUOUS
10
1.0904339763779527
20
0.4637305511811023
11
1.0903650787401575
21
0.4626870078740157
0
LINE
8
BLACK
6
CONTINUOUS
10
1.0903650787401575
20
0.4626870078740157
11
1.0902785433070865
21
0.4620482677165354
0
LINE
8
BLACK
6
CONTINUOUS
10
1.0902785433070865
20
0.4620482677165354
11
1.0901727559055119
21
0.4617612992125984
0
LINE
8
BLACK
6
CONTINUOUS
10
1.0901727559055119
20
0.4617612992125984
11
1.0901170866141732
21
0.4617327952755905
0
LINE
8
BLACK
6
CONTINUOUS
10
1.0901170866141732
20
0.4617327952755905
11
1.0896979133858267
21
0.4617960236220472
0
LINE
8
BLACK
6
CONTINUOUS
10
1.0896979133858267
20
0.4617960236220472
11
1.0886214566929133
21
0.4619755118110236
0
LINE
8
BLACK
6
CONTINUOUS
10
1.0886214566929133
20
0.4619755118110236
11
1.0869423622047243
21
0.462261811023622
0
LINE
8
BLACK
6
CONTINUOUS
10
1.0869423622047243
20
0.462261811023622
11
1.0847153543307086
21
0.4626454330708661
0
LINE
8
BLACK
6
CONTINUOUS
10
1.0847153543307086
20
0.4626454330708661
11
1.0819951181102363
21
0.463116811023622
0
LINE
8
BLACK
6
CONTINUOUS
10
1.0819951181102363
20
0.463116811023622
11
1.0788364173228346
21
0.4636664566929134
0
LINE
8
BLACK
6
CONTINUOUS
10
1.0788364173228346
20
0.4636664566929134
11
1.0752938582677165
21
0.4642848818897637
0
LINE
8
BLACK
6
CONTINUOUS
10
1.0752938582677165
20
0.4642848818897637
11
1.0714222440944883
21
0.4649625590551181
0
LINE
8
BLACK
6
CONTINUOUS
10
1.0714222440944883
20
0.4649625590551181
11
1.0672762204724409
21
0.46569
0
LINE
8
BLACK
6
CONTINUOUS
10
1.0672762204724409
20
0.46569
11
1.0629105118110236
21
0.4664576771653543
0
LINE
8
BLACK
6
CONTINUOUS
10
1.0629105118110236
20
0.4664576771653543
11
1.0614655905511812
21
0.4667121259842519
0
LINE
8
BLACK
6
CONTINUOUS
10
1.0614655905511812
20
0.4667121259842519
11
1.0332660236220472
21
0.4716796456692913
0
LINE
8
BLACK
6
CONTINUOUS
10
1.0332660236220472
20
0.4716796456692913
11
1.0331659842519685
21
0.4770040157480315
0
LINE
8
BLACK
6
CONTINUOUS
10
1.0331659842519685
20
0.4770040157480315
11
1.033145590551181
21
0.4788725590551181
0
LINE
8
BLACK
6
CONTINUOUS
10
1.033145590551181
20
0.4788725590551181
11
1.0331563779527559
21
0.4804544488188977
0
LINE
8
BLACK
6
CONTINUOUS
10
1.0331563779527559
20
0.4804544488188977
11
1.0331952755905511
21
0.4816236220472441
0
LINE
8
BLACK
6
CONTINUOUS
10
1.0331952755905511
20
0.4816236220472441
11
1.0332592125984252
21
0.4822540157480315
0
LINE
8
BLACK
6
CONTINUOUS
10
1.0332592125984252
20
0.4822540157480315
11
1.0332961811023622
21
0.4823283858267716
0
LINE
8
BLACK
6
CONTINUOUS
10
1.0332961811023622
20
0.4823283858267716
11
1.0337073622047244
21
0.4822673228346457
0
LINE
8
BLACK
6
CONTINUOUS
10
1.0337073622047244
20
0.4822673228346457
11
1.0347575196850394
21
0.4820927952755905
0
LINE
8
BLACK
6
CONTINUOUS
10
1.0347575196850394
20
0.4820927952755905
11
1.0363737401574802
21
0.4818175196850394
0
LINE
8
BLACK
6
CONTINUOUS
10
1.0363737401574802
20
0.4818175196850394
11
1.0384830314960629
21
0.4814543700787401
0
LINE
8
BLACK
6
CONTINUOUS
10
1.0384830314960629
20
0.4814543700787401
11
1.0410124803149605
21
0.4810161811023622
0
LINE
8
BLACK
6
CONTINUOUS
10
1.0410124803149605
20
0.4810161811023622
11
1.0438891338582676
21
0.480515748031496
0
LINE
8
BLACK
6
CONTINUOUS
10
1.0438891338582676
20
0.480515748031496
11
1.04704
21
0.479965905511811
0
LINE
8
BLACK
6
CONTINUOUS
10
1.04704
20
0.479965905511811
11
1.0503922047244094
21
0.4793794488188976
0
LINE
8
BLACK
6
CONTINUOUS
10
1.0503922047244094
20
0.4793794488188976
11
1.0538727165354331
21
0.478769251968504
0
LINE
8
BLACK
6
CONTINUOUS
10
1.0538727165354331
20
0.478769251968504
11
1.0574086220472441
21
0.4781480708661417
0
LINE
8
BLACK
6
CONTINUOUS
10
1.0574086220472441
20
0.4781480708661417
11
1.0609269685039371
21
0.4775287795275591
0
LINE
8
BLACK
6
CONTINUOUS
10
1.0609269685039371
20
0.4775287795275591
11
1.0643548425196849
21
0.4769241732283465
0
LINE
8
BLACK
6
CONTINUOUS
10
1.0643548425196849
20
0.4769241732283465
11
1.0676192125984252
21
0.4763470472440945
0
LINE
8
BLACK
6
CONTINUOUS
10
1.0676192125984252
20
0.4763470472440945
11
1.0706472047244093
21
0.4758103149606299
0
LINE
8
BLACK
6
CONTINUOUS
10
1.0706472047244093
20
0.4758103149606299
11
1.0733658661417322
21
0.4753266929133858
0
LINE
8
BLACK
6
CONTINUOUS
10
1.0733658661417322
20
0.4753266929133858
11
1.0757021653543306
21
0.4749090551181102
0
LINE
8
BLACK
6
CONTINUOUS
10
1.0757021653543306
20
0.4749090551181102
11
1.0775832283464566
21
0.4745702362204725
0
LINE
8
BLACK
6
CONTINUOUS
10
1.0775832283464566
20
0.4745702362204725
11
1.0789361023622046
21
0.474323031496063
0
LINE
8
BLACK
6
CONTINUOUS
10
1.0789361023622046
20
0.474323031496063
11
1.0796878346456693
21
0.4741802755905511
0
LINE
8
BLACK
6
CONTINUOUS
10
1.0796878346456693
20
0.4741802755905511
11
1.0798133858267716
21
0.4741526771653543
0
LINE
8
BLACK
6
CONTINUOUS
10
1.0798133858267716
20
0.4741526771653543
11
1.0800003149606299
21
0.4741369291338582
0
LINE
8
BLACK
6
CONTINUOUS
10
1.0800003149606299
20
0.4741369291338582
11
1.0801464173228346
21
0.4742655905511811
0
LINE
8
BLACK
6
CONTINUOUS
10
1.0801464173228346
20
0.4742655905511811
11
1.0802566929133859
21
0.4746158661417323
0
LINE
8
BLACK
6
CONTINUOUS
10
1.0802566929133859
20
0.4746158661417323
11
1.0803361417322834
21
0.4752649212598425
0
LINE
8
BLACK
6
CONTINUOUS
10
1.0803361417322834
20
0.4752649212598425
11
1.0803897637795274
21
0.47629
0
LINE
8
BLACK
6
CONTINUOUS
10
1.0803897637795274
20
0.47629
11
1.0804225590551182
21
0.4777682677165354
0
LINE
8
BLACK
6
CONTINUOUS
10
1.0804225590551182
20
0.4777682677165354
11
1.0804394881889763
21
0.4797769291338583
0
LINE
8
BLACK
6
CONTINUOUS
10
1.0804394881889763
20
0.4797769291338583
11
1.0804455511811024
21
0.4823932283464567
0
LINE
8
BLACK
6
CONTINUOUS
10
1.0804455511811024
20
0.4823932283464567
11
1.080446062992126
21
0.4839377952755906
0
LINE
8
BLACK
6
CONTINUOUS
10
1.080446062992126
20
0.4839377952755906
11
1.080446062992126
21
0.4939111811023622
0
LINE
8
BLACK
6
CONTINUOUS
10
1.080446062992126
20
0.4939111811023622
11
1.0812595275590551
21
0.4937350787401575
0
LINE
8
BLACK
6
CONTINUOUS
10
0.8332656692913386
20
0.5132886220472441
11
0.8353265748031495
21
0.5122581496062992
0
LINE
8
BLACK
6
CONTINUOUS
10
0.8353265748031495
20
0.5122581496062992
11
0.8368362992125984
21
0.5105174409448818
0
LINE
8
BLACK
6
CONTINUOUS
10
0.8368362992125984
20
0.5105174409448818
11
0.837565
21
0.5083314566929134
0
LINE
8
BLACK
6
CONTINUOUS
10
0.837565
20
0.5083314566929134
11
0.8374016141732283
21
0.5060330314960629
0
LINE
8
BLACK
6
CONTINUOUS
10
0.8374016141732283
20
0.5060330314960629
11
0.8363711811023622
21
0.5039720866141733
0
LINE
8
BLACK
6
CONTINUOUS
10
0.8363711811023622
20
0.5039720866141733
11
0.8346304330708662
21
0.5024623622047244
0
LINE
8
BLACK
6
CONTINUOUS
10
0.8346304330708662
20
0.5024623622047244
11
0.8335733070866141
21
0.5019903937007874
0
LINE
8
BLACK
6
CONTINUOUS
10
0.8335733070866141
20
0.5019903937007874
11
0.8207384645669291
21
0.497712125984252
0
LINE
8
BLACK
6
CONTINUOUS
10
0.8207384645669291
20
0.497712125984252
11
0.8207384645669291
21
0.4781035039370078
0
LINE
8
BLACK
6
CONTINUOUS
10
0.8207384645669291
20
0.4781035039370078
11
0.8335733070866141
21
0.4738251968503937
0
LINE
8
BLACK
6
CONTINUOUS
10
0.8335733070866141
20
0.4738251968503937
11
0.8346304330708662
21
0.4733532283464567
0
LINE
8
BLACK
6
CONTINUOUS
10
0.8346304330708662
20
0.4733532283464567
11
0.8363711811023622
21
0.4718435039370079
0
LINE
8
BLACK
6
CONTINUOUS
10
0.8363711811023622
20
0.4718435039370079
11
0.8374016141732283
21
0.4697825590551181
0
LINE
8
BLACK
6
CONTINUOUS
10
0.8374016141732283
20
0.4697825590551181
11
0.837565
21
0.4674841338582677
0
LINE
8
BLACK
6
CONTINUOUS
10
0.837565
20
0.4674841338582677
11
0.8368362992125984
21
0.4652981496062992
0
LINE
8
BLACK
6
CONTINUOUS
10
0.8368362992125984
20
0.4652981496062992
11
0.8353265748031495
21
0.4635574409448819
0
LINE
8
BLACK
6
CONTINUOUS
10
0.8353265748031495
20
0.4635574409448819
11
0.8332656692913386
21
0.462526968503937
0
LINE
8
BLACK
6
CONTINUOUS
10
0.8332656692913386
20
0.462526968503937
11
0.8309672440944882
21
0.4623635826771653
0
LINE
8
BLACK
6
CONTINUOUS
10
0.8309672440944882
20
0.4623635826771653
11
0.8298383464566929
21
0.4626202755905512
0
LINE
8
BLACK
6
CONTINUOUS
10
0.8298383464566929
20
0.4626202755905512
11
0.7707832283464566
21
0.4823053543307086
0
LINE
8
BLACK
6
CONTINUOUS
10
0.7707832283464566
20
0.4823053543307086
11
0.7697261023622047
21
0.4827773228346456
0
LINE
8
BLACK
6
CONTINUOUS
10
0.7697261023622047
20
0.4827773228346456
11
0.7694073228346456
21
0.4830538188976378
0
LINE
8
BLACK
6
CONTINUOUS
10
0.7694073228346456
20
0.4830538188976378
11
0.7690299606299212
21
0.4832424803149606
0
LINE
8
BLACK
6
CONTINUOUS
10
0.7690299606299212
20
0.4832424803149606
11
0.7685447637795275
21
0.4838018897637795
0
LINE
8
BLACK
6
CONTINUOUS
10
0.7685447637795275
20
0.4838018897637795
11
0.7679853937007873
21
0.4842870472440945
0
LINE
8
BLACK
6
CONTINUOUS
10
0.7679853937007873
20
0.4842870472440945
11
0.7677966929133858
21
0.4846644488188976
0
LINE
8
BLACK
6
CONTINUOUS
10
0.7677966929133858
20
0.4846644488188976
11
0.7675202362204724
21
0.4849831889763779
0
LINE
8
BLACK
6
CONTINUOUS
10
0.7675202362204724
20
0.4849831889763779
11
0.767286062992126
21
0.4856856299212599
0
LINE
8
BLACK
6
CONTINUOUS
10
0.767286062992126
20
0.4856856299212599
11
0.7669549212598425
21
0.4863479527559055
0
LINE
8
BLACK
6
CONTINUOUS
10
0.7669549212598425
20
0.4863479527559055
11
0.766925
21
0.4867688976377952
0
LINE
8
BLACK
6
CONTINUOUS
10
0.766925
20
0.4867688976377952
11
0.7667915748031496
21
0.4871691732283465
0
LINE
8
BLACK
6
CONTINUOUS
10
0.7667915748031496
20
0.4871691732283465
11
0.7668440551181103
21
0.4879077952755905
0
LINE
8
BLACK
6
CONTINUOUS
10
0.7668440551181103
20
0.4879077952755905
11
0.7667915748031496
21
0.4886464173228346
0
LINE
8
BLACK
6
CONTINUOUS
10
0.7667915748031496
20
0.4886464173228346
11
0.766925
21
0.4890467322834646
0
LINE
8
BLACK
6
CONTINUOUS
10
0.766925
20
0.4890467322834646
11
0.7669549212598425
21
0.4894676377952756
0
LINE
8
BLACK
6
CONTINUOUS
10
0.7669549212598425
20
0.4894676377952756
11
0.767286062992126
21
0.49013
0
LINE
8
BLACK
6
CONTINUOUS
10
0.767286062992126
20
0.49013
11
0.7675202362204724
21
0.4908324015748031
0
LINE
8
BLACK
6
CONTINUOUS
10
0.7675202362204724
20
0.4908324015748031
11
0.7677966929133858
21
0.4911511811023622
0
LINE
8
BLACK
6
CONTINUOUS
10
0.7677966929133858
20
0.4911511811023622
11
0.7679853937007873
21
0.4915285433070866
0
LINE
8
BLACK
6
CONTINUOUS
10
0.7679853937007873
20
0.4915285433070866
11
0.7685447637795275
21
0.4920137401574803
0
LINE
8
BLACK
6
CONTINUOUS
10
0.7685447637795275
20
0.4920137401574803
11
0.7690299606299212
21
0.4925731102362205
0
LINE
8
BLACK
6
CONTINUOUS
10
0.7690299606299212
20
0.4925731102362205
11
0.7694073228346456
21
0.492761811023622
0
LINE
8
BLACK
6
CONTINUOUS
10
0.7694073228346456
20
0.492761811023622
11
0.7697261023622047
21
0.4930382677165354
0
LINE
8
BLACK
6
CONTINUOUS
10
0.7697261023622047
20
0.4930382677165354
11
0.7707832283464566
21
0.4935102362204724
0
LINE
8
BLACK
6
CONTINUOUS
10
0.7707832283464566
20
0.4935102362204724
11
0.8298383464566929
21
0.5131953149606299
0
LINE
8
BLACK
6
CONTINUOUS
10
0.8298383464566929
20
0.5131953149606299
11
0.8309672440944882
21
0.5134520078740157
0
LINE
8
BLACK
6
CONTINUOUS
10
0.8309672440944882
20
0.5134520078740157
11
0.8332656692913386
21
0.5132886220472441
0
LINE
8
BLACK
6
CONTINUOUS
10
0.7913255118110236
20
0.4879077952755905
11
0.8089274409448819
21
0.4820405118110236
0
LINE
8
BLACK
6
CONTINUOUS
10
0.8089274409448819
20
0.4820405118110236
11
0.8089274409448819
21
0.4937751181102362
0
LINE
8
BLACK
6
CONTINUOUS
10
0.8089274409448819
20
0.4937751181102362
11
0.7913255118110236
21
0.4879077952755905
0
LINE
8
BLACK
6
CONTINUOUS
10
0.9886166929133858
20
0.4902350393700787
11
0.9929431889763779
21
0.4894738582677165
0
LINE
8
BLACK
6
CONTINUOUS
10
0.9929431889763779
20
0.4894738582677165
11
0.9971131102362204
21
0.4887406299212598
0
LINE
8
BLACK
6
CONTINUOUS
10
0.9971131102362204
20
0.4887406299212598
11
1.0010638188976377
21
0.4880463385826772
0
LINE
8
BLACK
6
CONTINUOUS
10
1.0010638188976377
20
0.4880463385826772
11
1.0047326377952757
21
0.4874020078740157
0
LINE
8
BLACK
6
CONTINUOUS
10
1.0047326377952757
20
0.4874020078740157
11
1.0080568897637796
21
0.4868185433070866
0
LINE
8
BLACK
6
CONTINUOUS
10
1.0080568897637796
20
0.4868185433070866
11
1.0109739370078741
21
0.4863070078740158
0
LINE
8
BLACK
6
CONTINUOUS
10
1.0109739370078741
20
0.4863070078740158
11
1.0134211417322834
21
0.4858783858267716
0
LINE
8
BLACK
6
CONTINUOUS
10
1.0134211417322834
20
0.4858783858267716
11
1.015335748031496
21
0.4855436614173228
0
LINE
8
BLACK
6
CONTINUOUS
10
1.015335748031496
20
0.4855436614173228
11
1.0166551574803149
21
0.4853138582677165
0
LINE
8
BLACK
6
CONTINUOUS
10
1.0166551574803149
20
0.4853138582677165
11
1.0172681889763779
21
0.4852081102362205
0
LINE
8
BLACK
6
CONTINUOUS
10
1.0172681889763779
20
0.4852081102362205
11
1.0197085433070865
21
0.484793779527559
0
LINE
8
BLACK
6
CONTINUOUS
10
1.0197085433070865
20
0.484793779527559
11
1.0197085433070865
21
0.4739993307086614
0
LINE
8
BLACK
6
CONTINUOUS
10
1.0197085433070865
20
0.4739993307086614
11
1.0188950787401574
21
0.4741944488188976
0
LINE
8
BLACK
6
CONTINUOUS
10
1.0188950787401574
20
0.4741944488188976
11
1.0184171653543306
21
0.4742866141732283
0
LINE
8
BLACK
6
CONTINUOUS
10
1.0184171653543306
20
0.4742866141732283
11
1.0172831102362205
21
0.4744935039370078
0
LINE
8
BLACK
6
CONTINUOUS
10
1.0172831102362205
20
0.4744935039370078
11
1.0155489370078741
21
0.4748051574803149
0
LINE
8
BLACK
6
CONTINUOUS
10
1.0155489370078741
20
0.4748051574803149
11
1.013270748031496
21
0.4752117322834646
0
LINE
8
BLACK
6
CONTINUOUS
10
1.013270748031496
20
0.4752117322834646
11
1.0105046062992127
21
0.4757031889763779
0
LINE
8
BLACK
6
CONTINUOUS
10
1.0105046062992127
20
0.4757031889763779
11
1.0073065748031496
21
0.4762696062992126
0
LINE
8
BLACK
6
CONTINUOUS
10
1.0073065748031496
20
0.4762696062992126
11
1.0037327165354331
21
0.476901062992126
0
LINE
8
BLACK
6
CONTINUOUS
10
1.0037327165354331
20
0.476901062992126
11
0.9998391338582677
21
0.4775876377952756
0
LINE
8
BLACK
6
CONTINUOUS
10
0.9998391338582677
20
0.4775876377952756
11
0.9956818503937007
21
0.4783193700787401
0
LINE
8
BLACK
6
CONTINUOUS
10
0.9956818503937007
20
0.4783193700787401
11
0.991316968503937
21
0.4790862598425197
0
LINE
8
BLACK
6
CONTINUOUS
10
0.991316968503937
20
0.4790862598425197
11
0.9902657874015748
21
0.4792707874015748
0
LINE
8
BLACK
6
CONTINUOUS
10
0.9902657874015748
20
0.4792707874015748
11
0.9858806299212598
21
0.4800415354330709
0
LINE
8
BLACK
6
CONTINUOUS
10
0.9858806299212598
20
0.4800415354330709
11
0.9817050393700787
21
0.4807779527559055
0
LINE
8
BLACK
6
CONTINUOUS
10
0.9817050393700787
20
0.4807779527559055
11
0.9777933070866142
21
0.4814702362204724
0
LINE
8
BLACK
6
CONTINUOUS
10
0.9777933070866142
20
0.4814702362204724
11
0.9741996456692913
21
0.4821087007874016
0
LINE
8
BLACK
6
CONTINUOUS
10
0.9741996456692913
20
0.4821087007874016
11
0.9709783858267717
21
0.4826836220472441
0
LINE
8
BLACK
6
CONTINUOUS
10
0.9709783858267717
20
0.4826836220472441
11
0.9681837795275591
21
0.4831853149606299
0
LINE
8
BLACK
6
CONTINUOUS
10
0.9681837795275591
20
0.4831853149606299
11
0.9658700787401575
21
0.4836039763779528
0
LINE
8
BLACK
6
CONTINUOUS
10
0.9658700787401575
20
0.4836039763779528
11
0.9640915354330708
21
0.48393
0
LINE
8
BLACK
6
CONTINUOUS
10
0.9640915354330708
20
0.48393
11
0.9629024803149606
21
0.4841535433070866
0
LINE
8
BLACK
6
CONTINUOUS
10
0.9629024803149606
20
0.4841535433070866
11
0.9623571259842519
21
0.484265
0
LINE
8
BLACK
6
CONTINUOUS
10
0.9623571259842519
20
0.484265
11
0.9623274015748031
21
0.4842744488188976
0
LINE
8
BLACK
6
CONTINUOUS
10
0.9623274015748031
20
0.4842744488188976
11
0.9622904724409449
21
0.4846598818897638
0
LINE
8
BLACK
6
CONTINUOUS
10
0.9622904724409449
20
0.4846598818897638
11
0.9622718503937008
21
0.4856368897637795
0
LINE
8
BLACK
6
CONTINUOUS
10
0.9622718503937008
20
0.4856368897637795
11
0.9622720472440944
21
0.4870741732283465
0
LINE
8
BLACK
6
CONTINUOUS
10
0.9622720472440944
20
0.4870741732283465
11
0.9622916141732283
21
0.4888405511811024
0
LINE
8
BLACK
6
CONTINUOUS
10
0.9622916141732283
20
0.4888405511811024
11
0.9623052362204724
21
0.4896222834645669
0
LINE
8
BLACK
6
CONTINUOUS
10
0.9623052362204724
20
0.4896222834645669
11
0.9624055511811024
21
0.4948475590551181
0
LINE
8
BLACK
6
CONTINUOUS
10
0.9624055511811024
20
0.4948475590551181
11
0.9886166929133858
21
0.4902350393700787
0
LINE
8
BLACK
6
CONTINUOUS
10
1.1051206692913385
20
0.5114429527559055
11
1.1056006299212597
21
0.5113525196850394
0
LINE
8
BLACK
6
CONTINUOUS
10
1.1056006299212597
20
0.5113525196850394
11
1.1067358267716536
21
0.5111479133858268
0
LINE
8
BLACK
6
CONTINUOUS
10
1.1067358267716536
20
0.5111479133858268
11
1.1084692125984252
21
0.5108392519685039
0
LINE
8
BLACK
6
CONTINUOUS
10
1.1084692125984252
20
0.5108392519685039
11
1.1107437401574802
21
0.5104365748031496
0
LINE
8
BLACK
6
CONTINUOUS
10
1.1107437401574802
20
0.5104365748031496
11
1.1135023622047244
21
0.5099498818897638
0
LINE
8
BLACK
6
CONTINUOUS
10
1.1135023622047244
20
0.5099498818897638
11
1.1166879527559055
21
0.5093892913385827
0
LINE
8
BLACK
6
CONTINUOUS
10
1.1166879527559055
20
0.5093892913385827
11
1.1202435433070865
21
0.508764842519685
0
LINE
8
BLACK
6
CONTINUOUS
10
1.1202435433070865
20
0.508764842519685
11
1.1241120078740157
21
0.5080865748031496
0
LINE
8
BLACK
6
CONTINUOUS
10
1.1241120078740157
20
0.5080865748031496
11
1.1282362992125985
21
0.5073645275590551
0
LINE
8
BLACK
6
CONTINUOUS
10
1.1282362992125985
20
0.5073645275590551
11
1.1325593307086614
21
0.5066087401574803
0
LINE
8
BLACK
6
CONTINUOUS
10
1.1325593307086614
20
0.5066087401574803
11
1.1328683464566929
21
0.5065547637795276
0
LINE
8
BLACK
6
CONTINUOUS
10
1.1328683464566929
20
0.5065547637795276
11
1.1372087007874014
21
0.5057961417322835
0
LINE
8
BLACK
6
CONTINUOUS
10
1.1372087007874014
20
0.5057961417322835
11
1.1413584251968503
21
0.5050699606299213
0
LINE
8
BLACK
6
CONTINUOUS
10
1.1413584251968503
20
0.5050699606299213
11
1.1452599212598424
21
0.5043863385826771
0
LINE
8
BLACK
6
CONTINUOUS
10
1.1452599212598424
20
0.5043863385826771
11
1.1488556299212598
21
0.5037553937007874
0
LINE
8
BLACK
6
CONTINUOUS
10
1.1488556299212598
20
0.5037553937007874
11
1.1520880314960629
21
0.5031872834645669
0
LINE
8
BLACK
6
CONTINUOUS
10
1.1520880314960629
20
0.5031872834645669
11
1.1548994881889763
21
0.5026920866141732
0
LINE
8
BLACK
6
CONTINUOUS
10
1.1548994881889763
20
0.5026920866141732
11
1.1572325196850393
21
0.5022799999999999
0
LINE
8
BLACK
6
CONTINUOUS
10
1.1572325196850393
20
0.5022799999999999
11
1.1590295275590552
21
0.5019611023622047
0
LINE
8
BLACK
6
CONTINUOUS
10
1.1590295275590552
20
0.5019611023622047
11
1.1602329133858267
21
0.5017455511811023
0
LINE
8
BLACK
6
CONTINUOUS
10
1.1602329133858267
20
0.5017455511811023
11
1.160785157480315
21
0.5016434251968503
0
LINE
8
BLACK
6
CONTINUOUS
10
1.160785157480315
20
0.5016434251968503
11
1.1607967322834645
21
0.501641062992126
0
LINE
8
BLACK
6
CONTINUOUS
10
1.1607967322834645
20
0.501641062992126
11
1.1617909842519685
21
0.5014321653543307
0
LINE
8
BLACK
6
CONTINUOUS
10
1.1617909842519685
20
0.5014321653543307
11
1.1617909842519685
21
0.4962186614173228
0
LINE
8
BLACK
6
CONTINUOUS
10
1.1617909842519685
20
0.4962186614173228
11
1.1617744488188977
21
0.4940480708661417
0
LINE
8
BLACK
6
CONTINUOUS
10
1.1617744488188977
20
0.4940480708661417
11
1.1617203543307086
21
0.4925207874015748
0
LINE
8
BLACK
6
CONTINUOUS
10
1.1617203543307086
20
0.4925207874015748
11
1.1616218110236221
21
0.4915577559055118
0
LINE
8
BLACK
6
CONTINUOUS
10
1.1616218110236221
20
0.4915577559055118
11
1.1614720078740157
21
0.4910799212598425
0
LINE
8
BLACK
6
CONTINUOUS
10
1.1614720078740157
20
0.4910799212598425
11
1.1613390551181102
21
0.4909917716535433
0
LINE
8
BLACK
6
CONTINUOUS
10
1.1613390551181102
20
0.4909917716535433
11
1.1609199606299212
21
0.4910507480314961
0
LINE
8
BLACK
6
CONTINUOUS
10
1.1609199606299212
20
0.4910507480314961
11
1.1598433858267716
21
0.4912256692913386
0
LINE
8
BLACK
6
CONTINUOUS
10
1.1598433858267716
20
0.4912256692913386
11
1.158163937007874
21
0.4915071259842519
0
LINE
8
BLACK
6
CONTINUOUS
10
1.158163937007874
20
0.4915071259842519
11
1.1559362598425196
21
0.491885748031496
0
LINE
8
BLACK
6
CONTINUOUS
10
1.1559362598425196
20
0.491885748031496
11
1.1532149606299211
21
0.4923521259842519
0
LINE
8
BLACK
6
CONTINUOUS
10
1.1532149606299211
20
0.4923521259842519
11
1.1500546456692913
21
0.4928968503937008
0
LINE
8
BLACK
6
CONTINUOUS
10
1.1500546456692913
20
0.4928968503937008
11
1.1465099606299212
21
0.4935105118110236
0
LINE
8
BLACK
6
CONTINUOUS
10
1.1465099606299212
20
0.4935105118110236
11
1.1426355118110236
21
0.4941837401574803
0
LINE
8
BLACK
6
CONTINUOUS
10
1.1426355118110236
20
0.4941837401574803
11
1.1384859842519686
21
0.494907125984252
0
LINE
8
BLACK
6
CONTINUOUS
10
1.1384859842519686
20
0.494907125984252
11
1.1341159055118111
21
0.4956712598425197
0
LINE
8
BLACK
6
CONTINUOUS
10
1.1341159055118111
20
0.4956712598425197
11
1.1325971653543307
21
0.4959373622047244
0
LINE
8
BLACK
6
CONTINUOUS
10
1.1325971653543307
20
0.4959373622047244
11
1.1043072440944881
21
0.5008962992125984
0
LINE
8
BLACK
6
CONTINUOUS
10
1.1043072440944881
20
0.5008962992125984
11
1.1043072440944881
21
0.5116262992125984
0
LINE
8
BLACK
6
CONTINUOUS
10
1.1043072440944881
20
0.5116262992125984
11
1.1051206692913385
21
0.5114429527559055
0
LINE
8
BLACK
6
CONTINUOUS
10
1.0488119291338582
20
0.5311087007874016
11
1.0517659842519684
21
0.5288251181102362
0
LINE
8
BLACK
6
CONTINUOUS
10
1.0517659842519684
20
0.5288251181102362
11
1.0545693307086614
21
0.5266656692913386
0
LINE
8
BLACK
6
CONTINUOUS
10
1.0545693307086614
20
0.5266656692913386
11
1.0571660236220473
21
0.524672874015748
0
LINE
8
BLACK
6
CONTINUOUS
10
1.0571660236220473
20
0.524672874015748
11
1.0595002362204724
21
0.5228891732283465
0
LINE
8
BLACK
6
CONTINUOUS
10
1.0595002362204724
20
0.5228891732283465
11
1.0615161023622046
21
0.5213572047244094
0
LINE
8
BLACK
6
CONTINUOUS
10
1.0615161023622046
20
0.5213572047244094
11
1.0631577559055119
21
0.5201194094488188
0
LINE
8
BLACK
6
CONTINUOUS
10
1.0631577559055119
20
0.5201194094488188
11
1.0643693700787402
21
0.5192183070866142
0
LINE
8
BLACK
6
CONTINUOUS
10
1.0643693700787402
20
0.5192183070866142
11
1.0650949999999999
21
0.5186964173228347
0
LINE
8
BLACK
6
CONTINUOUS
10
1.0650949999999999
20
0.5186964173228347
11
1.0652616929133858
21
0.5185890551181103
0
LINE
8
BLACK
6
CONTINUOUS
10
1.0652616929133858
20
0.5185890551181103
11
1.0658301574803148
21
0.5184116535433071
0
LINE
8
BLACK
6
CONTINUOUS
10
1.0658301574803148
20
0.5184116535433071
11
1.067019094488189
21
0.5181338188976378
0
LINE
8
BLACK
6
CONTINUOUS
10
1.067019094488189
20
0.5181338188976378
11
1.0687357086614173
21
0.5177741338582678
0
LINE
8
BLACK
6
CONTINUOUS
10
1.0687357086614173
20
0.5177741338582678
11
1.0708872440944881
21
0.5173510236220472
0
LINE
8
BLACK
6
CONTINUOUS
10
1.0708872440944881
20
0.5173510236220472
11
1.0733808661417323
21
0.5168829133858268
0
LINE
8
BLACK
6
CONTINUOUS
10
1.0733808661417323
20
0.5168829133858268
11
1.0761238582677166
21
0.5163883464566928
0
LINE
8
BLACK
6
CONTINUOUS
10
1.0761238582677166
20
0.5163883464566928
11
1.0777345669291338
21
0.5161066141732283
0
LINE
8
BLACK
6
CONTINUOUS
10
1.0777345669291338
20
0.5161066141732283
11
1.080560157480315
21
0.5156155905511811
0
LINE
8
BLACK
6
CONTINUOUS
10
1.080560157480315
20
0.5156155905511811
11
1.0831749212598425
21
0.515156811023622
0
LINE
8
BLACK
6
CONTINUOUS
10
1.0831749212598425
20
0.515156811023622
11
1.0854889763779527
21
0.5147463779527559
0
LINE
8
BLACK
6
CONTINUOUS
10
1.0854889763779527
20
0.5147463779527559
11
1.0874123228346457
21
0.5144004330708661
0
LINE
8
BLACK
6
CONTINUOUS
10
1.0874123228346457
20
0.5144004330708661
11
1.0888550787401574
21
0.5141350787401575
0
LINE
8
BLACK
6
CONTINUOUS
10
1.0888550787401574
20
0.5141350787401575
11
1.0897272834645668
21
0.5139664566929134
0
LINE
8
BLACK
6
CONTINUOUS
10
1.0897272834645668
20
0.5139664566929134
11
1.0899362992125985
21
0.5139193307086614
0
LINE
8
BLACK
6
CONTINUOUS
10
1.0899362992125985
20
0.5139193307086614
11
1.0901857086614173
21
0.5137782283464567
0
LINE
8
BLACK
6
CONTINUOUS
10
1.0901857086614173
20
0.5137782283464567
11
1.0903600393700787
21
0.5134520078740157
0
LINE
8
BLACK
6
CONTINUOUS
10
1.0903600393700787
20
0.5134520078740157
11
1.0904724803149606
21
0.5128290157480315
0
LINE
8
BLACK
6
CONTINUOUS
10
1.0904724803149606
20
0.5128290157480315
11
1.0905360236220472
21
0.5117975984251968
0
LINE
8
BLACK
6
CONTINUOUS
10
1.0905360236220472
20
0.5117975984251968
11
1.0905637795275591
21
0.5102460629921259
0
LINE
8
BLACK
6
CONTINUOUS
10
1.0905637795275591
20
0.5102460629921259
11
1.0905689763779527
21
0.5085151574803149
0
LINE
8
BLACK
6
CONTINUOUS
10
1.0905689763779527
20
0.5085151574803149
11
1.0905543700787401
21
0.5066662992125984
0
LINE
8
BLACK
6
CONTINUOUS
10
1.0905543700787401
20
0.5066662992125984
11
1.0905142125984251
21
0.5051055118110236
0
LINE
8
BLACK
6
CONTINUOUS
10
1.0905142125984251
20
0.5051055118110236
11
1.0904539763779528
21
0.5039602362204725
0
LINE
8
BLACK
6
CONTINUOUS
10
1.0904539763779528
20
0.5039602362204725
11
1.0903791338582678
21
0.5033577952755905
0
LINE
8
BLACK
6
CONTINUOUS
10
1.0903791338582678
20
0.5033577952755905
11
1.0903451181102362
21
0.5032972834645669
0
LINE
8
BLACK
6
CONTINUOUS
10
1.0903451181102362
20
0.5032972834645669
11
1.0899488582677166
21
0.5033576377952755
0
LINE
8
BLACK
6
CONTINUOUS
10
1.0899488582677166
20
0.5033576377952755
11
1.0889233070866142
21
0.503529251968504
0
LINE
8
BLACK
6
CONTINUOUS
10
1.0889233070866142
20
0.503529251968504
11
1.0873511811023622
21
0.5037978346456693
0
LINE
8
BLACK
6
CONTINUOUS
10
1.0873511811023622
20
0.5037978346456693
11
1.0853152755905511
21
0.504149094488189
0
LINE
8
BLACK
6
CONTINUOUS
10
1.0853152755905511
20
0.504149094488189
11
1.0828983464566928
21
0.5045687795275591
0
LINE
8
BLACK
6
CONTINUOUS
10
1.0828983464566928
20
0.5045687795275591
11
1.080183188976378
21
0.5050425984251968
0
LINE
8
BLACK
6
CONTINUOUS
10
1.080183188976378
20
0.5050425984251968
11
1.0777330708661417
21
0.5054719291338583
0
LINE
8
BLACK
6
CONTINUOUS
10
1.0777330708661417
20
0.5054719291338583
11
1.0653448818897637
21
0.5076465748031496
0
LINE
8
BLACK
6
CONTINUOUS
10
1.0653448818897637
20
0.5076465748031496
11
1.0494059842519685
21
0.5009527559055118
0
LINE
8
BLACK
6
CONTINUOUS
10
1.0494059842519685
20
0.5009527559055118
11
1.0462098031496063
21
0.4996121653543307
0
LINE
8
BLACK
6
CONTINUOUS
10
1.0462098031496063
20
0.4996121653543307
11
1.0432193307086615
21
0.4983611417322835
0
LINE
8
BLACK
6
CONTINUOUS
10
1.0432193307086615
20
0.4983611417322835
11
1.0405000787401575
21
0.4972268897637795
0
LINE
8
BLACK
6
CONTINUOUS
10
1.0405000787401575
20
0.4972268897637795
11
1.0381177165354329
21
0.4962365748031496
0
LINE
8
BLACK
6
CONTINUOUS
10
1.0381177165354329
20
0.4962365748031496
11
1.0361377559055118
21
0.4954174409448819
0
LINE
8
BLACK
6
CONTINUOUS
10
1.0361377559055118
20
0.4954174409448819
11
1.0346257874015747
21
0.4947966929133858
0
LINE
8
BLACK
6
CONTINUOUS
10
1.0346257874015747
20
0.4947966929133858
11
1.0336474409448819
21
0.4944014960629921
0
LINE
8
BLACK
6
CONTINUOUS
10
1.0336474409448819
20
0.4944014960629921
11
1.0332682283464567
21
0.4942590551181102
0
LINE
8
BLACK
6
CONTINUOUS
10
1.0332682283464567
20
0.4942590551181102
11
1.0332670078740158
21
0.494258937007874
0
LINE
8
BLACK
6
CONTINUOUS
10
1.0332670078740158
20
0.494258937007874
11
1.0332046850393701
21
0.4945999606299212
0
LINE
8
BLACK
6
CONTINUOUS
10
1.0332046850393701
20
0.4945999606299212
11
1.0331629921259842
21
0.4955413779527559
0
LINE
8
BLACK
6
CONTINUOUS
10
1.0331629921259842
20
0.4955413779527559
11
1.0331440944881889
21
0.4969607874015748
0
LINE
8
BLACK
6
CONTINUOUS
10
1.0331440944881889
20
0.4969607874015748
11
1.0331501968503938
21
0.4987357874015748
0
LINE
8
BLACK
6
CONTINUOUS
10
1.0331501968503938
20
0.4987357874015748
11
1.0331664566929133
21
0.4999051574803149
0
LINE
8
BLACK
6
CONTINUOUS
10
1.0331664566929133
20
0.4999051574803149
11
1.0332660236220472
21
0.5055513385826772
0
LINE
8
BLACK
6
CONTINUOUS
10
1.0332660236220472
20
0.5055513385826772
11
1.0445555511811024
21
0.5101184645669291
0
LINE
8
BLACK
6
CONTINUOUS
10
1.0445555511811024
20
0.5101184645669291
11
1.0472318897637796
21
0.5112063385826772
0
LINE
8
BLACK
6
CONTINUOUS
10
1.0472318897637796
20
0.5112063385826772
11
1.0496814173228346
21
0.5122121259842519
0
LINE
8
BLACK
6
CONTINUOUS
10
1.0496814173228346
20
0.5122121259842519
11
1.0518267716535432
21
0.5131031496062992
0
LINE
8
BLACK
6
CONTINUOUS
10
1.0518267716535432
20
0.5131031496062992
11
1.0535904724409448
21
0.5138468897637796
0
LINE
8
BLACK
6
CONTINUOUS
10
1.0535904724409448
20
0.5138468897637796
11
1.0548951181102362
21
0.514410748031496
0
LINE
8
BLACK
6
CONTINUOUS
10
1.0548951181102362
20
0.514410748031496
11
1.0556633070866142
21
0.5147622047244095
0
LINE
8
BLACK
6
CONTINUOUS
10
1.0556633070866142
20
0.5147622047244095
11
1.055840905511811
21
0.5148663385826772
0
LINE
8
BLACK
6
CONTINUOUS
10
1.055840905511811
20
0.5148663385826772
11
1.0555591732283465
21
0.5151139763779528
0
LINE
8
BLACK
6
CONTINUOUS
10
1.0555591732283465
20
0.5151139763779528
11
1.0547578346456692
21
0.515742716535433
0
LINE
8
BLACK
6
CONTINUOUS
10
1.0547578346456692
20
0.515742716535433
11
1.0534996456692913
21
0.5167051181102362
0
LINE
8
BLACK
6
CONTINUOUS
10
1.0534996456692913
20
0.5167051181102362
11
1.0518474015748032
21
0.5179537795275591
0
LINE
8
BLACK
6
CONTINUOUS
10
1.0518474015748032
20
0.5179537795275591
11
1.0498638976377952
21
0.5194412598425197
0
LINE
8
BLACK
6
CONTINUOUS
10
1.0498638976377952
20
0.5194412598425197
11
1.0476119291338581
21
0.5211201968503937
0
LINE
8
BLACK
6
CONTINUOUS
10
1.0476119291338581
20
0.5211201968503937
11
1.0451542913385827
21
0.5229431496062992
0
LINE
8
BLACK
6
CONTINUOUS
10
1.0451542913385827
20
0.5229431496062992
11
1.0445989763779526
21
0.5233538582677165
0
LINE
8
BLACK
6
CONTINUOUS
10
1.0445989763779526
20
0.5233538582677165
11
1.0420967716535432
21
0.5252103937007874
0
LINE
8
BLACK
6
CONTINUOUS
10
1.0420967716535432
20
0.5252103937007874
11
1.039780748031496
21
0.5269421259842519
0
LINE
8
BLACK
6
CONTINUOUS
10
1.039780748031496
20
0.5269421259842519
11
1.0377148818897637
21
0.5285002362204724
0
LINE
8
BLACK
6
CONTINUOUS
10
1.0377148818897637
20
0.5285002362204724
11
1.0359631102362203
21
0.5298358661417323
0
LINE
8
BLACK
6
CONTINUOUS
10
1.0359631102362203
20
0.5298358661417323
11
1.0345894094488188
21
0.5309002362204724
0
LINE
8
BLACK
6
CONTINUOUS
10
1.0345894094488188
20
0.5309002362204724
11
1.0336577559055118
21
0.5316444488188976
0
LINE
8
BLACK
6
CONTINUOUS
10
1.0336577559055118
20
0.5316444488188976
11
1.0332320866141731
21
0.5320197244094488
0
LINE
8
BLACK
6
CONTINUOUS
10
1.0332320866141731
20
0.5320197244094488
11
1.0332131496062993
21
0.5320465354330709
0
LINE
8
BLACK
6
CONTINUOUS
10
1.0332131496062993
20
0.5320465354330709
11
1.0331674409448819
21
0.5325284251968504
0
LINE
8
BLACK
6
CONTINUOUS
10
1.0331674409448819
20
0.5325284251968504
11
1.0331411417322833
21
0.5335951574803149
0
LINE
8
BLACK
6
CONTINUOUS
10
1.0331411417322833
20
0.5335951574803149
11
1.0331354330708662
21
0.5351086220472441
0
LINE
8
BLACK
6
CONTINUOUS
10
1.0331354330708662
20
0.5351086220472441
11
1.0331514173228347
21
0.5369308267716535
0
LINE
8
BLACK
6
CONTINUOUS
10
1.0331514173228347
20
0.5369308267716535
11
1.0331655511811024
21
0.5377896456692913
0
LINE
8
BLACK
6
CONTINUOUS
10
1.0331655511811024
20
0.5377896456692913
11
1.0332660236220472
21
0.5431468503937008
0
LINE
8
BLACK
6
CONTINUOUS
10
1.0332660236220472
20
0.5431468503937008
11
1.0488119291338582
21
0.5311087007874016
0
LINE
8
BLACK
6
CONTINUOUS
10
0.9628861417322835
20
0.5361580708661418
11
0.9639345275590551
21
0.5359844094488189
0
LINE
8
BLACK
6
CONTINUOUS
10
0.9639345275590551
20
0.5359844094488189
11
0.9655870866141733
21
0.5357043700787402
0
LINE
8
BLACK
6
CONTINUOUS
10
0.9655870866141733
20
0.5357043700787402
11
0.9677898031496063
21
0.5353272834645669
0
LINE
8
BLACK
6
CONTINUOUS
10
0.9677898031496063
20
0.5353272834645669
11
0.9704887401574803
21
0.5348624015748031
0
LINE
8
BLACK
6
CONTINUOUS
10
0.9704887401574803
20
0.5348624015748031
11
0.9736298818897637
21
0.5343191338582677
0
LINE
8
BLACK
6
CONTINUOUS
10
0.9736298818897637
20
0.5343191338582677
11
0.9771592125984252
21
0.5337067716535433
0
LINE
8
BLACK
6
CONTINUOUS
10
0.9771592125984252
20
0.5337067716535433
11
0.9810227559055118
21
0.5330346456692914
0
LINE
8
BLACK
6
CONTINUOUS
10
0.9810227559055118
20
0.5330346456692914
11
0.9851664960629921
21
0.5323120866141732
0
LINE
8
BLACK
6
CONTINUOUS
10
0.9851664960629921
20
0.5323120866141732
11
0.9895364960629921
21
0.5315484251968504
0
LINE
8
BLACK
6
CONTINUOUS
10
0.9895364960629921
20
0.5315484251968504
11
0.9912378346456693
21
0.5312506692913386
0
LINE
8
BLACK
6
CONTINUOUS
10
0.9912378346456693
20
0.5312506692913386
11
1.0197085433070865
21
0.5262661417322835
0
LINE
8
BLACK
6
CONTINUOUS
10
1.0197085433070865
20
0.5262661417322835
11
1.0197085433070865
21
0.5155319291338583
0
LINE
8
BLACK
6
CONTINUOUS
10
1.0197085433070865
20
0.5155319291338583
11
1.0187143307086615
21
0.5157398818897637
0
LINE
8
BLACK
6
CONTINUOUS
10
1.0187143307086615
20
0.5157398818897637
11
1.0182047244094488
21
0.5158344094488189
0
LINE
8
BLACK
6
CONTINUOUS
10
1.0182047244094488
20
0.5158344094488189
11
1.0170403937007875
21
0.5160429921259843
0
LINE
8
BLACK
6
CONTINUOUS
10
1.0170403937007875
20
0.5160429921259843
11
1.0152788582677166
21
0.5163555511811023
0
LINE
8
BLACK
6
CONTINUOUS
10
1.0152788582677166
20
0.5163555511811023
11
1.0129776771653543
21
0.5167619291338582
0
LINE
8
BLACK
6
CONTINUOUS
10
1.0129776771653543
20
0.5167619291338582
11
1.0101944488188976
21
0.5172520472440945
0
LINE
8
BLACK
6
CONTINUOUS
10
1.0101944488188976
20
0.5172520472440945
11
1.0069866929133857
21
0.5178157480314961
0
LINE
8
BLACK
6
CONTINUOUS
10
1.0069866929133857
20
0.5178157480314961
11
1.0034120078740156
21
0.5184429133858267
0
LINE
8
BLACK
6
CONTINUOUS
10
1.0034120078740156
20
0.5184429133858267
11
0.9995279527559054
21
0.5191233858267716
0
LINE
8
BLACK
6
CONTINUOUS
10
0.9995279527559054
20
0.5191233858267716
11
0.9953920866141732
21
0.5198470866141732
0
LINE
8
BLACK
6
CONTINUOUS
10
0.9953920866141732
20
0.5198470866141732
11
0.9910619291338583
21
0.5206038976377952
0
LINE
8
BLACK
6
CONTINUOUS
10
0.9910619291338583
20
0.5206038976377952
11
0.990785905511811
21
0.5206520866141732
0
LINE
8
BLACK
6
CONTINUOUS
10
0.990785905511811
20
0.5206520866141732
11
0.9864510629921259
21
0.5214097637795275
0
LINE
8
BLACK
6
CONTINUOUS
10
0.9864510629921259
20
0.5214097637795275
11
0.9823109448818897
21
0.5221344881889763
0
LINE
8
BLACK
6
CONTINUOUS
10
0.9823109448818897
20
0.5221344881889763
11
0.9784226771653544
21
0.5228161811023622
0
LINE
8
BLACK
6
CONTINUOUS
10
0.9784226771653544
20
0.5228161811023622
11
0.9748433070866142
21
0.5234448031496063
0
LINE
8
BLACK
6
CONTINUOUS
10
0.9748433070866142
20
0.5234448031496063
11
0.9716299212598425
21
0.5240102755905511
0
LINE
8
BLACK
6
CONTINUOUS
10
0.9716299212598425
20
0.5240102755905511
11
0.9688395275590551
21
0.5245025590551181
0
LINE
8
BLACK
6
CONTINUOUS
10
0.9688395275590551
20
0.5245025590551181
11
0.9665292125984252
21
0.5249116141732283
0
LINE
8
BLACK
6
CONTINUOUS
10
0.9665292125984252
20
0.5249116141732283
11
0.9647560236220473
21
0.5252274015748032
0
LINE
8
BLACK
6
CONTINUOUS
10
0.9647560236220473
20
0.5252274015748032
11
0.9635770472440944
21
0.5254398031496063
0
LINE
8
BLACK
6
CONTINUOUS
10
0.9635770472440944
20
0.5254398031496063
11
0.9630493307086614
21
0.5255388188976378
0
LINE
8
BLACK
6
CONTINUOUS
10
0.9630493307086614
20
0.5255388188976378
11
0.9630382677165354
21
0.5255412598425196
0
LINE
8
BLACK
6
CONTINUOUS
10
0.9630382677165354
20
0.5255412598425196
11
0.9627211811023622
21
0.5256388976377953
0
LINE
8
BLACK
6
CONTINUOUS
10
0.9627211811023622
20
0.5256388976377953
11
0.9624994488188976
21
0.5258393307086614
0
LINE
8
BLACK
6
CONTINUOUS
10
0.9624994488188976
20
0.5258393307086614
11
0.9623560629921259
21
0.5262561023622047
0
LINE
8
BLACK
6
CONTINUOUS
10
0.9623560629921259
20
0.5262561023622047
11
0.9622739763779528
21
0.5270028346456693
0
LINE
8
BLACK
6
CONTINUOUS
10
0.9622739763779528
20
0.5270028346456693
11
0.9622360629921259
21
0.5281932283464567
0
LINE
8
BLACK
6
CONTINUOUS
10
0.9622360629921259
20
0.5281932283464567
11
0.9622253149606299
21
0.5299408661417323
0
LINE
8
BLACK
6
CONTINUOUS
10
0.9622253149606299
20
0.5299408661417323
11
0.9622248031496062
21
0.5309614173228346
0
LINE
8
BLACK
6
CONTINUOUS
10
0.9622248031496062
20
0.5309614173228346
11
0.9622424409448819
21
0.5328155118110236
0
LINE
8
BLACK
6
CONTINUOUS
10
0.9622424409448819
20
0.5328155118110236
11
0.9622909842519685
21
0.5343836614173229
0
LINE
8
BLACK
6
CONTINUOUS
10
0.9622909842519685
20
0.5343836614173229
11
0.962363779527559
21
0.5355380314960629
0
LINE
8
BLACK
6
CONTINUOUS
10
0.962363779527559
20
0.5355380314960629
11
0.9624542913385826
21
0.5361508267716535
0
LINE
8
BLACK
6
CONTINUOUS
10
0.9624542913385826
20
0.5361508267716535
11
0.9624959448818897
21
0.5362159842519685
0
LINE
8
BLACK
6
CONTINUOUS
10
0.9624959448818897
20
0.5362159842519685
11
0.9628861417322835
21
0.5361580708661418
0
CIRCLE
8
BLACK
10
0.4921259842519685
20
0.5905511811023622
40
0.0068897637795276
0
CIRCLE
8
BLACK
10
0.4921259842519685
20
0.
40
0.0068897637795276
0
CIRCLE
8
BLACK
10
0.0984251968503937
20
0.5905511811023622
40
0.0068897637795276
0
CIRCLE
8
BLACK
10
0.8858267716535433
20
0.
40
0.0068897637795276
0
CIRCLE
8
BLACK
10
0.8858267716535433
20
0.5905511811023622
40
0.0068897637795276
0
CIRCLE
8
BLACK
10
0.0984251968503937
20
0.
40
0.0068897637795276
  0
ENDSEC
  0
EOF
