ISO-10303-21;
HEADER;
FILE_DESCRIPTION(('KiCad electronic assembly'),'2;1');
FILE_NAME('TFCO201.step','2025-01-11T17:19:40',('Pcbnew'),('Kicad'),
  'Open CASCADE STEP processor 7.6','KiCad to STEP converter','Unknown'
  );
FILE_SCHEMA(('AUTOMOTIVE_DESIGN { 1 0 10303 214 1 1 1 1 }'));
ENDSEC;
DATA;
#1 = APPLICATION_PROTOCOL_DEFINITION('international standard',
  'automotive_design',2000,#2);
#2 = APPLICATION_CONTEXT(
  'core data for automotive mechanical design processes');
#3 = SHAPE_DEFINITION_REPRESENTATION(#4,#10);
#4 = PRODUCT_DEFINITION_SHAPE('','',#5);
#5 = PRODUCT_DEFINITION('design','',#6,#9);
#6 = PRODUCT_DEFINITION_FORMATION('','',#7);
#7 = PRODUCT('TFCO201 1','TFCO201 1','',(#8));
#8 = PRODUCT_CONTEXT('',#2,'mechanical');
#9 = PRODUCT_DEFINITION_CONTEXT('part definition',#2,'design');
#10 = SHAPE_REPRESENTATION('',(#11,#15,#19,#23,#27,#31,#35,#39,#43,#47,
    #51,#55,#59),#63);
#11 = AXIS2_PLACEMENT_3D('',#12,#13,#14);
#12 = CARTESIAN_POINT('',(0.,0.,0.));
#13 = DIRECTION('',(0.,0.,1.));
#14 = DIRECTION('',(1.,0.,-0.));
#15 = AXIS2_PLACEMENT_3D('',#16,#17,#18);
#16 = CARTESIAN_POINT('',(8.5,13.,-0.55));
#17 = DIRECTION('',(-1.224646799147E-16,1.224646799147E-16,1.));
#18 = DIRECTION('',(-1.,-1.499759782662E-32,-1.224646799147E-16));
#19 = AXIS2_PLACEMENT_3D('',#20,#21,#22);
#20 = CARTESIAN_POINT('',(11.811,5.3595,-5.E-02));
#21 = DIRECTION('',(1.224646799147E-16,-1.359631073447E-32,-1.));
#22 = DIRECTION('',(1.110223024625E-16,1.,0.));
#23 = AXIS2_PLACEMENT_3D('',#24,#25,#26);
#24 = CARTESIAN_POINT('',(9.071,9.775,-5.E-02));
#25 = DIRECTION('',(1.224646799147E-16,-1.359631073447E-32,-1.));
#26 = DIRECTION('',(1.110223024625E-16,1.,0.));
#27 = AXIS2_PLACEMENT_3D('',#28,#29,#30);
#28 = CARTESIAN_POINT('',(2.9972,7.5,-5.E-02));
#29 = DIRECTION('',(1.224646799147E-16,-1.359631073447E-32,-1.));
#30 = DIRECTION('',(1.110223024625E-16,1.,0.));
#31 = AXIS2_PLACEMENT_3D('',#32,#33,#34);
#32 = CARTESIAN_POINT('',(16.764,4.826,-5.E-02));
#33 = DIRECTION('',(-1.224646799147E-16,-1.359631073447E-32,-1.));
#34 = DIRECTION('',(1.110223024625E-16,-1.,0.));
#35 = AXIS2_PLACEMENT_3D('',#36,#37,#38);
#36 = CARTESIAN_POINT('',(12.896,9.75,-5.E-02));
#37 = DIRECTION('',(1.224646799147E-16,-1.359631073447E-32,-1.));
#38 = DIRECTION('',(1.110223024625E-16,1.,0.));
#39 = AXIS2_PLACEMENT_3D('',#40,#41,#42);
#40 = CARTESIAN_POINT('',(10.821,9.9,-5.E-02));
#41 = DIRECTION('',(1.224646799147E-16,-1.359631073447E-32,-1.));
#42 = DIRECTION('',(1.110223024625E-16,1.,0.));
#43 = AXIS2_PLACEMENT_3D('',#44,#45,#46);
#44 = CARTESIAN_POINT('',(9.017,6.096,-5.E-02));
#45 = DIRECTION('',(1.224646799147E-16,-1.359631073447E-32,-1.));
#46 = DIRECTION('',(1.110223024625E-16,1.,0.));
#47 = AXIS2_PLACEMENT_3D('',#48,#49,#50);
#48 = CARTESIAN_POINT('',(16.637,9.779,-5.E-02));
#49 = DIRECTION('',(-1.224646799147E-16,-1.359631073447E-32,-1.));
#50 = DIRECTION('',(1.110223024625E-16,-1.,0.));
#51 = AXIS2_PLACEMENT_3D('',#52,#53,#54);
#52 = CARTESIAN_POINT('',(14.732,9.779,-5.E-02));
#53 = DIRECTION('',(-1.224646799147E-16,-1.359631073447E-32,-1.));
#54 = DIRECTION('',(1.110223024625E-16,-1.,0.));
#55 = AXIS2_PLACEMENT_3D('',#56,#57,#58);
#56 = CARTESIAN_POINT('',(7.421,9.85,-5.E-02));
#57 = DIRECTION('',(1.224646799147E-16,-1.359631073447E-32,-1.));
#58 = DIRECTION('',(1.110223024625E-16,1.,0.));
#59 = AXIS2_PLACEMENT_3D('',#60,#61,#62);
#60 = CARTESIAN_POINT('',(0.,0.,0.));
#61 = DIRECTION('',(0.,0.,1.));
#62 = DIRECTION('',(1.,0.,-0.));
#63 = ( GEOMETRIC_REPRESENTATION_CONTEXT(3) 
GLOBAL_UNCERTAINTY_ASSIGNED_CONTEXT((#67)) GLOBAL_UNIT_ASSIGNED_CONTEXT(
(#64,#65,#66)) REPRESENTATION_CONTEXT('Context #1',
  '3D Context with UNIT and UNCERTAINTY') );
#64 = ( LENGTH_UNIT() NAMED_UNIT(*) SI_UNIT(.MILLI.,.METRE.) );
#65 = ( NAMED_UNIT(*) PLANE_ANGLE_UNIT() SI_UNIT($,.RADIAN.) );
#66 = ( NAMED_UNIT(*) SI_UNIT($,.STERADIAN.) SOLID_ANGLE_UNIT() );
#67 = UNCERTAINTY_MEASURE_WITH_UNIT(LENGTH_MEASURE(5.E-07),#64,
  'distance_accuracy_value','confusion accuracy');
#68 = PRODUCT_RELATED_PRODUCT_CATEGORY('part',$,(#7));
#69 = SHAPE_DEFINITION_REPRESENTATION(#70,#76);
#70 = PRODUCT_DEFINITION_SHAPE('','',#71);
#71 = PRODUCT_DEFINITION('design','',#72,#75);
#72 = PRODUCT_DEFINITION_FORMATION('','',#73);
#73 = PRODUCT('LED_1206_3216Metric','LED_1206_3216Metric','',(#74));
#74 = PRODUCT_CONTEXT('',#2,'mechanical');
#75 = PRODUCT_DEFINITION_CONTEXT('part definition',#2,'design');
#76 = SHAPE_REPRESENTATION('',(#11,#77),#81);
#77 = AXIS2_PLACEMENT_3D('',#78,#79,#80);
#78 = CARTESIAN_POINT('',(0.,0.,0.));
#79 = DIRECTION('',(0.,0.,1.));
#80 = DIRECTION('',(1.,0.,-0.));
#81 = ( GEOMETRIC_REPRESENTATION_CONTEXT(3) 
GLOBAL_UNCERTAINTY_ASSIGNED_CONTEXT((#85)) GLOBAL_UNIT_ASSIGNED_CONTEXT(
(#82,#83,#84)) REPRESENTATION_CONTEXT('Context #1',
  '3D Context with UNIT and UNCERTAINTY') );
#82 = ( LENGTH_UNIT() NAMED_UNIT(*) SI_UNIT(.MILLI.,.METRE.) );
#83 = ( NAMED_UNIT(*) PLANE_ANGLE_UNIT() SI_UNIT($,.RADIAN.) );
#84 = ( NAMED_UNIT(*) SI_UNIT($,.STERADIAN.) SOLID_ANGLE_UNIT() );
#85 = UNCERTAINTY_MEASURE_WITH_UNIT(LENGTH_MEASURE(1.E-07),#82,
  'distance_accuracy_value','confusion accuracy');
#86 = CONTEXT_DEPENDENT_SHAPE_REPRESENTATION(#87,#89);
#87 = ( REPRESENTATION_RELATIONSHIP('','',#76,#10) 
REPRESENTATION_RELATIONSHIP_WITH_TRANSFORMATION(#88) 
SHAPE_REPRESENTATION_RELATIONSHIP() );
#88 = ITEM_DEFINED_TRANSFORMATION('','',#11,#15);
#89 = PRODUCT_DEFINITION_SHAPE('Placement','Placement of an item',#90);
#90 = NEXT_ASSEMBLY_USAGE_OCCURRENCE('2','D2','',#5,#71,$);
#91 = PRODUCT_RELATED_PRODUCT_CATEGORY('part',$,(#73));
#92 = SHAPE_DEFINITION_REPRESENTATION(#93,#99);
#93 = PRODUCT_DEFINITION_SHAPE('','',#94);
#94 = PRODUCT_DEFINITION('design','',#95,#98);
#95 = PRODUCT_DEFINITION_FORMATION('','',#96);
#96 = PRODUCT('LED_1206_3216Metric','LED_1206_3216Metric','',(#97));
#97 = PRODUCT_CONTEXT('',#2,'mechanical');
#98 = PRODUCT_DEFINITION_CONTEXT('part definition',#2,'design');
#99 = ADVANCED_BREP_SHAPE_REPRESENTATION('',(#11,#100),#1623);
#100 = MANIFOLD_SOLID_BREP('',#101);
#101 = CLOSED_SHELL('',(#102,#142,#189,#268,#292,#332,#363,#380,#413,
    #437,#504,#625,#692,#716,#747,#780,#836,#860,#884,#908,#941,#953,
    #1016,#1041,#1058,#1082,#1100,#1118,#1136,#1153,#1170,#1201,#1226,
    #1251,#1275,#1292,#1323,#1347,#1364,#1392,#1417,#1441,#1466,#1513,
    #1530,#1542,#1564,#1576,#1594,#1612));
#102 = ADVANCED_FACE('',(#103),#137,.F.);
#103 = FACE_BOUND('',#104,.F.);
#104 = EDGE_LOOP('',(#105,#115,#123,#131));
#105 = ORIENTED_EDGE('',*,*,#106,.T.);
#106 = EDGE_CURVE('',#107,#109,#111,.T.);
#107 = VERTEX_POINT('',#108);
#108 = CARTESIAN_POINT('',(-1.,-0.8,0.44));
#109 = VERTEX_POINT('',#110);
#110 = CARTESIAN_POINT('',(-0.9,-0.8,1.1));
#111 = LINE('',#112,#113);
#112 = CARTESIAN_POINT('',(-1.,-0.8,0.44));
#113 = VECTOR('',#114,1.);
#114 = DIRECTION('',(0.149805379428,0.,0.988715504225));
#115 = ORIENTED_EDGE('',*,*,#116,.T.);
#116 = EDGE_CURVE('',#109,#117,#119,.T.);
#117 = VERTEX_POINT('',#118);
#118 = CARTESIAN_POINT('',(0.9,-0.8,1.1));
#119 = LINE('',#120,#121);
#120 = CARTESIAN_POINT('',(-0.9,-0.8,1.1));
#121 = VECTOR('',#122,1.);
#122 = DIRECTION('',(1.,0.,0.));
#123 = ORIENTED_EDGE('',*,*,#124,.T.);
#124 = EDGE_CURVE('',#117,#125,#127,.T.);
#125 = VERTEX_POINT('',#126);
#126 = CARTESIAN_POINT('',(1.,-0.8,0.44));
#127 = LINE('',#128,#129);
#128 = CARTESIAN_POINT('',(0.9,-0.8,1.1));
#129 = VECTOR('',#130,1.);
#130 = DIRECTION('',(0.149805379428,0.,-0.988715504225));
#131 = ORIENTED_EDGE('',*,*,#132,.T.);
#132 = EDGE_CURVE('',#125,#107,#133,.T.);
#133 = LINE('',#134,#135);
#134 = CARTESIAN_POINT('',(1.,-0.8,0.44));
#135 = VECTOR('',#136,1.);
#136 = DIRECTION('',(-1.,0.,2.775557561563E-17));
#137 = PLANE('',#138);
#138 = AXIS2_PLACEMENT_3D('',#139,#140,#141);
#139 = CARTESIAN_POINT('',(0.,-0.8,0.757147194234));
#140 = DIRECTION('',(1.313075150093E-49,1.,1.103763151667E-32));
#141 = DIRECTION('',(0.,-1.103763151667E-32,1.));
#142 = ADVANCED_FACE('',(#143),#184,.T.);
#143 = FACE_BOUND('',#144,.T.);
#144 = EDGE_LOOP('',(#145,#155,#163,#169,#170,#178));
#145 = ORIENTED_EDGE('',*,*,#146,.T.);
#146 = EDGE_CURVE('',#147,#149,#151,.T.);
#147 = VERTEX_POINT('',#148);
#148 = CARTESIAN_POINT('',(-1.,0.8,0.44));
#149 = VERTEX_POINT('',#150);
#150 = CARTESIAN_POINT('',(-1.,0.6,0.44));
#151 = LINE('',#152,#153);
#152 = CARTESIAN_POINT('',(-1.,0.8,0.44));
#153 = VECTOR('',#154,1.);
#154 = DIRECTION('',(0.,-1.,0.));
#155 = ORIENTED_EDGE('',*,*,#156,.T.);
#156 = EDGE_CURVE('',#149,#157,#159,.T.);
#157 = VERTEX_POINT('',#158);
#158 = CARTESIAN_POINT('',(-1.,-0.6,0.44));
#159 = LINE('',#160,#161);
#160 = CARTESIAN_POINT('',(-1.,0.8,0.44));
#161 = VECTOR('',#162,1.);
#162 = DIRECTION('',(0.,-1.,0.));
#163 = ORIENTED_EDGE('',*,*,#164,.T.);
#164 = EDGE_CURVE('',#157,#107,#165,.T.);
#165 = LINE('',#166,#167);
#166 = CARTESIAN_POINT('',(-1.,0.8,0.44));
#167 = VECTOR('',#168,1.);
#168 = DIRECTION('',(0.,-1.,0.));
#169 = ORIENTED_EDGE('',*,*,#106,.T.);
#170 = ORIENTED_EDGE('',*,*,#171,.F.);
#171 = EDGE_CURVE('',#172,#109,#174,.T.);
#172 = VERTEX_POINT('',#173);
#173 = CARTESIAN_POINT('',(-0.9,0.8,1.1));
#174 = LINE('',#175,#176);
#175 = CARTESIAN_POINT('',(-0.9,0.8,1.1));
#176 = VECTOR('',#177,1.);
#177 = DIRECTION('',(0.,-1.,0.));
#178 = ORIENTED_EDGE('',*,*,#179,.F.);
#179 = EDGE_CURVE('',#147,#172,#180,.T.);
#180 = LINE('',#181,#182);
#181 = CARTESIAN_POINT('',(-1.,0.8,0.44));
#182 = VECTOR('',#183,1.);
#183 = DIRECTION('',(0.149805379428,0.,0.988715504225));
#184 = PLANE('',#185);
#185 = AXIS2_PLACEMENT_3D('',#186,#187,#188);
#186 = CARTESIAN_POINT('',(-1.,0.8,0.44));
#187 = DIRECTION('',(-0.988715504225,0.,0.149805379428));
#188 = DIRECTION('',(0.149805379428,0.,0.988715504225));
#189 = ADVANCED_FACE('',(#190),#263,.F.);
#190 = FACE_BOUND('',#191,.F.);
#191 = EDGE_LOOP('',(#192,#202,#210,#218,#224,#225,#233,#241,#249,#257)
  );
#192 = ORIENTED_EDGE('',*,*,#193,.F.);
#193 = EDGE_CURVE('',#194,#196,#198,.T.);
#194 = VERTEX_POINT('',#195);
#195 = CARTESIAN_POINT('',(-1.54,-0.8,6.E-02));
#196 = VERTEX_POINT('',#197);
#197 = CARTESIAN_POINT('',(-1.45,-0.8,6.E-02));
#198 = LINE('',#199,#200);
#199 = CARTESIAN_POINT('',(-1.54,-0.8,6.E-02));
#200 = VECTOR('',#201,1.);
#201 = DIRECTION('',(1.,0.,0.));
#202 = ORIENTED_EDGE('',*,*,#203,.T.);
#203 = EDGE_CURVE('',#194,#204,#206,.T.);
#204 = VERTEX_POINT('',#205);
#205 = CARTESIAN_POINT('',(-1.54,-0.8,0.44));
#206 = LINE('',#207,#208);
#207 = CARTESIAN_POINT('',(-1.54,-0.8,6.E-02));
#208 = VECTOR('',#209,1.);
#209 = DIRECTION('',(0.,0.,1.));
#210 = ORIENTED_EDGE('',*,*,#211,.T.);
#211 = EDGE_CURVE('',#204,#212,#214,.T.);
#212 = VERTEX_POINT('',#213);
#213 = CARTESIAN_POINT('',(-1.45,-0.8,0.44));
#214 = LINE('',#215,#216);
#215 = CARTESIAN_POINT('',(-1.54,-0.8,0.44));
#216 = VECTOR('',#217,1.);
#217 = DIRECTION('',(1.,0.,0.));
#218 = ORIENTED_EDGE('',*,*,#219,.T.);
#219 = EDGE_CURVE('',#212,#107,#220,.T.);
#220 = LINE('',#221,#222);
#221 = CARTESIAN_POINT('',(-1.54,-0.8,0.44));
#222 = VECTOR('',#223,1.);
#223 = DIRECTION('',(1.,0.,0.));
#224 = ORIENTED_EDGE('',*,*,#132,.F.);
#225 = ORIENTED_EDGE('',*,*,#226,.T.);
#226 = EDGE_CURVE('',#125,#227,#229,.T.);
#227 = VERTEX_POINT('',#228);
#228 = CARTESIAN_POINT('',(1.45,-0.8,0.44));
#229 = LINE('',#230,#231);
#230 = CARTESIAN_POINT('',(-1.54,-0.8,0.44));
#231 = VECTOR('',#232,1.);
#232 = DIRECTION('',(1.,0.,0.));
#233 = ORIENTED_EDGE('',*,*,#234,.T.);
#234 = EDGE_CURVE('',#227,#235,#237,.T.);
#235 = VERTEX_POINT('',#236);
#236 = CARTESIAN_POINT('',(1.54,-0.8,0.44));
#237 = LINE('',#238,#239);
#238 = CARTESIAN_POINT('',(-1.54,-0.8,0.44));
#239 = VECTOR('',#240,1.);
#240 = DIRECTION('',(1.,0.,0.));
#241 = ORIENTED_EDGE('',*,*,#242,.F.);
#242 = EDGE_CURVE('',#243,#235,#245,.T.);
#243 = VERTEX_POINT('',#244);
#244 = CARTESIAN_POINT('',(1.54,-0.8,6.E-02));
#245 = LINE('',#246,#247);
#246 = CARTESIAN_POINT('',(1.54,-0.8,6.E-02));
#247 = VECTOR('',#248,1.);
#248 = DIRECTION('',(0.,0.,1.));
#249 = ORIENTED_EDGE('',*,*,#250,.F.);
#250 = EDGE_CURVE('',#251,#243,#253,.T.);
#251 = VERTEX_POINT('',#252);
#252 = CARTESIAN_POINT('',(1.45,-0.8,6.E-02));
#253 = LINE('',#254,#255);
#254 = CARTESIAN_POINT('',(-1.54,-0.8,6.E-02));
#255 = VECTOR('',#256,1.);
#256 = DIRECTION('',(1.,0.,0.));
#257 = ORIENTED_EDGE('',*,*,#258,.F.);
#258 = EDGE_CURVE('',#196,#251,#259,.T.);
#259 = LINE('',#260,#261);
#260 = CARTESIAN_POINT('',(-1.54,-0.8,6.E-02));
#261 = VECTOR('',#262,1.);
#262 = DIRECTION('',(1.,0.,0.));
#263 = PLANE('',#264);
#264 = AXIS2_PLACEMENT_3D('',#265,#266,#267);
#265 = CARTESIAN_POINT('',(-1.54,-0.8,6.E-02));
#266 = DIRECTION('',(0.,1.,0.));
#267 = DIRECTION('',(0.,-0.,1.));
#268 = ADVANCED_FACE('',(#269),#287,.T.);
#269 = FACE_BOUND('',#270,.T.);
#270 = EDGE_LOOP('',(#271,#272,#273,#281));
#271 = ORIENTED_EDGE('',*,*,#171,.T.);
#272 = ORIENTED_EDGE('',*,*,#116,.T.);
#273 = ORIENTED_EDGE('',*,*,#274,.F.);
#274 = EDGE_CURVE('',#275,#117,#277,.T.);
#275 = VERTEX_POINT('',#276);
#276 = CARTESIAN_POINT('',(0.9,0.8,1.1));
#277 = LINE('',#278,#279);
#278 = CARTESIAN_POINT('',(0.9,0.8,1.1));
#279 = VECTOR('',#280,1.);
#280 = DIRECTION('',(0.,-1.,0.));
#281 = ORIENTED_EDGE('',*,*,#282,.F.);
#282 = EDGE_CURVE('',#172,#275,#283,.T.);
#283 = LINE('',#284,#285);
#284 = CARTESIAN_POINT('',(-0.9,0.8,1.1));
#285 = VECTOR('',#286,1.);
#286 = DIRECTION('',(1.,0.,0.));
#287 = PLANE('',#288);
#288 = AXIS2_PLACEMENT_3D('',#289,#290,#291);
#289 = CARTESIAN_POINT('',(-0.9,0.8,1.1));
#290 = DIRECTION('',(0.,0.,1.));
#291 = DIRECTION('',(1.,0.,-0.));
#292 = ADVANCED_FACE('',(#293),#327,.T.);
#293 = FACE_BOUND('',#294,.T.);
#294 = EDGE_LOOP('',(#295,#296,#297,#305,#313,#321));
#295 = ORIENTED_EDGE('',*,*,#274,.T.);
#296 = ORIENTED_EDGE('',*,*,#124,.T.);
#297 = ORIENTED_EDGE('',*,*,#298,.F.);
#298 = EDGE_CURVE('',#299,#125,#301,.T.);
#299 = VERTEX_POINT('',#300);
#300 = CARTESIAN_POINT('',(1.,-0.6,0.44));
#301 = LINE('',#302,#303);
#302 = CARTESIAN_POINT('',(1.,0.8,0.44));
#303 = VECTOR('',#304,1.);
#304 = DIRECTION('',(0.,-1.,0.));
#305 = ORIENTED_EDGE('',*,*,#306,.F.);
#306 = EDGE_CURVE('',#307,#299,#309,.T.);
#307 = VERTEX_POINT('',#308);
#308 = CARTESIAN_POINT('',(1.,0.6,0.44));
#309 = LINE('',#310,#311);
#310 = CARTESIAN_POINT('',(1.,0.8,0.44));
#311 = VECTOR('',#312,1.);
#312 = DIRECTION('',(0.,-1.,0.));
#313 = ORIENTED_EDGE('',*,*,#314,.F.);
#314 = EDGE_CURVE('',#315,#307,#317,.T.);
#315 = VERTEX_POINT('',#316);
#316 = CARTESIAN_POINT('',(1.,0.8,0.44));
#317 = LINE('',#318,#319);
#318 = CARTESIAN_POINT('',(1.,0.8,0.44));
#319 = VECTOR('',#320,1.);
#320 = DIRECTION('',(0.,-1.,0.));
#321 = ORIENTED_EDGE('',*,*,#322,.F.);
#322 = EDGE_CURVE('',#275,#315,#323,.T.);
#323 = LINE('',#324,#325);
#324 = CARTESIAN_POINT('',(0.9,0.8,1.1));
#325 = VECTOR('',#326,1.);
#326 = DIRECTION('',(0.149805379428,0.,-0.988715504225));
#327 = PLANE('',#328);
#328 = AXIS2_PLACEMENT_3D('',#329,#330,#331);
#329 = CARTESIAN_POINT('',(0.9,0.8,1.1));
#330 = DIRECTION('',(0.988715504225,0.,0.149805379428));
#331 = DIRECTION('',(0.149805379428,0.,-0.988715504225));
#332 = ADVANCED_FACE('',(#333),#358,.T.);
#333 = FACE_BOUND('',#334,.T.);
#334 = EDGE_LOOP('',(#335,#343,#351,#357));
#335 = ORIENTED_EDGE('',*,*,#336,.F.);
#336 = EDGE_CURVE('',#337,#147,#339,.T.);
#337 = VERTEX_POINT('',#338);
#338 = CARTESIAN_POINT('',(-1.45,0.8,0.44));
#339 = LINE('',#340,#341);
#340 = CARTESIAN_POINT('',(-1.54,0.8,0.44));
#341 = VECTOR('',#342,1.);
#342 = DIRECTION('',(1.,0.,0.));
#343 = ORIENTED_EDGE('',*,*,#344,.F.);
#344 = EDGE_CURVE('',#345,#337,#347,.T.);
#345 = VERTEX_POINT('',#346);
#346 = CARTESIAN_POINT('',(-1.45,0.6,0.44));
#347 = LINE('',#348,#349);
#348 = CARTESIAN_POINT('',(-1.45,0.1,0.44));
#349 = VECTOR('',#350,1.);
#350 = DIRECTION('',(0.,1.,0.));
#351 = ORIENTED_EDGE('',*,*,#352,.F.);
#352 = EDGE_CURVE('',#149,#345,#353,.T.);
#353 = LINE('',#354,#355);
#354 = CARTESIAN_POINT('',(-1.495,0.6,0.44));
#355 = VECTOR('',#356,1.);
#356 = DIRECTION('',(-1.,0.,0.));
#357 = ORIENTED_EDGE('',*,*,#146,.F.);
#358 = PLANE('',#359);
#359 = AXIS2_PLACEMENT_3D('',#360,#361,#362);
#360 = CARTESIAN_POINT('',(-1.54,-0.8,0.44));
#361 = DIRECTION('',(0.,0.,1.));
#362 = DIRECTION('',(1.,0.,-0.));
#363 = ADVANCED_FACE('',(#364),#375,.T.);
#364 = FACE_BOUND('',#365,.T.);
#365 = EDGE_LOOP('',(#366,#367,#368,#369));
#366 = ORIENTED_EDGE('',*,*,#179,.T.);
#367 = ORIENTED_EDGE('',*,*,#282,.T.);
#368 = ORIENTED_EDGE('',*,*,#322,.T.);
#369 = ORIENTED_EDGE('',*,*,#370,.T.);
#370 = EDGE_CURVE('',#315,#147,#371,.T.);
#371 = LINE('',#372,#373);
#372 = CARTESIAN_POINT('',(1.,0.8,0.44));
#373 = VECTOR('',#374,1.);
#374 = DIRECTION('',(-1.,0.,2.775557561563E-17));
#375 = PLANE('',#376);
#376 = AXIS2_PLACEMENT_3D('',#377,#378,#379);
#377 = CARTESIAN_POINT('',(0.,0.8,0.757147194234));
#378 = DIRECTION('',(1.313075150093E-49,1.,1.103763151667E-32));
#379 = DIRECTION('',(0.,-1.103763151667E-32,1.));
#380 = ADVANCED_FACE('',(#381),#408,.T.);
#381 = FACE_BOUND('',#382,.T.);
#382 = EDGE_LOOP('',(#383,#392,#400,#407));
#383 = ORIENTED_EDGE('',*,*,#384,.F.);
#384 = EDGE_CURVE('',#385,#149,#387,.T.);
#385 = VERTEX_POINT('',#386);
#386 = CARTESIAN_POINT('',(-1.06,0.6,0.5));
#387 = CIRCLE('',#388,6.E-02);
#388 = AXIS2_PLACEMENT_3D('',#389,#390,#391);
#389 = CARTESIAN_POINT('',(-1.06,0.6,0.44));
#390 = DIRECTION('',(-0.,1.,0.));
#391 = DIRECTION('',(1.,0.,0.));
#392 = ORIENTED_EDGE('',*,*,#393,.F.);
#393 = EDGE_CURVE('',#394,#385,#396,.T.);
#394 = VERTEX_POINT('',#395);
#395 = CARTESIAN_POINT('',(-1.06,-0.6,0.5));
#396 = LINE('',#397,#398);
#397 = CARTESIAN_POINT('',(-1.06,-0.8,0.5));
#398 = VECTOR('',#399,1.);
#399 = DIRECTION('',(0.,1.,0.));
#400 = ORIENTED_EDGE('',*,*,#401,.T.);
#401 = EDGE_CURVE('',#394,#157,#402,.T.);
#402 = CIRCLE('',#403,6.E-02);
#403 = AXIS2_PLACEMENT_3D('',#404,#405,#406);
#404 = CARTESIAN_POINT('',(-1.06,-0.6,0.44));
#405 = DIRECTION('',(-0.,1.,0.));
#406 = DIRECTION('',(1.,0.,0.));
#407 = ORIENTED_EDGE('',*,*,#156,.F.);
#408 = CYLINDRICAL_SURFACE('',#409,6.E-02);
#409 = AXIS2_PLACEMENT_3D('',#410,#411,#412);
#410 = CARTESIAN_POINT('',(-1.06,-0.8,0.44));
#411 = DIRECTION('',(0.,1.,0.));
#412 = DIRECTION('',(1.,0.,0.));
#413 = ADVANCED_FACE('',(#414),#432,.T.);
#414 = FACE_BOUND('',#415,.T.);
#415 = EDGE_LOOP('',(#416,#424,#425,#426));
#416 = ORIENTED_EDGE('',*,*,#417,.F.);
#417 = EDGE_CURVE('',#212,#418,#420,.T.);
#418 = VERTEX_POINT('',#419);
#419 = CARTESIAN_POINT('',(-1.45,-0.6,0.44));
#420 = LINE('',#421,#422);
#421 = CARTESIAN_POINT('',(-1.45,-0.7,0.44));
#422 = VECTOR('',#423,1.);
#423 = DIRECTION('',(0.,1.,0.));
#424 = ORIENTED_EDGE('',*,*,#219,.T.);
#425 = ORIENTED_EDGE('',*,*,#164,.F.);
#426 = ORIENTED_EDGE('',*,*,#427,.F.);
#427 = EDGE_CURVE('',#418,#157,#428,.T.);
#428 = LINE('',#429,#430);
#429 = CARTESIAN_POINT('',(-4.5E-02,-0.6,0.44));
#430 = VECTOR('',#431,1.);
#431 = DIRECTION('',(1.,0.,0.));
#432 = PLANE('',#433);
#433 = AXIS2_PLACEMENT_3D('',#434,#435,#436);
#434 = CARTESIAN_POINT('',(-1.54,-0.8,0.44));
#435 = DIRECTION('',(0.,0.,1.));
#436 = DIRECTION('',(1.,0.,-0.));
#437 = ADVANCED_FACE('',(#438),#499,.F.);
#438 = FACE_BOUND('',#439,.F.);
#439 = EDGE_LOOP('',(#440,#450,#459,#467,#476,#484,#490,#491,#492,#493)
  );
#440 = ORIENTED_EDGE('',*,*,#441,.F.);
#441 = EDGE_CURVE('',#442,#444,#446,.T.);
#442 = VERTEX_POINT('',#443);
#443 = CARTESIAN_POINT('',(-1.54,-0.8,-6.938893903907E-18));
#444 = VERTEX_POINT('',#445);
#445 = CARTESIAN_POINT('',(-1.45,-0.8,0.));
#446 = LINE('',#447,#448);
#447 = CARTESIAN_POINT('',(-1.6,-0.8,0.));
#448 = VECTOR('',#449,1.);
#449 = DIRECTION('',(1.,0.,0.));
#450 = ORIENTED_EDGE('',*,*,#451,.F.);
#451 = EDGE_CURVE('',#452,#442,#454,.T.);
#452 = VERTEX_POINT('',#453);
#453 = CARTESIAN_POINT('',(-1.6,-0.8,6.E-02));
#454 = CIRCLE('',#455,6.E-02);
#455 = AXIS2_PLACEMENT_3D('',#456,#457,#458);
#456 = CARTESIAN_POINT('',(-1.54,-0.8,6.E-02));
#457 = DIRECTION('',(0.,-1.,0.));
#458 = DIRECTION('',(0.,0.,1.));
#459 = ORIENTED_EDGE('',*,*,#460,.T.);
#460 = EDGE_CURVE('',#452,#461,#463,.T.);
#461 = VERTEX_POINT('',#462);
#462 = CARTESIAN_POINT('',(-1.6,-0.8,0.44));
#463 = LINE('',#464,#465);
#464 = CARTESIAN_POINT('',(-1.6,-0.8,0.));
#465 = VECTOR('',#466,1.);
#466 = DIRECTION('',(0.,0.,1.));
#467 = ORIENTED_EDGE('',*,*,#468,.T.);
#468 = EDGE_CURVE('',#461,#469,#471,.T.);
#469 = VERTEX_POINT('',#470);
#470 = CARTESIAN_POINT('',(-1.54,-0.8,0.5));
#471 = CIRCLE('',#472,6.E-02);
#472 = AXIS2_PLACEMENT_3D('',#473,#474,#475);
#473 = CARTESIAN_POINT('',(-1.54,-0.8,0.44));
#474 = DIRECTION('',(0.,1.,0.));
#475 = DIRECTION('',(0.,-0.,1.));
#476 = ORIENTED_EDGE('',*,*,#477,.T.);
#477 = EDGE_CURVE('',#469,#478,#480,.T.);
#478 = VERTEX_POINT('',#479);
#479 = CARTESIAN_POINT('',(-1.45,-0.8,0.5));
#480 = LINE('',#481,#482);
#481 = CARTESIAN_POINT('',(-1.6,-0.8,0.5));
#482 = VECTOR('',#483,1.);
#483 = DIRECTION('',(1.,0.,0.));
#484 = ORIENTED_EDGE('',*,*,#485,.F.);
#485 = EDGE_CURVE('',#212,#478,#486,.T.);
#486 = LINE('',#487,#488);
#487 = CARTESIAN_POINT('',(-1.45,-0.8,0.375));
#488 = VECTOR('',#489,1.);
#489 = DIRECTION('',(0.,0.,1.));
#490 = ORIENTED_EDGE('',*,*,#211,.F.);
#491 = ORIENTED_EDGE('',*,*,#203,.F.);
#492 = ORIENTED_EDGE('',*,*,#193,.T.);
#493 = ORIENTED_EDGE('',*,*,#494,.F.);
#494 = EDGE_CURVE('',#444,#196,#495,.T.);
#495 = LINE('',#496,#497);
#496 = CARTESIAN_POINT('',(-1.45,-0.8,0.375));
#497 = VECTOR('',#498,1.);
#498 = DIRECTION('',(0.,0.,1.));
#499 = PLANE('',#500);
#500 = AXIS2_PLACEMENT_3D('',#501,#502,#503);
#501 = CARTESIAN_POINT('',(-1.6,-0.8,0.));
#502 = DIRECTION('',(0.,1.,0.));
#503 = DIRECTION('',(0.,-0.,1.));
#504 = ADVANCED_FACE('',(#505,#594),#620,.F.);
#505 = FACE_BOUND('',#506,.F.);
#506 = EDGE_LOOP('',(#507,#515,#516,#524,#532,#540,#548,#556,#564,#572,
    #580,#588));
#507 = ORIENTED_EDGE('',*,*,#508,.F.);
#508 = EDGE_CURVE('',#196,#509,#511,.T.);
#509 = VERTEX_POINT('',#510);
#510 = CARTESIAN_POINT('',(-1.45,-0.6,6.E-02));
#511 = LINE('',#512,#513);
#512 = CARTESIAN_POINT('',(-1.45,-0.7,6.E-02));
#513 = VECTOR('',#514,1.);
#514 = DIRECTION('',(0.,1.,0.));
#515 = ORIENTED_EDGE('',*,*,#258,.T.);
#516 = ORIENTED_EDGE('',*,*,#517,.F.);
#517 = EDGE_CURVE('',#518,#251,#520,.T.);
#518 = VERTEX_POINT('',#519);
#519 = CARTESIAN_POINT('',(1.45,-0.6,6.E-02));
#520 = LINE('',#521,#522);
#521 = CARTESIAN_POINT('',(1.45,-0.9,6.E-02));
#522 = VECTOR('',#523,1.);
#523 = DIRECTION('',(0.,-1.,0.));
#524 = ORIENTED_EDGE('',*,*,#525,.F.);
#525 = EDGE_CURVE('',#526,#518,#528,.T.);
#526 = VERTEX_POINT('',#527);
#527 = CARTESIAN_POINT('',(1.,-0.6,6.E-02));
#528 = LINE('',#529,#530);
#529 = CARTESIAN_POINT('',(-4.5E-02,-0.6,6.E-02));
#530 = VECTOR('',#531,1.);
#531 = DIRECTION('',(1.,0.,0.));
#532 = ORIENTED_EDGE('',*,*,#533,.T.);
#533 = EDGE_CURVE('',#526,#534,#536,.T.);
#534 = VERTEX_POINT('',#535);
#535 = CARTESIAN_POINT('',(1.,0.6,6.E-02));
#536 = LINE('',#537,#538);
#537 = CARTESIAN_POINT('',(1.,-0.8,6.E-02));
#538 = VECTOR('',#539,1.);
#539 = DIRECTION('',(0.,1.,0.));
#540 = ORIENTED_EDGE('',*,*,#541,.F.);
#541 = EDGE_CURVE('',#542,#534,#544,.T.);
#542 = VERTEX_POINT('',#543);
#543 = CARTESIAN_POINT('',(1.45,0.6,6.E-02));
#544 = LINE('',#545,#546);
#545 = CARTESIAN_POINT('',(-1.495,0.6,6.E-02));
#546 = VECTOR('',#547,1.);
#547 = DIRECTION('',(-1.,0.,0.));
#548 = ORIENTED_EDGE('',*,*,#549,.F.);
#549 = EDGE_CURVE('',#550,#542,#552,.T.);
#550 = VERTEX_POINT('',#551);
#551 = CARTESIAN_POINT('',(1.45,0.8,6.E-02));
#552 = LINE('',#553,#554);
#553 = CARTESIAN_POINT('',(1.45,-0.1,6.E-02));
#554 = VECTOR('',#555,1.);
#555 = DIRECTION('',(0.,-1.,0.));
#556 = ORIENTED_EDGE('',*,*,#557,.F.);
#557 = EDGE_CURVE('',#558,#550,#560,.T.);
#558 = VERTEX_POINT('',#559);
#559 = CARTESIAN_POINT('',(-1.45,0.8,6.E-02));
#560 = LINE('',#561,#562);
#561 = CARTESIAN_POINT('',(-1.54,0.8,6.E-02));
#562 = VECTOR('',#563,1.);
#563 = DIRECTION('',(1.,0.,0.));
#564 = ORIENTED_EDGE('',*,*,#565,.F.);
#565 = EDGE_CURVE('',#566,#558,#568,.T.);
#566 = VERTEX_POINT('',#567);
#567 = CARTESIAN_POINT('',(-1.45,0.6,6.E-02));
#568 = LINE('',#569,#570);
#569 = CARTESIAN_POINT('',(-1.45,0.1,6.E-02));
#570 = VECTOR('',#571,1.);
#571 = DIRECTION('',(0.,1.,0.));
#572 = ORIENTED_EDGE('',*,*,#573,.F.);
#573 = EDGE_CURVE('',#574,#566,#576,.T.);
#574 = VERTEX_POINT('',#575);
#575 = CARTESIAN_POINT('',(-1.,0.6,6.E-02));
#576 = LINE('',#577,#578);
#577 = CARTESIAN_POINT('',(-1.495,0.6,6.E-02));
#578 = VECTOR('',#579,1.);
#579 = DIRECTION('',(-1.,0.,0.));
#580 = ORIENTED_EDGE('',*,*,#581,.F.);
#581 = EDGE_CURVE('',#582,#574,#584,.T.);
#582 = VERTEX_POINT('',#583);
#583 = CARTESIAN_POINT('',(-1.,-0.6,6.E-02));
#584 = LINE('',#585,#586);
#585 = CARTESIAN_POINT('',(-1.,-0.8,6.E-02));
#586 = VECTOR('',#587,1.);
#587 = DIRECTION('',(0.,1.,0.));
#588 = ORIENTED_EDGE('',*,*,#589,.F.);
#589 = EDGE_CURVE('',#509,#582,#590,.T.);
#590 = LINE('',#591,#592);
#591 = CARTESIAN_POINT('',(-4.5E-02,-0.6,6.E-02));
#592 = VECTOR('',#593,1.);
#593 = DIRECTION('',(1.,0.,0.));
#594 = FACE_BOUND('',#595,.F.);
#595 = EDGE_LOOP('',(#596,#606,#614));
#596 = ORIENTED_EDGE('',*,*,#597,.T.);
#597 = EDGE_CURVE('',#598,#600,#602,.T.);
#598 = VERTEX_POINT('',#599);
#599 = CARTESIAN_POINT('',(0.554256258422,0.64,6.E-02));
#600 = VERTEX_POINT('',#601);
#601 = CARTESIAN_POINT('',(0.554256258422,-0.64,6.E-02));
#602 = LINE('',#603,#604);
#603 = CARTESIAN_POINT('',(0.554256258422,0.64,6.E-02));
#604 = VECTOR('',#605,1.);
#605 = DIRECTION('',(0.,-1.,0.));
#606 = ORIENTED_EDGE('',*,*,#607,.T.);
#607 = EDGE_CURVE('',#600,#608,#610,.T.);
#608 = VERTEX_POINT('',#609);
#609 = CARTESIAN_POINT('',(-0.554256258422,0.,6.E-02));
#610 = LINE('',#611,#612);
#611 = CARTESIAN_POINT('',(0.554256258422,-0.64,6.E-02));
#612 = VECTOR('',#613,1.);
#613 = DIRECTION('',(-0.866025403784,0.5,0.));
#614 = ORIENTED_EDGE('',*,*,#615,.T.);
#615 = EDGE_CURVE('',#608,#598,#616,.T.);
#616 = LINE('',#617,#618);
#617 = CARTESIAN_POINT('',(-0.554256258422,0.,6.E-02));
#618 = VECTOR('',#619,1.);
#619 = DIRECTION('',(0.866025403784,0.5,0.));
#620 = PLANE('',#621);
#621 = AXIS2_PLACEMENT_3D('',#622,#623,#624);
#622 = CARTESIAN_POINT('',(-1.54,-0.8,6.E-02));
#623 = DIRECTION('',(0.,0.,1.));
#624 = DIRECTION('',(1.,0.,-0.));
#625 = ADVANCED_FACE('',(#626),#687,.F.);
#626 = FACE_BOUND('',#627,.F.);
#627 = EDGE_LOOP('',(#628,#638,#644,#645,#646,#647,#655,#663,#672,#680)
  );
#628 = ORIENTED_EDGE('',*,*,#629,.F.);
#629 = EDGE_CURVE('',#630,#632,#634,.T.);
#630 = VERTEX_POINT('',#631);
#631 = CARTESIAN_POINT('',(1.45,-0.8,0.));
#632 = VERTEX_POINT('',#633);
#633 = CARTESIAN_POINT('',(1.54,-0.8,-6.938893903907E-18));
#634 = LINE('',#635,#636);
#635 = CARTESIAN_POINT('',(1.,-0.8,0.));
#636 = VECTOR('',#637,1.);
#637 = DIRECTION('',(1.,0.,0.));
#638 = ORIENTED_EDGE('',*,*,#639,.F.);
#639 = EDGE_CURVE('',#251,#630,#640,.T.);
#640 = LINE('',#641,#642);
#641 = CARTESIAN_POINT('',(1.45,-0.8,0.375));
#642 = VECTOR('',#643,1.);
#643 = DIRECTION('',(0.,0.,-1.));
#644 = ORIENTED_EDGE('',*,*,#250,.T.);
#645 = ORIENTED_EDGE('',*,*,#242,.T.);
#646 = ORIENTED_EDGE('',*,*,#234,.F.);
#647 = ORIENTED_EDGE('',*,*,#648,.F.);
#648 = EDGE_CURVE('',#649,#227,#651,.T.);
#649 = VERTEX_POINT('',#650);
#650 = CARTESIAN_POINT('',(1.45,-0.8,0.5));
#651 = LINE('',#652,#653);
#652 = CARTESIAN_POINT('',(1.45,-0.8,0.375));
#653 = VECTOR('',#654,1.);
#654 = DIRECTION('',(0.,0.,-1.));
#655 = ORIENTED_EDGE('',*,*,#656,.T.);
#656 = EDGE_CURVE('',#649,#657,#659,.T.);
#657 = VERTEX_POINT('',#658);
#658 = CARTESIAN_POINT('',(1.54,-0.8,0.5));
#659 = LINE('',#660,#661);
#660 = CARTESIAN_POINT('',(1.,-0.8,0.5));
#661 = VECTOR('',#662,1.);
#662 = DIRECTION('',(1.,0.,0.));
#663 = ORIENTED_EDGE('',*,*,#664,.F.);
#664 = EDGE_CURVE('',#665,#657,#667,.T.);
#665 = VERTEX_POINT('',#666);
#666 = CARTESIAN_POINT('',(1.6,-0.8,0.44));
#667 = CIRCLE('',#668,6.E-02);
#668 = AXIS2_PLACEMENT_3D('',#669,#670,#671);
#669 = CARTESIAN_POINT('',(1.54,-0.8,0.44));
#670 = DIRECTION('',(0.,-1.,0.));
#671 = DIRECTION('',(0.,0.,1.));
#672 = ORIENTED_EDGE('',*,*,#673,.F.);
#673 = EDGE_CURVE('',#674,#665,#676,.T.);
#674 = VERTEX_POINT('',#675);
#675 = CARTESIAN_POINT('',(1.6,-0.8,6.E-02));
#676 = LINE('',#677,#678);
#677 = CARTESIAN_POINT('',(1.6,-0.8,0.));
#678 = VECTOR('',#679,1.);
#679 = DIRECTION('',(0.,0.,1.));
#680 = ORIENTED_EDGE('',*,*,#681,.T.);
#681 = EDGE_CURVE('',#674,#632,#682,.T.);
#682 = CIRCLE('',#683,6.E-02);
#683 = AXIS2_PLACEMENT_3D('',#684,#685,#686);
#684 = CARTESIAN_POINT('',(1.54,-0.8,6.E-02));
#685 = DIRECTION('',(0.,1.,0.));
#686 = DIRECTION('',(0.,-0.,1.));
#687 = PLANE('',#688);
#688 = AXIS2_PLACEMENT_3D('',#689,#690,#691);
#689 = CARTESIAN_POINT('',(1.,-0.8,0.));
#690 = DIRECTION('',(0.,1.,0.));
#691 = DIRECTION('',(0.,-0.,1.));
#692 = ADVANCED_FACE('',(#693),#711,.T.);
#693 = FACE_BOUND('',#694,.T.);
#694 = EDGE_LOOP('',(#695,#703,#704,#705));
#695 = ORIENTED_EDGE('',*,*,#696,.F.);
#696 = EDGE_CURVE('',#299,#697,#699,.T.);
#697 = VERTEX_POINT('',#698);
#698 = CARTESIAN_POINT('',(1.45,-0.6,0.44));
#699 = LINE('',#700,#701);
#700 = CARTESIAN_POINT('',(-4.5E-02,-0.6,0.44));
#701 = VECTOR('',#702,1.);
#702 = DIRECTION('',(1.,0.,0.));
#703 = ORIENTED_EDGE('',*,*,#298,.T.);
#704 = ORIENTED_EDGE('',*,*,#226,.T.);
#705 = ORIENTED_EDGE('',*,*,#706,.F.);
#706 = EDGE_CURVE('',#697,#227,#707,.T.);
#707 = LINE('',#708,#709);
#708 = CARTESIAN_POINT('',(1.45,-0.9,0.44));
#709 = VECTOR('',#710,1.);
#710 = DIRECTION('',(0.,-1.,0.));
#711 = PLANE('',#712);
#712 = AXIS2_PLACEMENT_3D('',#713,#714,#715);
#713 = CARTESIAN_POINT('',(-1.54,-0.8,0.44));
#714 = DIRECTION('',(0.,0.,1.));
#715 = DIRECTION('',(1.,0.,-0.));
#716 = ADVANCED_FACE('',(#717),#742,.T.);
#717 = FACE_BOUND('',#718,.T.);
#718 = EDGE_LOOP('',(#719,#727,#728,#736));
#719 = ORIENTED_EDGE('',*,*,#720,.F.);
#720 = EDGE_CURVE('',#315,#721,#723,.T.);
#721 = VERTEX_POINT('',#722);
#722 = CARTESIAN_POINT('',(1.45,0.8,0.44));
#723 = LINE('',#724,#725);
#724 = CARTESIAN_POINT('',(-1.54,0.8,0.44));
#725 = VECTOR('',#726,1.);
#726 = DIRECTION('',(1.,0.,0.));
#727 = ORIENTED_EDGE('',*,*,#314,.T.);
#728 = ORIENTED_EDGE('',*,*,#729,.F.);
#729 = EDGE_CURVE('',#730,#307,#732,.T.);
#730 = VERTEX_POINT('',#731);
#731 = CARTESIAN_POINT('',(1.45,0.6,0.44));
#732 = LINE('',#733,#734);
#733 = CARTESIAN_POINT('',(-1.495,0.6,0.44));
#734 = VECTOR('',#735,1.);
#735 = DIRECTION('',(-1.,0.,0.));
#736 = ORIENTED_EDGE('',*,*,#737,.F.);
#737 = EDGE_CURVE('',#721,#730,#738,.T.);
#738 = LINE('',#739,#740);
#739 = CARTESIAN_POINT('',(1.45,-0.1,0.44));
#740 = VECTOR('',#741,1.);
#741 = DIRECTION('',(0.,-1.,0.));
#742 = PLANE('',#743);
#743 = AXIS2_PLACEMENT_3D('',#744,#745,#746);
#744 = CARTESIAN_POINT('',(-1.54,-0.8,0.44));
#745 = DIRECTION('',(0.,0.,1.));
#746 = DIRECTION('',(1.,0.,-0.));
#747 = ADVANCED_FACE('',(#748),#775,.T.);
#748 = FACE_BOUND('',#749,.T.);
#749 = EDGE_LOOP('',(#750,#751,#760,#768));
#750 = ORIENTED_EDGE('',*,*,#306,.T.);
#751 = ORIENTED_EDGE('',*,*,#752,.T.);
#752 = EDGE_CURVE('',#299,#753,#755,.T.);
#753 = VERTEX_POINT('',#754);
#754 = CARTESIAN_POINT('',(1.06,-0.6,0.5));
#755 = CIRCLE('',#756,6.E-02);
#756 = AXIS2_PLACEMENT_3D('',#757,#758,#759);
#757 = CARTESIAN_POINT('',(1.06,-0.6,0.44));
#758 = DIRECTION('',(0.,1.,-0.));
#759 = DIRECTION('',(-1.,0.,0.));
#760 = ORIENTED_EDGE('',*,*,#761,.T.);
#761 = EDGE_CURVE('',#753,#762,#764,.T.);
#762 = VERTEX_POINT('',#763);
#763 = CARTESIAN_POINT('',(1.06,0.6,0.5));
#764 = LINE('',#765,#766);
#765 = CARTESIAN_POINT('',(1.06,-0.8,0.5));
#766 = VECTOR('',#767,1.);
#767 = DIRECTION('',(0.,1.,0.));
#768 = ORIENTED_EDGE('',*,*,#769,.F.);
#769 = EDGE_CURVE('',#307,#762,#770,.T.);
#770 = CIRCLE('',#771,6.E-02);
#771 = AXIS2_PLACEMENT_3D('',#772,#773,#774);
#772 = CARTESIAN_POINT('',(1.06,0.6,0.44));
#773 = DIRECTION('',(0.,1.,-0.));
#774 = DIRECTION('',(-1.,0.,0.));
#775 = CYLINDRICAL_SURFACE('',#776,6.E-02);
#776 = AXIS2_PLACEMENT_3D('',#777,#778,#779);
#777 = CARTESIAN_POINT('',(1.06,-0.8,0.44));
#778 = DIRECTION('',(0.,1.,0.));
#779 = DIRECTION('',(-1.,0.,0.));
#780 = ADVANCED_FACE('',(#781),#831,.T.);
#781 = FACE_BOUND('',#782,.T.);
#782 = EDGE_LOOP('',(#783,#791,#799,#805,#806,#807,#808,#816,#824,#830)
  );
#783 = ORIENTED_EDGE('',*,*,#784,.F.);
#784 = EDGE_CURVE('',#785,#558,#787,.T.);
#785 = VERTEX_POINT('',#786);
#786 = CARTESIAN_POINT('',(-1.54,0.8,6.E-02));
#787 = LINE('',#788,#789);
#788 = CARTESIAN_POINT('',(-1.54,0.8,6.E-02));
#789 = VECTOR('',#790,1.);
#790 = DIRECTION('',(1.,0.,0.));
#791 = ORIENTED_EDGE('',*,*,#792,.T.);
#792 = EDGE_CURVE('',#785,#793,#795,.T.);
#793 = VERTEX_POINT('',#794);
#794 = CARTESIAN_POINT('',(-1.54,0.8,0.44));
#795 = LINE('',#796,#797);
#796 = CARTESIAN_POINT('',(-1.54,0.8,6.E-02));
#797 = VECTOR('',#798,1.);
#798 = DIRECTION('',(0.,0.,1.));
#799 = ORIENTED_EDGE('',*,*,#800,.T.);
#800 = EDGE_CURVE('',#793,#337,#801,.T.);
#801 = LINE('',#802,#803);
#802 = CARTESIAN_POINT('',(-1.54,0.8,0.44));
#803 = VECTOR('',#804,1.);
#804 = DIRECTION('',(1.,0.,0.));
#805 = ORIENTED_EDGE('',*,*,#336,.T.);
#806 = ORIENTED_EDGE('',*,*,#370,.F.);
#807 = ORIENTED_EDGE('',*,*,#720,.T.);
#808 = ORIENTED_EDGE('',*,*,#809,.T.);
#809 = EDGE_CURVE('',#721,#810,#812,.T.);
#810 = VERTEX_POINT('',#811);
#811 = CARTESIAN_POINT('',(1.54,0.8,0.44));
#812 = LINE('',#813,#814);
#813 = CARTESIAN_POINT('',(-1.54,0.8,0.44));
#814 = VECTOR('',#815,1.);
#815 = DIRECTION('',(1.,0.,0.));
#816 = ORIENTED_EDGE('',*,*,#817,.F.);
#817 = EDGE_CURVE('',#818,#810,#820,.T.);
#818 = VERTEX_POINT('',#819);
#819 = CARTESIAN_POINT('',(1.54,0.8,6.E-02));
#820 = LINE('',#821,#822);
#821 = CARTESIAN_POINT('',(1.54,0.8,6.E-02));
#822 = VECTOR('',#823,1.);
#823 = DIRECTION('',(0.,0.,1.));
#824 = ORIENTED_EDGE('',*,*,#825,.F.);
#825 = EDGE_CURVE('',#550,#818,#826,.T.);
#826 = LINE('',#827,#828);
#827 = CARTESIAN_POINT('',(-1.54,0.8,6.E-02));
#828 = VECTOR('',#829,1.);
#829 = DIRECTION('',(1.,0.,0.));
#830 = ORIENTED_EDGE('',*,*,#557,.F.);
#831 = PLANE('',#832);
#832 = AXIS2_PLACEMENT_3D('',#833,#834,#835);
#833 = CARTESIAN_POINT('',(-1.54,0.8,6.E-02));
#834 = DIRECTION('',(0.,1.,0.));
#835 = DIRECTION('',(0.,-0.,1.));
#836 = ADVANCED_FACE('',(#837),#855,.F.);
#837 = FACE_BOUND('',#838,.F.);
#838 = EDGE_LOOP('',(#839,#847,#853,#854));
#839 = ORIENTED_EDGE('',*,*,#840,.F.);
#840 = EDGE_CURVE('',#841,#385,#843,.T.);
#841 = VERTEX_POINT('',#842);
#842 = CARTESIAN_POINT('',(-1.45,0.6,0.5));
#843 = LINE('',#844,#845);
#844 = CARTESIAN_POINT('',(-1.525,0.6,0.5));
#845 = VECTOR('',#846,1.);
#846 = DIRECTION('',(1.,0.,0.));
#847 = ORIENTED_EDGE('',*,*,#848,.T.);
#848 = EDGE_CURVE('',#841,#345,#849,.T.);
#849 = LINE('',#850,#851);
#850 = CARTESIAN_POINT('',(-1.45,0.6,0.75));
#851 = VECTOR('',#852,1.);
#852 = DIRECTION('',(-0.,-0.,-1.));
#853 = ORIENTED_EDGE('',*,*,#352,.F.);
#854 = ORIENTED_EDGE('',*,*,#384,.F.);
#855 = PLANE('',#856);
#856 = AXIS2_PLACEMENT_3D('',#857,#858,#859);
#857 = CARTESIAN_POINT('',(-1.45,0.6,0.75));
#858 = DIRECTION('',(0.,-1.,0.));
#859 = DIRECTION('',(1.,0.,0.));
#860 = ADVANCED_FACE('',(#861),#879,.F.);
#861 = FACE_BOUND('',#862,.F.);
#862 = EDGE_LOOP('',(#863,#864,#872,#878));
#863 = ORIENTED_EDGE('',*,*,#848,.F.);
#864 = ORIENTED_EDGE('',*,*,#865,.F.);
#865 = EDGE_CURVE('',#866,#841,#868,.T.);
#866 = VERTEX_POINT('',#867);
#867 = CARTESIAN_POINT('',(-1.45,0.8,0.5));
#868 = LINE('',#869,#870);
#869 = CARTESIAN_POINT('',(-1.45,0.1,0.5));
#870 = VECTOR('',#871,1.);
#871 = DIRECTION('',(0.,-1.,0.));
#872 = ORIENTED_EDGE('',*,*,#873,.F.);
#873 = EDGE_CURVE('',#337,#866,#874,.T.);
#874 = LINE('',#875,#876);
#875 = CARTESIAN_POINT('',(-1.45,0.8,0.375));
#876 = VECTOR('',#877,1.);
#877 = DIRECTION('',(0.,0.,1.));
#878 = ORIENTED_EDGE('',*,*,#344,.F.);
#879 = PLANE('',#880);
#880 = AXIS2_PLACEMENT_3D('',#881,#882,#883);
#881 = CARTESIAN_POINT('',(-1.45,1.,0.75));
#882 = DIRECTION('',(-1.,0.,0.));
#883 = DIRECTION('',(0.,-1.,0.));
#884 = ADVANCED_FACE('',(#885),#903,.F.);
#885 = FACE_BOUND('',#886,.F.);
#886 = EDGE_LOOP('',(#887,#895,#901,#902));
#887 = ORIENTED_EDGE('',*,*,#888,.F.);
#888 = EDGE_CURVE('',#889,#418,#891,.T.);
#889 = VERTEX_POINT('',#890);
#890 = CARTESIAN_POINT('',(-1.45,-0.6,0.5));
#891 = LINE('',#892,#893);
#892 = CARTESIAN_POINT('',(-1.45,-0.6,0.75));
#893 = VECTOR('',#894,1.);
#894 = DIRECTION('',(-0.,-0.,-1.));
#895 = ORIENTED_EDGE('',*,*,#896,.F.);
#896 = EDGE_CURVE('',#394,#889,#897,.T.);
#897 = LINE('',#898,#899);
#898 = CARTESIAN_POINT('',(-7.5E-02,-0.6,0.5));
#899 = VECTOR('',#900,1.);
#900 = DIRECTION('',(-1.,0.,0.));
#901 = ORIENTED_EDGE('',*,*,#401,.T.);
#902 = ORIENTED_EDGE('',*,*,#427,.F.);
#903 = PLANE('',#904);
#904 = AXIS2_PLACEMENT_3D('',#905,#906,#907);
#905 = CARTESIAN_POINT('',(1.45,-0.6,0.75));
#906 = DIRECTION('',(0.,1.,0.));
#907 = DIRECTION('',(-1.,0.,0.));
#908 = ADVANCED_FACE('',(#909),#936,.T.);
#909 = FACE_BOUND('',#910,.T.);
#910 = EDGE_LOOP('',(#911,#919,#925,#926,#932,#933,#934,#935));
#911 = ORIENTED_EDGE('',*,*,#912,.F.);
#912 = EDGE_CURVE('',#913,#866,#915,.T.);
#913 = VERTEX_POINT('',#914);
#914 = CARTESIAN_POINT('',(-1.54,0.8,0.5));
#915 = LINE('',#916,#917);
#916 = CARTESIAN_POINT('',(-1.6,0.8,0.5));
#917 = VECTOR('',#918,1.);
#918 = DIRECTION('',(1.,0.,0.));
#919 = ORIENTED_EDGE('',*,*,#920,.F.);
#920 = EDGE_CURVE('',#469,#913,#921,.T.);
#921 = LINE('',#922,#923);
#922 = CARTESIAN_POINT('',(-1.54,-0.8,0.5));
#923 = VECTOR('',#924,1.);
#924 = DIRECTION('',(0.,1.,0.));
#925 = ORIENTED_EDGE('',*,*,#477,.T.);
#926 = ORIENTED_EDGE('',*,*,#927,.F.);
#927 = EDGE_CURVE('',#889,#478,#928,.T.);
#928 = LINE('',#929,#930);
#929 = CARTESIAN_POINT('',(-1.45,-0.7,0.5));
#930 = VECTOR('',#931,1.);
#931 = DIRECTION('',(0.,-1.,0.));
#932 = ORIENTED_EDGE('',*,*,#896,.F.);
#933 = ORIENTED_EDGE('',*,*,#393,.T.);
#934 = ORIENTED_EDGE('',*,*,#840,.F.);
#935 = ORIENTED_EDGE('',*,*,#865,.F.);
#936 = PLANE('',#937);
#937 = AXIS2_PLACEMENT_3D('',#938,#939,#940);
#938 = CARTESIAN_POINT('',(-1.6,-0.8,0.5));
#939 = DIRECTION('',(0.,0.,1.));
#940 = DIRECTION('',(1.,0.,-0.));
#941 = ADVANCED_FACE('',(#942),#948,.F.);
#942 = FACE_BOUND('',#943,.F.);
#943 = EDGE_LOOP('',(#944,#945,#946,#947));
#944 = ORIENTED_EDGE('',*,*,#927,.F.);
#945 = ORIENTED_EDGE('',*,*,#888,.T.);
#946 = ORIENTED_EDGE('',*,*,#417,.F.);
#947 = ORIENTED_EDGE('',*,*,#485,.T.);
#948 = PLANE('',#949);
#949 = AXIS2_PLACEMENT_3D('',#950,#951,#952);
#950 = CARTESIAN_POINT('',(-1.45,-0.6,0.75));
#951 = DIRECTION('',(-1.,0.,0.));
#952 = DIRECTION('',(0.,-1.,0.));
#953 = ADVANCED_FACE('',(#954),#1011,.F.);
#954 = FACE_BOUND('',#955,.F.);
#955 = EDGE_LOOP('',(#956,#966,#972,#973,#981,#989,#997,#1005));
#956 = ORIENTED_EDGE('',*,*,#957,.F.);
#957 = EDGE_CURVE('',#958,#960,#962,.T.);
#958 = VERTEX_POINT('',#959);
#959 = CARTESIAN_POINT('',(-1.54,0.8,-6.938893903907E-18));
#960 = VERTEX_POINT('',#961);
#961 = CARTESIAN_POINT('',(-1.45,0.8,0.));
#962 = LINE('',#963,#964);
#963 = CARTESIAN_POINT('',(-1.6,0.8,0.));
#964 = VECTOR('',#965,1.);
#965 = DIRECTION('',(1.,0.,0.));
#966 = ORIENTED_EDGE('',*,*,#967,.F.);
#967 = EDGE_CURVE('',#442,#958,#968,.T.);
#968 = LINE('',#969,#970);
#969 = CARTESIAN_POINT('',(-1.54,-0.8,-6.938893903907E-18));
#970 = VECTOR('',#971,1.);
#971 = DIRECTION('',(0.,1.,0.));
#972 = ORIENTED_EDGE('',*,*,#441,.T.);
#973 = ORIENTED_EDGE('',*,*,#974,.F.);
#974 = EDGE_CURVE('',#975,#444,#977,.T.);
#975 = VERTEX_POINT('',#976);
#976 = CARTESIAN_POINT('',(-1.45,-0.6,0.));
#977 = LINE('',#978,#979);
#978 = CARTESIAN_POINT('',(-1.45,-0.7,0.));
#979 = VECTOR('',#980,1.);
#980 = DIRECTION('',(0.,-1.,0.));
#981 = ORIENTED_EDGE('',*,*,#982,.F.);
#982 = EDGE_CURVE('',#983,#975,#985,.T.);
#983 = VERTEX_POINT('',#984);
#984 = CARTESIAN_POINT('',(-1.06,-0.6,-6.938893903907E-18));
#985 = LINE('',#986,#987);
#986 = CARTESIAN_POINT('',(-7.5E-02,-0.6,0.));
#987 = VECTOR('',#988,1.);
#988 = DIRECTION('',(-1.,0.,0.));
#989 = ORIENTED_EDGE('',*,*,#990,.T.);
#990 = EDGE_CURVE('',#983,#991,#993,.T.);
#991 = VERTEX_POINT('',#992);
#992 = CARTESIAN_POINT('',(-1.06,0.6,-6.938893903907E-18));
#993 = LINE('',#994,#995);
#994 = CARTESIAN_POINT('',(-1.06,-0.8,-6.938893903907E-18));
#995 = VECTOR('',#996,1.);
#996 = DIRECTION('',(0.,1.,0.));
#997 = ORIENTED_EDGE('',*,*,#998,.F.);
#998 = EDGE_CURVE('',#999,#991,#1001,.T.);
#999 = VERTEX_POINT('',#1000);
#1000 = CARTESIAN_POINT('',(-1.45,0.6,0.));
#1001 = LINE('',#1002,#1003);
#1002 = CARTESIAN_POINT('',(-1.525,0.6,0.));
#1003 = VECTOR('',#1004,1.);
#1004 = DIRECTION('',(1.,0.,0.));
#1005 = ORIENTED_EDGE('',*,*,#1006,.F.);
#1006 = EDGE_CURVE('',#960,#999,#1007,.T.);
#1007 = LINE('',#1008,#1009);
#1008 = CARTESIAN_POINT('',(-1.45,0.1,0.));
#1009 = VECTOR('',#1010,1.);
#1010 = DIRECTION('',(0.,-1.,0.));
#1011 = PLANE('',#1012);
#1012 = AXIS2_PLACEMENT_3D('',#1013,#1014,#1015);
#1013 = CARTESIAN_POINT('',(-1.6,-0.8,0.));
#1014 = DIRECTION('',(0.,0.,1.));
#1015 = DIRECTION('',(1.,0.,-0.));
#1016 = ADVANCED_FACE('',(#1017),#1036,.T.);
#1017 = FACE_BOUND('',#1018,.T.);
#1018 = EDGE_LOOP('',(#1019,#1027,#1034,#1035));
#1019 = ORIENTED_EDGE('',*,*,#1020,.T.);
#1020 = EDGE_CURVE('',#452,#1021,#1023,.T.);
#1021 = VERTEX_POINT('',#1022);
#1022 = CARTESIAN_POINT('',(-1.6,0.8,6.E-02));
#1023 = LINE('',#1024,#1025);
#1024 = CARTESIAN_POINT('',(-1.6,-0.8,6.E-02));
#1025 = VECTOR('',#1026,1.);
#1026 = DIRECTION('',(0.,1.,0.));
#1027 = ORIENTED_EDGE('',*,*,#1028,.T.);
#1028 = EDGE_CURVE('',#1021,#958,#1029,.T.);
#1029 = CIRCLE('',#1030,6.E-02);
#1030 = AXIS2_PLACEMENT_3D('',#1031,#1032,#1033);
#1031 = CARTESIAN_POINT('',(-1.54,0.8,6.E-02));
#1032 = DIRECTION('',(0.,-1.,0.));
#1033 = DIRECTION('',(0.,0.,1.));
#1034 = ORIENTED_EDGE('',*,*,#967,.F.);
#1035 = ORIENTED_EDGE('',*,*,#451,.F.);
#1036 = CYLINDRICAL_SURFACE('',#1037,6.E-02);
#1037 = AXIS2_PLACEMENT_3D('',#1038,#1039,#1040);
#1038 = CARTESIAN_POINT('',(-1.54,-0.8,6.E-02));
#1039 = DIRECTION('',(0.,1.,0.));
#1040 = DIRECTION('',(-1.,0.,0.));
#1041 = ADVANCED_FACE('',(#1042),#1053,.F.);
#1042 = FACE_BOUND('',#1043,.F.);
#1043 = EDGE_LOOP('',(#1044,#1045,#1051,#1052));
#1044 = ORIENTED_EDGE('',*,*,#508,.T.);
#1045 = ORIENTED_EDGE('',*,*,#1046,.T.);
#1046 = EDGE_CURVE('',#509,#975,#1047,.T.);
#1047 = LINE('',#1048,#1049);
#1048 = CARTESIAN_POINT('',(-1.45,-0.6,0.75));
#1049 = VECTOR('',#1050,1.);
#1050 = DIRECTION('',(-0.,-0.,-1.));
#1051 = ORIENTED_EDGE('',*,*,#974,.T.);
#1052 = ORIENTED_EDGE('',*,*,#494,.T.);
#1053 = PLANE('',#1054);
#1054 = AXIS2_PLACEMENT_3D('',#1055,#1056,#1057);
#1055 = CARTESIAN_POINT('',(-1.45,-0.6,0.75));
#1056 = DIRECTION('',(-1.,0.,0.));
#1057 = DIRECTION('',(0.,-1.,0.));
#1058 = ADVANCED_FACE('',(#1059),#1077,.F.);
#1059 = FACE_BOUND('',#1060,.F.);
#1060 = EDGE_LOOP('',(#1061,#1062,#1063,#1071));
#1061 = ORIENTED_EDGE('',*,*,#460,.F.);
#1062 = ORIENTED_EDGE('',*,*,#1020,.T.);
#1063 = ORIENTED_EDGE('',*,*,#1064,.T.);
#1064 = EDGE_CURVE('',#1021,#1065,#1067,.T.);
#1065 = VERTEX_POINT('',#1066);
#1066 = CARTESIAN_POINT('',(-1.6,0.8,0.44));
#1067 = LINE('',#1068,#1069);
#1068 = CARTESIAN_POINT('',(-1.6,0.8,0.));
#1069 = VECTOR('',#1070,1.);
#1070 = DIRECTION('',(0.,0.,1.));
#1071 = ORIENTED_EDGE('',*,*,#1072,.F.);
#1072 = EDGE_CURVE('',#461,#1065,#1073,.T.);
#1073 = LINE('',#1074,#1075);
#1074 = CARTESIAN_POINT('',(-1.6,-0.8,0.44));
#1075 = VECTOR('',#1076,1.);
#1076 = DIRECTION('',(0.,1.,0.));
#1077 = PLANE('',#1078);
#1078 = AXIS2_PLACEMENT_3D('',#1079,#1080,#1081);
#1079 = CARTESIAN_POINT('',(-1.6,-0.8,0.));
#1080 = DIRECTION('',(1.,0.,0.));
#1081 = DIRECTION('',(0.,0.,1.));
#1082 = ADVANCED_FACE('',(#1083),#1095,.T.);
#1083 = FACE_BOUND('',#1084,.T.);
#1084 = EDGE_LOOP('',(#1085,#1086,#1087,#1094));
#1085 = ORIENTED_EDGE('',*,*,#468,.T.);
#1086 = ORIENTED_EDGE('',*,*,#920,.T.);
#1087 = ORIENTED_EDGE('',*,*,#1088,.F.);
#1088 = EDGE_CURVE('',#1065,#913,#1089,.T.);
#1089 = CIRCLE('',#1090,6.E-02);
#1090 = AXIS2_PLACEMENT_3D('',#1091,#1092,#1093);
#1091 = CARTESIAN_POINT('',(-1.54,0.8,0.44));
#1092 = DIRECTION('',(0.,1.,0.));
#1093 = DIRECTION('',(0.,-0.,1.));
#1094 = ORIENTED_EDGE('',*,*,#1072,.F.);
#1095 = CYLINDRICAL_SURFACE('',#1096,6.E-02);
#1096 = AXIS2_PLACEMENT_3D('',#1097,#1098,#1099);
#1097 = CARTESIAN_POINT('',(-1.54,-0.8,0.44));
#1098 = DIRECTION('',(0.,1.,0.));
#1099 = DIRECTION('',(-1.,0.,0.));
#1100 = ADVANCED_FACE('',(#1101),#1113,.F.);
#1101 = FACE_BOUND('',#1102,.F.);
#1102 = EDGE_LOOP('',(#1103,#1104,#1105,#1112));
#1103 = ORIENTED_EDGE('',*,*,#1046,.F.);
#1104 = ORIENTED_EDGE('',*,*,#589,.T.);
#1105 = ORIENTED_EDGE('',*,*,#1106,.T.);
#1106 = EDGE_CURVE('',#582,#983,#1107,.T.);
#1107 = CIRCLE('',#1108,6.E-02);
#1108 = AXIS2_PLACEMENT_3D('',#1109,#1110,#1111);
#1109 = CARTESIAN_POINT('',(-1.06,-0.6,6.E-02));
#1110 = DIRECTION('',(-0.,1.,0.));
#1111 = DIRECTION('',(1.,0.,0.));
#1112 = ORIENTED_EDGE('',*,*,#982,.T.);
#1113 = PLANE('',#1114);
#1114 = AXIS2_PLACEMENT_3D('',#1115,#1116,#1117);
#1115 = CARTESIAN_POINT('',(1.45,-0.6,0.75));
#1116 = DIRECTION('',(0.,1.,0.));
#1117 = DIRECTION('',(-1.,0.,0.));
#1118 = ADVANCED_FACE('',(#1119),#1131,.T.);
#1119 = FACE_BOUND('',#1120,.T.);
#1120 = EDGE_LOOP('',(#1121,#1122,#1123,#1124));
#1121 = ORIENTED_EDGE('',*,*,#581,.F.);
#1122 = ORIENTED_EDGE('',*,*,#1106,.T.);
#1123 = ORIENTED_EDGE('',*,*,#990,.T.);
#1124 = ORIENTED_EDGE('',*,*,#1125,.F.);
#1125 = EDGE_CURVE('',#574,#991,#1126,.T.);
#1126 = CIRCLE('',#1127,6.E-02);
#1127 = AXIS2_PLACEMENT_3D('',#1128,#1129,#1130);
#1128 = CARTESIAN_POINT('',(-1.06,0.6,6.E-02));
#1129 = DIRECTION('',(-0.,1.,0.));
#1130 = DIRECTION('',(1.,0.,0.));
#1131 = CYLINDRICAL_SURFACE('',#1132,6.E-02);
#1132 = AXIS2_PLACEMENT_3D('',#1133,#1134,#1135);
#1133 = CARTESIAN_POINT('',(-1.06,-0.8,6.E-02));
#1134 = DIRECTION('',(0.,1.,0.));
#1135 = DIRECTION('',(1.,0.,0.));
#1136 = ADVANCED_FACE('',(#1137),#1148,.F.);
#1137 = FACE_BOUND('',#1138,.F.);
#1138 = EDGE_LOOP('',(#1139,#1140,#1146,#1147));
#1139 = ORIENTED_EDGE('',*,*,#573,.T.);
#1140 = ORIENTED_EDGE('',*,*,#1141,.T.);
#1141 = EDGE_CURVE('',#566,#999,#1142,.T.);
#1142 = LINE('',#1143,#1144);
#1143 = CARTESIAN_POINT('',(-1.45,0.6,0.75));
#1144 = VECTOR('',#1145,1.);
#1145 = DIRECTION('',(-0.,-0.,-1.));
#1146 = ORIENTED_EDGE('',*,*,#998,.T.);
#1147 = ORIENTED_EDGE('',*,*,#1125,.F.);
#1148 = PLANE('',#1149);
#1149 = AXIS2_PLACEMENT_3D('',#1150,#1151,#1152);
#1150 = CARTESIAN_POINT('',(-1.45,0.6,0.75));
#1151 = DIRECTION('',(0.,-1.,0.));
#1152 = DIRECTION('',(1.,0.,0.));
#1153 = ADVANCED_FACE('',(#1154),#1165,.F.);
#1154 = FACE_BOUND('',#1155,.F.);
#1155 = EDGE_LOOP('',(#1156,#1157,#1158,#1164));
#1156 = ORIENTED_EDGE('',*,*,#1141,.F.);
#1157 = ORIENTED_EDGE('',*,*,#565,.T.);
#1158 = ORIENTED_EDGE('',*,*,#1159,.F.);
#1159 = EDGE_CURVE('',#960,#558,#1160,.T.);
#1160 = LINE('',#1161,#1162);
#1161 = CARTESIAN_POINT('',(-1.45,0.8,0.375));
#1162 = VECTOR('',#1163,1.);
#1163 = DIRECTION('',(0.,0.,1.));
#1164 = ORIENTED_EDGE('',*,*,#1006,.T.);
#1165 = PLANE('',#1166);
#1166 = AXIS2_PLACEMENT_3D('',#1167,#1168,#1169);
#1167 = CARTESIAN_POINT('',(-1.45,1.,0.75));
#1168 = DIRECTION('',(-1.,0.,0.));
#1169 = DIRECTION('',(0.,-1.,0.));
#1170 = ADVANCED_FACE('',(#1171),#1196,.F.);
#1171 = FACE_BOUND('',#1172,.F.);
#1172 = EDGE_LOOP('',(#1173,#1174,#1182,#1190));
#1173 = ORIENTED_EDGE('',*,*,#549,.T.);
#1174 = ORIENTED_EDGE('',*,*,#1175,.T.);
#1175 = EDGE_CURVE('',#542,#1176,#1178,.T.);
#1176 = VERTEX_POINT('',#1177);
#1177 = CARTESIAN_POINT('',(1.45,0.6,0.));
#1178 = LINE('',#1179,#1180);
#1179 = CARTESIAN_POINT('',(1.45,0.6,0.75));
#1180 = VECTOR('',#1181,1.);
#1181 = DIRECTION('',(-0.,-0.,-1.));
#1182 = ORIENTED_EDGE('',*,*,#1183,.T.);
#1183 = EDGE_CURVE('',#1176,#1184,#1186,.T.);
#1184 = VERTEX_POINT('',#1185);
#1185 = CARTESIAN_POINT('',(1.45,0.8,0.));
#1186 = LINE('',#1187,#1188);
#1187 = CARTESIAN_POINT('',(1.45,-0.1,0.));
#1188 = VECTOR('',#1189,1.);
#1189 = DIRECTION('',(0.,1.,0.));
#1190 = ORIENTED_EDGE('',*,*,#1191,.F.);
#1191 = EDGE_CURVE('',#550,#1184,#1192,.T.);
#1192 = LINE('',#1193,#1194);
#1193 = CARTESIAN_POINT('',(1.45,0.8,0.375));
#1194 = VECTOR('',#1195,1.);
#1195 = DIRECTION('',(0.,0.,-1.));
#1196 = PLANE('',#1197);
#1197 = AXIS2_PLACEMENT_3D('',#1198,#1199,#1200);
#1198 = CARTESIAN_POINT('',(1.45,0.6,0.75));
#1199 = DIRECTION('',(1.,0.,0.));
#1200 = DIRECTION('',(-0.,1.,0.));
#1201 = ADVANCED_FACE('',(#1202),#1221,.F.);
#1202 = FACE_BOUND('',#1203,.F.);
#1203 = EDGE_LOOP('',(#1204,#1205,#1206,#1215));
#1204 = ORIENTED_EDGE('',*,*,#1175,.F.);
#1205 = ORIENTED_EDGE('',*,*,#541,.T.);
#1206 = ORIENTED_EDGE('',*,*,#1207,.F.);
#1207 = EDGE_CURVE('',#1208,#534,#1210,.T.);
#1208 = VERTEX_POINT('',#1209);
#1209 = CARTESIAN_POINT('',(1.06,0.6,-6.938893903907E-18));
#1210 = CIRCLE('',#1211,6.E-02);
#1211 = AXIS2_PLACEMENT_3D('',#1212,#1213,#1214);
#1212 = CARTESIAN_POINT('',(1.06,0.6,6.E-02));
#1213 = DIRECTION('',(0.,1.,-0.));
#1214 = DIRECTION('',(-1.,0.,0.));
#1215 = ORIENTED_EDGE('',*,*,#1216,.T.);
#1216 = EDGE_CURVE('',#1208,#1176,#1217,.T.);
#1217 = LINE('',#1218,#1219);
#1218 = CARTESIAN_POINT('',(-0.225,0.6,0.));
#1219 = VECTOR('',#1220,1.);
#1220 = DIRECTION('',(1.,0.,0.));
#1221 = PLANE('',#1222);
#1222 = AXIS2_PLACEMENT_3D('',#1223,#1224,#1225);
#1223 = CARTESIAN_POINT('',(-1.45,0.6,0.75));
#1224 = DIRECTION('',(0.,-1.,0.));
#1225 = DIRECTION('',(1.,0.,0.));
#1226 = ADVANCED_FACE('',(#1227),#1246,.T.);
#1227 = FACE_BOUND('',#1228,.T.);
#1228 = EDGE_LOOP('',(#1229,#1230,#1238,#1245));
#1229 = ORIENTED_EDGE('',*,*,#1207,.F.);
#1230 = ORIENTED_EDGE('',*,*,#1231,.F.);
#1231 = EDGE_CURVE('',#1232,#1208,#1234,.T.);
#1232 = VERTEX_POINT('',#1233);
#1233 = CARTESIAN_POINT('',(1.06,-0.6,-6.938893903907E-18));
#1234 = LINE('',#1235,#1236);
#1235 = CARTESIAN_POINT('',(1.06,-0.8,-6.938893903907E-18));
#1236 = VECTOR('',#1237,1.);
#1237 = DIRECTION('',(0.,1.,0.));
#1238 = ORIENTED_EDGE('',*,*,#1239,.T.);
#1239 = EDGE_CURVE('',#1232,#526,#1240,.T.);
#1240 = CIRCLE('',#1241,6.E-02);
#1241 = AXIS2_PLACEMENT_3D('',#1242,#1243,#1244);
#1242 = CARTESIAN_POINT('',(1.06,-0.6,6.E-02));
#1243 = DIRECTION('',(0.,1.,-0.));
#1244 = DIRECTION('',(-1.,0.,0.));
#1245 = ORIENTED_EDGE('',*,*,#533,.T.);
#1246 = CYLINDRICAL_SURFACE('',#1247,6.E-02);
#1247 = AXIS2_PLACEMENT_3D('',#1248,#1249,#1250);
#1248 = CARTESIAN_POINT('',(1.06,-0.8,6.E-02));
#1249 = DIRECTION('',(0.,1.,0.));
#1250 = DIRECTION('',(-1.,0.,0.));
#1251 = ADVANCED_FACE('',(#1252),#1270,.F.);
#1252 = FACE_BOUND('',#1253,.F.);
#1253 = EDGE_LOOP('',(#1254,#1255,#1263,#1269));
#1254 = ORIENTED_EDGE('',*,*,#525,.T.);
#1255 = ORIENTED_EDGE('',*,*,#1256,.T.);
#1256 = EDGE_CURVE('',#518,#1257,#1259,.T.);
#1257 = VERTEX_POINT('',#1258);
#1258 = CARTESIAN_POINT('',(1.45,-0.6,0.));
#1259 = LINE('',#1260,#1261);
#1260 = CARTESIAN_POINT('',(1.45,-0.6,0.75));
#1261 = VECTOR('',#1262,1.);
#1262 = DIRECTION('',(-0.,-0.,-1.));
#1263 = ORIENTED_EDGE('',*,*,#1264,.T.);
#1264 = EDGE_CURVE('',#1257,#1232,#1265,.T.);
#1265 = LINE('',#1266,#1267);
#1266 = CARTESIAN_POINT('',(1.225,-0.6,0.));
#1267 = VECTOR('',#1268,1.);
#1268 = DIRECTION('',(-1.,0.,0.));
#1269 = ORIENTED_EDGE('',*,*,#1239,.T.);
#1270 = PLANE('',#1271);
#1271 = AXIS2_PLACEMENT_3D('',#1272,#1273,#1274);
#1272 = CARTESIAN_POINT('',(1.45,-0.6,0.75));
#1273 = DIRECTION('',(0.,1.,0.));
#1274 = DIRECTION('',(-1.,0.,0.));
#1275 = ADVANCED_FACE('',(#1276),#1287,.F.);
#1276 = FACE_BOUND('',#1277,.F.);
#1277 = EDGE_LOOP('',(#1278,#1279,#1280,#1281));
#1278 = ORIENTED_EDGE('',*,*,#1256,.F.);
#1279 = ORIENTED_EDGE('',*,*,#517,.T.);
#1280 = ORIENTED_EDGE('',*,*,#639,.T.);
#1281 = ORIENTED_EDGE('',*,*,#1282,.T.);
#1282 = EDGE_CURVE('',#630,#1257,#1283,.T.);
#1283 = LINE('',#1284,#1285);
#1284 = CARTESIAN_POINT('',(1.45,-0.9,0.));
#1285 = VECTOR('',#1286,1.);
#1286 = DIRECTION('',(0.,1.,0.));
#1287 = PLANE('',#1288);
#1288 = AXIS2_PLACEMENT_3D('',#1289,#1290,#1291);
#1289 = CARTESIAN_POINT('',(1.45,-1.,0.75));
#1290 = DIRECTION('',(1.,0.,0.));
#1291 = DIRECTION('',(-0.,1.,0.));
#1292 = ADVANCED_FACE('',(#1293),#1318,.T.);
#1293 = FACE_BOUND('',#1294,.T.);
#1294 = EDGE_LOOP('',(#1295,#1303,#1304,#1312));
#1295 = ORIENTED_EDGE('',*,*,#1296,.T.);
#1296 = EDGE_CURVE('',#1297,#598,#1299,.T.);
#1297 = VERTEX_POINT('',#1298);
#1298 = CARTESIAN_POINT('',(0.554256258422,0.64,3.E-02));
#1299 = LINE('',#1300,#1301);
#1300 = CARTESIAN_POINT('',(0.554256258422,0.64,3.E-02));
#1301 = VECTOR('',#1302,1.);
#1302 = DIRECTION('',(0.,0.,1.));
#1303 = ORIENTED_EDGE('',*,*,#597,.T.);
#1304 = ORIENTED_EDGE('',*,*,#1305,.F.);
#1305 = EDGE_CURVE('',#1306,#600,#1308,.T.);
#1306 = VERTEX_POINT('',#1307);
#1307 = CARTESIAN_POINT('',(0.554256258422,-0.64,3.E-02));
#1308 = LINE('',#1309,#1310);
#1309 = CARTESIAN_POINT('',(0.554256258422,-0.64,3.E-02));
#1310 = VECTOR('',#1311,1.);
#1311 = DIRECTION('',(0.,0.,1.));
#1312 = ORIENTED_EDGE('',*,*,#1313,.F.);
#1313 = EDGE_CURVE('',#1297,#1306,#1314,.T.);
#1314 = LINE('',#1315,#1316);
#1315 = CARTESIAN_POINT('',(0.554256258422,0.64,3.E-02));
#1316 = VECTOR('',#1317,1.);
#1317 = DIRECTION('',(0.,-1.,0.));
#1318 = PLANE('',#1319);
#1319 = AXIS2_PLACEMENT_3D('',#1320,#1321,#1322);
#1320 = CARTESIAN_POINT('',(0.554256258422,0.64,3.E-02));
#1321 = DIRECTION('',(1.,0.,0.));
#1322 = DIRECTION('',(0.,-1.,0.));
#1323 = ADVANCED_FACE('',(#1324),#1342,.T.);
#1324 = FACE_BOUND('',#1325,.T.);
#1325 = EDGE_LOOP('',(#1326,#1334,#1335,#1336));
#1326 = ORIENTED_EDGE('',*,*,#1327,.T.);
#1327 = EDGE_CURVE('',#1328,#608,#1330,.T.);
#1328 = VERTEX_POINT('',#1329);
#1329 = CARTESIAN_POINT('',(-0.554256258422,0.,3.E-02));
#1330 = LINE('',#1331,#1332);
#1331 = CARTESIAN_POINT('',(-0.554256258422,0.,3.E-02));
#1332 = VECTOR('',#1333,1.);
#1333 = DIRECTION('',(0.,0.,1.));
#1334 = ORIENTED_EDGE('',*,*,#615,.T.);
#1335 = ORIENTED_EDGE('',*,*,#1296,.F.);
#1336 = ORIENTED_EDGE('',*,*,#1337,.F.);
#1337 = EDGE_CURVE('',#1328,#1297,#1338,.T.);
#1338 = LINE('',#1339,#1340);
#1339 = CARTESIAN_POINT('',(-0.554256258422,0.,3.E-02));
#1340 = VECTOR('',#1341,1.);
#1341 = DIRECTION('',(0.866025403784,0.5,0.));
#1342 = PLANE('',#1343);
#1343 = AXIS2_PLACEMENT_3D('',#1344,#1345,#1346);
#1344 = CARTESIAN_POINT('',(-0.554256258422,0.,3.E-02));
#1345 = DIRECTION('',(-0.5,0.866025403784,0.));
#1346 = DIRECTION('',(0.866025403784,0.5,0.));
#1347 = ADVANCED_FACE('',(#1348),#1359,.T.);
#1348 = FACE_BOUND('',#1349,.T.);
#1349 = EDGE_LOOP('',(#1350,#1351,#1352,#1353));
#1350 = ORIENTED_EDGE('',*,*,#1305,.T.);
#1351 = ORIENTED_EDGE('',*,*,#607,.T.);
#1352 = ORIENTED_EDGE('',*,*,#1327,.F.);
#1353 = ORIENTED_EDGE('',*,*,#1354,.F.);
#1354 = EDGE_CURVE('',#1306,#1328,#1355,.T.);
#1355 = LINE('',#1356,#1357);
#1356 = CARTESIAN_POINT('',(0.554256258422,-0.64,3.E-02));
#1357 = VECTOR('',#1358,1.);
#1358 = DIRECTION('',(-0.866025403784,0.5,0.));
#1359 = PLANE('',#1360);
#1360 = AXIS2_PLACEMENT_3D('',#1361,#1362,#1363);
#1361 = CARTESIAN_POINT('',(0.554256258422,-0.64,3.E-02));
#1362 = DIRECTION('',(-0.5,-0.866025403784,0.));
#1363 = DIRECTION('',(-0.866025403784,0.5,0.));
#1364 = ADVANCED_FACE('',(#1365),#1387,.F.);
#1365 = FACE_BOUND('',#1366,.F.);
#1366 = EDGE_LOOP('',(#1367,#1375,#1376,#1377,#1378,#1379,#1380,#1381));
#1367 = ORIENTED_EDGE('',*,*,#1368,.F.);
#1368 = EDGE_CURVE('',#1184,#1369,#1371,.T.);
#1369 = VERTEX_POINT('',#1370);
#1370 = CARTESIAN_POINT('',(1.54,0.8,-6.938893903907E-18));
#1371 = LINE('',#1372,#1373);
#1372 = CARTESIAN_POINT('',(1.,0.8,0.));
#1373 = VECTOR('',#1374,1.);
#1374 = DIRECTION('',(1.,0.,0.));
#1375 = ORIENTED_EDGE('',*,*,#1183,.F.);
#1376 = ORIENTED_EDGE('',*,*,#1216,.F.);
#1377 = ORIENTED_EDGE('',*,*,#1231,.F.);
#1378 = ORIENTED_EDGE('',*,*,#1264,.F.);
#1379 = ORIENTED_EDGE('',*,*,#1282,.F.);
#1380 = ORIENTED_EDGE('',*,*,#629,.T.);
#1381 = ORIENTED_EDGE('',*,*,#1382,.T.);
#1382 = EDGE_CURVE('',#632,#1369,#1383,.T.);
#1383 = LINE('',#1384,#1385);
#1384 = CARTESIAN_POINT('',(1.54,-0.8,-6.938893903907E-18));
#1385 = VECTOR('',#1386,1.);
#1386 = DIRECTION('',(0.,1.,0.));
#1387 = PLANE('',#1388);
#1388 = AXIS2_PLACEMENT_3D('',#1389,#1390,#1391);
#1389 = CARTESIAN_POINT('',(1.,-0.8,0.));
#1390 = DIRECTION('',(0.,0.,1.));
#1391 = DIRECTION('',(1.,0.,-0.));
#1392 = ADVANCED_FACE('',(#1393),#1412,.T.);
#1393 = FACE_BOUND('',#1394,.T.);
#1394 = EDGE_LOOP('',(#1395,#1396,#1397,#1406));
#1395 = ORIENTED_EDGE('',*,*,#681,.T.);
#1396 = ORIENTED_EDGE('',*,*,#1382,.T.);
#1397 = ORIENTED_EDGE('',*,*,#1398,.F.);
#1398 = EDGE_CURVE('',#1399,#1369,#1401,.T.);
#1399 = VERTEX_POINT('',#1400);
#1400 = CARTESIAN_POINT('',(1.6,0.8,6.E-02));
#1401 = CIRCLE('',#1402,6.E-02);
#1402 = AXIS2_PLACEMENT_3D('',#1403,#1404,#1405);
#1403 = CARTESIAN_POINT('',(1.54,0.8,6.E-02));
#1404 = DIRECTION('',(0.,1.,0.));
#1405 = DIRECTION('',(0.,-0.,1.));
#1406 = ORIENTED_EDGE('',*,*,#1407,.F.);
#1407 = EDGE_CURVE('',#674,#1399,#1408,.T.);
#1408 = LINE('',#1409,#1410);
#1409 = CARTESIAN_POINT('',(1.6,-0.8,6.E-02));
#1410 = VECTOR('',#1411,1.);
#1411 = DIRECTION('',(0.,1.,0.));
#1412 = CYLINDRICAL_SURFACE('',#1413,6.E-02);
#1413 = AXIS2_PLACEMENT_3D('',#1414,#1415,#1416);
#1414 = CARTESIAN_POINT('',(1.54,-0.8,6.E-02));
#1415 = DIRECTION('',(0.,1.,0.));
#1416 = DIRECTION('',(1.,0.,0.));
#1417 = ADVANCED_FACE('',(#1418),#1436,.T.);
#1418 = FACE_BOUND('',#1419,.T.);
#1419 = EDGE_LOOP('',(#1420,#1421,#1422,#1430));
#1420 = ORIENTED_EDGE('',*,*,#673,.F.);
#1421 = ORIENTED_EDGE('',*,*,#1407,.T.);
#1422 = ORIENTED_EDGE('',*,*,#1423,.T.);
#1423 = EDGE_CURVE('',#1399,#1424,#1426,.T.);
#1424 = VERTEX_POINT('',#1425);
#1425 = CARTESIAN_POINT('',(1.6,0.8,0.44));
#1426 = LINE('',#1427,#1428);
#1427 = CARTESIAN_POINT('',(1.6,0.8,0.));
#1428 = VECTOR('',#1429,1.);
#1429 = DIRECTION('',(0.,0.,1.));
#1430 = ORIENTED_EDGE('',*,*,#1431,.F.);
#1431 = EDGE_CURVE('',#665,#1424,#1432,.T.);
#1432 = LINE('',#1433,#1434);
#1433 = CARTESIAN_POINT('',(1.6,-0.8,0.44));
#1434 = VECTOR('',#1435,1.);
#1435 = DIRECTION('',(0.,1.,0.));
#1436 = PLANE('',#1437);
#1437 = AXIS2_PLACEMENT_3D('',#1438,#1439,#1440);
#1438 = CARTESIAN_POINT('',(1.6,-0.8,0.));
#1439 = DIRECTION('',(1.,0.,0.));
#1440 = DIRECTION('',(0.,0.,1.));
#1441 = ADVANCED_FACE('',(#1442),#1461,.T.);
#1442 = FACE_BOUND('',#1443,.T.);
#1443 = EDGE_LOOP('',(#1444,#1445,#1454,#1460));
#1444 = ORIENTED_EDGE('',*,*,#1431,.T.);
#1445 = ORIENTED_EDGE('',*,*,#1446,.T.);
#1446 = EDGE_CURVE('',#1424,#1447,#1449,.T.);
#1447 = VERTEX_POINT('',#1448);
#1448 = CARTESIAN_POINT('',(1.54,0.8,0.5));
#1449 = CIRCLE('',#1450,6.E-02);
#1450 = AXIS2_PLACEMENT_3D('',#1451,#1452,#1453);
#1451 = CARTESIAN_POINT('',(1.54,0.8,0.44));
#1452 = DIRECTION('',(0.,-1.,0.));
#1453 = DIRECTION('',(0.,0.,1.));
#1454 = ORIENTED_EDGE('',*,*,#1455,.F.);
#1455 = EDGE_CURVE('',#657,#1447,#1456,.T.);
#1456 = LINE('',#1457,#1458);
#1457 = CARTESIAN_POINT('',(1.54,-0.8,0.5));
#1458 = VECTOR('',#1459,1.);
#1459 = DIRECTION('',(0.,1.,0.));
#1460 = ORIENTED_EDGE('',*,*,#664,.F.);
#1461 = CYLINDRICAL_SURFACE('',#1462,6.E-02);
#1462 = AXIS2_PLACEMENT_3D('',#1463,#1464,#1465);
#1463 = CARTESIAN_POINT('',(1.54,-0.8,0.44));
#1464 = DIRECTION('',(0.,1.,0.));
#1465 = DIRECTION('',(1.,0.,0.));
#1466 = ADVANCED_FACE('',(#1467),#1508,.T.);
#1467 = FACE_BOUND('',#1468,.T.);
#1468 = EDGE_LOOP('',(#1469,#1477,#1485,#1491,#1492,#1500,#1506,#1507));
#1469 = ORIENTED_EDGE('',*,*,#1470,.F.);
#1470 = EDGE_CURVE('',#1471,#1447,#1473,.T.);
#1471 = VERTEX_POINT('',#1472);
#1472 = CARTESIAN_POINT('',(1.45,0.8,0.5));
#1473 = LINE('',#1474,#1475);
#1474 = CARTESIAN_POINT('',(1.,0.8,0.5));
#1475 = VECTOR('',#1476,1.);
#1476 = DIRECTION('',(1.,0.,0.));
#1477 = ORIENTED_EDGE('',*,*,#1478,.F.);
#1478 = EDGE_CURVE('',#1479,#1471,#1481,.T.);
#1479 = VERTEX_POINT('',#1480);
#1480 = CARTESIAN_POINT('',(1.45,0.6,0.5));
#1481 = LINE('',#1482,#1483);
#1482 = CARTESIAN_POINT('',(1.45,-0.1,0.5));
#1483 = VECTOR('',#1484,1.);
#1484 = DIRECTION('',(0.,1.,0.));
#1485 = ORIENTED_EDGE('',*,*,#1486,.F.);
#1486 = EDGE_CURVE('',#762,#1479,#1487,.T.);
#1487 = LINE('',#1488,#1489);
#1488 = CARTESIAN_POINT('',(-0.225,0.6,0.5));
#1489 = VECTOR('',#1490,1.);
#1490 = DIRECTION('',(1.,0.,0.));
#1491 = ORIENTED_EDGE('',*,*,#761,.F.);
#1492 = ORIENTED_EDGE('',*,*,#1493,.F.);
#1493 = EDGE_CURVE('',#1494,#753,#1496,.T.);
#1494 = VERTEX_POINT('',#1495);
#1495 = CARTESIAN_POINT('',(1.45,-0.6,0.5));
#1496 = LINE('',#1497,#1498);
#1497 = CARTESIAN_POINT('',(1.225,-0.6,0.5));
#1498 = VECTOR('',#1499,1.);
#1499 = DIRECTION('',(-1.,0.,0.));
#1500 = ORIENTED_EDGE('',*,*,#1501,.F.);
#1501 = EDGE_CURVE('',#649,#1494,#1502,.T.);
#1502 = LINE('',#1503,#1504);
#1503 = CARTESIAN_POINT('',(1.45,-0.9,0.5));
#1504 = VECTOR('',#1505,1.);
#1505 = DIRECTION('',(0.,1.,0.));
#1506 = ORIENTED_EDGE('',*,*,#656,.T.);
#1507 = ORIENTED_EDGE('',*,*,#1455,.T.);
#1508 = PLANE('',#1509);
#1509 = AXIS2_PLACEMENT_3D('',#1510,#1511,#1512);
#1510 = CARTESIAN_POINT('',(1.,-0.8,0.5));
#1511 = DIRECTION('',(0.,0.,1.));
#1512 = DIRECTION('',(1.,0.,-0.));
#1513 = ADVANCED_FACE('',(#1514),#1525,.F.);
#1514 = FACE_BOUND('',#1515,.F.);
#1515 = EDGE_LOOP('',(#1516,#1522,#1523,#1524));
#1516 = ORIENTED_EDGE('',*,*,#1517,.F.);
#1517 = EDGE_CURVE('',#1494,#697,#1518,.T.);
#1518 = LINE('',#1519,#1520);
#1519 = CARTESIAN_POINT('',(1.45,-0.6,0.75));
#1520 = VECTOR('',#1521,1.);
#1521 = DIRECTION('',(-0.,-0.,-1.));
#1522 = ORIENTED_EDGE('',*,*,#1501,.F.);
#1523 = ORIENTED_EDGE('',*,*,#648,.T.);
#1524 = ORIENTED_EDGE('',*,*,#706,.F.);
#1525 = PLANE('',#1526);
#1526 = AXIS2_PLACEMENT_3D('',#1527,#1528,#1529);
#1527 = CARTESIAN_POINT('',(1.45,-1.,0.75));
#1528 = DIRECTION('',(1.,0.,0.));
#1529 = DIRECTION('',(-0.,1.,0.));
#1530 = ADVANCED_FACE('',(#1531),#1537,.F.);
#1531 = FACE_BOUND('',#1532,.F.);
#1532 = EDGE_LOOP('',(#1533,#1534,#1535,#1536));
#1533 = ORIENTED_EDGE('',*,*,#1493,.F.);
#1534 = ORIENTED_EDGE('',*,*,#1517,.T.);
#1535 = ORIENTED_EDGE('',*,*,#696,.F.);
#1536 = ORIENTED_EDGE('',*,*,#752,.T.);
#1537 = PLANE('',#1538);
#1538 = AXIS2_PLACEMENT_3D('',#1539,#1540,#1541);
#1539 = CARTESIAN_POINT('',(1.45,-0.6,0.75));
#1540 = DIRECTION('',(0.,1.,0.));
#1541 = DIRECTION('',(-1.,0.,0.));
#1542 = ADVANCED_FACE('',(#1543),#1559,.F.);
#1543 = FACE_BOUND('',#1544,.F.);
#1544 = EDGE_LOOP('',(#1545,#1546,#1552,#1553));
#1545 = ORIENTED_EDGE('',*,*,#1478,.F.);
#1546 = ORIENTED_EDGE('',*,*,#1547,.T.);
#1547 = EDGE_CURVE('',#1479,#730,#1548,.T.);
#1548 = LINE('',#1549,#1550);
#1549 = CARTESIAN_POINT('',(1.45,0.6,0.75));
#1550 = VECTOR('',#1551,1.);
#1551 = DIRECTION('',(-0.,-0.,-1.));
#1552 = ORIENTED_EDGE('',*,*,#737,.F.);
#1553 = ORIENTED_EDGE('',*,*,#1554,.F.);
#1554 = EDGE_CURVE('',#1471,#721,#1555,.T.);
#1555 = LINE('',#1556,#1557);
#1556 = CARTESIAN_POINT('',(1.45,0.8,0.375));
#1557 = VECTOR('',#1558,1.);
#1558 = DIRECTION('',(0.,0.,-1.));
#1559 = PLANE('',#1560);
#1560 = AXIS2_PLACEMENT_3D('',#1561,#1562,#1563);
#1561 = CARTESIAN_POINT('',(1.45,0.6,0.75));
#1562 = DIRECTION('',(1.,0.,0.));
#1563 = DIRECTION('',(-0.,1.,0.));
#1564 = ADVANCED_FACE('',(#1565),#1571,.F.);
#1565 = FACE_BOUND('',#1566,.F.);
#1566 = EDGE_LOOP('',(#1567,#1568,#1569,#1570));
#1567 = ORIENTED_EDGE('',*,*,#1547,.F.);
#1568 = ORIENTED_EDGE('',*,*,#1486,.F.);
#1569 = ORIENTED_EDGE('',*,*,#769,.F.);
#1570 = ORIENTED_EDGE('',*,*,#729,.F.);
#1571 = PLANE('',#1572);
#1572 = AXIS2_PLACEMENT_3D('',#1573,#1574,#1575);
#1573 = CARTESIAN_POINT('',(-1.45,0.6,0.75));
#1574 = DIRECTION('',(0.,-1.,0.));
#1575 = DIRECTION('',(1.,0.,0.));
#1576 = ADVANCED_FACE('',(#1577),#1589,.T.);
#1577 = FACE_BOUND('',#1578,.T.);
#1578 = EDGE_LOOP('',(#1579,#1580,#1581,#1582,#1583,#1584,#1585,#1586,
    #1587,#1588));
#1579 = ORIENTED_EDGE('',*,*,#957,.F.);
#1580 = ORIENTED_EDGE('',*,*,#1028,.F.);
#1581 = ORIENTED_EDGE('',*,*,#1064,.T.);
#1582 = ORIENTED_EDGE('',*,*,#1088,.T.);
#1583 = ORIENTED_EDGE('',*,*,#912,.T.);
#1584 = ORIENTED_EDGE('',*,*,#873,.F.);
#1585 = ORIENTED_EDGE('',*,*,#800,.F.);
#1586 = ORIENTED_EDGE('',*,*,#792,.F.);
#1587 = ORIENTED_EDGE('',*,*,#784,.T.);
#1588 = ORIENTED_EDGE('',*,*,#1159,.F.);
#1589 = PLANE('',#1590);
#1590 = AXIS2_PLACEMENT_3D('',#1591,#1592,#1593);
#1591 = CARTESIAN_POINT('',(-1.6,0.8,0.));
#1592 = DIRECTION('',(0.,1.,0.));
#1593 = DIRECTION('',(0.,-0.,1.));
#1594 = ADVANCED_FACE('',(#1595),#1607,.T.);
#1595 = FACE_BOUND('',#1596,.T.);
#1596 = EDGE_LOOP('',(#1597,#1598,#1599,#1600,#1601,#1602,#1603,#1604,
    #1605,#1606));
#1597 = ORIENTED_EDGE('',*,*,#1368,.F.);
#1598 = ORIENTED_EDGE('',*,*,#1191,.F.);
#1599 = ORIENTED_EDGE('',*,*,#825,.T.);
#1600 = ORIENTED_EDGE('',*,*,#817,.T.);
#1601 = ORIENTED_EDGE('',*,*,#809,.F.);
#1602 = ORIENTED_EDGE('',*,*,#1554,.F.);
#1603 = ORIENTED_EDGE('',*,*,#1470,.T.);
#1604 = ORIENTED_EDGE('',*,*,#1446,.F.);
#1605 = ORIENTED_EDGE('',*,*,#1423,.F.);
#1606 = ORIENTED_EDGE('',*,*,#1398,.T.);
#1607 = PLANE('',#1608);
#1608 = AXIS2_PLACEMENT_3D('',#1609,#1610,#1611);
#1609 = CARTESIAN_POINT('',(1.,0.8,0.));
#1610 = DIRECTION('',(0.,1.,0.));
#1611 = DIRECTION('',(0.,-0.,1.));
#1612 = ADVANCED_FACE('',(#1613),#1618,.T.);
#1613 = FACE_BOUND('',#1614,.T.);
#1614 = EDGE_LOOP('',(#1615,#1616,#1617));
#1615 = ORIENTED_EDGE('',*,*,#1337,.T.);
#1616 = ORIENTED_EDGE('',*,*,#1313,.T.);
#1617 = ORIENTED_EDGE('',*,*,#1354,.T.);
#1618 = PLANE('',#1619);
#1619 = AXIS2_PLACEMENT_3D('',#1620,#1621,#1622);
#1620 = CARTESIAN_POINT('',(0.184752086141,0.,3.E-02));
#1621 = DIRECTION('',(-0.,-0.,-1.));
#1622 = DIRECTION('',(-1.,0.,0.));
#1623 = ( GEOMETRIC_REPRESENTATION_CONTEXT(3) 
GLOBAL_UNCERTAINTY_ASSIGNED_CONTEXT((#1627)) 
GLOBAL_UNIT_ASSIGNED_CONTEXT((#1624,#1625,#1626)) REPRESENTATION_CONTEXT
('Context #1','3D Context with UNIT and UNCERTAINTY') );
#1624 = ( LENGTH_UNIT() NAMED_UNIT(*) SI_UNIT(.MILLI.,.METRE.) );
#1625 = ( NAMED_UNIT(*) PLANE_ANGLE_UNIT() SI_UNIT($,.RADIAN.) );
#1626 = ( NAMED_UNIT(*) SI_UNIT($,.STERADIAN.) SOLID_ANGLE_UNIT() );
#1627 = UNCERTAINTY_MEASURE_WITH_UNIT(LENGTH_MEASURE(1.E-07),#1624,
  'distance_accuracy_value','confusion accuracy');
#1628 = CONTEXT_DEPENDENT_SHAPE_REPRESENTATION(#1629,#1631);
#1629 = ( REPRESENTATION_RELATIONSHIP('','',#99,#76) 
REPRESENTATION_RELATIONSHIP_WITH_TRANSFORMATION(#1630) 
SHAPE_REPRESENTATION_RELATIONSHIP() );
#1630 = ITEM_DEFINED_TRANSFORMATION('','',#11,#77);
#1631 = PRODUCT_DEFINITION_SHAPE('Placement','Placement of an item',
  #1632);
#1632 = NEXT_ASSEMBLY_USAGE_OCCURRENCE('1','=>[0:1:1:3]','',#71,#94,$);
#1633 = PRODUCT_RELATED_PRODUCT_CATEGORY('part',$,(#96));
#1634 = SHAPE_DEFINITION_REPRESENTATION(#1635,#1641);
#1635 = PRODUCT_DEFINITION_SHAPE('','',#1636);
#1636 = PRODUCT_DEFINITION('design','',#1637,#1640);
#1637 = PRODUCT_DEFINITION_FORMATION('','',#1638);
#1638 = PRODUCT('R_0603_1608Metric','R_0603_1608Metric','',(#1639));
#1639 = PRODUCT_CONTEXT('',#2,'mechanical');
#1640 = PRODUCT_DEFINITION_CONTEXT('part definition',#2,'design');
#1641 = SHAPE_REPRESENTATION('',(#11,#1642),#1646);
#1642 = AXIS2_PLACEMENT_3D('',#1643,#1644,#1645);
#1643 = CARTESIAN_POINT('',(0.,0.,0.));
#1644 = DIRECTION('',(0.,0.,1.));
#1645 = DIRECTION('',(1.,0.,-0.));
#1646 = ( GEOMETRIC_REPRESENTATION_CONTEXT(3) 
GLOBAL_UNCERTAINTY_ASSIGNED_CONTEXT((#1650)) 
GLOBAL_UNIT_ASSIGNED_CONTEXT((#1647,#1648,#1649)) REPRESENTATION_CONTEXT
('Context #1','3D Context with UNIT and UNCERTAINTY') );
#1647 = ( LENGTH_UNIT() NAMED_UNIT(*) SI_UNIT(.MILLI.,.METRE.) );
#1648 = ( NAMED_UNIT(*) PLANE_ANGLE_UNIT() SI_UNIT($,.RADIAN.) );
#1649 = ( NAMED_UNIT(*) SI_UNIT($,.STERADIAN.) SOLID_ANGLE_UNIT() );
#1650 = UNCERTAINTY_MEASURE_WITH_UNIT(LENGTH_MEASURE(1.E-07),#1647,
  'distance_accuracy_value','confusion accuracy');
#1651 = CONTEXT_DEPENDENT_SHAPE_REPRESENTATION(#1652,#1654);
#1652 = ( REPRESENTATION_RELATIONSHIP('','',#1641,#10) 
REPRESENTATION_RELATIONSHIP_WITH_TRANSFORMATION(#1653) 
SHAPE_REPRESENTATION_RELATIONSHIP() );
#1653 = ITEM_DEFINED_TRANSFORMATION('','',#11,#19);
#1654 = PRODUCT_DEFINITION_SHAPE('Placement','Placement of an item',
  #1655);
#1655 = NEXT_ASSEMBLY_USAGE_OCCURRENCE('4','C4','',#5,#1636,$);
#1656 = PRODUCT_RELATED_PRODUCT_CATEGORY('part',$,(#1638));
#1657 = SHAPE_DEFINITION_REPRESENTATION(#1658,#1664);
#1658 = PRODUCT_DEFINITION_SHAPE('','',#1659);
#1659 = PRODUCT_DEFINITION('design','',#1660,#1663);
#1660 = PRODUCT_DEFINITION_FORMATION('','',#1661);
#1661 = PRODUCT('R_0603_1608Metric','R_0603_1608Metric','',(#1662));
#1662 = PRODUCT_CONTEXT('',#2,'mechanical');
#1663 = PRODUCT_DEFINITION_CONTEXT('part definition',#2,'design');
#1664 = ADVANCED_BREP_SHAPE_REPRESENTATION('',(#11,#1665),#2455);
#1665 = MANIFOLD_SOLID_BREP('',#1666);
#1666 = CLOSED_SHELL('',(#1667,#1707,#1790,#1815,#1840,#1907,#1924,#1941
    ,#1990,#2007,#2024,#2073,#2090,#2159,#2190,#2214,#2283,#2307,#2324,
    #2341,#2358,#2375,#2392,#2409,#2426,#2443));
#1667 = ADVANCED_FACE('',(#1668),#1702,.F.);
#1668 = FACE_BOUND('',#1669,.F.);
#1669 = EDGE_LOOP('',(#1670,#1680,#1688,#1696));
#1670 = ORIENTED_EDGE('',*,*,#1671,.F.);
#1671 = EDGE_CURVE('',#1672,#1674,#1676,.T.);
#1672 = VERTEX_POINT('',#1673);
#1673 = CARTESIAN_POINT('',(-0.8,-0.4,4.5E-02));
#1674 = VERTEX_POINT('',#1675);
#1675 = CARTESIAN_POINT('',(-0.8,-0.4,0.405));
#1676 = LINE('',#1677,#1678);
#1677 = CARTESIAN_POINT('',(-0.8,-0.4,0.));
#1678 = VECTOR('',#1679,1.);
#1679 = DIRECTION('',(0.,0.,1.));
#1680 = ORIENTED_EDGE('',*,*,#1681,.T.);
#1681 = EDGE_CURVE('',#1672,#1682,#1684,.T.);
#1682 = VERTEX_POINT('',#1683);
#1683 = CARTESIAN_POINT('',(-0.8,0.4,4.5E-02));
#1684 = LINE('',#1685,#1686);
#1685 = CARTESIAN_POINT('',(-0.8,-0.4,4.5E-02));
#1686 = VECTOR('',#1687,1.);
#1687 = DIRECTION('',(0.,1.,0.));
#1688 = ORIENTED_EDGE('',*,*,#1689,.T.);
#1689 = EDGE_CURVE('',#1682,#1690,#1692,.T.);
#1690 = VERTEX_POINT('',#1691);
#1691 = CARTESIAN_POINT('',(-0.8,0.4,0.405));
#1692 = LINE('',#1693,#1694);
#1693 = CARTESIAN_POINT('',(-0.8,0.4,0.));
#1694 = VECTOR('',#1695,1.);
#1695 = DIRECTION('',(0.,0.,1.));
#1696 = ORIENTED_EDGE('',*,*,#1697,.F.);
#1697 = EDGE_CURVE('',#1674,#1690,#1698,.T.);
#1698 = LINE('',#1699,#1700);
#1699 = CARTESIAN_POINT('',(-0.8,-0.4,0.405));
#1700 = VECTOR('',#1701,1.);
#1701 = DIRECTION('',(0.,1.,0.));
#1702 = PLANE('',#1703);
#1703 = AXIS2_PLACEMENT_3D('',#1704,#1705,#1706);
#1704 = CARTESIAN_POINT('',(-0.8,-0.4,0.));
#1705 = DIRECTION('',(1.,0.,0.));
#1706 = DIRECTION('',(0.,0.,1.));
#1707 = ADVANCED_FACE('',(#1708),#1785,.F.);
#1708 = FACE_BOUND('',#1709,.F.);
#1709 = EDGE_LOOP('',(#1710,#1720,#1727,#1728,#1737,#1745,#1754,#1762,
    #1770,#1778));
#1710 = ORIENTED_EDGE('',*,*,#1711,.F.);
#1711 = EDGE_CURVE('',#1712,#1714,#1716,.T.);
#1712 = VERTEX_POINT('',#1713);
#1713 = CARTESIAN_POINT('',(-0.755,-0.4,-2.775557561563E-17));
#1714 = VERTEX_POINT('',#1715);
#1715 = CARTESIAN_POINT('',(-0.545,-0.4,-2.775557561563E-17));
#1716 = LINE('',#1717,#1718);
#1717 = CARTESIAN_POINT('',(-0.8,-0.4,0.));
#1718 = VECTOR('',#1719,1.);
#1719 = DIRECTION('',(1.,0.,0.));
#1720 = ORIENTED_EDGE('',*,*,#1721,.F.);
#1721 = EDGE_CURVE('',#1672,#1712,#1722,.T.);
#1722 = CIRCLE('',#1723,4.5E-02);
#1723 = AXIS2_PLACEMENT_3D('',#1724,#1725,#1726);
#1724 = CARTESIAN_POINT('',(-0.755,-0.4,4.5E-02));
#1725 = DIRECTION('',(0.,-1.,0.));
#1726 = DIRECTION('',(0.,0.,1.));
#1727 = ORIENTED_EDGE('',*,*,#1671,.T.);
#1728 = ORIENTED_EDGE('',*,*,#1729,.T.);
#1729 = EDGE_CURVE('',#1674,#1730,#1732,.T.);
#1730 = VERTEX_POINT('',#1731);
#1731 = CARTESIAN_POINT('',(-0.755,-0.4,0.45));
#1732 = CIRCLE('',#1733,4.5E-02);
#1733 = AXIS2_PLACEMENT_3D('',#1734,#1735,#1736);
#1734 = CARTESIAN_POINT('',(-0.755,-0.4,0.405));
#1735 = DIRECTION('',(0.,1.,0.));
#1736 = DIRECTION('',(0.,-0.,1.));
#1737 = ORIENTED_EDGE('',*,*,#1738,.T.);
#1738 = EDGE_CURVE('',#1730,#1739,#1741,.T.);
#1739 = VERTEX_POINT('',#1740);
#1740 = CARTESIAN_POINT('',(-0.545,-0.4,0.45));
#1741 = LINE('',#1742,#1743);
#1742 = CARTESIAN_POINT('',(-0.8,-0.4,0.45));
#1743 = VECTOR('',#1744,1.);
#1744 = DIRECTION('',(1.,0.,0.));
#1745 = ORIENTED_EDGE('',*,*,#1746,.F.);
#1746 = EDGE_CURVE('',#1747,#1739,#1749,.T.);
#1747 = VERTEX_POINT('',#1748);
#1748 = CARTESIAN_POINT('',(-0.5,-0.4,0.405));
#1749 = CIRCLE('',#1750,4.5E-02);
#1750 = AXIS2_PLACEMENT_3D('',#1751,#1752,#1753);
#1751 = CARTESIAN_POINT('',(-0.545,-0.4,0.405));
#1752 = DIRECTION('',(0.,-1.,0.));
#1753 = DIRECTION('',(0.,0.,1.));
#1754 = ORIENTED_EDGE('',*,*,#1755,.F.);
#1755 = EDGE_CURVE('',#1756,#1747,#1758,.T.);
#1756 = VERTEX_POINT('',#1757);
#1757 = CARTESIAN_POINT('',(-0.755,-0.4,0.405));
#1758 = LINE('',#1759,#1760);
#1759 = CARTESIAN_POINT('',(-0.755,-0.4,0.405));
#1760 = VECTOR('',#1761,1.);
#1761 = DIRECTION('',(1.,0.,0.));
#1762 = ORIENTED_EDGE('',*,*,#1763,.F.);
#1763 = EDGE_CURVE('',#1764,#1756,#1766,.T.);
#1764 = VERTEX_POINT('',#1765);
#1765 = CARTESIAN_POINT('',(-0.755,-0.4,4.5E-02));
#1766 = LINE('',#1767,#1768);
#1767 = CARTESIAN_POINT('',(-0.755,-0.4,4.5E-02));
#1768 = VECTOR('',#1769,1.);
#1769 = DIRECTION('',(0.,0.,1.));
#1770 = ORIENTED_EDGE('',*,*,#1771,.T.);
#1771 = EDGE_CURVE('',#1764,#1772,#1774,.T.);
#1772 = VERTEX_POINT('',#1773);
#1773 = CARTESIAN_POINT('',(-0.5,-0.4,4.5E-02));
#1774 = LINE('',#1775,#1776);
#1775 = CARTESIAN_POINT('',(-0.755,-0.4,4.5E-02));
#1776 = VECTOR('',#1777,1.);
#1777 = DIRECTION('',(1.,0.,0.));
#1778 = ORIENTED_EDGE('',*,*,#1779,.T.);
#1779 = EDGE_CURVE('',#1772,#1714,#1780,.T.);
#1780 = CIRCLE('',#1781,4.5E-02);
#1781 = AXIS2_PLACEMENT_3D('',#1782,#1783,#1784);
#1782 = CARTESIAN_POINT('',(-0.545,-0.4,4.5E-02));
#1783 = DIRECTION('',(0.,1.,0.));
#1784 = DIRECTION('',(0.,-0.,1.));
#1785 = PLANE('',#1786);
#1786 = AXIS2_PLACEMENT_3D('',#1787,#1788,#1789);
#1787 = CARTESIAN_POINT('',(-0.8,-0.4,0.));
#1788 = DIRECTION('',(0.,1.,0.));
#1789 = DIRECTION('',(0.,-0.,1.));
#1790 = ADVANCED_FACE('',(#1791),#1810,.T.);
#1791 = FACE_BOUND('',#1792,.T.);
#1792 = EDGE_LOOP('',(#1793,#1794,#1803,#1809));
#1793 = ORIENTED_EDGE('',*,*,#1681,.T.);
#1794 = ORIENTED_EDGE('',*,*,#1795,.T.);
#1795 = EDGE_CURVE('',#1682,#1796,#1798,.T.);
#1796 = VERTEX_POINT('',#1797);
#1797 = CARTESIAN_POINT('',(-0.755,0.4,-2.775557561563E-17));
#1798 = CIRCLE('',#1799,4.5E-02);
#1799 = AXIS2_PLACEMENT_3D('',#1800,#1801,#1802);
#1800 = CARTESIAN_POINT('',(-0.755,0.4,4.5E-02));
#1801 = DIRECTION('',(0.,-1.,0.));
#1802 = DIRECTION('',(0.,0.,1.));
#1803 = ORIENTED_EDGE('',*,*,#1804,.F.);
#1804 = EDGE_CURVE('',#1712,#1796,#1805,.T.);
#1805 = LINE('',#1806,#1807);
#1806 = CARTESIAN_POINT('',(-0.755,-0.4,-2.775557561563E-17));
#1807 = VECTOR('',#1808,1.);
#1808 = DIRECTION('',(0.,1.,0.));
#1809 = ORIENTED_EDGE('',*,*,#1721,.F.);
#1810 = CYLINDRICAL_SURFACE('',#1811,4.5E-02);
#1811 = AXIS2_PLACEMENT_3D('',#1812,#1813,#1814);
#1812 = CARTESIAN_POINT('',(-0.755,-0.4,4.5E-02));
#1813 = DIRECTION('',(0.,1.,0.));
#1814 = DIRECTION('',(-1.,0.,0.));
#1815 = ADVANCED_FACE('',(#1816),#1835,.T.);
#1816 = FACE_BOUND('',#1817,.T.);
#1817 = EDGE_LOOP('',(#1818,#1819,#1827,#1834));
#1818 = ORIENTED_EDGE('',*,*,#1729,.T.);
#1819 = ORIENTED_EDGE('',*,*,#1820,.T.);
#1820 = EDGE_CURVE('',#1730,#1821,#1823,.T.);
#1821 = VERTEX_POINT('',#1822);
#1822 = CARTESIAN_POINT('',(-0.755,0.4,0.45));
#1823 = LINE('',#1824,#1825);
#1824 = CARTESIAN_POINT('',(-0.755,-0.4,0.45));
#1825 = VECTOR('',#1826,1.);
#1826 = DIRECTION('',(0.,1.,0.));
#1827 = ORIENTED_EDGE('',*,*,#1828,.F.);
#1828 = EDGE_CURVE('',#1690,#1821,#1829,.T.);
#1829 = CIRCLE('',#1830,4.5E-02);
#1830 = AXIS2_PLACEMENT_3D('',#1831,#1832,#1833);
#1831 = CARTESIAN_POINT('',(-0.755,0.4,0.405));
#1832 = DIRECTION('',(0.,1.,0.));
#1833 = DIRECTION('',(0.,-0.,1.));
#1834 = ORIENTED_EDGE('',*,*,#1697,.F.);
#1835 = CYLINDRICAL_SURFACE('',#1836,4.5E-02);
#1836 = AXIS2_PLACEMENT_3D('',#1837,#1838,#1839);
#1837 = CARTESIAN_POINT('',(-0.755,-0.4,0.405));
#1838 = DIRECTION('',(0.,1.,0.));
#1839 = DIRECTION('',(-1.,0.,0.));
#1840 = ADVANCED_FACE('',(#1841),#1902,.T.);
#1841 = FACE_BOUND('',#1842,.T.);
#1842 = EDGE_LOOP('',(#1843,#1851,#1852,#1853,#1854,#1862,#1871,#1879,
    #1887,#1895));
#1843 = ORIENTED_EDGE('',*,*,#1844,.F.);
#1844 = EDGE_CURVE('',#1796,#1845,#1847,.T.);
#1845 = VERTEX_POINT('',#1846);
#1846 = CARTESIAN_POINT('',(-0.545,0.4,-2.775557561563E-17));
#1847 = LINE('',#1848,#1849);
#1848 = CARTESIAN_POINT('',(-0.8,0.4,0.));
#1849 = VECTOR('',#1850,1.);
#1850 = DIRECTION('',(1.,0.,0.));
#1851 = ORIENTED_EDGE('',*,*,#1795,.F.);
#1852 = ORIENTED_EDGE('',*,*,#1689,.T.);
#1853 = ORIENTED_EDGE('',*,*,#1828,.T.);
#1854 = ORIENTED_EDGE('',*,*,#1855,.T.);
#1855 = EDGE_CURVE('',#1821,#1856,#1858,.T.);
#1856 = VERTEX_POINT('',#1857);
#1857 = CARTESIAN_POINT('',(-0.545,0.4,0.45));
#1858 = LINE('',#1859,#1860);
#1859 = CARTESIAN_POINT('',(-0.8,0.4,0.45));
#1860 = VECTOR('',#1861,1.);
#1861 = DIRECTION('',(1.,0.,0.));
#1862 = ORIENTED_EDGE('',*,*,#1863,.F.);
#1863 = EDGE_CURVE('',#1864,#1856,#1866,.T.);
#1864 = VERTEX_POINT('',#1865);
#1865 = CARTESIAN_POINT('',(-0.5,0.4,0.405));
#1866 = CIRCLE('',#1867,4.5E-02);
#1867 = AXIS2_PLACEMENT_3D('',#1868,#1869,#1870);
#1868 = CARTESIAN_POINT('',(-0.545,0.4,0.405));
#1869 = DIRECTION('',(0.,-1.,0.));
#1870 = DIRECTION('',(0.,0.,1.));
#1871 = ORIENTED_EDGE('',*,*,#1872,.F.);
#1872 = EDGE_CURVE('',#1873,#1864,#1875,.T.);
#1873 = VERTEX_POINT('',#1874);
#1874 = CARTESIAN_POINT('',(-0.755,0.4,0.405));
#1875 = LINE('',#1876,#1877);
#1876 = CARTESIAN_POINT('',(-0.755,0.4,0.405));
#1877 = VECTOR('',#1878,1.);
#1878 = DIRECTION('',(1.,0.,0.));
#1879 = ORIENTED_EDGE('',*,*,#1880,.F.);
#1880 = EDGE_CURVE('',#1881,#1873,#1883,.T.);
#1881 = VERTEX_POINT('',#1882);
#1882 = CARTESIAN_POINT('',(-0.755,0.4,4.5E-02));
#1883 = LINE('',#1884,#1885);
#1884 = CARTESIAN_POINT('',(-0.755,0.4,4.5E-02));
#1885 = VECTOR('',#1886,1.);
#1886 = DIRECTION('',(0.,0.,1.));
#1887 = ORIENTED_EDGE('',*,*,#1888,.T.);
#1888 = EDGE_CURVE('',#1881,#1889,#1891,.T.);
#1889 = VERTEX_POINT('',#1890);
#1890 = CARTESIAN_POINT('',(-0.5,0.4,4.5E-02));
#1891 = LINE('',#1892,#1893);
#1892 = CARTESIAN_POINT('',(-0.755,0.4,4.5E-02));
#1893 = VECTOR('',#1894,1.);
#1894 = DIRECTION('',(1.,0.,0.));
#1895 = ORIENTED_EDGE('',*,*,#1896,.T.);
#1896 = EDGE_CURVE('',#1889,#1845,#1897,.T.);
#1897 = CIRCLE('',#1898,4.5E-02);
#1898 = AXIS2_PLACEMENT_3D('',#1899,#1900,#1901);
#1899 = CARTESIAN_POINT('',(-0.545,0.4,4.5E-02));
#1900 = DIRECTION('',(0.,1.,0.));
#1901 = DIRECTION('',(0.,-0.,1.));
#1902 = PLANE('',#1903);
#1903 = AXIS2_PLACEMENT_3D('',#1904,#1905,#1906);
#1904 = CARTESIAN_POINT('',(-0.8,0.4,0.));
#1905 = DIRECTION('',(0.,1.,0.));
#1906 = DIRECTION('',(0.,-0.,1.));
#1907 = ADVANCED_FACE('',(#1908),#1919,.F.);
#1908 = FACE_BOUND('',#1909,.F.);
#1909 = EDGE_LOOP('',(#1910,#1911,#1912,#1913));
#1910 = ORIENTED_EDGE('',*,*,#1844,.F.);
#1911 = ORIENTED_EDGE('',*,*,#1804,.F.);
#1912 = ORIENTED_EDGE('',*,*,#1711,.T.);
#1913 = ORIENTED_EDGE('',*,*,#1914,.T.);
#1914 = EDGE_CURVE('',#1714,#1845,#1915,.T.);
#1915 = LINE('',#1916,#1917);
#1916 = CARTESIAN_POINT('',(-0.545,-0.4,-2.775557561563E-17));
#1917 = VECTOR('',#1918,1.);
#1918 = DIRECTION('',(0.,1.,0.));
#1919 = PLANE('',#1920);
#1920 = AXIS2_PLACEMENT_3D('',#1921,#1922,#1923);
#1921 = CARTESIAN_POINT('',(-0.8,-0.4,0.));
#1922 = DIRECTION('',(0.,0.,1.));
#1923 = DIRECTION('',(1.,0.,-0.));
#1924 = ADVANCED_FACE('',(#1925),#1936,.T.);
#1925 = FACE_BOUND('',#1926,.T.);
#1926 = EDGE_LOOP('',(#1927,#1928,#1929,#1930));
#1927 = ORIENTED_EDGE('',*,*,#1779,.T.);
#1928 = ORIENTED_EDGE('',*,*,#1914,.T.);
#1929 = ORIENTED_EDGE('',*,*,#1896,.F.);
#1930 = ORIENTED_EDGE('',*,*,#1931,.F.);
#1931 = EDGE_CURVE('',#1772,#1889,#1932,.T.);
#1932 = LINE('',#1933,#1934);
#1933 = CARTESIAN_POINT('',(-0.5,-0.4,4.5E-02));
#1934 = VECTOR('',#1935,1.);
#1935 = DIRECTION('',(0.,1.,0.));
#1936 = CYLINDRICAL_SURFACE('',#1937,4.5E-02);
#1937 = AXIS2_PLACEMENT_3D('',#1938,#1939,#1940);
#1938 = CARTESIAN_POINT('',(-0.545,-0.4,4.5E-02));
#1939 = DIRECTION('',(0.,1.,0.));
#1940 = DIRECTION('',(1.,0.,0.));
#1941 = ADVANCED_FACE('',(#1942),#1985,.F.);
#1942 = FACE_BOUND('',#1943,.F.);
#1943 = EDGE_LOOP('',(#1944,#1945,#1946,#1947,#1955,#1963,#1971,#1979));
#1944 = ORIENTED_EDGE('',*,*,#1771,.F.);
#1945 = ORIENTED_EDGE('',*,*,#1763,.T.);
#1946 = ORIENTED_EDGE('',*,*,#1755,.T.);
#1947 = ORIENTED_EDGE('',*,*,#1948,.T.);
#1948 = EDGE_CURVE('',#1747,#1949,#1951,.T.);
#1949 = VERTEX_POINT('',#1950);
#1950 = CARTESIAN_POINT('',(0.5,-0.4,0.405));
#1951 = LINE('',#1952,#1953);
#1952 = CARTESIAN_POINT('',(-0.5,-0.4,0.405));
#1953 = VECTOR('',#1954,1.);
#1954 = DIRECTION('',(1.,0.,0.));
#1955 = ORIENTED_EDGE('',*,*,#1956,.T.);
#1956 = EDGE_CURVE('',#1949,#1957,#1959,.T.);
#1957 = VERTEX_POINT('',#1958);
#1958 = CARTESIAN_POINT('',(0.755,-0.4,0.405));
#1959 = LINE('',#1960,#1961);
#1960 = CARTESIAN_POINT('',(-0.755,-0.4,0.405));
#1961 = VECTOR('',#1962,1.);
#1962 = DIRECTION('',(1.,0.,0.));
#1963 = ORIENTED_EDGE('',*,*,#1964,.F.);
#1964 = EDGE_CURVE('',#1965,#1957,#1967,.T.);
#1965 = VERTEX_POINT('',#1966);
#1966 = CARTESIAN_POINT('',(0.755,-0.4,4.5E-02));
#1967 = LINE('',#1968,#1969);
#1968 = CARTESIAN_POINT('',(0.755,-0.4,4.5E-02));
#1969 = VECTOR('',#1970,1.);
#1970 = DIRECTION('',(0.,0.,1.));
#1971 = ORIENTED_EDGE('',*,*,#1972,.F.);
#1972 = EDGE_CURVE('',#1973,#1965,#1975,.T.);
#1973 = VERTEX_POINT('',#1974);
#1974 = CARTESIAN_POINT('',(0.5,-0.4,4.5E-02));
#1975 = LINE('',#1976,#1977);
#1976 = CARTESIAN_POINT('',(-0.755,-0.4,4.5E-02));
#1977 = VECTOR('',#1978,1.);
#1978 = DIRECTION('',(1.,0.,0.));
#1979 = ORIENTED_EDGE('',*,*,#1980,.F.);
#1980 = EDGE_CURVE('',#1772,#1973,#1981,.T.);
#1981 = LINE('',#1982,#1983);
#1982 = CARTESIAN_POINT('',(-0.755,-0.4,4.5E-02));
#1983 = VECTOR('',#1984,1.);
#1984 = DIRECTION('',(1.,0.,0.));
#1985 = PLANE('',#1986);
#1986 = AXIS2_PLACEMENT_3D('',#1987,#1988,#1989);
#1987 = CARTESIAN_POINT('',(-0.755,-0.4,4.5E-02));
#1988 = DIRECTION('',(0.,1.,0.));
#1989 = DIRECTION('',(0.,-0.,1.));
#1990 = ADVANCED_FACE('',(#1991),#2002,.T.);
#1991 = FACE_BOUND('',#1992,.T.);
#1992 = EDGE_LOOP('',(#1993,#1994,#1995,#1996));
#1993 = ORIENTED_EDGE('',*,*,#1855,.F.);
#1994 = ORIENTED_EDGE('',*,*,#1820,.F.);
#1995 = ORIENTED_EDGE('',*,*,#1738,.T.);
#1996 = ORIENTED_EDGE('',*,*,#1997,.T.);
#1997 = EDGE_CURVE('',#1739,#1856,#1998,.T.);
#1998 = LINE('',#1999,#2000);
#1999 = CARTESIAN_POINT('',(-0.545,-0.4,0.45));
#2000 = VECTOR('',#2001,1.);
#2001 = DIRECTION('',(0.,1.,0.));
#2002 = PLANE('',#2003);
#2003 = AXIS2_PLACEMENT_3D('',#2004,#2005,#2006);
#2004 = CARTESIAN_POINT('',(-0.8,-0.4,0.45));
#2005 = DIRECTION('',(0.,0.,1.));
#2006 = DIRECTION('',(1.,0.,-0.));
#2007 = ADVANCED_FACE('',(#2008),#2019,.T.);
#2008 = FACE_BOUND('',#2009,.T.);
#2009 = EDGE_LOOP('',(#2010,#2016,#2017,#2018));
#2010 = ORIENTED_EDGE('',*,*,#2011,.T.);
#2011 = EDGE_CURVE('',#1747,#1864,#2012,.T.);
#2012 = LINE('',#2013,#2014);
#2013 = CARTESIAN_POINT('',(-0.5,-0.4,0.405));
#2014 = VECTOR('',#2015,1.);
#2015 = DIRECTION('',(0.,1.,0.));
#2016 = ORIENTED_EDGE('',*,*,#1863,.T.);
#2017 = ORIENTED_EDGE('',*,*,#1997,.F.);
#2018 = ORIENTED_EDGE('',*,*,#1746,.F.);
#2019 = CYLINDRICAL_SURFACE('',#2020,4.5E-02);
#2020 = AXIS2_PLACEMENT_3D('',#2021,#2022,#2023);
#2021 = CARTESIAN_POINT('',(-0.545,-0.4,0.405));
#2022 = DIRECTION('',(0.,1.,0.));
#2023 = DIRECTION('',(1.,0.,0.));
#2024 = ADVANCED_FACE('',(#2025),#2068,.T.);
#2025 = FACE_BOUND('',#2026,.T.);
#2026 = EDGE_LOOP('',(#2027,#2028,#2029,#2030,#2038,#2046,#2054,#2062));
#2027 = ORIENTED_EDGE('',*,*,#1888,.F.);
#2028 = ORIENTED_EDGE('',*,*,#1880,.T.);
#2029 = ORIENTED_EDGE('',*,*,#1872,.T.);
#2030 = ORIENTED_EDGE('',*,*,#2031,.T.);
#2031 = EDGE_CURVE('',#1864,#2032,#2034,.T.);
#2032 = VERTEX_POINT('',#2033);
#2033 = CARTESIAN_POINT('',(0.5,0.4,0.405));
#2034 = LINE('',#2035,#2036);
#2035 = CARTESIAN_POINT('',(-0.5,0.4,0.405));
#2036 = VECTOR('',#2037,1.);
#2037 = DIRECTION('',(1.,0.,0.));
#2038 = ORIENTED_EDGE('',*,*,#2039,.T.);
#2039 = EDGE_CURVE('',#2032,#2040,#2042,.T.);
#2040 = VERTEX_POINT('',#2041);
#2041 = CARTESIAN_POINT('',(0.755,0.4,0.405));
#2042 = LINE('',#2043,#2044);
#2043 = CARTESIAN_POINT('',(-0.755,0.4,0.405));
#2044 = VECTOR('',#2045,1.);
#2045 = DIRECTION('',(1.,0.,0.));
#2046 = ORIENTED_EDGE('',*,*,#2047,.F.);
#2047 = EDGE_CURVE('',#2048,#2040,#2050,.T.);
#2048 = VERTEX_POINT('',#2049);
#2049 = CARTESIAN_POINT('',(0.755,0.4,4.5E-02));
#2050 = LINE('',#2051,#2052);
#2051 = CARTESIAN_POINT('',(0.755,0.4,4.5E-02));
#2052 = VECTOR('',#2053,1.);
#2053 = DIRECTION('',(0.,0.,1.));
#2054 = ORIENTED_EDGE('',*,*,#2055,.F.);
#2055 = EDGE_CURVE('',#2056,#2048,#2058,.T.);
#2056 = VERTEX_POINT('',#2057);
#2057 = CARTESIAN_POINT('',(0.5,0.4,4.5E-02));
#2058 = LINE('',#2059,#2060);
#2059 = CARTESIAN_POINT('',(-0.755,0.4,4.5E-02));
#2060 = VECTOR('',#2061,1.);
#2061 = DIRECTION('',(1.,0.,0.));
#2062 = ORIENTED_EDGE('',*,*,#2063,.F.);
#2063 = EDGE_CURVE('',#1889,#2056,#2064,.T.);
#2064 = LINE('',#2065,#2066);
#2065 = CARTESIAN_POINT('',(-0.755,0.4,4.5E-02));
#2066 = VECTOR('',#2067,1.);
#2067 = DIRECTION('',(1.,0.,0.));
#2068 = PLANE('',#2069);
#2069 = AXIS2_PLACEMENT_3D('',#2070,#2071,#2072);
#2070 = CARTESIAN_POINT('',(-0.755,0.4,4.5E-02));
#2071 = DIRECTION('',(0.,1.,0.));
#2072 = DIRECTION('',(0.,-0.,1.));
#2073 = ADVANCED_FACE('',(#2074),#2085,.F.);
#2074 = FACE_BOUND('',#2075,.F.);
#2075 = EDGE_LOOP('',(#2076,#2077,#2078,#2084));
#2076 = ORIENTED_EDGE('',*,*,#1931,.F.);
#2077 = ORIENTED_EDGE('',*,*,#1980,.T.);
#2078 = ORIENTED_EDGE('',*,*,#2079,.T.);
#2079 = EDGE_CURVE('',#1973,#2056,#2080,.T.);
#2080 = LINE('',#2081,#2082);
#2081 = CARTESIAN_POINT('',(0.5,-0.4,4.5E-02));
#2082 = VECTOR('',#2083,1.);
#2083 = DIRECTION('',(0.,1.,0.));
#2084 = ORIENTED_EDGE('',*,*,#2063,.F.);
#2085 = PLANE('',#2086);
#2086 = AXIS2_PLACEMENT_3D('',#2087,#2088,#2089);
#2087 = CARTESIAN_POINT('',(-0.755,-0.4,4.5E-02));
#2088 = DIRECTION('',(0.,0.,1.));
#2089 = DIRECTION('',(1.,0.,-0.));
#2090 = ADVANCED_FACE('',(#2091),#2154,.F.);
#2091 = FACE_BOUND('',#2092,.F.);
#2092 = EDGE_LOOP('',(#2093,#2103,#2110,#2111,#2112,#2113,#2122,#2130,
    #2139,#2147));
#2093 = ORIENTED_EDGE('',*,*,#2094,.F.);
#2094 = EDGE_CURVE('',#2095,#2097,#2099,.T.);
#2095 = VERTEX_POINT('',#2096);
#2096 = CARTESIAN_POINT('',(0.545,-0.4,-2.775557561563E-17));
#2097 = VERTEX_POINT('',#2098);
#2098 = CARTESIAN_POINT('',(0.755,-0.4,-2.775557561563E-17));
#2099 = LINE('',#2100,#2101);
#2100 = CARTESIAN_POINT('',(0.5,-0.4,0.));
#2101 = VECTOR('',#2102,1.);
#2102 = DIRECTION('',(1.,0.,0.));
#2103 = ORIENTED_EDGE('',*,*,#2104,.F.);
#2104 = EDGE_CURVE('',#1973,#2095,#2105,.T.);
#2105 = CIRCLE('',#2106,4.5E-02);
#2106 = AXIS2_PLACEMENT_3D('',#2107,#2108,#2109);
#2107 = CARTESIAN_POINT('',(0.545,-0.4,4.5E-02));
#2108 = DIRECTION('',(0.,-1.,0.));
#2109 = DIRECTION('',(0.,0.,1.));
#2110 = ORIENTED_EDGE('',*,*,#1972,.T.);
#2111 = ORIENTED_EDGE('',*,*,#1964,.T.);
#2112 = ORIENTED_EDGE('',*,*,#1956,.F.);
#2113 = ORIENTED_EDGE('',*,*,#2114,.T.);
#2114 = EDGE_CURVE('',#1949,#2115,#2117,.T.);
#2115 = VERTEX_POINT('',#2116);
#2116 = CARTESIAN_POINT('',(0.545,-0.4,0.45));
#2117 = CIRCLE('',#2118,4.5E-02);
#2118 = AXIS2_PLACEMENT_3D('',#2119,#2120,#2121);
#2119 = CARTESIAN_POINT('',(0.545,-0.4,0.405));
#2120 = DIRECTION('',(0.,1.,0.));
#2121 = DIRECTION('',(0.,-0.,1.));
#2122 = ORIENTED_EDGE('',*,*,#2123,.T.);
#2123 = EDGE_CURVE('',#2115,#2124,#2126,.T.);
#2124 = VERTEX_POINT('',#2125);
#2125 = CARTESIAN_POINT('',(0.755,-0.4,0.45));
#2126 = LINE('',#2127,#2128);
#2127 = CARTESIAN_POINT('',(0.5,-0.4,0.45));
#2128 = VECTOR('',#2129,1.);
#2129 = DIRECTION('',(1.,0.,0.));
#2130 = ORIENTED_EDGE('',*,*,#2131,.F.);
#2131 = EDGE_CURVE('',#2132,#2124,#2134,.T.);
#2132 = VERTEX_POINT('',#2133);
#2133 = CARTESIAN_POINT('',(0.8,-0.4,0.405));
#2134 = CIRCLE('',#2135,4.5E-02);
#2135 = AXIS2_PLACEMENT_3D('',#2136,#2137,#2138);
#2136 = CARTESIAN_POINT('',(0.755,-0.4,0.405));
#2137 = DIRECTION('',(0.,-1.,0.));
#2138 = DIRECTION('',(0.,0.,1.));
#2139 = ORIENTED_EDGE('',*,*,#2140,.F.);
#2140 = EDGE_CURVE('',#2141,#2132,#2143,.T.);
#2141 = VERTEX_POINT('',#2142);
#2142 = CARTESIAN_POINT('',(0.8,-0.4,4.5E-02));
#2143 = LINE('',#2144,#2145);
#2144 = CARTESIAN_POINT('',(0.8,-0.4,0.));
#2145 = VECTOR('',#2146,1.);
#2146 = DIRECTION('',(0.,0.,1.));
#2147 = ORIENTED_EDGE('',*,*,#2148,.T.);
#2148 = EDGE_CURVE('',#2141,#2097,#2149,.T.);
#2149 = CIRCLE('',#2150,4.5E-02);
#2150 = AXIS2_PLACEMENT_3D('',#2151,#2152,#2153);
#2151 = CARTESIAN_POINT('',(0.755,-0.4,4.5E-02));
#2152 = DIRECTION('',(0.,1.,0.));
#2153 = DIRECTION('',(0.,-0.,1.));
#2154 = PLANE('',#2155);
#2155 = AXIS2_PLACEMENT_3D('',#2156,#2157,#2158);
#2156 = CARTESIAN_POINT('',(0.5,-0.4,0.));
#2157 = DIRECTION('',(0.,1.,0.));
#2158 = DIRECTION('',(0.,-0.,1.));
#2159 = ADVANCED_FACE('',(#2160),#2185,.F.);
#2160 = FACE_BOUND('',#2161,.F.);
#2161 = EDGE_LOOP('',(#2162,#2163,#2171,#2179));
#2162 = ORIENTED_EDGE('',*,*,#1948,.F.);
#2163 = ORIENTED_EDGE('',*,*,#2164,.T.);
#2164 = EDGE_CURVE('',#1747,#2165,#2167,.T.);
#2165 = VERTEX_POINT('',#2166);
#2166 = CARTESIAN_POINT('',(-0.5,-0.4,0.45));
#2167 = LINE('',#2168,#2169);
#2168 = CARTESIAN_POINT('',(-0.5,-0.4,0.405));
#2169 = VECTOR('',#2170,1.);
#2170 = DIRECTION('',(0.,0.,1.));
#2171 = ORIENTED_EDGE('',*,*,#2172,.T.);
#2172 = EDGE_CURVE('',#2165,#2173,#2175,.T.);
#2173 = VERTEX_POINT('',#2174);
#2174 = CARTESIAN_POINT('',(0.5,-0.4,0.45));
#2175 = LINE('',#2176,#2177);
#2176 = CARTESIAN_POINT('',(-0.5,-0.4,0.45));
#2177 = VECTOR('',#2178,1.);
#2178 = DIRECTION('',(1.,0.,0.));
#2179 = ORIENTED_EDGE('',*,*,#2180,.F.);
#2180 = EDGE_CURVE('',#1949,#2173,#2181,.T.);
#2181 = LINE('',#2182,#2183);
#2182 = CARTESIAN_POINT('',(0.5,-0.4,0.405));
#2183 = VECTOR('',#2184,1.);
#2184 = DIRECTION('',(0.,0.,1.));
#2185 = PLANE('',#2186);
#2186 = AXIS2_PLACEMENT_3D('',#2187,#2188,#2189);
#2187 = CARTESIAN_POINT('',(-0.5,-0.4,0.405));
#2188 = DIRECTION('',(0.,1.,0.));
#2189 = DIRECTION('',(0.,-0.,1.));
#2190 = ADVANCED_FACE('',(#2191),#2209,.F.);
#2191 = FACE_BOUND('',#2192,.F.);
#2192 = EDGE_LOOP('',(#2193,#2194,#2195,#2203));
#2193 = ORIENTED_EDGE('',*,*,#2164,.F.);
#2194 = ORIENTED_EDGE('',*,*,#2011,.T.);
#2195 = ORIENTED_EDGE('',*,*,#2196,.T.);
#2196 = EDGE_CURVE('',#1864,#2197,#2199,.T.);
#2197 = VERTEX_POINT('',#2198);
#2198 = CARTESIAN_POINT('',(-0.5,0.4,0.45));
#2199 = LINE('',#2200,#2201);
#2200 = CARTESIAN_POINT('',(-0.5,0.4,0.405));
#2201 = VECTOR('',#2202,1.);
#2202 = DIRECTION('',(0.,0.,1.));
#2203 = ORIENTED_EDGE('',*,*,#2204,.F.);
#2204 = EDGE_CURVE('',#2165,#2197,#2205,.T.);
#2205 = LINE('',#2206,#2207);
#2206 = CARTESIAN_POINT('',(-0.5,-0.4,0.45));
#2207 = VECTOR('',#2208,1.);
#2208 = DIRECTION('',(0.,1.,0.));
#2209 = PLANE('',#2210);
#2210 = AXIS2_PLACEMENT_3D('',#2211,#2212,#2213);
#2211 = CARTESIAN_POINT('',(-0.5,-0.4,0.405));
#2212 = DIRECTION('',(1.,0.,0.));
#2213 = DIRECTION('',(0.,0.,1.));
#2214 = ADVANCED_FACE('',(#2215),#2278,.T.);
#2215 = FACE_BOUND('',#2216,.T.);
#2216 = EDGE_LOOP('',(#2217,#2227,#2234,#2235,#2236,#2237,#2246,#2254,
    #2263,#2271));
#2217 = ORIENTED_EDGE('',*,*,#2218,.F.);
#2218 = EDGE_CURVE('',#2219,#2221,#2223,.T.);
#2219 = VERTEX_POINT('',#2220);
#2220 = CARTESIAN_POINT('',(0.545,0.4,-2.775557561563E-17));
#2221 = VERTEX_POINT('',#2222);
#2222 = CARTESIAN_POINT('',(0.755,0.4,-2.775557561563E-17));
#2223 = LINE('',#2224,#2225);
#2224 = CARTESIAN_POINT('',(0.5,0.4,0.));
#2225 = VECTOR('',#2226,1.);
#2226 = DIRECTION('',(1.,0.,0.));
#2227 = ORIENTED_EDGE('',*,*,#2228,.F.);
#2228 = EDGE_CURVE('',#2056,#2219,#2229,.T.);
#2229 = CIRCLE('',#2230,4.5E-02);
#2230 = AXIS2_PLACEMENT_3D('',#2231,#2232,#2233);
#2231 = CARTESIAN_POINT('',(0.545,0.4,4.5E-02));
#2232 = DIRECTION('',(0.,-1.,0.));
#2233 = DIRECTION('',(0.,0.,1.));
#2234 = ORIENTED_EDGE('',*,*,#2055,.T.);
#2235 = ORIENTED_EDGE('',*,*,#2047,.T.);
#2236 = ORIENTED_EDGE('',*,*,#2039,.F.);
#2237 = ORIENTED_EDGE('',*,*,#2238,.T.);
#2238 = EDGE_CURVE('',#2032,#2239,#2241,.T.);
#2239 = VERTEX_POINT('',#2240);
#2240 = CARTESIAN_POINT('',(0.545,0.4,0.45));
#2241 = CIRCLE('',#2242,4.5E-02);
#2242 = AXIS2_PLACEMENT_3D('',#2243,#2244,#2245);
#2243 = CARTESIAN_POINT('',(0.545,0.4,0.405));
#2244 = DIRECTION('',(0.,1.,0.));
#2245 = DIRECTION('',(0.,-0.,1.));
#2246 = ORIENTED_EDGE('',*,*,#2247,.T.);
#2247 = EDGE_CURVE('',#2239,#2248,#2250,.T.);
#2248 = VERTEX_POINT('',#2249);
#2249 = CARTESIAN_POINT('',(0.755,0.4,0.45));
#2250 = LINE('',#2251,#2252);
#2251 = CARTESIAN_POINT('',(0.5,0.4,0.45));
#2252 = VECTOR('',#2253,1.);
#2253 = DIRECTION('',(1.,0.,0.));
#2254 = ORIENTED_EDGE('',*,*,#2255,.F.);
#2255 = EDGE_CURVE('',#2256,#2248,#2258,.T.);
#2256 = VERTEX_POINT('',#2257);
#2257 = CARTESIAN_POINT('',(0.8,0.4,0.405));
#2258 = CIRCLE('',#2259,4.5E-02);
#2259 = AXIS2_PLACEMENT_3D('',#2260,#2261,#2262);
#2260 = CARTESIAN_POINT('',(0.755,0.4,0.405));
#2261 = DIRECTION('',(0.,-1.,0.));
#2262 = DIRECTION('',(0.,0.,1.));
#2263 = ORIENTED_EDGE('',*,*,#2264,.F.);
#2264 = EDGE_CURVE('',#2265,#2256,#2267,.T.);
#2265 = VERTEX_POINT('',#2266);
#2266 = CARTESIAN_POINT('',(0.8,0.4,4.5E-02));
#2267 = LINE('',#2268,#2269);
#2268 = CARTESIAN_POINT('',(0.8,0.4,0.));
#2269 = VECTOR('',#2270,1.);
#2270 = DIRECTION('',(0.,0.,1.));
#2271 = ORIENTED_EDGE('',*,*,#2272,.T.);
#2272 = EDGE_CURVE('',#2265,#2221,#2273,.T.);
#2273 = CIRCLE('',#2274,4.5E-02);
#2274 = AXIS2_PLACEMENT_3D('',#2275,#2276,#2277);
#2275 = CARTESIAN_POINT('',(0.755,0.4,4.5E-02));
#2276 = DIRECTION('',(0.,1.,0.));
#2277 = DIRECTION('',(0.,-0.,1.));
#2278 = PLANE('',#2279);
#2279 = AXIS2_PLACEMENT_3D('',#2280,#2281,#2282);
#2280 = CARTESIAN_POINT('',(0.5,0.4,0.));
#2281 = DIRECTION('',(0.,1.,0.));
#2282 = DIRECTION('',(0.,-0.,1.));
#2283 = ADVANCED_FACE('',(#2284),#2302,.T.);
#2284 = FACE_BOUND('',#2285,.T.);
#2285 = EDGE_LOOP('',(#2286,#2287,#2288,#2296));
#2286 = ORIENTED_EDGE('',*,*,#2031,.F.);
#2287 = ORIENTED_EDGE('',*,*,#2196,.T.);
#2288 = ORIENTED_EDGE('',*,*,#2289,.T.);
#2289 = EDGE_CURVE('',#2197,#2290,#2292,.T.);
#2290 = VERTEX_POINT('',#2291);
#2291 = CARTESIAN_POINT('',(0.5,0.4,0.45));
#2292 = LINE('',#2293,#2294);
#2293 = CARTESIAN_POINT('',(-0.5,0.4,0.45));
#2294 = VECTOR('',#2295,1.);
#2295 = DIRECTION('',(1.,0.,0.));
#2296 = ORIENTED_EDGE('',*,*,#2297,.F.);
#2297 = EDGE_CURVE('',#2032,#2290,#2298,.T.);
#2298 = LINE('',#2299,#2300);
#2299 = CARTESIAN_POINT('',(0.5,0.4,0.405));
#2300 = VECTOR('',#2301,1.);
#2301 = DIRECTION('',(0.,0.,1.));
#2302 = PLANE('',#2303);
#2303 = AXIS2_PLACEMENT_3D('',#2304,#2305,#2306);
#2304 = CARTESIAN_POINT('',(-0.5,0.4,0.405));
#2305 = DIRECTION('',(0.,1.,0.));
#2306 = DIRECTION('',(0.,-0.,1.));
#2307 = ADVANCED_FACE('',(#2308),#2319,.T.);
#2308 = FACE_BOUND('',#2309,.T.);
#2309 = EDGE_LOOP('',(#2310,#2311,#2312,#2318));
#2310 = ORIENTED_EDGE('',*,*,#2079,.T.);
#2311 = ORIENTED_EDGE('',*,*,#2228,.T.);
#2312 = ORIENTED_EDGE('',*,*,#2313,.F.);
#2313 = EDGE_CURVE('',#2095,#2219,#2314,.T.);
#2314 = LINE('',#2315,#2316);
#2315 = CARTESIAN_POINT('',(0.545,-0.4,-2.775557561563E-17));
#2316 = VECTOR('',#2317,1.);
#2317 = DIRECTION('',(0.,1.,0.));
#2318 = ORIENTED_EDGE('',*,*,#2104,.F.);
#2319 = CYLINDRICAL_SURFACE('',#2320,4.5E-02);
#2320 = AXIS2_PLACEMENT_3D('',#2321,#2322,#2323);
#2321 = CARTESIAN_POINT('',(0.545,-0.4,4.5E-02));
#2322 = DIRECTION('',(0.,1.,0.));
#2323 = DIRECTION('',(-1.,0.,0.));
#2324 = ADVANCED_FACE('',(#2325),#2336,.F.);
#2325 = FACE_BOUND('',#2326,.F.);
#2326 = EDGE_LOOP('',(#2327,#2328,#2329,#2330));
#2327 = ORIENTED_EDGE('',*,*,#2218,.F.);
#2328 = ORIENTED_EDGE('',*,*,#2313,.F.);
#2329 = ORIENTED_EDGE('',*,*,#2094,.T.);
#2330 = ORIENTED_EDGE('',*,*,#2331,.T.);
#2331 = EDGE_CURVE('',#2097,#2221,#2332,.T.);
#2332 = LINE('',#2333,#2334);
#2333 = CARTESIAN_POINT('',(0.755,-0.4,-2.775557561563E-17));
#2334 = VECTOR('',#2335,1.);
#2335 = DIRECTION('',(0.,1.,0.));
#2336 = PLANE('',#2337);
#2337 = AXIS2_PLACEMENT_3D('',#2338,#2339,#2340);
#2338 = CARTESIAN_POINT('',(0.5,-0.4,0.));
#2339 = DIRECTION('',(0.,0.,1.));
#2340 = DIRECTION('',(1.,0.,-0.));
#2341 = ADVANCED_FACE('',(#2342),#2353,.T.);
#2342 = FACE_BOUND('',#2343,.T.);
#2343 = EDGE_LOOP('',(#2344,#2345,#2346,#2347));
#2344 = ORIENTED_EDGE('',*,*,#2148,.T.);
#2345 = ORIENTED_EDGE('',*,*,#2331,.T.);
#2346 = ORIENTED_EDGE('',*,*,#2272,.F.);
#2347 = ORIENTED_EDGE('',*,*,#2348,.F.);
#2348 = EDGE_CURVE('',#2141,#2265,#2349,.T.);
#2349 = LINE('',#2350,#2351);
#2350 = CARTESIAN_POINT('',(0.8,-0.4,4.5E-02));
#2351 = VECTOR('',#2352,1.);
#2352 = DIRECTION('',(0.,1.,0.));
#2353 = CYLINDRICAL_SURFACE('',#2354,4.5E-02);
#2354 = AXIS2_PLACEMENT_3D('',#2355,#2356,#2357);
#2355 = CARTESIAN_POINT('',(0.755,-0.4,4.5E-02));
#2356 = DIRECTION('',(0.,1.,0.));
#2357 = DIRECTION('',(1.,0.,0.));
#2358 = ADVANCED_FACE('',(#2359),#2370,.T.);
#2359 = FACE_BOUND('',#2360,.T.);
#2360 = EDGE_LOOP('',(#2361,#2362,#2363,#2364));
#2361 = ORIENTED_EDGE('',*,*,#2140,.F.);
#2362 = ORIENTED_EDGE('',*,*,#2348,.T.);
#2363 = ORIENTED_EDGE('',*,*,#2264,.T.);
#2364 = ORIENTED_EDGE('',*,*,#2365,.F.);
#2365 = EDGE_CURVE('',#2132,#2256,#2366,.T.);
#2366 = LINE('',#2367,#2368);
#2367 = CARTESIAN_POINT('',(0.8,-0.4,0.405));
#2368 = VECTOR('',#2369,1.);
#2369 = DIRECTION('',(0.,1.,0.));
#2370 = PLANE('',#2371);
#2371 = AXIS2_PLACEMENT_3D('',#2372,#2373,#2374);
#2372 = CARTESIAN_POINT('',(0.8,-0.4,0.));
#2373 = DIRECTION('',(1.,0.,0.));
#2374 = DIRECTION('',(0.,0.,1.));
#2375 = ADVANCED_FACE('',(#2376),#2387,.T.);
#2376 = FACE_BOUND('',#2377,.T.);
#2377 = EDGE_LOOP('',(#2378,#2379,#2380,#2386));
#2378 = ORIENTED_EDGE('',*,*,#2365,.T.);
#2379 = ORIENTED_EDGE('',*,*,#2255,.T.);
#2380 = ORIENTED_EDGE('',*,*,#2381,.F.);
#2381 = EDGE_CURVE('',#2124,#2248,#2382,.T.);
#2382 = LINE('',#2383,#2384);
#2383 = CARTESIAN_POINT('',(0.755,-0.4,0.45));
#2384 = VECTOR('',#2385,1.);
#2385 = DIRECTION('',(0.,1.,0.));
#2386 = ORIENTED_EDGE('',*,*,#2131,.F.);
#2387 = CYLINDRICAL_SURFACE('',#2388,4.5E-02);
#2388 = AXIS2_PLACEMENT_3D('',#2389,#2390,#2391);
#2389 = CARTESIAN_POINT('',(0.755,-0.4,0.405));
#2390 = DIRECTION('',(0.,1.,0.));
#2391 = DIRECTION('',(1.,0.,0.));
#2392 = ADVANCED_FACE('',(#2393),#2404,.T.);
#2393 = FACE_BOUND('',#2394,.T.);
#2394 = EDGE_LOOP('',(#2395,#2396,#2402,#2403));
#2395 = ORIENTED_EDGE('',*,*,#2247,.F.);
#2396 = ORIENTED_EDGE('',*,*,#2397,.F.);
#2397 = EDGE_CURVE('',#2115,#2239,#2398,.T.);
#2398 = LINE('',#2399,#2400);
#2399 = CARTESIAN_POINT('',(0.545,-0.4,0.45));
#2400 = VECTOR('',#2401,1.);
#2401 = DIRECTION('',(0.,1.,0.));
#2402 = ORIENTED_EDGE('',*,*,#2123,.T.);
#2403 = ORIENTED_EDGE('',*,*,#2381,.T.);
#2404 = PLANE('',#2405);
#2405 = AXIS2_PLACEMENT_3D('',#2406,#2407,#2408);
#2406 = CARTESIAN_POINT('',(0.5,-0.4,0.45));
#2407 = DIRECTION('',(0.,0.,1.));
#2408 = DIRECTION('',(1.,0.,-0.));
#2409 = ADVANCED_FACE('',(#2410),#2421,.T.);
#2410 = FACE_BOUND('',#2411,.T.);
#2411 = EDGE_LOOP('',(#2412,#2413,#2414,#2415));
#2412 = ORIENTED_EDGE('',*,*,#2114,.T.);
#2413 = ORIENTED_EDGE('',*,*,#2397,.T.);
#2414 = ORIENTED_EDGE('',*,*,#2238,.F.);
#2415 = ORIENTED_EDGE('',*,*,#2416,.F.);
#2416 = EDGE_CURVE('',#1949,#2032,#2417,.T.);
#2417 = LINE('',#2418,#2419);
#2418 = CARTESIAN_POINT('',(0.5,-0.4,0.405));
#2419 = VECTOR('',#2420,1.);
#2420 = DIRECTION('',(0.,1.,0.));
#2421 = CYLINDRICAL_SURFACE('',#2422,4.5E-02);
#2422 = AXIS2_PLACEMENT_3D('',#2423,#2424,#2425);
#2423 = CARTESIAN_POINT('',(0.545,-0.4,0.405));
#2424 = DIRECTION('',(0.,1.,0.));
#2425 = DIRECTION('',(-1.,0.,0.));
#2426 = ADVANCED_FACE('',(#2427),#2438,.T.);
#2427 = FACE_BOUND('',#2428,.T.);
#2428 = EDGE_LOOP('',(#2429,#2430,#2431,#2432));
#2429 = ORIENTED_EDGE('',*,*,#2180,.F.);
#2430 = ORIENTED_EDGE('',*,*,#2416,.T.);
#2431 = ORIENTED_EDGE('',*,*,#2297,.T.);
#2432 = ORIENTED_EDGE('',*,*,#2433,.F.);
#2433 = EDGE_CURVE('',#2173,#2290,#2434,.T.);
#2434 = LINE('',#2435,#2436);
#2435 = CARTESIAN_POINT('',(0.5,-0.4,0.45));
#2436 = VECTOR('',#2437,1.);
#2437 = DIRECTION('',(0.,1.,0.));
#2438 = PLANE('',#2439);
#2439 = AXIS2_PLACEMENT_3D('',#2440,#2441,#2442);
#2440 = CARTESIAN_POINT('',(0.5,-0.4,0.405));
#2441 = DIRECTION('',(1.,0.,0.));
#2442 = DIRECTION('',(0.,0.,1.));
#2443 = ADVANCED_FACE('',(#2444),#2450,.T.);
#2444 = FACE_BOUND('',#2445,.T.);
#2445 = EDGE_LOOP('',(#2446,#2447,#2448,#2449));
#2446 = ORIENTED_EDGE('',*,*,#2204,.F.);
#2447 = ORIENTED_EDGE('',*,*,#2172,.T.);
#2448 = ORIENTED_EDGE('',*,*,#2433,.T.);
#2449 = ORIENTED_EDGE('',*,*,#2289,.F.);
#2450 = PLANE('',#2451);
#2451 = AXIS2_PLACEMENT_3D('',#2452,#2453,#2454);
#2452 = CARTESIAN_POINT('',(-0.5,-0.4,0.45));
#2453 = DIRECTION('',(0.,0.,1.));
#2454 = DIRECTION('',(1.,0.,-0.));
#2455 = ( GEOMETRIC_REPRESENTATION_CONTEXT(3) 
GLOBAL_UNCERTAINTY_ASSIGNED_CONTEXT((#2459)) 
GLOBAL_UNIT_ASSIGNED_CONTEXT((#2456,#2457,#2458)) REPRESENTATION_CONTEXT
('Context #1','3D Context with UNIT and UNCERTAINTY') );
#2456 = ( LENGTH_UNIT() NAMED_UNIT(*) SI_UNIT(.MILLI.,.METRE.) );
#2457 = ( NAMED_UNIT(*) PLANE_ANGLE_UNIT() SI_UNIT($,.RADIAN.) );
#2458 = ( NAMED_UNIT(*) SI_UNIT($,.STERADIAN.) SOLID_ANGLE_UNIT() );
#2459 = UNCERTAINTY_MEASURE_WITH_UNIT(LENGTH_MEASURE(1.E-07),#2456,
  'distance_accuracy_value','confusion accuracy');
#2460 = CONTEXT_DEPENDENT_SHAPE_REPRESENTATION(#2461,#2463);
#2461 = ( REPRESENTATION_RELATIONSHIP('','',#1664,#1641) 
REPRESENTATION_RELATIONSHIP_WITH_TRANSFORMATION(#2462) 
SHAPE_REPRESENTATION_RELATIONSHIP() );
#2462 = ITEM_DEFINED_TRANSFORMATION('','',#11,#1642);
#2463 = PRODUCT_DEFINITION_SHAPE('Placement','Placement of an item',
  #2464);
#2464 = NEXT_ASSEMBLY_USAGE_OCCURRENCE('3','=>[0:1:1:5]','',#1636,#1659,
  $);
#2465 = PRODUCT_RELATED_PRODUCT_CATEGORY('part',$,(#1661));
#2466 = SHAPE_DEFINITION_REPRESENTATION(#2467,#2473);
#2467 = PRODUCT_DEFINITION_SHAPE('','',#2468);
#2468 = PRODUCT_DEFINITION('design','',#2469,#2472);
#2469 = PRODUCT_DEFINITION_FORMATION('','',#2470);
#2470 = PRODUCT('D_SOD-523','D_SOD-523','',(#2471));
#2471 = PRODUCT_CONTEXT('',#2,'mechanical');
#2472 = PRODUCT_DEFINITION_CONTEXT('part definition',#2,'design');
#2473 = SHAPE_REPRESENTATION('',(#11,#2474),#2478);
#2474 = AXIS2_PLACEMENT_3D('',#2475,#2476,#2477);
#2475 = CARTESIAN_POINT('',(0.,0.,0.));
#2476 = DIRECTION('',(0.,0.,1.));
#2477 = DIRECTION('',(1.,0.,-0.));
#2478 = ( GEOMETRIC_REPRESENTATION_CONTEXT(3) 
GLOBAL_UNCERTAINTY_ASSIGNED_CONTEXT((#2482)) 
GLOBAL_UNIT_ASSIGNED_CONTEXT((#2479,#2480,#2481)) REPRESENTATION_CONTEXT
('Context #1','3D Context with UNIT and UNCERTAINTY') );
#2479 = ( LENGTH_UNIT() NAMED_UNIT(*) SI_UNIT(.MILLI.,.METRE.) );
#2480 = ( NAMED_UNIT(*) PLANE_ANGLE_UNIT() SI_UNIT($,.RADIAN.) );
#2481 = ( NAMED_UNIT(*) SI_UNIT($,.STERADIAN.) SOLID_ANGLE_UNIT() );
#2482 = UNCERTAINTY_MEASURE_WITH_UNIT(LENGTH_MEASURE(1.E-07),#2479,
  'distance_accuracy_value','confusion accuracy');
#2483 = CONTEXT_DEPENDENT_SHAPE_REPRESENTATION(#2484,#2486);
#2484 = ( REPRESENTATION_RELATIONSHIP('','',#2473,#10) 
REPRESENTATION_RELATIONSHIP_WITH_TRANSFORMATION(#2485) 
SHAPE_REPRESENTATION_RELATIONSHIP() );
#2485 = ITEM_DEFINED_TRANSFORMATION('','',#11,#23);
#2486 = PRODUCT_DEFINITION_SHAPE('Placement','Placement of an item',
  #2487);
#2487 = NEXT_ASSEMBLY_USAGE_OCCURRENCE('6','D1','',#5,#2468,$);
#2488 = PRODUCT_RELATED_PRODUCT_CATEGORY('part',$,(#2470));
#2489 = SHAPE_DEFINITION_REPRESENTATION(#2490,#2496);
#2490 = PRODUCT_DEFINITION_SHAPE('','',#2491);
#2491 = PRODUCT_DEFINITION('design','',#2492,#2495);
#2492 = PRODUCT_DEFINITION_FORMATION('','',#2493);
#2493 = PRODUCT('D_SOD_523','D_SOD_523','',(#2494));
#2494 = PRODUCT_CONTEXT('',#2,'mechanical');
#2495 = PRODUCT_DEFINITION_CONTEXT('part definition',#2,'design');
#2496 = ADVANCED_BREP_SHAPE_REPRESENTATION('',(#11,#2497),#3217);
#2497 = MANIFOLD_SOLID_BREP('',#2498);
#2498 = CLOSED_SHELL('',(#2499,#2539,#2574,#2598,#2626,#2643,#2673,#2711
    ,#2734,#2783,#2806,#2829,#2887,#2910,#2926,#2954,#2985,#3013,#3032,
    #3063,#3087,#3111,#3128,#3152,#3176,#3193,#3205));
#2499 = ADVANCED_FACE('',(#2500),#2534,.T.);
#2500 = FACE_BOUND('',#2501,.T.);
#2501 = EDGE_LOOP('',(#2502,#2512,#2520,#2528));
#2502 = ORIENTED_EDGE('',*,*,#2503,.F.);
#2503 = EDGE_CURVE('',#2504,#2506,#2508,.T.);
#2504 = VERTEX_POINT('',#2505);
#2505 = CARTESIAN_POINT('',(0.8,-0.15,0.));
#2506 = VERTEX_POINT('',#2507);
#2507 = CARTESIAN_POINT('',(0.8,-0.15,0.14));
#2508 = LINE('',#2509,#2510);
#2509 = CARTESIAN_POINT('',(0.8,-0.15,0.));
#2510 = VECTOR('',#2511,1.);
#2511 = DIRECTION('',(0.,0.,1.));
#2512 = ORIENTED_EDGE('',*,*,#2513,.T.);
#2513 = EDGE_CURVE('',#2504,#2514,#2516,.T.);
#2514 = VERTEX_POINT('',#2515);
#2515 = CARTESIAN_POINT('',(0.8,0.15,0.));
#2516 = LINE('',#2517,#2518);
#2517 = CARTESIAN_POINT('',(0.8,-0.15,0.));
#2518 = VECTOR('',#2519,1.);
#2519 = DIRECTION('',(3.330669073875E-16,1.,0.));
#2520 = ORIENTED_EDGE('',*,*,#2521,.T.);
#2521 = EDGE_CURVE('',#2514,#2522,#2524,.T.);
#2522 = VERTEX_POINT('',#2523);
#2523 = CARTESIAN_POINT('',(0.8,0.15,0.14));
#2524 = LINE('',#2525,#2526);
#2525 = CARTESIAN_POINT('',(0.8,0.15,0.));
#2526 = VECTOR('',#2527,1.);
#2527 = DIRECTION('',(0.,0.,1.));
#2528 = ORIENTED_EDGE('',*,*,#2529,.F.);
#2529 = EDGE_CURVE('',#2506,#2522,#2530,.T.);
#2530 = LINE('',#2531,#2532);
#2531 = CARTESIAN_POINT('',(0.8,-0.15,0.14));
#2532 = VECTOR('',#2533,1.);
#2533 = DIRECTION('',(3.330669073875E-16,1.,0.));
#2534 = PLANE('',#2535);
#2535 = AXIS2_PLACEMENT_3D('',#2536,#2537,#2538);
#2536 = CARTESIAN_POINT('',(0.8,-0.15,0.));
#2537 = DIRECTION('',(1.,-3.330669073875E-16,0.));
#2538 = DIRECTION('',(0.,0.,1.));
#2539 = ADVANCED_FACE('',(#2540),#2569,.F.);
#2540 = FACE_BOUND('',#2541,.F.);
#2541 = EDGE_LOOP('',(#2542,#2550,#2562,#2568));
#2542 = ORIENTED_EDGE('',*,*,#2543,.F.);
#2543 = EDGE_CURVE('',#2544,#2504,#2546,.T.);
#2544 = VERTEX_POINT('',#2545);
#2545 = CARTESIAN_POINT('',(0.590210246328,-0.15,0.));
#2546 = LINE('',#2547,#2548);
#2547 = CARTESIAN_POINT('',(0.590210246328,-0.15,0.));
#2548 = VECTOR('',#2549,1.);
#2549 = DIRECTION('',(1.,-3.330669073875E-16,0.));
#2550 = ORIENTED_EDGE('',*,*,#2551,.T.);
#2551 = EDGE_CURVE('',#2544,#2552,#2554,.T.);
#2552 = VERTEX_POINT('',#2553);
#2553 = CARTESIAN_POINT('',(0.6,-0.15,0.14));
#2554 = B_SPLINE_CURVE_WITH_KNOTS('',6,(#2555,#2556,#2557,#2558,#2559,
    #2560,#2561),.UNSPECIFIED.,.F.,.F.,(7,7),(0.,1.),
  .PIECEWISE_BEZIER_KNOTS.);
#2555 = CARTESIAN_POINT('',(0.590210246328,-0.15,0.));
#2556 = CARTESIAN_POINT('',(0.592052839095,-0.15,2.635030420451E-02));
#2557 = CARTESIAN_POINT('',(0.593440858671,-0.15,4.619990891917E-02));
#2558 = CARTESIAN_POINT('',(0.595069169764,-0.15,6.948584243309E-02));
#2559 = CARTESIAN_POINT('',(0.597095662504,-0.15,9.84660387753E-02));
#2560 = CARTESIAN_POINT('',(0.599092991412,-0.15,0.127029172887));
#2561 = CARTESIAN_POINT('',(0.6,-0.15,0.14));
#2562 = ORIENTED_EDGE('',*,*,#2563,.T.);
#2563 = EDGE_CURVE('',#2552,#2506,#2564,.T.);
#2564 = LINE('',#2565,#2566);
#2565 = CARTESIAN_POINT('',(0.590210246328,-0.15,0.14));
#2566 = VECTOR('',#2567,1.);
#2567 = DIRECTION('',(1.,-3.330669073875E-16,0.));
#2568 = ORIENTED_EDGE('',*,*,#2503,.F.);
#2569 = PLANE('',#2570);
#2570 = AXIS2_PLACEMENT_3D('',#2571,#2572,#2573);
#2571 = CARTESIAN_POINT('',(0.590210246328,-0.15,0.));
#2572 = DIRECTION('',(3.330669073875E-16,1.,0.));
#2573 = DIRECTION('',(0.,-0.,1.));
#2574 = ADVANCED_FACE('',(#2575),#2593,.T.);
#2575 = FACE_BOUND('',#2576,.T.);
#2576 = EDGE_LOOP('',(#2577,#2585,#2586,#2587));
#2577 = ORIENTED_EDGE('',*,*,#2578,.F.);
#2578 = EDGE_CURVE('',#2552,#2579,#2581,.T.);
#2579 = VERTEX_POINT('',#2580);
#2580 = CARTESIAN_POINT('',(0.6,0.15,0.14));
#2581 = LINE('',#2582,#2583);
#2582 = CARTESIAN_POINT('',(0.6,-0.4,0.14));
#2583 = VECTOR('',#2584,1.);
#2584 = DIRECTION('',(0.,1.,0.));
#2585 = ORIENTED_EDGE('',*,*,#2563,.T.);
#2586 = ORIENTED_EDGE('',*,*,#2529,.T.);
#2587 = ORIENTED_EDGE('',*,*,#2588,.F.);
#2588 = EDGE_CURVE('',#2579,#2522,#2589,.T.);
#2589 = LINE('',#2590,#2591);
#2590 = CARTESIAN_POINT('',(0.590210246328,0.15,0.14));
#2591 = VECTOR('',#2592,1.);
#2592 = DIRECTION('',(1.,-3.330669073875E-16,0.));
#2593 = PLANE('',#2594);
#2594 = AXIS2_PLACEMENT_3D('',#2595,#2596,#2597);
#2595 = CARTESIAN_POINT('',(0.590210246328,-0.15,0.14));
#2596 = DIRECTION('',(0.,0.,1.));
#2597 = DIRECTION('',(1.,-3.330669073875E-16,0.));
#2598 = ADVANCED_FACE('',(#2599),#2621,.T.);
#2599 = FACE_BOUND('',#2600,.T.);
#2600 = EDGE_LOOP('',(#2601,#2609,#2619,#2620));
#2601 = ORIENTED_EDGE('',*,*,#2602,.F.);
#2602 = EDGE_CURVE('',#2603,#2514,#2605,.T.);
#2603 = VERTEX_POINT('',#2604);
#2604 = CARTESIAN_POINT('',(0.590210246328,0.15,0.));
#2605 = LINE('',#2606,#2607);
#2606 = CARTESIAN_POINT('',(0.590210246328,0.15,0.));
#2607 = VECTOR('',#2608,1.);
#2608 = DIRECTION('',(1.,-3.330669073875E-16,0.));
#2609 = ORIENTED_EDGE('',*,*,#2610,.T.);
#2610 = EDGE_CURVE('',#2603,#2579,#2611,.T.);
#2611 = B_SPLINE_CURVE_WITH_KNOTS('',6,(#2612,#2613,#2614,#2615,#2616,
    #2617,#2618),.UNSPECIFIED.,.F.,.F.,(7,7),(0.,1.),
  .PIECEWISE_BEZIER_KNOTS.);
#2612 = CARTESIAN_POINT('',(0.590210246328,0.15,0.));
#2613 = CARTESIAN_POINT('',(0.592052839095,0.15,2.635030420451E-02));
#2614 = CARTESIAN_POINT('',(0.593440858671,0.15,4.619990891917E-02));
#2615 = CARTESIAN_POINT('',(0.595069169764,0.15,6.948584243308E-02));
#2616 = CARTESIAN_POINT('',(0.597095662504,0.15,9.84660387753E-02));
#2617 = CARTESIAN_POINT('',(0.599092991412,0.15,0.127029172887));
#2618 = CARTESIAN_POINT('',(0.6,0.15,0.14));
#2619 = ORIENTED_EDGE('',*,*,#2588,.T.);
#2620 = ORIENTED_EDGE('',*,*,#2521,.F.);
#2621 = PLANE('',#2622);
#2622 = AXIS2_PLACEMENT_3D('',#2623,#2624,#2625);
#2623 = CARTESIAN_POINT('',(0.590210246328,0.15,0.));
#2624 = DIRECTION('',(3.330669073875E-16,1.,0.));
#2625 = DIRECTION('',(0.,-0.,1.));
#2626 = ADVANCED_FACE('',(#2627),#2638,.F.);
#2627 = FACE_BOUND('',#2628,.F.);
#2628 = EDGE_LOOP('',(#2629,#2635,#2636,#2637));
#2629 = ORIENTED_EDGE('',*,*,#2630,.F.);
#2630 = EDGE_CURVE('',#2544,#2603,#2631,.T.);
#2631 = LINE('',#2632,#2633);
#2632 = CARTESIAN_POINT('',(0.590210246328,-0.15,0.));
#2633 = VECTOR('',#2634,1.);
#2634 = DIRECTION('',(3.330669073875E-16,1.,0.));
#2635 = ORIENTED_EDGE('',*,*,#2543,.T.);
#2636 = ORIENTED_EDGE('',*,*,#2513,.T.);
#2637 = ORIENTED_EDGE('',*,*,#2602,.F.);
#2638 = PLANE('',#2639);
#2639 = AXIS2_PLACEMENT_3D('',#2640,#2641,#2642);
#2640 = CARTESIAN_POINT('',(0.590210246328,-0.15,0.));
#2641 = DIRECTION('',(0.,0.,1.));
#2642 = DIRECTION('',(1.,-3.330669073875E-16,0.));
#2643 = ADVANCED_FACE('',(#2644),#2668,.T.);
#2644 = FACE_BOUND('',#2645,.T.);
#2645 = EDGE_LOOP('',(#2646,#2655,#2661,#2662));
#2646 = ORIENTED_EDGE('',*,*,#2647,.F.);
#2647 = EDGE_CURVE('',#2648,#2650,#2652,.T.);
#2648 = VERTEX_POINT('',#2649);
#2649 = CARTESIAN_POINT('',(0.590210246328,-0.390210246328,0.));
#2650 = VERTEX_POINT('',#2651);
#2651 = CARTESIAN_POINT('',(0.6,-0.4,0.14));
#2652 = B_SPLINE_CURVE_WITH_KNOTS('',1,(#2653,#2654),.UNSPECIFIED.,.F.,
  .F.,(2,2),(0.,1.),.PIECEWISE_BEZIER_KNOTS.);
#2653 = CARTESIAN_POINT('',(0.590210246328,-0.390210246328,0.));
#2654 = CARTESIAN_POINT('',(0.6,-0.4,0.14));
#2655 = ORIENTED_EDGE('',*,*,#2656,.T.);
#2656 = EDGE_CURVE('',#2648,#2544,#2657,.T.);
#2657 = LINE('',#2658,#2659);
#2658 = CARTESIAN_POINT('',(0.590210246328,-0.390210246328,0.));
#2659 = VECTOR('',#2660,1.);
#2660 = DIRECTION('',(0.,1.,0.));
#2661 = ORIENTED_EDGE('',*,*,#2551,.T.);
#2662 = ORIENTED_EDGE('',*,*,#2663,.F.);
#2663 = EDGE_CURVE('',#2650,#2552,#2664,.T.);
#2664 = LINE('',#2665,#2666);
#2665 = CARTESIAN_POINT('',(0.6,-0.4,0.14));
#2666 = VECTOR('',#2667,1.);
#2667 = DIRECTION('',(0.,1.,0.));
#2668 = B_SPLINE_SURFACE_WITH_KNOTS('',1,1,(
    (#2669,#2670)
    ,(#2671,#2672
    )),.UNSPECIFIED.,.F.,.F.,.F.,(2,2),(2,2),(0.,0.8),(0.,1.),
  .PIECEWISE_BEZIER_KNOTS.);
#2669 = CARTESIAN_POINT('',(0.590210246328,-0.390210246328,0.));
#2670 = CARTESIAN_POINT('',(0.6,-0.4,0.14));
#2671 = CARTESIAN_POINT('',(0.590210246328,0.390210246328,0.));
#2672 = CARTESIAN_POINT('',(0.6,0.4,0.14));
#2673 = ADVANCED_FACE('',(#2674),#2706,.T.);
#2674 = FACE_BOUND('',#2675,.T.);
#2675 = EDGE_LOOP('',(#2676,#2677,#2678,#2686,#2693,#2701));
#2676 = ORIENTED_EDGE('',*,*,#2663,.T.);
#2677 = ORIENTED_EDGE('',*,*,#2578,.T.);
#2678 = ORIENTED_EDGE('',*,*,#2679,.T.);
#2679 = EDGE_CURVE('',#2579,#2680,#2682,.T.);
#2680 = VERTEX_POINT('',#2681);
#2681 = CARTESIAN_POINT('',(0.6,0.4,0.14));
#2682 = LINE('',#2683,#2684);
#2683 = CARTESIAN_POINT('',(0.6,-0.4,0.14));
#2684 = VECTOR('',#2685,1.);
#2685 = DIRECTION('',(0.,1.,0.));
#2686 = ORIENTED_EDGE('',*,*,#2687,.T.);
#2687 = EDGE_CURVE('',#2680,#2688,#2690,.T.);
#2688 = VERTEX_POINT('',#2689);
#2689 = CARTESIAN_POINT('',(0.565735862148,0.365735862148,0.63));
#2690 = B_SPLINE_CURVE_WITH_KNOTS('',1,(#2691,#2692),.UNSPECIFIED.,.F.,
  .F.,(2,2),(0.,1.),.PIECEWISE_BEZIER_KNOTS.);
#2691 = CARTESIAN_POINT('',(0.6,0.4,0.14));
#2692 = CARTESIAN_POINT('',(0.565735862148,0.365735862148,0.63));
#2693 = ORIENTED_EDGE('',*,*,#2694,.F.);
#2694 = EDGE_CURVE('',#2695,#2688,#2697,.T.);
#2695 = VERTEX_POINT('',#2696);
#2696 = CARTESIAN_POINT('',(0.565735862148,-0.365735862148,0.63));
#2697 = LINE('',#2698,#2699);
#2698 = CARTESIAN_POINT('',(0.565735862148,-0.365735862148,0.63));
#2699 = VECTOR('',#2700,1.);
#2700 = DIRECTION('',(0.,1.,0.));
#2701 = ORIENTED_EDGE('',*,*,#2702,.F.);
#2702 = EDGE_CURVE('',#2650,#2695,#2703,.T.);
#2703 = B_SPLINE_CURVE_WITH_KNOTS('',1,(#2704,#2705),.UNSPECIFIED.,.F.,
  .F.,(2,2),(0.,1.),.PIECEWISE_BEZIER_KNOTS.);
#2704 = CARTESIAN_POINT('',(0.6,-0.4,0.14));
#2705 = CARTESIAN_POINT('',(0.565735862148,-0.365735862148,0.63));
#2706 = B_SPLINE_SURFACE_WITH_KNOTS('',1,1,(
    (#2707,#2708)
    ,(#2709,#2710
    )),.UNSPECIFIED.,.F.,.F.,.F.,(2,2),(2,2),(0.,0.8),(0.,1.),
  .PIECEWISE_BEZIER_KNOTS.);
#2707 = CARTESIAN_POINT('',(0.6,-0.4,0.14));
#2708 = CARTESIAN_POINT('',(0.565735862148,-0.365735862148,0.63));
#2709 = CARTESIAN_POINT('',(0.6,0.4,0.14));
#2710 = CARTESIAN_POINT('',(0.565735862148,0.365735862148,0.63));
#2711 = ADVANCED_FACE('',(#2712),#2729,.T.);
#2712 = FACE_BOUND('',#2713,.T.);
#2713 = EDGE_LOOP('',(#2714,#2715,#2723,#2728));
#2714 = ORIENTED_EDGE('',*,*,#2610,.F.);
#2715 = ORIENTED_EDGE('',*,*,#2716,.T.);
#2716 = EDGE_CURVE('',#2603,#2717,#2719,.T.);
#2717 = VERTEX_POINT('',#2718);
#2718 = CARTESIAN_POINT('',(0.590210246328,0.390210246328,0.));
#2719 = LINE('',#2720,#2721);
#2720 = CARTESIAN_POINT('',(0.590210246328,-0.390210246328,0.));
#2721 = VECTOR('',#2722,1.);
#2722 = DIRECTION('',(0.,1.,0.));
#2723 = ORIENTED_EDGE('',*,*,#2724,.T.);
#2724 = EDGE_CURVE('',#2717,#2680,#2725,.T.);
#2725 = B_SPLINE_CURVE_WITH_KNOTS('',1,(#2726,#2727),.UNSPECIFIED.,.F.,
  .F.,(2,2),(0.,1.),.PIECEWISE_BEZIER_KNOTS.);
#2726 = CARTESIAN_POINT('',(0.590210246328,0.390210246328,0.));
#2727 = CARTESIAN_POINT('',(0.6,0.4,0.14));
#2728 = ORIENTED_EDGE('',*,*,#2679,.F.);
#2729 = B_SPLINE_SURFACE_WITH_KNOTS('',1,1,(
    (#2730,#2731)
    ,(#2732,#2733
    )),.UNSPECIFIED.,.F.,.F.,.F.,(2,2),(2,2),(0.,0.8),(0.,1.),
  .PIECEWISE_BEZIER_KNOTS.);
#2730 = CARTESIAN_POINT('',(0.590210246328,-0.390210246328,0.));
#2731 = CARTESIAN_POINT('',(0.6,-0.4,0.14));
#2732 = CARTESIAN_POINT('',(0.590210246328,0.390210246328,0.));
#2733 = CARTESIAN_POINT('',(0.6,0.4,0.14));
#2734 = ADVANCED_FACE('',(#2735),#2778,.T.);
#2735 = FACE_BOUND('',#2736,.T.);
#2736 = EDGE_LOOP('',(#2737,#2745,#2753,#2761,#2769,#2775,#2776,#2777));
#2737 = ORIENTED_EDGE('',*,*,#2738,.F.);
#2738 = EDGE_CURVE('',#2739,#2648,#2741,.T.);
#2739 = VERTEX_POINT('',#2740);
#2740 = CARTESIAN_POINT('',(-0.590210246328,-0.390210246328,0.));
#2741 = LINE('',#2742,#2743);
#2742 = CARTESIAN_POINT('',(-0.590210246328,-0.390210246328,0.));
#2743 = VECTOR('',#2744,1.);
#2744 = DIRECTION('',(1.,0.,0.));
#2745 = ORIENTED_EDGE('',*,*,#2746,.F.);
#2746 = EDGE_CURVE('',#2747,#2739,#2749,.T.);
#2747 = VERTEX_POINT('',#2748);
#2748 = CARTESIAN_POINT('',(-0.590210246328,-0.15,0.));
#2749 = LINE('',#2750,#2751);
#2750 = CARTESIAN_POINT('',(-0.590210246328,0.390210246328,0.));
#2751 = VECTOR('',#2752,1.);
#2752 = DIRECTION('',(0.,-1.,0.));
#2753 = ORIENTED_EDGE('',*,*,#2754,.F.);
#2754 = EDGE_CURVE('',#2755,#2747,#2757,.T.);
#2755 = VERTEX_POINT('',#2756);
#2756 = CARTESIAN_POINT('',(-0.590210246328,0.15,0.));
#2757 = LINE('',#2758,#2759);
#2758 = CARTESIAN_POINT('',(-0.590210246328,0.15,0.));
#2759 = VECTOR('',#2760,1.);
#2760 = DIRECTION('',(-2.22044604925E-16,-1.,0.));
#2761 = ORIENTED_EDGE('',*,*,#2762,.F.);
#2762 = EDGE_CURVE('',#2763,#2755,#2765,.T.);
#2763 = VERTEX_POINT('',#2764);
#2764 = CARTESIAN_POINT('',(-0.590210246328,0.390210246328,0.));
#2765 = LINE('',#2766,#2767);
#2766 = CARTESIAN_POINT('',(-0.590210246328,0.390210246328,0.));
#2767 = VECTOR('',#2768,1.);
#2768 = DIRECTION('',(0.,-1.,0.));
#2769 = ORIENTED_EDGE('',*,*,#2770,.F.);
#2770 = EDGE_CURVE('',#2717,#2763,#2771,.T.);
#2771 = LINE('',#2772,#2773);
#2772 = CARTESIAN_POINT('',(0.590210246328,0.390210246328,0.));
#2773 = VECTOR('',#2774,1.);
#2774 = DIRECTION('',(-1.,0.,0.));
#2775 = ORIENTED_EDGE('',*,*,#2716,.F.);
#2776 = ORIENTED_EDGE('',*,*,#2630,.F.);
#2777 = ORIENTED_EDGE('',*,*,#2656,.F.);
#2778 = PLANE('',#2779);
#2779 = AXIS2_PLACEMENT_3D('',#2780,#2781,#2782);
#2780 = CARTESIAN_POINT('',(-0.590210246328,-0.390210246328,0.));
#2781 = DIRECTION('',(0.,0.,-1.));
#2782 = DIRECTION('',(0.834172834624,0.551503111483,0.));
#2783 = ADVANCED_FACE('',(#2784),#2801,.T.);
#2784 = FACE_BOUND('',#2785,.T.);
#2785 = EDGE_LOOP('',(#2786,#2787,#2788,#2796));
#2786 = ORIENTED_EDGE('',*,*,#2738,.T.);
#2787 = ORIENTED_EDGE('',*,*,#2647,.T.);
#2788 = ORIENTED_EDGE('',*,*,#2789,.F.);
#2789 = EDGE_CURVE('',#2790,#2650,#2792,.T.);
#2790 = VERTEX_POINT('',#2791);
#2791 = CARTESIAN_POINT('',(-0.6,-0.4,0.14));
#2792 = LINE('',#2793,#2794);
#2793 = CARTESIAN_POINT('',(-0.6,-0.4,0.14));
#2794 = VECTOR('',#2795,1.);
#2795 = DIRECTION('',(1.,0.,0.));
#2796 = ORIENTED_EDGE('',*,*,#2797,.F.);
#2797 = EDGE_CURVE('',#2739,#2790,#2798,.T.);
#2798 = B_SPLINE_CURVE_WITH_KNOTS('',1,(#2799,#2800),.UNSPECIFIED.,.F.,
  .F.,(2,2),(0.,1.),.PIECEWISE_BEZIER_KNOTS.);
#2799 = CARTESIAN_POINT('',(-0.590210246328,-0.390210246328,0.));
#2800 = CARTESIAN_POINT('',(-0.6,-0.4,0.14));
#2801 = B_SPLINE_SURFACE_WITH_KNOTS('',1,1,(
    (#2802,#2803)
    ,(#2804,#2805
    )),.UNSPECIFIED.,.F.,.F.,.F.,(2,2),(2,2),(0.,1.2),(0.,1.),
  .PIECEWISE_BEZIER_KNOTS.);
#2802 = CARTESIAN_POINT('',(-0.590210246328,-0.390210246328,0.));
#2803 = CARTESIAN_POINT('',(-0.6,-0.4,0.14));
#2804 = CARTESIAN_POINT('',(0.590210246328,-0.390210246328,0.));
#2805 = CARTESIAN_POINT('',(0.6,-0.4,0.14));
#2806 = ADVANCED_FACE('',(#2807),#2824,.T.);
#2807 = FACE_BOUND('',#2808,.T.);
#2808 = EDGE_LOOP('',(#2809,#2810,#2811,#2819));
#2809 = ORIENTED_EDGE('',*,*,#2789,.T.);
#2810 = ORIENTED_EDGE('',*,*,#2702,.T.);
#2811 = ORIENTED_EDGE('',*,*,#2812,.F.);
#2812 = EDGE_CURVE('',#2813,#2695,#2815,.T.);
#2813 = VERTEX_POINT('',#2814);
#2814 = CARTESIAN_POINT('',(-0.565735862148,-0.365735862148,0.63));
#2815 = LINE('',#2816,#2817);
#2816 = CARTESIAN_POINT('',(-0.565735862148,-0.365735862148,0.63));
#2817 = VECTOR('',#2818,1.);
#2818 = DIRECTION('',(1.,0.,0.));
#2819 = ORIENTED_EDGE('',*,*,#2820,.F.);
#2820 = EDGE_CURVE('',#2790,#2813,#2821,.T.);
#2821 = B_SPLINE_CURVE_WITH_KNOTS('',1,(#2822,#2823),.UNSPECIFIED.,.F.,
  .F.,(2,2),(0.,1.),.PIECEWISE_BEZIER_KNOTS.);
#2822 = CARTESIAN_POINT('',(-0.6,-0.4,0.14));
#2823 = CARTESIAN_POINT('',(-0.565735862148,-0.365735862148,0.63));
#2824 = B_SPLINE_SURFACE_WITH_KNOTS('',1,1,(
    (#2825,#2826)
    ,(#2827,#2828
    )),.UNSPECIFIED.,.F.,.F.,.F.,(2,2),(2,2),(0.,1.2),(0.,1.),
  .PIECEWISE_BEZIER_KNOTS.);
#2825 = CARTESIAN_POINT('',(-0.6,-0.4,0.14));
#2826 = CARTESIAN_POINT('',(-0.565735862148,-0.365735862148,0.63));
#2827 = CARTESIAN_POINT('',(0.6,-0.4,0.14));
#2828 = CARTESIAN_POINT('',(0.565735862148,-0.365735862148,0.63));
#2829 = ADVANCED_FACE('',(#2830,#2848),#2882,.F.);
#2830 = FACE_BOUND('',#2831,.F.);
#2831 = EDGE_LOOP('',(#2832,#2833,#2841,#2847));
#2832 = ORIENTED_EDGE('',*,*,#2812,.F.);
#2833 = ORIENTED_EDGE('',*,*,#2834,.F.);
#2834 = EDGE_CURVE('',#2835,#2813,#2837,.T.);
#2835 = VERTEX_POINT('',#2836);
#2836 = CARTESIAN_POINT('',(-0.565735862148,0.365735862148,0.63));
#2837 = LINE('',#2838,#2839);
#2838 = CARTESIAN_POINT('',(-0.565735862148,0.365735862148,0.63));
#2839 = VECTOR('',#2840,1.);
#2840 = DIRECTION('',(0.,-1.,0.));
#2841 = ORIENTED_EDGE('',*,*,#2842,.F.);
#2842 = EDGE_CURVE('',#2688,#2835,#2843,.T.);
#2843 = LINE('',#2844,#2845);
#2844 = CARTESIAN_POINT('',(0.565735862148,0.365735862148,0.63));
#2845 = VECTOR('',#2846,1.);
#2846 = DIRECTION('',(-1.,0.,0.));
#2847 = ORIENTED_EDGE('',*,*,#2694,.F.);
#2848 = FACE_BOUND('',#2849,.F.);
#2849 = EDGE_LOOP('',(#2850,#2860,#2868,#2876));
#2850 = ORIENTED_EDGE('',*,*,#2851,.F.);
#2851 = EDGE_CURVE('',#2852,#2854,#2856,.T.);
#2852 = VERTEX_POINT('',#2853);
#2853 = CARTESIAN_POINT('',(-0.265735862148,0.315735862148,0.63));
#2854 = VERTEX_POINT('',#2855);
#2855 = CARTESIAN_POINT('',(-0.265735862148,-0.315735862148,0.63));
#2856 = LINE('',#2857,#2858);
#2857 = CARTESIAN_POINT('',(-0.265735862148,-0.340735862148,0.63));
#2858 = VECTOR('',#2859,1.);
#2859 = DIRECTION('',(0.,-1.,0.));
#2860 = ORIENTED_EDGE('',*,*,#2861,.F.);
#2861 = EDGE_CURVE('',#2862,#2852,#2864,.T.);
#2862 = VERTEX_POINT('',#2863);
#2863 = CARTESIAN_POINT('',(-0.515735862148,0.315735862148,0.63));
#2864 = LINE('',#2865,#2866);
#2865 = CARTESIAN_POINT('',(-0.540735862148,0.315735862148,0.63));
#2866 = VECTOR('',#2867,1.);
#2867 = DIRECTION('',(1.,0.,0.));
#2868 = ORIENTED_EDGE('',*,*,#2869,.T.);
#2869 = EDGE_CURVE('',#2862,#2870,#2872,.T.);
#2870 = VERTEX_POINT('',#2871);
#2871 = CARTESIAN_POINT('',(-0.515735862148,-0.315735862148,0.63));
#2872 = LINE('',#2873,#2874);
#2873 = CARTESIAN_POINT('',(-0.515735862148,-0.340735862148,0.63));
#2874 = VECTOR('',#2875,1.);
#2875 = DIRECTION('',(0.,-1.,0.));
#2876 = ORIENTED_EDGE('',*,*,#2877,.T.);
#2877 = EDGE_CURVE('',#2870,#2854,#2878,.T.);
#2878 = LINE('',#2879,#2880);
#2879 = CARTESIAN_POINT('',(-0.540735862148,-0.315735862148,0.63));
#2880 = VECTOR('',#2881,1.);
#2881 = DIRECTION('',(1.,0.,0.));
#2882 = PLANE('',#2883);
#2883 = AXIS2_PLACEMENT_3D('',#2884,#2885,#2886);
#2884 = CARTESIAN_POINT('',(-0.565735862148,-0.365735862148,0.63));
#2885 = DIRECTION('',(0.,0.,-1.));
#2886 = DIRECTION('',(0.839792508326,0.542907490241,0.));
#2887 = ADVANCED_FACE('',(#2888),#2905,.T.);
#2888 = FACE_BOUND('',#2889,.T.);
#2889 = EDGE_LOOP('',(#2890,#2898,#2903,#2904));
#2890 = ORIENTED_EDGE('',*,*,#2891,.T.);
#2891 = EDGE_CURVE('',#2680,#2892,#2894,.T.);
#2892 = VERTEX_POINT('',#2893);
#2893 = CARTESIAN_POINT('',(-0.6,0.4,0.14));
#2894 = LINE('',#2895,#2896);
#2895 = CARTESIAN_POINT('',(0.6,0.4,0.14));
#2896 = VECTOR('',#2897,1.);
#2897 = DIRECTION('',(-1.,0.,0.));
#2898 = ORIENTED_EDGE('',*,*,#2899,.T.);
#2899 = EDGE_CURVE('',#2892,#2835,#2900,.T.);
#2900 = B_SPLINE_CURVE_WITH_KNOTS('',1,(#2901,#2902),.UNSPECIFIED.,.F.,
  .F.,(2,2),(0.,1.),.PIECEWISE_BEZIER_KNOTS.);
#2901 = CARTESIAN_POINT('',(-0.6,0.4,0.14));
#2902 = CARTESIAN_POINT('',(-0.565735862148,0.365735862148,0.63));
#2903 = ORIENTED_EDGE('',*,*,#2842,.F.);
#2904 = ORIENTED_EDGE('',*,*,#2687,.F.);
#2905 = B_SPLINE_SURFACE_WITH_KNOTS('',1,1,(
    (#2906,#2907)
    ,(#2908,#2909
    )),.UNSPECIFIED.,.F.,.F.,.F.,(2,2),(2,2),(0.,1.2),(0.,1.),
  .PIECEWISE_BEZIER_KNOTS.);
#2906 = CARTESIAN_POINT('',(0.6,0.4,0.14));
#2907 = CARTESIAN_POINT('',(0.565735862148,0.365735862148,0.63));
#2908 = CARTESIAN_POINT('',(-0.6,0.4,0.14));
#2909 = CARTESIAN_POINT('',(-0.565735862148,0.365735862148,0.63));
#2910 = ADVANCED_FACE('',(#2911),#2921,.T.);
#2911 = FACE_BOUND('',#2912,.T.);
#2912 = EDGE_LOOP('',(#2913,#2914,#2919,#2920));
#2913 = ORIENTED_EDGE('',*,*,#2770,.T.);
#2914 = ORIENTED_EDGE('',*,*,#2915,.T.);
#2915 = EDGE_CURVE('',#2763,#2892,#2916,.T.);
#2916 = B_SPLINE_CURVE_WITH_KNOTS('',1,(#2917,#2918),.UNSPECIFIED.,.F.,
  .F.,(2,2),(0.,1.),.PIECEWISE_BEZIER_KNOTS.);
#2917 = CARTESIAN_POINT('',(-0.590210246328,0.390210246328,0.));
#2918 = CARTESIAN_POINT('',(-0.6,0.4,0.14));
#2919 = ORIENTED_EDGE('',*,*,#2891,.F.);
#2920 = ORIENTED_EDGE('',*,*,#2724,.F.);
#2921 = B_SPLINE_SURFACE_WITH_KNOTS('',1,1,(
    (#2922,#2923)
    ,(#2924,#2925
    )),.UNSPECIFIED.,.F.,.F.,.F.,(2,2),(2,2),(0.,1.2),(0.,1.),
  .PIECEWISE_BEZIER_KNOTS.);
#2922 = CARTESIAN_POINT('',(0.590210246328,0.390210246328,0.));
#2923 = CARTESIAN_POINT('',(0.6,0.4,0.14));
#2924 = CARTESIAN_POINT('',(-0.590210246328,0.390210246328,0.));
#2925 = CARTESIAN_POINT('',(-0.6,0.4,0.14));
#2926 = ADVANCED_FACE('',(#2927),#2949,.T.);
#2927 = FACE_BOUND('',#2928,.T.);
#2928 = EDGE_LOOP('',(#2929,#2941,#2942,#2943));
#2929 = ORIENTED_EDGE('',*,*,#2930,.F.);
#2930 = EDGE_CURVE('',#2747,#2931,#2933,.T.);
#2931 = VERTEX_POINT('',#2932);
#2932 = CARTESIAN_POINT('',(-0.6,-0.15,0.14));
#2933 = B_SPLINE_CURVE_WITH_KNOTS('',6,(#2934,#2935,#2936,#2937,#2938,
    #2939,#2940),.UNSPECIFIED.,.F.,.F.,(7,7),(0.,1.),
  .PIECEWISE_BEZIER_KNOTS.);
#2934 = CARTESIAN_POINT('',(-0.590210246328,-0.15,0.));
#2935 = CARTESIAN_POINT('',(-0.592052839095,-0.15,2.635030420451E-02));
#2936 = CARTESIAN_POINT('',(-0.593440858671,-0.15,4.619990891917E-02));
#2937 = CARTESIAN_POINT('',(-0.595069169764,-0.15,6.948584243309E-02));
#2938 = CARTESIAN_POINT('',(-0.597095662504,-0.15,9.84660387753E-02));
#2939 = CARTESIAN_POINT('',(-0.599092991412,-0.15,0.127029172887));
#2940 = CARTESIAN_POINT('',(-0.6,-0.15,0.14));
#2941 = ORIENTED_EDGE('',*,*,#2746,.T.);
#2942 = ORIENTED_EDGE('',*,*,#2797,.T.);
#2943 = ORIENTED_EDGE('',*,*,#2944,.F.);
#2944 = EDGE_CURVE('',#2931,#2790,#2945,.T.);
#2945 = LINE('',#2946,#2947);
#2946 = CARTESIAN_POINT('',(-0.6,0.4,0.14));
#2947 = VECTOR('',#2948,1.);
#2948 = DIRECTION('',(0.,-1.,0.));
#2949 = B_SPLINE_SURFACE_WITH_KNOTS('',1,1,(
    (#2950,#2951)
    ,(#2952,#2953
    )),.UNSPECIFIED.,.F.,.F.,.F.,(2,2),(2,2),(0.,0.8),(0.,1.),
  .PIECEWISE_BEZIER_KNOTS.);
#2950 = CARTESIAN_POINT('',(-0.590210246328,0.390210246328,0.));
#2951 = CARTESIAN_POINT('',(-0.6,0.4,0.14));
#2952 = CARTESIAN_POINT('',(-0.590210246328,-0.390210246328,0.));
#2953 = CARTESIAN_POINT('',(-0.6,-0.4,0.14));
#2954 = ADVANCED_FACE('',(#2955),#2980,.F.);
#2955 = FACE_BOUND('',#2956,.F.);
#2956 = EDGE_LOOP('',(#2957,#2958,#2966,#2974));
#2957 = ORIENTED_EDGE('',*,*,#2754,.F.);
#2958 = ORIENTED_EDGE('',*,*,#2959,.T.);
#2959 = EDGE_CURVE('',#2755,#2960,#2962,.T.);
#2960 = VERTEX_POINT('',#2961);
#2961 = CARTESIAN_POINT('',(-0.8,0.15,0.));
#2962 = LINE('',#2963,#2964);
#2963 = CARTESIAN_POINT('',(-0.590210246328,0.15,0.));
#2964 = VECTOR('',#2965,1.);
#2965 = DIRECTION('',(-1.,2.22044604925E-16,0.));
#2966 = ORIENTED_EDGE('',*,*,#2967,.T.);
#2967 = EDGE_CURVE('',#2960,#2968,#2970,.T.);
#2968 = VERTEX_POINT('',#2969);
#2969 = CARTESIAN_POINT('',(-0.8,-0.15,0.));
#2970 = LINE('',#2971,#2972);
#2971 = CARTESIAN_POINT('',(-0.8,0.15,0.));
#2972 = VECTOR('',#2973,1.);
#2973 = DIRECTION('',(-2.22044604925E-16,-1.,0.));
#2974 = ORIENTED_EDGE('',*,*,#2975,.F.);
#2975 = EDGE_CURVE('',#2747,#2968,#2976,.T.);
#2976 = LINE('',#2977,#2978);
#2977 = CARTESIAN_POINT('',(-0.590210246328,-0.15,0.));
#2978 = VECTOR('',#2979,1.);
#2979 = DIRECTION('',(-1.,2.22044604925E-16,0.));
#2980 = PLANE('',#2981);
#2981 = AXIS2_PLACEMENT_3D('',#2982,#2983,#2984);
#2982 = CARTESIAN_POINT('',(-0.590210246328,0.15,0.));
#2983 = DIRECTION('',(0.,0.,1.));
#2984 = DIRECTION('',(-1.,2.22044604925E-16,0.));
#2985 = ADVANCED_FACE('',(#2986),#3008,.T.);
#2986 = FACE_BOUND('',#2987,.T.);
#2987 = EDGE_LOOP('',(#2988,#2989,#2990,#3002));
#2988 = ORIENTED_EDGE('',*,*,#2915,.F.);
#2989 = ORIENTED_EDGE('',*,*,#2762,.T.);
#2990 = ORIENTED_EDGE('',*,*,#2991,.T.);
#2991 = EDGE_CURVE('',#2755,#2992,#2994,.T.);
#2992 = VERTEX_POINT('',#2993);
#2993 = CARTESIAN_POINT('',(-0.6,0.15,0.14));
#2994 = B_SPLINE_CURVE_WITH_KNOTS('',6,(#2995,#2996,#2997,#2998,#2999,
    #3000,#3001),.UNSPECIFIED.,.F.,.F.,(7,7),(0.,1.),
  .PIECEWISE_BEZIER_KNOTS.);
#2995 = CARTESIAN_POINT('',(-0.590210246328,0.15,0.));
#2996 = CARTESIAN_POINT('',(-0.592052839095,0.15,2.635030420451E-02));
#2997 = CARTESIAN_POINT('',(-0.593440858671,0.15,4.619990891917E-02));
#2998 = CARTESIAN_POINT('',(-0.595069169764,0.15,6.948584243309E-02));
#2999 = CARTESIAN_POINT('',(-0.597095662504,0.15,9.84660387753E-02));
#3000 = CARTESIAN_POINT('',(-0.599092991412,0.15,0.127029172887));
#3001 = CARTESIAN_POINT('',(-0.6,0.15,0.14));
#3002 = ORIENTED_EDGE('',*,*,#3003,.F.);
#3003 = EDGE_CURVE('',#2892,#2992,#3004,.T.);
#3004 = LINE('',#3005,#3006);
#3005 = CARTESIAN_POINT('',(-0.6,0.4,0.14));
#3006 = VECTOR('',#3007,1.);
#3007 = DIRECTION('',(0.,-1.,0.));
#3008 = B_SPLINE_SURFACE_WITH_KNOTS('',1,1,(
    (#3009,#3010)
    ,(#3011,#3012
    )),.UNSPECIFIED.,.F.,.F.,.F.,(2,2),(2,2),(0.,0.8),(0.,1.),
  .PIECEWISE_BEZIER_KNOTS.);
#3009 = CARTESIAN_POINT('',(-0.590210246328,0.390210246328,0.));
#3010 = CARTESIAN_POINT('',(-0.6,0.4,0.14));
#3011 = CARTESIAN_POINT('',(-0.590210246328,-0.390210246328,0.));
#3012 = CARTESIAN_POINT('',(-0.6,-0.4,0.14));
#3013 = ADVANCED_FACE('',(#3014),#3027,.T.);
#3014 = FACE_BOUND('',#3015,.T.);
#3015 = EDGE_LOOP('',(#3016,#3017,#3023,#3024,#3025,#3026));
#3016 = ORIENTED_EDGE('',*,*,#3003,.T.);
#3017 = ORIENTED_EDGE('',*,*,#3018,.T.);
#3018 = EDGE_CURVE('',#2992,#2931,#3019,.T.);
#3019 = LINE('',#3020,#3021);
#3020 = CARTESIAN_POINT('',(-0.6,0.4,0.14));
#3021 = VECTOR('',#3022,1.);
#3022 = DIRECTION('',(0.,-1.,0.));
#3023 = ORIENTED_EDGE('',*,*,#2944,.T.);
#3024 = ORIENTED_EDGE('',*,*,#2820,.T.);
#3025 = ORIENTED_EDGE('',*,*,#2834,.F.);
#3026 = ORIENTED_EDGE('',*,*,#2899,.F.);
#3027 = B_SPLINE_SURFACE_WITH_KNOTS('',1,1,(
    (#3028,#3029)
    ,(#3030,#3031
    )),.UNSPECIFIED.,.F.,.F.,.F.,(2,2),(2,2),(0.,0.8),(0.,1.),
  .PIECEWISE_BEZIER_KNOTS.);
#3028 = CARTESIAN_POINT('',(-0.6,0.4,0.14));
#3029 = CARTESIAN_POINT('',(-0.565735862148,0.365735862148,0.63));
#3030 = CARTESIAN_POINT('',(-0.6,-0.4,0.14));
#3031 = CARTESIAN_POINT('',(-0.565735862148,-0.365735862148,0.63));
#3032 = ADVANCED_FACE('',(#3033),#3058,.F.);
#3033 = FACE_BOUND('',#3034,.F.);
#3034 = EDGE_LOOP('',(#3035,#3043,#3051,#3057));
#3035 = ORIENTED_EDGE('',*,*,#3036,.F.);
#3036 = EDGE_CURVE('',#3037,#2854,#3039,.T.);
#3037 = VERTEX_POINT('',#3038);
#3038 = CARTESIAN_POINT('',(-0.265735862148,-0.315735862148,0.62));
#3039 = LINE('',#3040,#3041);
#3040 = CARTESIAN_POINT('',(-0.265735862148,-0.315735862148,0.62));
#3041 = VECTOR('',#3042,1.);
#3042 = DIRECTION('',(0.,0.,1.));
#3043 = ORIENTED_EDGE('',*,*,#3044,.T.);
#3044 = EDGE_CURVE('',#3037,#3045,#3047,.T.);
#3045 = VERTEX_POINT('',#3046);
#3046 = CARTESIAN_POINT('',(-0.265735862148,0.315735862148,0.62));
#3047 = LINE('',#3048,#3049);
#3048 = CARTESIAN_POINT('',(-0.265735862148,-0.315735862148,0.62));
#3049 = VECTOR('',#3050,1.);
#3050 = DIRECTION('',(0.,1.,0.));
#3051 = ORIENTED_EDGE('',*,*,#3052,.T.);
#3052 = EDGE_CURVE('',#3045,#2852,#3053,.T.);
#3053 = LINE('',#3054,#3055);
#3054 = CARTESIAN_POINT('',(-0.265735862148,0.315735862148,0.62));
#3055 = VECTOR('',#3056,1.);
#3056 = DIRECTION('',(0.,0.,1.));
#3057 = ORIENTED_EDGE('',*,*,#2851,.T.);
#3058 = PLANE('',#3059);
#3059 = AXIS2_PLACEMENT_3D('',#3060,#3061,#3062);
#3060 = CARTESIAN_POINT('',(-0.265735862148,-0.315735862148,0.62));
#3061 = DIRECTION('',(1.,0.,0.));
#3062 = DIRECTION('',(0.,0.,1.));
#3063 = ADVANCED_FACE('',(#3064),#3082,.T.);
#3064 = FACE_BOUND('',#3065,.T.);
#3065 = EDGE_LOOP('',(#3066,#3067,#3075,#3081));
#3066 = ORIENTED_EDGE('',*,*,#3036,.F.);
#3067 = ORIENTED_EDGE('',*,*,#3068,.F.);
#3068 = EDGE_CURVE('',#3069,#3037,#3071,.T.);
#3069 = VERTEX_POINT('',#3070);
#3070 = CARTESIAN_POINT('',(-0.515735862148,-0.315735862148,0.62));
#3071 = LINE('',#3072,#3073);
#3072 = CARTESIAN_POINT('',(-0.515735862148,-0.315735862148,0.62));
#3073 = VECTOR('',#3074,1.);
#3074 = DIRECTION('',(1.,0.,0.));
#3075 = ORIENTED_EDGE('',*,*,#3076,.T.);
#3076 = EDGE_CURVE('',#3069,#2870,#3077,.T.);
#3077 = LINE('',#3078,#3079);
#3078 = CARTESIAN_POINT('',(-0.515735862148,-0.315735862148,0.62));
#3079 = VECTOR('',#3080,1.);
#3080 = DIRECTION('',(0.,0.,1.));
#3081 = ORIENTED_EDGE('',*,*,#2877,.T.);
#3082 = PLANE('',#3083);
#3083 = AXIS2_PLACEMENT_3D('',#3084,#3085,#3086);
#3084 = CARTESIAN_POINT('',(-0.515735862148,-0.315735862148,0.62));
#3085 = DIRECTION('',(0.,1.,0.));
#3086 = DIRECTION('',(0.,-0.,1.));
#3087 = ADVANCED_FACE('',(#3088),#3106,.T.);
#3088 = FACE_BOUND('',#3089,.T.);
#3089 = EDGE_LOOP('',(#3090,#3091,#3099,#3105));
#3090 = ORIENTED_EDGE('',*,*,#3076,.F.);
#3091 = ORIENTED_EDGE('',*,*,#3092,.T.);
#3092 = EDGE_CURVE('',#3069,#3093,#3095,.T.);
#3093 = VERTEX_POINT('',#3094);
#3094 = CARTESIAN_POINT('',(-0.515735862148,0.315735862148,0.62));
#3095 = LINE('',#3096,#3097);
#3096 = CARTESIAN_POINT('',(-0.515735862148,-0.315735862148,0.62));
#3097 = VECTOR('',#3098,1.);
#3098 = DIRECTION('',(0.,1.,0.));
#3099 = ORIENTED_EDGE('',*,*,#3100,.T.);
#3100 = EDGE_CURVE('',#3093,#2862,#3101,.T.);
#3101 = LINE('',#3102,#3103);
#3102 = CARTESIAN_POINT('',(-0.515735862148,0.315735862148,0.62));
#3103 = VECTOR('',#3104,1.);
#3104 = DIRECTION('',(0.,0.,1.));
#3105 = ORIENTED_EDGE('',*,*,#2869,.T.);
#3106 = PLANE('',#3107);
#3107 = AXIS2_PLACEMENT_3D('',#3108,#3109,#3110);
#3108 = CARTESIAN_POINT('',(-0.515735862148,-0.315735862148,0.62));
#3109 = DIRECTION('',(1.,0.,0.));
#3110 = DIRECTION('',(0.,0.,1.));
#3111 = ADVANCED_FACE('',(#3112),#3123,.F.);
#3112 = FACE_BOUND('',#3113,.F.);
#3113 = EDGE_LOOP('',(#3114,#3115,#3121,#3122));
#3114 = ORIENTED_EDGE('',*,*,#3052,.F.);
#3115 = ORIENTED_EDGE('',*,*,#3116,.F.);
#3116 = EDGE_CURVE('',#3093,#3045,#3117,.T.);
#3117 = LINE('',#3118,#3119);
#3118 = CARTESIAN_POINT('',(-0.515735862148,0.315735862148,0.62));
#3119 = VECTOR('',#3120,1.);
#3120 = DIRECTION('',(1.,0.,0.));
#3121 = ORIENTED_EDGE('',*,*,#3100,.T.);
#3122 = ORIENTED_EDGE('',*,*,#2861,.T.);
#3123 = PLANE('',#3124);
#3124 = AXIS2_PLACEMENT_3D('',#3125,#3126,#3127);
#3125 = CARTESIAN_POINT('',(-0.515735862148,0.315735862148,0.62));
#3126 = DIRECTION('',(0.,1.,0.));
#3127 = DIRECTION('',(0.,-0.,1.));
#3128 = ADVANCED_FACE('',(#3129),#3147,.T.);
#3129 = FACE_BOUND('',#3130,.T.);
#3130 = EDGE_LOOP('',(#3131,#3132,#3133,#3141));
#3131 = ORIENTED_EDGE('',*,*,#2975,.F.);
#3132 = ORIENTED_EDGE('',*,*,#2930,.T.);
#3133 = ORIENTED_EDGE('',*,*,#3134,.T.);
#3134 = EDGE_CURVE('',#2931,#3135,#3137,.T.);
#3135 = VERTEX_POINT('',#3136);
#3136 = CARTESIAN_POINT('',(-0.8,-0.15,0.14));
#3137 = LINE('',#3138,#3139);
#3138 = CARTESIAN_POINT('',(-0.590210246328,-0.15,0.14));
#3139 = VECTOR('',#3140,1.);
#3140 = DIRECTION('',(-1.,2.22044604925E-16,0.));
#3141 = ORIENTED_EDGE('',*,*,#3142,.F.);
#3142 = EDGE_CURVE('',#2968,#3135,#3143,.T.);
#3143 = LINE('',#3144,#3145);
#3144 = CARTESIAN_POINT('',(-0.8,-0.15,0.));
#3145 = VECTOR('',#3146,1.);
#3146 = DIRECTION('',(0.,0.,1.));
#3147 = PLANE('',#3148);
#3148 = AXIS2_PLACEMENT_3D('',#3149,#3150,#3151);
#3149 = CARTESIAN_POINT('',(-0.590210246328,-0.15,0.));
#3150 = DIRECTION('',(-2.22044604925E-16,-1.,0.));
#3151 = DIRECTION('',(0.,0.,1.));
#3152 = ADVANCED_FACE('',(#3153),#3171,.F.);
#3153 = FACE_BOUND('',#3154,.F.);
#3154 = EDGE_LOOP('',(#3155,#3156,#3157,#3165));
#3155 = ORIENTED_EDGE('',*,*,#2959,.F.);
#3156 = ORIENTED_EDGE('',*,*,#2991,.T.);
#3157 = ORIENTED_EDGE('',*,*,#3158,.T.);
#3158 = EDGE_CURVE('',#2992,#3159,#3161,.T.);
#3159 = VERTEX_POINT('',#3160);
#3160 = CARTESIAN_POINT('',(-0.8,0.15,0.14));
#3161 = LINE('',#3162,#3163);
#3162 = CARTESIAN_POINT('',(-0.590210246328,0.15,0.14));
#3163 = VECTOR('',#3164,1.);
#3164 = DIRECTION('',(-1.,2.22044604925E-16,0.));
#3165 = ORIENTED_EDGE('',*,*,#3166,.F.);
#3166 = EDGE_CURVE('',#2960,#3159,#3167,.T.);
#3167 = LINE('',#3168,#3169);
#3168 = CARTESIAN_POINT('',(-0.8,0.15,0.));
#3169 = VECTOR('',#3170,1.);
#3170 = DIRECTION('',(0.,0.,1.));
#3171 = PLANE('',#3172);
#3172 = AXIS2_PLACEMENT_3D('',#3173,#3174,#3175);
#3173 = CARTESIAN_POINT('',(-0.590210246328,0.15,0.));
#3174 = DIRECTION('',(-2.22044604925E-16,-1.,0.));
#3175 = DIRECTION('',(0.,0.,1.));
#3176 = ADVANCED_FACE('',(#3177),#3188,.T.);
#3177 = FACE_BOUND('',#3178,.T.);
#3178 = EDGE_LOOP('',(#3179,#3180,#3181,#3182));
#3179 = ORIENTED_EDGE('',*,*,#3166,.F.);
#3180 = ORIENTED_EDGE('',*,*,#2967,.T.);
#3181 = ORIENTED_EDGE('',*,*,#3142,.T.);
#3182 = ORIENTED_EDGE('',*,*,#3183,.F.);
#3183 = EDGE_CURVE('',#3159,#3135,#3184,.T.);
#3184 = LINE('',#3185,#3186);
#3185 = CARTESIAN_POINT('',(-0.8,0.15,0.14));
#3186 = VECTOR('',#3187,1.);
#3187 = DIRECTION('',(-2.22044604925E-16,-1.,0.));
#3188 = PLANE('',#3189);
#3189 = AXIS2_PLACEMENT_3D('',#3190,#3191,#3192);
#3190 = CARTESIAN_POINT('',(-0.8,0.15,0.));
#3191 = DIRECTION('',(-1.,2.22044604925E-16,0.));
#3192 = DIRECTION('',(0.,0.,1.));
#3193 = ADVANCED_FACE('',(#3194),#3200,.T.);
#3194 = FACE_BOUND('',#3195,.T.);
#3195 = EDGE_LOOP('',(#3196,#3197,#3198,#3199));
#3196 = ORIENTED_EDGE('',*,*,#3018,.F.);
#3197 = ORIENTED_EDGE('',*,*,#3158,.T.);
#3198 = ORIENTED_EDGE('',*,*,#3183,.T.);
#3199 = ORIENTED_EDGE('',*,*,#3134,.F.);
#3200 = PLANE('',#3201);
#3201 = AXIS2_PLACEMENT_3D('',#3202,#3203,#3204);
#3202 = CARTESIAN_POINT('',(-0.590210246328,0.15,0.14));
#3203 = DIRECTION('',(0.,0.,1.));
#3204 = DIRECTION('',(-1.,2.22044604925E-16,0.));
#3205 = ADVANCED_FACE('',(#3206),#3212,.T.);
#3206 = FACE_BOUND('',#3207,.T.);
#3207 = EDGE_LOOP('',(#3208,#3209,#3210,#3211));
#3208 = ORIENTED_EDGE('',*,*,#3092,.F.);
#3209 = ORIENTED_EDGE('',*,*,#3068,.T.);
#3210 = ORIENTED_EDGE('',*,*,#3044,.T.);
#3211 = ORIENTED_EDGE('',*,*,#3116,.F.);
#3212 = PLANE('',#3213);
#3213 = AXIS2_PLACEMENT_3D('',#3214,#3215,#3216);
#3214 = CARTESIAN_POINT('',(-0.515735862148,-0.315735862148,0.62));
#3215 = DIRECTION('',(0.,0.,1.));
#3216 = DIRECTION('',(1.,0.,-0.));
#3217 = ( GEOMETRIC_REPRESENTATION_CONTEXT(3) 
GLOBAL_UNCERTAINTY_ASSIGNED_CONTEXT((#3221)) 
GLOBAL_UNIT_ASSIGNED_CONTEXT((#3218,#3219,#3220)) REPRESENTATION_CONTEXT
('Context #1','3D Context with UNIT and UNCERTAINTY') );
#3218 = ( LENGTH_UNIT() NAMED_UNIT(*) SI_UNIT(.MILLI.,.METRE.) );
#3219 = ( NAMED_UNIT(*) PLANE_ANGLE_UNIT() SI_UNIT($,.RADIAN.) );
#3220 = ( NAMED_UNIT(*) SI_UNIT($,.STERADIAN.) SOLID_ANGLE_UNIT() );
#3221 = UNCERTAINTY_MEASURE_WITH_UNIT(LENGTH_MEASURE(1.E-07),#3218,
  'distance_accuracy_value','confusion accuracy');
#3222 = CONTEXT_DEPENDENT_SHAPE_REPRESENTATION(#3223,#3225);
#3223 = ( REPRESENTATION_RELATIONSHIP('','',#2496,#2473) 
REPRESENTATION_RELATIONSHIP_WITH_TRANSFORMATION(#3224) 
SHAPE_REPRESENTATION_RELATIONSHIP() );
#3224 = ITEM_DEFINED_TRANSFORMATION('','',#11,#2474);
#3225 = PRODUCT_DEFINITION_SHAPE('Placement','Placement of an item',
  #3226);
#3226 = NEXT_ASSEMBLY_USAGE_OCCURRENCE('5','=>[0:1:1:7]','',#2468,#2491,
  $);
#3227 = PRODUCT_RELATED_PRODUCT_CATEGORY('part',$,(#2493));
#3228 = SHAPE_DEFINITION_REPRESENTATION(#3229,#3235);
#3229 = PRODUCT_DEFINITION_SHAPE('','',#3230);
#3230 = PRODUCT_DEFINITION('design','',#3231,#3234);
#3231 = PRODUCT_DEFINITION_FORMATION('','',#3232);
#3232 = PRODUCT('JST_GH_SM04B-GHS-TB_1x04-1MP_P1.25mm_Horizontal',
  'JST_GH_SM04B-GHS-TB_1x04-1MP_P1.25mm_Horizontal','',(#3233));
#3233 = PRODUCT_CONTEXT('',#2,'mechanical');
#3234 = PRODUCT_DEFINITION_CONTEXT('part definition',#2,'design');
#3235 = SHAPE_REPRESENTATION('',(#11,#3236),#3240);
#3236 = AXIS2_PLACEMENT_3D('',#3237,#3238,#3239);
#3237 = CARTESIAN_POINT('',(0.,0.,0.));
#3238 = DIRECTION('',(0.,0.,1.));
#3239 = DIRECTION('',(1.,0.,-0.));
#3240 = ( GEOMETRIC_REPRESENTATION_CONTEXT(3) 
GLOBAL_UNCERTAINTY_ASSIGNED_CONTEXT((#3244)) 
GLOBAL_UNIT_ASSIGNED_CONTEXT((#3241,#3242,#3243)) REPRESENTATION_CONTEXT
('Context #1','3D Context with UNIT and UNCERTAINTY') );
#3241 = ( LENGTH_UNIT() NAMED_UNIT(*) SI_UNIT(.MILLI.,.METRE.) );
#3242 = ( NAMED_UNIT(*) PLANE_ANGLE_UNIT() SI_UNIT($,.RADIAN.) );
#3243 = ( NAMED_UNIT(*) SI_UNIT($,.STERADIAN.) SOLID_ANGLE_UNIT() );
#3244 = UNCERTAINTY_MEASURE_WITH_UNIT(LENGTH_MEASURE(1.E-07),#3241,
  'distance_accuracy_value','confusion accuracy');
#3245 = CONTEXT_DEPENDENT_SHAPE_REPRESENTATION(#3246,#3248);
#3246 = ( REPRESENTATION_RELATIONSHIP('','',#3235,#10) 
REPRESENTATION_RELATIONSHIP_WITH_TRANSFORMATION(#3247) 
SHAPE_REPRESENTATION_RELATIONSHIP() );
#3247 = ITEM_DEFINED_TRANSFORMATION('','',#11,#27);
#3248 = PRODUCT_DEFINITION_SHAPE('Placement','Placement of an item',
  #3249);
#3249 = NEXT_ASSEMBLY_USAGE_OCCURRENCE('8','J1','',#5,#3230,$);
#3250 = PRODUCT_RELATED_PRODUCT_CATEGORY('part',$,(#3232));
#3251 = SHAPE_DEFINITION_REPRESENTATION(#3252,#3258);
#3252 = PRODUCT_DEFINITION_SHAPE('','',#3253);
#3253 = PRODUCT_DEFINITION('design','',#3254,#3257);
#3254 = PRODUCT_DEFINITION_FORMATION('','',#3255);
#3255 = PRODUCT('JST_SM04B_GHS_TB','JST_SM04B_GHS_TB','',(#3256));
#3256 = PRODUCT_CONTEXT('',#2,'mechanical');
#3257 = PRODUCT_DEFINITION_CONTEXT('part definition',#2,'design');
#3258 = ADVANCED_BREP_SHAPE_REPRESENTATION('',(#11,#3259),#9658);
#3259 = MANIFOLD_SOLID_BREP('',#3260);
#3260 = CLOSED_SHELL('',(#3261,#3397,#3460,#3500,#3524,#3580,#3604,#4139
    ,#4195,#4219,#4243,#4267,#4291,#4372,#4524,#4548,#4572,#4717,#4805,
    #4845,#4878,#4911,#4935,#5002,#5026,#5050,#5067,#5091,#5186,#5210,
    #5235,#5267,#5284,#5306,#5323,#5374,#5386,#5417,#5441,#5465,#5489,
    #5513,#5537,#5561,#5585,#5609,#5633,#5665,#5689,#5729,#5761,#5785,
    #5825,#5865,#5889,#5921,#5961,#5985,#6017,#6041,#6065,#6089,#6113,
    #6145,#6169,#6209,#6241,#6265,#6305,#6345,#6369,#6401,#6441,#6465,
    #6497,#6521,#6538,#6569,#6593,#6617,#6634,#6665,#6689,#6713,#6730,
    #6770,#6787,#6801,#6818,#6876,#6900,#6963,#6987,#7050,#7074,#7137,
    #7161,#7224,#7248,#7311,#7335,#7398,#7422,#7485,#7502,#7514,#7531,
    #7543,#7560,#7572,#7589,#7601,#7618,#7635,#7670,#7687,#7699,#7716,
    #7733,#7751,#7768,#7786,#7798,#7810,#7834,#7858,#7875,#7887,#7910,
    #7934,#7950,#7962,#8222,#8254,#8271,#8288,#8314,#8346,#8377,#8394,
    #8406,#8431,#8456,#8488,#8505,#8522,#8548,#8580,#8611,#8628,#8640,
    #8665,#8690,#8702,#8714,#8731,#8748,#8765,#8777,#8794,#8811,#8828,
    #8840,#8857,#8874,#8891,#8903,#8920,#8937,#8954,#8966,#8978,#8995,
    #9012,#9029,#9046,#9085,#9109,#9141,#9158,#9197,#9221,#9253,#9270,
    #9309,#9333,#9365,#9382,#9413,#9445,#9469,#9494,#9506,#9518,#9530,
    #9542,#9559,#9571,#9588,#9600,#9617,#9629,#9646));
#3261 = ADVANCED_FACE('',(#3262),#3392,.F.);
#3262 = FACE_BOUND('',#3263,.F.);
#3263 = EDGE_LOOP('',(#3264,#3274,#3282,#3290,#3298,#3306,#3314,#3322,
    #3330,#3338,#3346,#3354,#3362,#3370,#3378,#3386));
#3264 = ORIENTED_EDGE('',*,*,#3265,.F.);
#3265 = EDGE_CURVE('',#3266,#3268,#3270,.T.);
#3266 = VERTEX_POINT('',#3267);
#3267 = CARTESIAN_POINT('',(-4.125,0.93,-5.E-03));
#3268 = VERTEX_POINT('',#3269);
#3269 = CARTESIAN_POINT('',(-4.125,-0.22,-4.999999999999E-03));
#3270 = LINE('',#3271,#3272);
#3271 = CARTESIAN_POINT('',(-4.125,1.58,-5.E-03));
#3272 = VECTOR('',#3273,1.);
#3273 = DIRECTION('',(0.,-1.,2.22044604925E-16));
#3274 = ORIENTED_EDGE('',*,*,#3275,.F.);
#3275 = EDGE_CURVE('',#3276,#3266,#3278,.T.);
#3276 = VERTEX_POINT('',#3277);
#3277 = CARTESIAN_POINT('',(-4.125,0.93,0.195));
#3278 = LINE('',#3279,#3280);
#3279 = CARTESIAN_POINT('',(-4.125,0.93,0.195));
#3280 = VECTOR('',#3281,1.);
#3281 = DIRECTION('',(0.,-2.22044604925E-16,-1.));
#3282 = ORIENTED_EDGE('',*,*,#3283,.F.);
#3283 = EDGE_CURVE('',#3284,#3276,#3286,.T.);
#3284 = VERTEX_POINT('',#3285);
#3285 = CARTESIAN_POINT('',(-4.125,1.08,0.195));
#3286 = LINE('',#3287,#3288);
#3287 = CARTESIAN_POINT('',(-4.125,1.08,0.195));
#3288 = VECTOR('',#3289,1.);
#3289 = DIRECTION('',(0.,-1.,2.22044604925E-16));
#3290 = ORIENTED_EDGE('',*,*,#3291,.F.);
#3291 = EDGE_CURVE('',#3292,#3284,#3294,.T.);
#3292 = VERTEX_POINT('',#3293);
#3293 = CARTESIAN_POINT('',(-4.125,1.08,0.945));
#3294 = LINE('',#3295,#3296);
#3295 = CARTESIAN_POINT('',(-4.125,1.08,0.945));
#3296 = VECTOR('',#3297,1.);
#3297 = DIRECTION('',(0.,-2.22044604925E-16,-1.));
#3298 = ORIENTED_EDGE('',*,*,#3299,.F.);
#3299 = EDGE_CURVE('',#3300,#3292,#3302,.T.);
#3300 = VERTEX_POINT('',#3301);
#3301 = CARTESIAN_POINT('',(-4.125,1.58,0.945));
#3302 = LINE('',#3303,#3304);
#3303 = CARTESIAN_POINT('',(-4.125,1.58,0.945));
#3304 = VECTOR('',#3305,1.);
#3305 = DIRECTION('',(0.,-1.,2.22044604925E-16));
#3306 = ORIENTED_EDGE('',*,*,#3307,.T.);
#3307 = EDGE_CURVE('',#3300,#3308,#3310,.T.);
#3308 = VERTEX_POINT('',#3309);
#3309 = CARTESIAN_POINT('',(-4.125,1.58,1.995));
#3310 = LINE('',#3311,#3312);
#3311 = CARTESIAN_POINT('',(-4.125,1.58,-5.E-03));
#3312 = VECTOR('',#3313,1.);
#3313 = DIRECTION('',(0.,2.22044604925E-16,1.));
#3314 = ORIENTED_EDGE('',*,*,#3315,.T.);
#3315 = EDGE_CURVE('',#3308,#3316,#3318,.T.);
#3316 = VERTEX_POINT('',#3317);
#3317 = CARTESIAN_POINT('',(-4.125,0.98,1.995));
#3318 = LINE('',#3319,#3320);
#3319 = CARTESIAN_POINT('',(-4.125,1.58,1.995));
#3320 = VECTOR('',#3321,1.);
#3321 = DIRECTION('',(0.,-1.,2.22044604925E-16));
#3322 = ORIENTED_EDGE('',*,*,#3323,.T.);
#3323 = EDGE_CURVE('',#3316,#3324,#3326,.T.);
#3324 = VERTEX_POINT('',#3325);
#3325 = CARTESIAN_POINT('',(-4.125,0.98,3.595));
#3326 = LINE('',#3327,#3328);
#3327 = CARTESIAN_POINT('',(-4.125,0.98,1.995));
#3328 = VECTOR('',#3329,1.);
#3329 = DIRECTION('',(0.,2.22044604925E-16,1.));
#3330 = ORIENTED_EDGE('',*,*,#3331,.T.);
#3331 = EDGE_CURVE('',#3324,#3332,#3334,.T.);
#3332 = VERTEX_POINT('',#3333);
#3333 = CARTESIAN_POINT('',(-4.125,-0.32,3.595));
#3334 = LINE('',#3335,#3336);
#3335 = CARTESIAN_POINT('',(-4.125,0.98,3.595));
#3336 = VECTOR('',#3337,1.);
#3337 = DIRECTION('',(0.,-1.,2.22044604925E-16));
#3338 = ORIENTED_EDGE('',*,*,#3339,.T.);
#3339 = EDGE_CURVE('',#3332,#3340,#3342,.T.);
#3340 = VERTEX_POINT('',#3341);
#3341 = CARTESIAN_POINT('',(-4.125,-0.32,4.245));
#3342 = LINE('',#3343,#3344);
#3343 = CARTESIAN_POINT('',(-4.125,-0.32,3.595));
#3344 = VECTOR('',#3345,1.);
#3345 = DIRECTION('',(0.,2.22044604925E-16,1.));
#3346 = ORIENTED_EDGE('',*,*,#3347,.T.);
#3347 = EDGE_CURVE('',#3340,#3348,#3350,.T.);
#3348 = VERTEX_POINT('',#3349);
#3349 = CARTESIAN_POINT('',(-4.125,-2.47,4.245));
#3350 = LINE('',#3351,#3352);
#3351 = CARTESIAN_POINT('',(-4.125,1.58,4.245));
#3352 = VECTOR('',#3353,1.);
#3353 = DIRECTION('',(0.,-1.,2.22044604925E-16));
#3354 = ORIENTED_EDGE('',*,*,#3355,.F.);
#3355 = EDGE_CURVE('',#3356,#3348,#3358,.T.);
#3356 = VERTEX_POINT('',#3357);
#3357 = CARTESIAN_POINT('',(-4.125,-2.47,1.945));
#3358 = LINE('',#3359,#3360);
#3359 = CARTESIAN_POINT('',(-4.125,-2.47,-4.999999999999E-03));
#3360 = VECTOR('',#3361,1.);
#3361 = DIRECTION('',(0.,2.22044604925E-16,1.));
#3362 = ORIENTED_EDGE('',*,*,#3363,.T.);
#3363 = EDGE_CURVE('',#3356,#3364,#3366,.T.);
#3364 = VERTEX_POINT('',#3365);
#3365 = CARTESIAN_POINT('',(-4.125,-1.82,1.945));
#3366 = LINE('',#3367,#3368);
#3367 = CARTESIAN_POINT('',(-4.125,-2.47,1.945));
#3368 = VECTOR('',#3369,1.);
#3369 = DIRECTION('',(0.,1.,-2.22044604925E-16));
#3370 = ORIENTED_EDGE('',*,*,#3371,.T.);
#3371 = EDGE_CURVE('',#3364,#3372,#3374,.T.);
#3372 = VERTEX_POINT('',#3373);
#3373 = CARTESIAN_POINT('',(-4.125,-1.82,0.595));
#3374 = LINE('',#3375,#3376);
#3375 = CARTESIAN_POINT('',(-4.125,-1.82,1.945));
#3376 = VECTOR('',#3377,1.);
#3377 = DIRECTION('',(0.,-2.22044604925E-16,-1.));
#3378 = ORIENTED_EDGE('',*,*,#3379,.T.);
#3379 = EDGE_CURVE('',#3372,#3380,#3382,.T.);
#3380 = VERTEX_POINT('',#3381);
#3381 = CARTESIAN_POINT('',(-4.125,-0.22,0.595));
#3382 = LINE('',#3383,#3384);
#3383 = CARTESIAN_POINT('',(-4.125,-1.82,0.595));
#3384 = VECTOR('',#3385,1.);
#3385 = DIRECTION('',(0.,1.,-2.22044604925E-16));
#3386 = ORIENTED_EDGE('',*,*,#3387,.T.);
#3387 = EDGE_CURVE('',#3380,#3268,#3388,.T.);
#3388 = LINE('',#3389,#3390);
#3389 = CARTESIAN_POINT('',(-4.125,-0.22,0.595));
#3390 = VECTOR('',#3391,1.);
#3391 = DIRECTION('',(0.,-2.22044604925E-16,-1.));
#3392 = PLANE('',#3393);
#3393 = AXIS2_PLACEMENT_3D('',#3394,#3395,#3396);
#3394 = CARTESIAN_POINT('',(-4.125,1.58,-5.E-03));
#3395 = DIRECTION('',(1.,0.,0.));
#3396 = DIRECTION('',(0.,-1.,2.22044604925E-16));
#3397 = ADVANCED_FACE('',(#3398),#3455,.F.);
#3398 = FACE_BOUND('',#3399,.F.);
#3399 = EDGE_LOOP('',(#3400,#3408,#3409,#3417,#3425,#3433,#3441,#3449));
#3400 = ORIENTED_EDGE('',*,*,#3401,.F.);
#3401 = EDGE_CURVE('',#3266,#3402,#3404,.T.);
#3402 = VERTEX_POINT('',#3403);
#3403 = CARTESIAN_POINT('',(4.125,0.93,-5.E-03));
#3404 = LINE('',#3405,#3406);
#3405 = CARTESIAN_POINT('',(-4.125,0.93,-5.E-03));
#3406 = VECTOR('',#3407,1.);
#3407 = DIRECTION('',(1.,0.,0.));
#3408 = ORIENTED_EDGE('',*,*,#3265,.T.);
#3409 = ORIENTED_EDGE('',*,*,#3410,.T.);
#3410 = EDGE_CURVE('',#3268,#3411,#3413,.T.);
#3411 = VERTEX_POINT('',#3412);
#3412 = CARTESIAN_POINT('',(-3.625,-0.22,-4.999999999999E-03));
#3413 = LINE('',#3414,#3415);
#3414 = CARTESIAN_POINT('',(-4.125,-0.22,-4.999999999999E-03));
#3415 = VECTOR('',#3416,1.);
#3416 = DIRECTION('',(1.,0.,0.));
#3417 = ORIENTED_EDGE('',*,*,#3418,.T.);
#3418 = EDGE_CURVE('',#3411,#3419,#3421,.T.);
#3419 = VERTEX_POINT('',#3420);
#3420 = CARTESIAN_POINT('',(-3.625,-2.47,-4.999999999999E-03));
#3421 = LINE('',#3422,#3423);
#3422 = CARTESIAN_POINT('',(-3.625,-0.22,-4.999999999999E-03));
#3423 = VECTOR('',#3424,1.);
#3424 = DIRECTION('',(0.,-1.,2.22044604925E-16));
#3425 = ORIENTED_EDGE('',*,*,#3426,.T.);
#3426 = EDGE_CURVE('',#3419,#3427,#3429,.T.);
#3427 = VERTEX_POINT('',#3428);
#3428 = CARTESIAN_POINT('',(3.625,-2.47,-4.999999999999E-03));
#3429 = LINE('',#3430,#3431);
#3430 = CARTESIAN_POINT('',(-4.125,-2.47,-4.999999999999E-03));
#3431 = VECTOR('',#3432,1.);
#3432 = DIRECTION('',(1.,0.,0.));
#3433 = ORIENTED_EDGE('',*,*,#3434,.F.);
#3434 = EDGE_CURVE('',#3435,#3427,#3437,.T.);
#3435 = VERTEX_POINT('',#3436);
#3436 = CARTESIAN_POINT('',(3.625,-0.22,-4.999999999999E-03));
#3437 = LINE('',#3438,#3439);
#3438 = CARTESIAN_POINT('',(3.625,-0.22,-4.999999999999E-03));
#3439 = VECTOR('',#3440,1.);
#3440 = DIRECTION('',(0.,-1.,2.22044604925E-16));
#3441 = ORIENTED_EDGE('',*,*,#3442,.T.);
#3442 = EDGE_CURVE('',#3435,#3443,#3445,.T.);
#3443 = VERTEX_POINT('',#3444);
#3444 = CARTESIAN_POINT('',(4.125,-0.22,-4.999999999999E-03));
#3445 = LINE('',#3446,#3447);
#3446 = CARTESIAN_POINT('',(3.625,-0.22,-4.999999999999E-03));
#3447 = VECTOR('',#3448,1.);
#3448 = DIRECTION('',(1.,0.,0.));
#3449 = ORIENTED_EDGE('',*,*,#3450,.F.);
#3450 = EDGE_CURVE('',#3402,#3443,#3451,.T.);
#3451 = LINE('',#3452,#3453);
#3452 = CARTESIAN_POINT('',(4.125,1.58,-5.E-03));
#3453 = VECTOR('',#3454,1.);
#3454 = DIRECTION('',(0.,-1.,2.22044604925E-16));
#3455 = PLANE('',#3456);
#3456 = AXIS2_PLACEMENT_3D('',#3457,#3458,#3459);
#3457 = CARTESIAN_POINT('',(-4.125,1.58,-5.E-03));
#3458 = DIRECTION('',(0.,2.22044604925E-16,1.));
#3459 = DIRECTION('',(0.,-1.,2.22044604925E-16));
#3460 = ADVANCED_FACE('',(#3461),#3495,.F.);
#3461 = FACE_BOUND('',#3462,.F.);
#3462 = EDGE_LOOP('',(#3463,#3464,#3472,#3480,#3488,#3494));
#3463 = ORIENTED_EDGE('',*,*,#3387,.F.);
#3464 = ORIENTED_EDGE('',*,*,#3465,.T.);
#3465 = EDGE_CURVE('',#3380,#3466,#3468,.T.);
#3466 = VERTEX_POINT('',#3467);
#3467 = CARTESIAN_POINT('',(-3.825,-0.22,0.595));
#3468 = LINE('',#3469,#3470);
#3469 = CARTESIAN_POINT('',(-4.125,-0.22,0.595));
#3470 = VECTOR('',#3471,1.);
#3471 = DIRECTION('',(1.,0.,0.));
#3472 = ORIENTED_EDGE('',*,*,#3473,.F.);
#3473 = EDGE_CURVE('',#3474,#3466,#3476,.T.);
#3474 = VERTEX_POINT('',#3475);
#3475 = CARTESIAN_POINT('',(-3.825,-0.22,0.37));
#3476 = LINE('',#3477,#3478);
#3477 = CARTESIAN_POINT('',(-3.825,-0.22,0.807892234548));
#3478 = VECTOR('',#3479,1.);
#3479 = DIRECTION('',(0.,2.22044604925E-16,1.));
#3480 = ORIENTED_EDGE('',*,*,#3481,.F.);
#3481 = EDGE_CURVE('',#3482,#3474,#3484,.T.);
#3482 = VERTEX_POINT('',#3483);
#3483 = CARTESIAN_POINT('',(-3.625,-0.22,0.37));
#3484 = LINE('',#3485,#3486);
#3485 = CARTESIAN_POINT('',(-3.975,-0.22,0.37));
#3486 = VECTOR('',#3487,1.);
#3487 = DIRECTION('',(-1.,0.,0.));
#3488 = ORIENTED_EDGE('',*,*,#3489,.T.);
#3489 = EDGE_CURVE('',#3482,#3411,#3490,.T.);
#3490 = LINE('',#3491,#3492);
#3491 = CARTESIAN_POINT('',(-3.625,-0.22,0.595));
#3492 = VECTOR('',#3493,1.);
#3493 = DIRECTION('',(0.,-2.22044604925E-16,-1.));
#3494 = ORIENTED_EDGE('',*,*,#3410,.F.);
#3495 = PLANE('',#3496);
#3496 = AXIS2_PLACEMENT_3D('',#3497,#3498,#3499);
#3497 = CARTESIAN_POINT('',(-4.125,-0.22,0.595));
#3498 = DIRECTION('',(0.,1.,-2.22044604925E-16));
#3499 = DIRECTION('',(0.,-2.22044604925E-16,-1.));
#3500 = ADVANCED_FACE('',(#3501),#3519,.F.);
#3501 = FACE_BOUND('',#3502,.F.);
#3502 = EDGE_LOOP('',(#3503,#3504,#3512,#3518));
#3503 = ORIENTED_EDGE('',*,*,#3379,.F.);
#3504 = ORIENTED_EDGE('',*,*,#3505,.T.);
#3505 = EDGE_CURVE('',#3372,#3506,#3508,.T.);
#3506 = VERTEX_POINT('',#3507);
#3507 = CARTESIAN_POINT('',(-3.825,-1.82,0.595));
#3508 = LINE('',#3509,#3510);
#3509 = CARTESIAN_POINT('',(-4.125,-1.82,0.595));
#3510 = VECTOR('',#3511,1.);
#3511 = DIRECTION('',(1.,0.,0.));
#3512 = ORIENTED_EDGE('',*,*,#3513,.F.);
#3513 = EDGE_CURVE('',#3466,#3506,#3514,.T.);
#3514 = LINE('',#3515,#3516);
#3515 = CARTESIAN_POINT('',(-3.825,-1.537444532488,0.595));
#3516 = VECTOR('',#3517,1.);
#3517 = DIRECTION('',(0.,-1.,2.22044604925E-16));
#3518 = ORIENTED_EDGE('',*,*,#3465,.F.);
#3519 = PLANE('',#3520);
#3520 = AXIS2_PLACEMENT_3D('',#3521,#3522,#3523);
#3521 = CARTESIAN_POINT('',(-4.125,-1.82,0.595));
#3522 = DIRECTION('',(0.,2.22044604925E-16,1.));
#3523 = DIRECTION('',(0.,1.,-2.22044604925E-16));
#3524 = ADVANCED_FACE('',(#3525),#3575,.F.);
#3525 = FACE_BOUND('',#3526,.F.);
#3526 = EDGE_LOOP('',(#3527,#3528,#3536,#3544,#3552,#3560,#3568,#3574));
#3527 = ORIENTED_EDGE('',*,*,#3371,.F.);
#3528 = ORIENTED_EDGE('',*,*,#3529,.T.);
#3529 = EDGE_CURVE('',#3364,#3530,#3532,.T.);
#3530 = VERTEX_POINT('',#3531);
#3531 = CARTESIAN_POINT('',(-3.825,-1.82,1.945));
#3532 = LINE('',#3533,#3534);
#3533 = CARTESIAN_POINT('',(-4.125,-1.82,1.945));
#3534 = VECTOR('',#3535,1.);
#3535 = DIRECTION('',(1.,0.,0.));
#3536 = ORIENTED_EDGE('',*,*,#3537,.F.);
#3537 = EDGE_CURVE('',#3538,#3530,#3540,.T.);
#3538 = VERTEX_POINT('',#3539);
#3539 = CARTESIAN_POINT('',(-3.825,-1.82,1.51));
#3540 = LINE('',#3541,#3542);
#3541 = CARTESIAN_POINT('',(-3.825,-1.82,1.482892234548));
#3542 = VECTOR('',#3543,1.);
#3543 = DIRECTION('',(0.,2.22044604925E-16,1.));
#3544 = ORIENTED_EDGE('',*,*,#3545,.F.);
#3545 = EDGE_CURVE('',#3546,#3538,#3548,.T.);
#3546 = VERTEX_POINT('',#3547);
#3547 = CARTESIAN_POINT('',(-3.625,-1.82,1.51));
#3548 = LINE('',#3549,#3550);
#3549 = CARTESIAN_POINT('',(-3.975,-1.82,1.51));
#3550 = VECTOR('',#3551,1.);
#3551 = DIRECTION('',(-1.,0.,0.));
#3552 = ORIENTED_EDGE('',*,*,#3553,.T.);
#3553 = EDGE_CURVE('',#3546,#3554,#3556,.T.);
#3554 = VERTEX_POINT('',#3555);
#3555 = CARTESIAN_POINT('',(-3.625,-1.82,0.8));
#3556 = LINE('',#3557,#3558);
#3557 = CARTESIAN_POINT('',(-3.625,-1.82,1.945));
#3558 = VECTOR('',#3559,1.);
#3559 = DIRECTION('',(0.,-2.22044604925E-16,-1.));
#3560 = ORIENTED_EDGE('',*,*,#3561,.F.);
#3561 = EDGE_CURVE('',#3562,#3554,#3564,.T.);
#3562 = VERTEX_POINT('',#3563);
#3563 = CARTESIAN_POINT('',(-3.825,-1.82,0.8));
#3564 = LINE('',#3565,#3566);
#3565 = CARTESIAN_POINT('',(-3.975,-1.82,0.8));
#3566 = VECTOR('',#3567,1.);
#3567 = DIRECTION('',(1.,0.,0.));
#3568 = ORIENTED_EDGE('',*,*,#3569,.F.);
#3569 = EDGE_CURVE('',#3506,#3562,#3570,.T.);
#3570 = LINE('',#3571,#3572);
#3571 = CARTESIAN_POINT('',(-3.825,-1.82,1.482892234548));
#3572 = VECTOR('',#3573,1.);
#3573 = DIRECTION('',(0.,2.22044604925E-16,1.));
#3574 = ORIENTED_EDGE('',*,*,#3505,.F.);
#3575 = PLANE('',#3576);
#3576 = AXIS2_PLACEMENT_3D('',#3577,#3578,#3579);
#3577 = CARTESIAN_POINT('',(-4.125,-1.82,1.945));
#3578 = DIRECTION('',(0.,1.,-2.22044604925E-16));
#3579 = DIRECTION('',(0.,-2.22044604925E-16,-1.));
#3580 = ADVANCED_FACE('',(#3581),#3599,.F.);
#3581 = FACE_BOUND('',#3582,.F.);
#3582 = EDGE_LOOP('',(#3583,#3584,#3592,#3598));
#3583 = ORIENTED_EDGE('',*,*,#3363,.F.);
#3584 = ORIENTED_EDGE('',*,*,#3585,.T.);
#3585 = EDGE_CURVE('',#3356,#3586,#3588,.T.);
#3586 = VERTEX_POINT('',#3587);
#3587 = CARTESIAN_POINT('',(-3.825,-2.47,1.945));
#3588 = LINE('',#3589,#3590);
#3589 = CARTESIAN_POINT('',(-4.125,-2.47,1.945));
#3590 = VECTOR('',#3591,1.);
#3591 = DIRECTION('',(1.,0.,0.));
#3592 = ORIENTED_EDGE('',*,*,#3593,.F.);
#3593 = EDGE_CURVE('',#3530,#3586,#3594,.T.);
#3594 = LINE('',#3595,#3596);
#3595 = CARTESIAN_POINT('',(-3.825,-1.862444532488,1.945));
#3596 = VECTOR('',#3597,1.);
#3597 = DIRECTION('',(0.,-1.,2.22044604925E-16));
#3598 = ORIENTED_EDGE('',*,*,#3529,.F.);
#3599 = PLANE('',#3600);
#3600 = AXIS2_PLACEMENT_3D('',#3601,#3602,#3603);
#3601 = CARTESIAN_POINT('',(-4.125,-2.47,1.945));
#3602 = DIRECTION('',(0.,2.22044604925E-16,1.));
#3603 = DIRECTION('',(0.,1.,-2.22044604925E-16));
#3604 = ADVANCED_FACE('',(#3605,#3710,#3744,#4066,#4100),#4134,.T.);
#3605 = FACE_BOUND('',#3606,.T.);
#3606 = EDGE_LOOP('',(#3607,#3608,#3609,#3617,#3625,#3633,#3641,#3647,
    #3648,#3656,#3664,#3672,#3680,#3688,#3696,#3704));
#3607 = ORIENTED_EDGE('',*,*,#3355,.F.);
#3608 = ORIENTED_EDGE('',*,*,#3585,.T.);
#3609 = ORIENTED_EDGE('',*,*,#3610,.F.);
#3610 = EDGE_CURVE('',#3611,#3586,#3613,.T.);
#3611 = VERTEX_POINT('',#3612);
#3612 = CARTESIAN_POINT('',(-3.825,-2.47,2.05));
#3613 = LINE('',#3614,#3615);
#3614 = CARTESIAN_POINT('',(-3.825,-2.47,0.507892234548));
#3615 = VECTOR('',#3616,1.);
#3616 = DIRECTION('',(0.,-2.22044604925E-16,-1.));
#3617 = ORIENTED_EDGE('',*,*,#3618,.F.);
#3618 = EDGE_CURVE('',#3619,#3611,#3621,.T.);
#3619 = VERTEX_POINT('',#3620);
#3620 = CARTESIAN_POINT('',(-3.625,-2.47,2.05));
#3621 = LINE('',#3622,#3623);
#3622 = CARTESIAN_POINT('',(-3.975,-2.47,2.05));
#3623 = VECTOR('',#3624,1.);
#3624 = DIRECTION('',(-1.,0.,0.));
#3625 = ORIENTED_EDGE('',*,*,#3626,.T.);
#3626 = EDGE_CURVE('',#3619,#3627,#3629,.T.);
#3627 = VERTEX_POINT('',#3628);
#3628 = CARTESIAN_POINT('',(-3.625,-2.47,1.945));
#3629 = LINE('',#3630,#3631);
#3630 = CARTESIAN_POINT('',(-3.625,-2.47,0.507892234548));
#3631 = VECTOR('',#3632,1.);
#3632 = DIRECTION('',(0.,-2.22044604925E-16,-1.));
#3633 = ORIENTED_EDGE('',*,*,#3634,.F.);
#3634 = EDGE_CURVE('',#3635,#3627,#3637,.T.);
#3635 = VERTEX_POINT('',#3636);
#3636 = CARTESIAN_POINT('',(-3.625,-2.47,-1.875376730785E-19));
#3637 = LINE('',#3638,#3639);
#3638 = CARTESIAN_POINT('',(-3.625,-2.47,-4.999999999999E-03));
#3639 = VECTOR('',#3640,1.);
#3640 = DIRECTION('',(0.,2.22044604925E-16,1.));
#3641 = ORIENTED_EDGE('',*,*,#3642,.F.);
#3642 = EDGE_CURVE('',#3419,#3635,#3643,.T.);
#3643 = LINE('',#3644,#3645);
#3644 = CARTESIAN_POINT('',(-3.625,-2.47,-4.999999999999E-03));
#3645 = VECTOR('',#3646,1.);
#3646 = DIRECTION('',(0.,2.22044604925E-16,1.));
#3647 = ORIENTED_EDGE('',*,*,#3426,.T.);
#3648 = ORIENTED_EDGE('',*,*,#3649,.T.);
#3649 = EDGE_CURVE('',#3427,#3650,#3652,.T.);
#3650 = VERTEX_POINT('',#3651);
#3651 = CARTESIAN_POINT('',(3.625,-2.47,-1.875376730785E-19));
#3652 = LINE('',#3653,#3654);
#3653 = CARTESIAN_POINT('',(3.625,-2.47,-4.999999999999E-03));
#3654 = VECTOR('',#3655,1.);
#3655 = DIRECTION('',(0.,2.22044604925E-16,1.));
#3656 = ORIENTED_EDGE('',*,*,#3657,.T.);
#3657 = EDGE_CURVE('',#3650,#3658,#3660,.T.);
#3658 = VERTEX_POINT('',#3659);
#3659 = CARTESIAN_POINT('',(3.625,-2.47,1.945));
#3660 = LINE('',#3661,#3662);
#3661 = CARTESIAN_POINT('',(3.625,-2.47,-4.999999999999E-03));
#3662 = VECTOR('',#3663,1.);
#3663 = DIRECTION('',(0.,2.22044604925E-16,1.));
#3664 = ORIENTED_EDGE('',*,*,#3665,.F.);
#3665 = EDGE_CURVE('',#3666,#3658,#3668,.T.);
#3666 = VERTEX_POINT('',#3667);
#3667 = CARTESIAN_POINT('',(3.625,-2.47,2.05));
#3668 = LINE('',#3669,#3670);
#3669 = CARTESIAN_POINT('',(3.625,-2.47,0.507892234548));
#3670 = VECTOR('',#3671,1.);
#3671 = DIRECTION('',(0.,-2.22044604925E-16,-1.));
#3672 = ORIENTED_EDGE('',*,*,#3673,.F.);
#3673 = EDGE_CURVE('',#3674,#3666,#3676,.T.);
#3674 = VERTEX_POINT('',#3675);
#3675 = CARTESIAN_POINT('',(3.825,-2.47,2.05));
#3676 = LINE('',#3677,#3678);
#3677 = CARTESIAN_POINT('',(-0.25,-2.47,2.05));
#3678 = VECTOR('',#3679,1.);
#3679 = DIRECTION('',(-1.,0.,0.));
#3680 = ORIENTED_EDGE('',*,*,#3681,.T.);
#3681 = EDGE_CURVE('',#3674,#3682,#3684,.T.);
#3682 = VERTEX_POINT('',#3683);
#3683 = CARTESIAN_POINT('',(3.825,-2.47,1.945));
#3684 = LINE('',#3685,#3686);
#3685 = CARTESIAN_POINT('',(3.825,-2.47,0.507892234548));
#3686 = VECTOR('',#3687,1.);
#3687 = DIRECTION('',(0.,-2.22044604925E-16,-1.));
#3688 = ORIENTED_EDGE('',*,*,#3689,.T.);
#3689 = EDGE_CURVE('',#3682,#3690,#3692,.T.);
#3690 = VERTEX_POINT('',#3691);
#3691 = CARTESIAN_POINT('',(4.125,-2.47,1.945));
#3692 = LINE('',#3693,#3694);
#3693 = CARTESIAN_POINT('',(3.625,-2.47,1.945));
#3694 = VECTOR('',#3695,1.);
#3695 = DIRECTION('',(1.,0.,0.));
#3696 = ORIENTED_EDGE('',*,*,#3697,.T.);
#3697 = EDGE_CURVE('',#3690,#3698,#3700,.T.);
#3698 = VERTEX_POINT('',#3699);
#3699 = CARTESIAN_POINT('',(4.125,-2.47,4.245));
#3700 = LINE('',#3701,#3702);
#3701 = CARTESIAN_POINT('',(4.125,-2.47,-4.999999999999E-03));
#3702 = VECTOR('',#3703,1.);
#3703 = DIRECTION('',(0.,2.22044604925E-16,1.));
#3704 = ORIENTED_EDGE('',*,*,#3705,.F.);
#3705 = EDGE_CURVE('',#3348,#3698,#3706,.T.);
#3706 = LINE('',#3707,#3708);
#3707 = CARTESIAN_POINT('',(-4.125,-2.47,4.245));
#3708 = VECTOR('',#3709,1.);
#3709 = DIRECTION('',(1.,0.,0.));
#3710 = FACE_BOUND('',#3711,.T.);
#3711 = EDGE_LOOP('',(#3712,#3722,#3730,#3738));
#3712 = ORIENTED_EDGE('',*,*,#3713,.T.);
#3713 = EDGE_CURVE('',#3714,#3716,#3718,.T.);
#3714 = VERTEX_POINT('',#3715);
#3715 = CARTESIAN_POINT('',(-2.225,-2.47,2.44));
#3716 = VERTEX_POINT('',#3717);
#3717 = CARTESIAN_POINT('',(-2.225,-2.47,3.84));
#3718 = LINE('',#3719,#3720);
#3719 = CARTESIAN_POINT('',(-2.225,-2.47,2.44));
#3720 = VECTOR('',#3721,1.);
#3721 = DIRECTION('',(0.,2.22044604925E-16,1.));
#3722 = ORIENTED_EDGE('',*,*,#3723,.T.);
#3723 = EDGE_CURVE('',#3716,#3724,#3726,.T.);
#3724 = VERTEX_POINT('',#3725);
#3725 = CARTESIAN_POINT('',(2.225,-2.47,3.84));
#3726 = LINE('',#3727,#3728);
#3727 = CARTESIAN_POINT('',(-2.225,-2.47,3.84));
#3728 = VECTOR('',#3729,1.);
#3729 = DIRECTION('',(1.,0.,0.));
#3730 = ORIENTED_EDGE('',*,*,#3731,.F.);
#3731 = EDGE_CURVE('',#3732,#3724,#3734,.T.);
#3732 = VERTEX_POINT('',#3733);
#3733 = CARTESIAN_POINT('',(2.225,-2.47,2.44));
#3734 = LINE('',#3735,#3736);
#3735 = CARTESIAN_POINT('',(2.225,-2.47,2.44));
#3736 = VECTOR('',#3737,1.);
#3737 = DIRECTION('',(0.,2.22044604925E-16,1.));
#3738 = ORIENTED_EDGE('',*,*,#3739,.F.);
#3739 = EDGE_CURVE('',#3714,#3732,#3740,.T.);
#3740 = LINE('',#3741,#3742);
#3741 = CARTESIAN_POINT('',(-2.225,-2.47,2.44));
#3742 = VECTOR('',#3743,1.);
#3743 = DIRECTION('',(1.,0.,0.));
#3744 = FACE_BOUND('',#3745,.T.);
#3745 = EDGE_LOOP('',(#3746,#3756,#3764,#3772,#3780,#3788,#3796,#3804,
    #3812,#3820,#3828,#3836,#3844,#3852,#3860,#3868,#3876,#3884,#3892,
    #3900,#3908,#3916,#3924,#3932,#3940,#3948,#3956,#3964,#3972,#3980,
    #3988,#3996,#4004,#4012,#4020,#4028,#4036,#4044,#4052,#4060));
#3746 = ORIENTED_EDGE('',*,*,#3747,.F.);
#3747 = EDGE_CURVE('',#3748,#3750,#3752,.T.);
#3748 = VERTEX_POINT('',#3749);
#3749 = CARTESIAN_POINT('',(3.125,-2.47,0.595));
#3750 = VERTEX_POINT('',#3751);
#3751 = CARTESIAN_POINT('',(3.125,-2.47,2.645));
#3752 = LINE('',#3753,#3754);
#3753 = CARTESIAN_POINT('',(3.125,-2.47,0.595));
#3754 = VECTOR('',#3755,1.);
#3755 = DIRECTION('',(0.,2.22044604925E-16,1.));
#3756 = ORIENTED_EDGE('',*,*,#3757,.F.);
#3757 = EDGE_CURVE('',#3758,#3748,#3760,.T.);
#3758 = VERTEX_POINT('',#3759);
#3759 = CARTESIAN_POINT('',(-3.125,-2.47,0.595));
#3760 = LINE('',#3761,#3762);
#3761 = CARTESIAN_POINT('',(-3.125,-2.47,0.595));
#3762 = VECTOR('',#3763,1.);
#3763 = DIRECTION('',(1.,0.,0.));
#3764 = ORIENTED_EDGE('',*,*,#3765,.F.);
#3765 = EDGE_CURVE('',#3766,#3758,#3768,.T.);
#3766 = VERTEX_POINT('',#3767);
#3767 = CARTESIAN_POINT('',(-3.125,-2.47,2.645));
#3768 = LINE('',#3769,#3770);
#3769 = CARTESIAN_POINT('',(-3.125,-2.47,2.645));
#3770 = VECTOR('',#3771,1.);
#3771 = DIRECTION('',(0.,-2.22044604925E-16,-1.));
#3772 = ORIENTED_EDGE('',*,*,#3773,.F.);
#3773 = EDGE_CURVE('',#3774,#3766,#3776,.T.);
#3774 = VERTEX_POINT('',#3775);
#3775 = CARTESIAN_POINT('',(-2.625,-2.47,2.645));
#3776 = LINE('',#3777,#3778);
#3777 = CARTESIAN_POINT('',(-2.625,-2.47,2.645));
#3778 = VECTOR('',#3779,1.);
#3779 = DIRECTION('',(-1.,0.,0.));
#3780 = ORIENTED_EDGE('',*,*,#3781,.F.);
#3781 = EDGE_CURVE('',#3782,#3774,#3784,.T.);
#3782 = VERTEX_POINT('',#3783);
#3783 = CARTESIAN_POINT('',(-2.625,-2.47,2.145));
#3784 = LINE('',#3785,#3786);
#3785 = CARTESIAN_POINT('',(-2.625,-2.47,2.145));
#3786 = VECTOR('',#3787,1.);
#3787 = DIRECTION('',(0.,2.22044604925E-16,1.));
#3788 = ORIENTED_EDGE('',*,*,#3789,.F.);
#3789 = EDGE_CURVE('',#3790,#3782,#3792,.T.);
#3790 = VERTEX_POINT('',#3791);
#3791 = CARTESIAN_POINT('',(-2.125,-2.47,2.145));
#3792 = LINE('',#3793,#3794);
#3793 = CARTESIAN_POINT('',(-2.125,-2.47,2.145));
#3794 = VECTOR('',#3795,1.);
#3795 = DIRECTION('',(-1.,0.,0.));
#3796 = ORIENTED_EDGE('',*,*,#3797,.F.);
#3797 = EDGE_CURVE('',#3798,#3790,#3800,.T.);
#3798 = VERTEX_POINT('',#3799);
#3799 = CARTESIAN_POINT('',(-2.125,-2.47,1.945));
#3800 = LINE('',#3801,#3802);
#3801 = CARTESIAN_POINT('',(-2.125,-2.47,1.945));
#3802 = VECTOR('',#3803,1.);
#3803 = DIRECTION('',(0.,2.22044604925E-16,1.));
#3804 = ORIENTED_EDGE('',*,*,#3805,.F.);
#3805 = EDGE_CURVE('',#3806,#3798,#3808,.T.);
#3806 = VERTEX_POINT('',#3807);
#3807 = CARTESIAN_POINT('',(-1.975,-2.47,1.945));
#3808 = LINE('',#3809,#3810);
#3809 = CARTESIAN_POINT('',(-1.975,-2.47,1.945));
#3810 = VECTOR('',#3811,1.);
#3811 = DIRECTION('',(-1.,0.,0.));
#3812 = ORIENTED_EDGE('',*,*,#3813,.F.);
#3813 = EDGE_CURVE('',#3814,#3806,#3816,.T.);
#3814 = VERTEX_POINT('',#3815);
#3815 = CARTESIAN_POINT('',(-1.975,-2.47,2.145));
#3816 = LINE('',#3817,#3818);
#3817 = CARTESIAN_POINT('',(-1.975,-2.47,2.145));
#3818 = VECTOR('',#3819,1.);
#3819 = DIRECTION('',(0.,-2.22044604925E-16,-1.));
#3820 = ORIENTED_EDGE('',*,*,#3821,.F.);
#3821 = EDGE_CURVE('',#3822,#3814,#3824,.T.);
#3822 = VERTEX_POINT('',#3823);
#3823 = CARTESIAN_POINT('',(-1.775,-2.47,2.145));
#3824 = LINE('',#3825,#3826);
#3825 = CARTESIAN_POINT('',(-1.775,-2.47,2.145));
#3826 = VECTOR('',#3827,1.);
#3827 = DIRECTION('',(-1.,0.,0.));
#3828 = ORIENTED_EDGE('',*,*,#3829,.F.);
#3829 = EDGE_CURVE('',#3830,#3822,#3832,.T.);
#3830 = VERTEX_POINT('',#3831);
#3831 = CARTESIAN_POINT('',(-1.775,-2.47,1.945));
#3832 = LINE('',#3833,#3834);
#3833 = CARTESIAN_POINT('',(-1.775,-2.47,1.945));
#3834 = VECTOR('',#3835,1.);
#3835 = DIRECTION('',(0.,2.22044604925E-16,1.));
#3836 = ORIENTED_EDGE('',*,*,#3837,.F.);
#3837 = EDGE_CURVE('',#3838,#3830,#3840,.T.);
#3838 = VERTEX_POINT('',#3839);
#3839 = CARTESIAN_POINT('',(-1.625,-2.47,1.945));
#3840 = LINE('',#3841,#3842);
#3841 = CARTESIAN_POINT('',(-1.625,-2.47,1.945));
#3842 = VECTOR('',#3843,1.);
#3843 = DIRECTION('',(-1.,0.,0.));
#3844 = ORIENTED_EDGE('',*,*,#3845,.F.);
#3845 = EDGE_CURVE('',#3846,#3838,#3848,.T.);
#3846 = VERTEX_POINT('',#3847);
#3847 = CARTESIAN_POINT('',(-1.625,-2.47,2.145));
#3848 = LINE('',#3849,#3850);
#3849 = CARTESIAN_POINT('',(-1.625,-2.47,2.145));
#3850 = VECTOR('',#3851,1.);
#3851 = DIRECTION('',(0.,-2.22044604925E-16,-1.));
#3852 = ORIENTED_EDGE('',*,*,#3853,.F.);
#3853 = EDGE_CURVE('',#3854,#3846,#3856,.T.);
#3854 = VERTEX_POINT('',#3855);
#3855 = CARTESIAN_POINT('',(-0.875,-2.47,2.145));
#3856 = LINE('',#3857,#3858);
#3857 = CARTESIAN_POINT('',(-0.875,-2.47,2.145));
#3858 = VECTOR('',#3859,1.);
#3859 = DIRECTION('',(-1.,0.,0.));
#3860 = ORIENTED_EDGE('',*,*,#3861,.F.);
#3861 = EDGE_CURVE('',#3862,#3854,#3864,.T.);
#3862 = VERTEX_POINT('',#3863);
#3863 = CARTESIAN_POINT('',(-0.875,-2.47,1.945));
#3864 = LINE('',#3865,#3866);
#3865 = CARTESIAN_POINT('',(-0.875,-2.47,1.945));
#3866 = VECTOR('',#3867,1.);
#3867 = DIRECTION('',(0.,2.22044604925E-16,1.));
#3868 = ORIENTED_EDGE('',*,*,#3869,.F.);
#3869 = EDGE_CURVE('',#3870,#3862,#3872,.T.);
#3870 = VERTEX_POINT('',#3871);
#3871 = CARTESIAN_POINT('',(-0.725,-2.47,1.945));
#3872 = LINE('',#3873,#3874);
#3873 = CARTESIAN_POINT('',(-0.725,-2.47,1.945));
#3874 = VECTOR('',#3875,1.);
#3875 = DIRECTION('',(-1.,0.,0.));
#3876 = ORIENTED_EDGE('',*,*,#3877,.F.);
#3877 = EDGE_CURVE('',#3878,#3870,#3880,.T.);
#3878 = VERTEX_POINT('',#3879);
#3879 = CARTESIAN_POINT('',(-0.725,-2.47,2.145));
#3880 = LINE('',#3881,#3882);
#3881 = CARTESIAN_POINT('',(-0.725,-2.47,2.145));
#3882 = VECTOR('',#3883,1.);
#3883 = DIRECTION('',(0.,-2.22044604925E-16,-1.));
#3884 = ORIENTED_EDGE('',*,*,#3885,.F.);
#3885 = EDGE_CURVE('',#3886,#3878,#3888,.T.);
#3886 = VERTEX_POINT('',#3887);
#3887 = CARTESIAN_POINT('',(-0.525,-2.47,2.145));
#3888 = LINE('',#3889,#3890);
#3889 = CARTESIAN_POINT('',(-0.525,-2.47,2.145));
#3890 = VECTOR('',#3891,1.);
#3891 = DIRECTION('',(-1.,0.,0.));
#3892 = ORIENTED_EDGE('',*,*,#3893,.F.);
#3893 = EDGE_CURVE('',#3894,#3886,#3896,.T.);
#3894 = VERTEX_POINT('',#3895);
#3895 = CARTESIAN_POINT('',(-0.525,-2.47,1.945));
#3896 = LINE('',#3897,#3898);
#3897 = CARTESIAN_POINT('',(-0.525,-2.47,1.945));
#3898 = VECTOR('',#3899,1.);
#3899 = DIRECTION('',(0.,2.22044604925E-16,1.));
#3900 = ORIENTED_EDGE('',*,*,#3901,.F.);
#3901 = EDGE_CURVE('',#3902,#3894,#3904,.T.);
#3902 = VERTEX_POINT('',#3903);
#3903 = CARTESIAN_POINT('',(-0.375,-2.47,1.945));
#3904 = LINE('',#3905,#3906);
#3905 = CARTESIAN_POINT('',(-0.375,-2.47,1.945));
#3906 = VECTOR('',#3907,1.);
#3907 = DIRECTION('',(-1.,0.,0.));
#3908 = ORIENTED_EDGE('',*,*,#3909,.F.);
#3909 = EDGE_CURVE('',#3910,#3902,#3912,.T.);
#3910 = VERTEX_POINT('',#3911);
#3911 = CARTESIAN_POINT('',(-0.375,-2.47,2.145));
#3912 = LINE('',#3913,#3914);
#3913 = CARTESIAN_POINT('',(-0.375,-2.47,2.145));
#3914 = VECTOR('',#3915,1.);
#3915 = DIRECTION('',(0.,-2.22044604925E-16,-1.));
#3916 = ORIENTED_EDGE('',*,*,#3917,.F.);
#3917 = EDGE_CURVE('',#3918,#3910,#3920,.T.);
#3918 = VERTEX_POINT('',#3919);
#3919 = CARTESIAN_POINT('',(0.375,-2.47,2.145));
#3920 = LINE('',#3921,#3922);
#3921 = CARTESIAN_POINT('',(0.375,-2.47,2.145));
#3922 = VECTOR('',#3923,1.);
#3923 = DIRECTION('',(-1.,0.,0.));
#3924 = ORIENTED_EDGE('',*,*,#3925,.F.);
#3925 = EDGE_CURVE('',#3926,#3918,#3928,.T.);
#3926 = VERTEX_POINT('',#3927);
#3927 = CARTESIAN_POINT('',(0.375,-2.47,1.945));
#3928 = LINE('',#3929,#3930);
#3929 = CARTESIAN_POINT('',(0.375,-2.47,1.945));
#3930 = VECTOR('',#3931,1.);
#3931 = DIRECTION('',(0.,2.22044604925E-16,1.));
#3932 = ORIENTED_EDGE('',*,*,#3933,.F.);
#3933 = EDGE_CURVE('',#3934,#3926,#3936,.T.);
#3934 = VERTEX_POINT('',#3935);
#3935 = CARTESIAN_POINT('',(0.525,-2.47,1.945));
#3936 = LINE('',#3937,#3938);
#3937 = CARTESIAN_POINT('',(0.525,-2.47,1.945));
#3938 = VECTOR('',#3939,1.);
#3939 = DIRECTION('',(-1.,0.,0.));
#3940 = ORIENTED_EDGE('',*,*,#3941,.F.);
#3941 = EDGE_CURVE('',#3942,#3934,#3944,.T.);
#3942 = VERTEX_POINT('',#3943);
#3943 = CARTESIAN_POINT('',(0.525,-2.47,2.145));
#3944 = LINE('',#3945,#3946);
#3945 = CARTESIAN_POINT('',(0.525,-2.47,2.145));
#3946 = VECTOR('',#3947,1.);
#3947 = DIRECTION('',(0.,-2.22044604925E-16,-1.));
#3948 = ORIENTED_EDGE('',*,*,#3949,.F.);
#3949 = EDGE_CURVE('',#3950,#3942,#3952,.T.);
#3950 = VERTEX_POINT('',#3951);
#3951 = CARTESIAN_POINT('',(0.725,-2.47,2.145));
#3952 = LINE('',#3953,#3954);
#3953 = CARTESIAN_POINT('',(0.725,-2.47,2.145));
#3954 = VECTOR('',#3955,1.);
#3955 = DIRECTION('',(-1.,0.,0.));
#3956 = ORIENTED_EDGE('',*,*,#3957,.F.);
#3957 = EDGE_CURVE('',#3958,#3950,#3960,.T.);
#3958 = VERTEX_POINT('',#3959);
#3959 = CARTESIAN_POINT('',(0.725,-2.47,1.945));
#3960 = LINE('',#3961,#3962);
#3961 = CARTESIAN_POINT('',(0.725,-2.47,1.945));
#3962 = VECTOR('',#3963,1.);
#3963 = DIRECTION('',(0.,2.22044604925E-16,1.));
#3964 = ORIENTED_EDGE('',*,*,#3965,.F.);
#3965 = EDGE_CURVE('',#3966,#3958,#3968,.T.);
#3966 = VERTEX_POINT('',#3967);
#3967 = CARTESIAN_POINT('',(0.875,-2.47,1.945));
#3968 = LINE('',#3969,#3970);
#3969 = CARTESIAN_POINT('',(0.875,-2.47,1.945));
#3970 = VECTOR('',#3971,1.);
#3971 = DIRECTION('',(-1.,0.,0.));
#3972 = ORIENTED_EDGE('',*,*,#3973,.F.);
#3973 = EDGE_CURVE('',#3974,#3966,#3976,.T.);
#3974 = VERTEX_POINT('',#3975);
#3975 = CARTESIAN_POINT('',(0.875,-2.47,2.145));
#3976 = LINE('',#3977,#3978);
#3977 = CARTESIAN_POINT('',(0.875,-2.47,2.145));
#3978 = VECTOR('',#3979,1.);
#3979 = DIRECTION('',(0.,-2.22044604925E-16,-1.));
#3980 = ORIENTED_EDGE('',*,*,#3981,.F.);
#3981 = EDGE_CURVE('',#3982,#3974,#3984,.T.);
#3982 = VERTEX_POINT('',#3983);
#3983 = CARTESIAN_POINT('',(1.625,-2.47,2.145));
#3984 = LINE('',#3985,#3986);
#3985 = CARTESIAN_POINT('',(1.625,-2.47,2.145));
#3986 = VECTOR('',#3987,1.);
#3987 = DIRECTION('',(-1.,0.,0.));
#3988 = ORIENTED_EDGE('',*,*,#3989,.F.);
#3989 = EDGE_CURVE('',#3990,#3982,#3992,.T.);
#3990 = VERTEX_POINT('',#3991);
#3991 = CARTESIAN_POINT('',(1.625,-2.47,1.945));
#3992 = LINE('',#3993,#3994);
#3993 = CARTESIAN_POINT('',(1.625,-2.47,1.945));
#3994 = VECTOR('',#3995,1.);
#3995 = DIRECTION('',(0.,2.22044604925E-16,1.));
#3996 = ORIENTED_EDGE('',*,*,#3997,.F.);
#3997 = EDGE_CURVE('',#3998,#3990,#4000,.T.);
#3998 = VERTEX_POINT('',#3999);
#3999 = CARTESIAN_POINT('',(1.775,-2.47,1.945));
#4000 = LINE('',#4001,#4002);
#4001 = CARTESIAN_POINT('',(1.775,-2.47,1.945));
#4002 = VECTOR('',#4003,1.);
#4003 = DIRECTION('',(-1.,0.,0.));
#4004 = ORIENTED_EDGE('',*,*,#4005,.F.);
#4005 = EDGE_CURVE('',#4006,#3998,#4008,.T.);
#4006 = VERTEX_POINT('',#4007);
#4007 = CARTESIAN_POINT('',(1.775,-2.47,2.145));
#4008 = LINE('',#4009,#4010);
#4009 = CARTESIAN_POINT('',(1.775,-2.47,2.145));
#4010 = VECTOR('',#4011,1.);
#4011 = DIRECTION('',(0.,-2.22044604925E-16,-1.));
#4012 = ORIENTED_EDGE('',*,*,#4013,.F.);
#4013 = EDGE_CURVE('',#4014,#4006,#4016,.T.);
#4014 = VERTEX_POINT('',#4015);
#4015 = CARTESIAN_POINT('',(1.975,-2.47,2.145));
#4016 = LINE('',#4017,#4018);
#4017 = CARTESIAN_POINT('',(1.975,-2.47,2.145));
#4018 = VECTOR('',#4019,1.);
#4019 = DIRECTION('',(-1.,0.,0.));
#4020 = ORIENTED_EDGE('',*,*,#4021,.F.);
#4021 = EDGE_CURVE('',#4022,#4014,#4024,.T.);
#4022 = VERTEX_POINT('',#4023);
#4023 = CARTESIAN_POINT('',(1.975,-2.47,1.945));
#4024 = LINE('',#4025,#4026);
#4025 = CARTESIAN_POINT('',(1.975,-2.47,1.945));
#4026 = VECTOR('',#4027,1.);
#4027 = DIRECTION('',(0.,2.22044604925E-16,1.));
#4028 = ORIENTED_EDGE('',*,*,#4029,.F.);
#4029 = EDGE_CURVE('',#4030,#4022,#4032,.T.);
#4030 = VERTEX_POINT('',#4031);
#4031 = CARTESIAN_POINT('',(2.125,-2.47,1.945));
#4032 = LINE('',#4033,#4034);
#4033 = CARTESIAN_POINT('',(2.125,-2.47,1.945));
#4034 = VECTOR('',#4035,1.);
#4035 = DIRECTION('',(-1.,0.,0.));
#4036 = ORIENTED_EDGE('',*,*,#4037,.F.);
#4037 = EDGE_CURVE('',#4038,#4030,#4040,.T.);
#4038 = VERTEX_POINT('',#4039);
#4039 = CARTESIAN_POINT('',(2.125,-2.47,2.145));
#4040 = LINE('',#4041,#4042);
#4041 = CARTESIAN_POINT('',(2.125,-2.47,2.145));
#4042 = VECTOR('',#4043,1.);
#4043 = DIRECTION('',(0.,-2.22044604925E-16,-1.));
#4044 = ORIENTED_EDGE('',*,*,#4045,.F.);
#4045 = EDGE_CURVE('',#4046,#4038,#4048,.T.);
#4046 = VERTEX_POINT('',#4047);
#4047 = CARTESIAN_POINT('',(2.625,-2.47,2.145));
#4048 = LINE('',#4049,#4050);
#4049 = CARTESIAN_POINT('',(2.625,-2.47,2.145));
#4050 = VECTOR('',#4051,1.);
#4051 = DIRECTION('',(-1.,0.,0.));
#4052 = ORIENTED_EDGE('',*,*,#4053,.F.);
#4053 = EDGE_CURVE('',#4054,#4046,#4056,.T.);
#4054 = VERTEX_POINT('',#4055);
#4055 = CARTESIAN_POINT('',(2.625,-2.47,2.645));
#4056 = LINE('',#4057,#4058);
#4057 = CARTESIAN_POINT('',(2.625,-2.47,2.645));
#4058 = VECTOR('',#4059,1.);
#4059 = DIRECTION('',(0.,-2.22044604925E-16,-1.));
#4060 = ORIENTED_EDGE('',*,*,#4061,.F.);
#4061 = EDGE_CURVE('',#3750,#4054,#4062,.T.);
#4062 = LINE('',#4063,#4064);
#4063 = CARTESIAN_POINT('',(3.125,-2.47,2.645));
#4064 = VECTOR('',#4065,1.);
#4065 = DIRECTION('',(-1.,0.,0.));
#4066 = FACE_BOUND('',#4067,.T.);
#4067 = EDGE_LOOP('',(#4068,#4078,#4086,#4094));
#4068 = ORIENTED_EDGE('',*,*,#4069,.T.);
#4069 = EDGE_CURVE('',#4070,#4072,#4074,.T.);
#4070 = VERTEX_POINT('',#4071);
#4071 = CARTESIAN_POINT('',(-3.775,-2.47,3.295));
#4072 = VERTEX_POINT('',#4073);
#4073 = CARTESIAN_POINT('',(-3.775,-2.47,3.895));
#4074 = LINE('',#4075,#4076);
#4075 = CARTESIAN_POINT('',(-3.775,-2.47,3.295));
#4076 = VECTOR('',#4077,1.);
#4077 = DIRECTION('',(0.,2.22044604925E-16,1.));
#4078 = ORIENTED_EDGE('',*,*,#4079,.T.);
#4079 = EDGE_CURVE('',#4072,#4080,#4082,.T.);
#4080 = VERTEX_POINT('',#4081);
#4081 = CARTESIAN_POINT('',(-2.675,-2.47,3.895));
#4082 = LINE('',#4083,#4084);
#4083 = CARTESIAN_POINT('',(-3.775,-2.47,3.895));
#4084 = VECTOR('',#4085,1.);
#4085 = DIRECTION('',(1.,0.,0.));
#4086 = ORIENTED_EDGE('',*,*,#4087,.F.);
#4087 = EDGE_CURVE('',#4088,#4080,#4090,.T.);
#4088 = VERTEX_POINT('',#4089);
#4089 = CARTESIAN_POINT('',(-2.675,-2.47,3.295));
#4090 = LINE('',#4091,#4092);
#4091 = CARTESIAN_POINT('',(-2.675,-2.47,3.295));
#4092 = VECTOR('',#4093,1.);
#4093 = DIRECTION('',(0.,2.22044604925E-16,1.));
#4094 = ORIENTED_EDGE('',*,*,#4095,.F.);
#4095 = EDGE_CURVE('',#4070,#4088,#4096,.T.);
#4096 = LINE('',#4097,#4098);
#4097 = CARTESIAN_POINT('',(-3.775,-2.47,3.295));
#4098 = VECTOR('',#4099,1.);
#4099 = DIRECTION('',(1.,0.,0.));
#4100 = FACE_BOUND('',#4101,.T.);
#4101 = EDGE_LOOP('',(#4102,#4112,#4120,#4128));
#4102 = ORIENTED_EDGE('',*,*,#4103,.T.);
#4103 = EDGE_CURVE('',#4104,#4106,#4108,.T.);
#4104 = VERTEX_POINT('',#4105);
#4105 = CARTESIAN_POINT('',(2.675,-2.47,3.295));
#4106 = VERTEX_POINT('',#4107);
#4107 = CARTESIAN_POINT('',(2.675,-2.47,3.895));
#4108 = LINE('',#4109,#4110);
#4109 = CARTESIAN_POINT('',(2.675,-2.47,3.295));
#4110 = VECTOR('',#4111,1.);
#4111 = DIRECTION('',(0.,2.22044604925E-16,1.));
#4112 = ORIENTED_EDGE('',*,*,#4113,.T.);
#4113 = EDGE_CURVE('',#4106,#4114,#4116,.T.);
#4114 = VERTEX_POINT('',#4115);
#4115 = CARTESIAN_POINT('',(3.775,-2.47,3.895));
#4116 = LINE('',#4117,#4118);
#4117 = CARTESIAN_POINT('',(2.675,-2.47,3.895));
#4118 = VECTOR('',#4119,1.);
#4119 = DIRECTION('',(1.,0.,0.));
#4120 = ORIENTED_EDGE('',*,*,#4121,.F.);
#4121 = EDGE_CURVE('',#4122,#4114,#4124,.T.);
#4122 = VERTEX_POINT('',#4123);
#4123 = CARTESIAN_POINT('',(3.775,-2.47,3.295));
#4124 = LINE('',#4125,#4126);
#4125 = CARTESIAN_POINT('',(3.775,-2.47,3.295));
#4126 = VECTOR('',#4127,1.);
#4127 = DIRECTION('',(0.,2.22044604925E-16,1.));
#4128 = ORIENTED_EDGE('',*,*,#4129,.F.);
#4129 = EDGE_CURVE('',#4104,#4122,#4130,.T.);
#4130 = LINE('',#4131,#4132);
#4131 = CARTESIAN_POINT('',(2.675,-2.47,3.295));
#4132 = VECTOR('',#4133,1.);
#4133 = DIRECTION('',(1.,0.,0.));
#4134 = PLANE('',#4135);
#4135 = AXIS2_PLACEMENT_3D('',#4136,#4137,#4138);
#4136 = CARTESIAN_POINT('',(-4.125,-2.47,-4.999999999999E-03));
#4137 = DIRECTION('',(0.,-1.,2.22044604925E-16));
#4138 = DIRECTION('',(1.,0.,0.));
#4139 = ADVANCED_FACE('',(#4140),#4190,.T.);
#4140 = FACE_BOUND('',#4141,.T.);
#4141 = EDGE_LOOP('',(#4142,#4152,#4160,#4166,#4167,#4168,#4176,#4184));
#4142 = ORIENTED_EDGE('',*,*,#4143,.F.);
#4143 = EDGE_CURVE('',#4144,#4146,#4148,.T.);
#4144 = VERTEX_POINT('',#4145);
#4145 = CARTESIAN_POINT('',(-3.625,1.58,4.245));
#4146 = VERTEX_POINT('',#4147);
#4147 = CARTESIAN_POINT('',(3.625,1.58,4.245));
#4148 = LINE('',#4149,#4150);
#4149 = CARTESIAN_POINT('',(-4.125,1.58,4.245));
#4150 = VECTOR('',#4151,1.);
#4151 = DIRECTION('',(1.,0.,0.));
#4152 = ORIENTED_EDGE('',*,*,#4153,.F.);
#4153 = EDGE_CURVE('',#4154,#4144,#4156,.T.);
#4154 = VERTEX_POINT('',#4155);
#4155 = CARTESIAN_POINT('',(-3.625,-0.32,4.245));
#4156 = LINE('',#4157,#4158);
#4157 = CARTESIAN_POINT('',(-3.625,-0.32,4.245));
#4158 = VECTOR('',#4159,1.);
#4159 = DIRECTION('',(0.,1.,-2.22044604925E-16));
#4160 = ORIENTED_EDGE('',*,*,#4161,.F.);
#4161 = EDGE_CURVE('',#3340,#4154,#4162,.T.);
#4162 = LINE('',#4163,#4164);
#4163 = CARTESIAN_POINT('',(-4.125,-0.32,4.245));
#4164 = VECTOR('',#4165,1.);
#4165 = DIRECTION('',(1.,0.,0.));
#4166 = ORIENTED_EDGE('',*,*,#3347,.T.);
#4167 = ORIENTED_EDGE('',*,*,#3705,.T.);
#4168 = ORIENTED_EDGE('',*,*,#4169,.F.);
#4169 = EDGE_CURVE('',#4170,#3698,#4172,.T.);
#4170 = VERTEX_POINT('',#4171);
#4171 = CARTESIAN_POINT('',(4.125,-0.32,4.245));
#4172 = LINE('',#4173,#4174);
#4173 = CARTESIAN_POINT('',(4.125,1.58,4.245));
#4174 = VECTOR('',#4175,1.);
#4175 = DIRECTION('',(0.,-1.,2.22044604925E-16));
#4176 = ORIENTED_EDGE('',*,*,#4177,.F.);
#4177 = EDGE_CURVE('',#4178,#4170,#4180,.T.);
#4178 = VERTEX_POINT('',#4179);
#4179 = CARTESIAN_POINT('',(3.625,-0.32,4.245));
#4180 = LINE('',#4181,#4182);
#4181 = CARTESIAN_POINT('',(3.625,-0.32,4.245));
#4182 = VECTOR('',#4183,1.);
#4183 = DIRECTION('',(1.,0.,0.));
#4184 = ORIENTED_EDGE('',*,*,#4185,.T.);
#4185 = EDGE_CURVE('',#4178,#4146,#4186,.T.);
#4186 = LINE('',#4187,#4188);
#4187 = CARTESIAN_POINT('',(3.625,-0.32,4.245));
#4188 = VECTOR('',#4189,1.);
#4189 = DIRECTION('',(0.,1.,-2.22044604925E-16));
#4190 = PLANE('',#4191);
#4191 = AXIS2_PLACEMENT_3D('',#4192,#4193,#4194);
#4192 = CARTESIAN_POINT('',(-4.125,1.58,4.245));
#4193 = DIRECTION('',(0.,2.22044604925E-16,1.));
#4194 = DIRECTION('',(0.,-1.,2.22044604925E-16));
#4195 = ADVANCED_FACE('',(#4196),#4214,.F.);
#4196 = FACE_BOUND('',#4197,.F.);
#4197 = EDGE_LOOP('',(#4198,#4206,#4212,#4213));
#4198 = ORIENTED_EDGE('',*,*,#4199,.T.);
#4199 = EDGE_CURVE('',#3332,#4200,#4202,.T.);
#4200 = VERTEX_POINT('',#4201);
#4201 = CARTESIAN_POINT('',(-3.625,-0.32,3.595));
#4202 = LINE('',#4203,#4204);
#4203 = CARTESIAN_POINT('',(-4.125,-0.32,3.595));
#4204 = VECTOR('',#4205,1.);
#4205 = DIRECTION('',(1.,0.,0.));
#4206 = ORIENTED_EDGE('',*,*,#4207,.T.);
#4207 = EDGE_CURVE('',#4200,#4154,#4208,.T.);
#4208 = LINE('',#4209,#4210);
#4209 = CARTESIAN_POINT('',(-3.625,-0.32,3.595));
#4210 = VECTOR('',#4211,1.);
#4211 = DIRECTION('',(0.,2.22044604925E-16,1.));
#4212 = ORIENTED_EDGE('',*,*,#4161,.F.);
#4213 = ORIENTED_EDGE('',*,*,#3339,.F.);
#4214 = PLANE('',#4215);
#4215 = AXIS2_PLACEMENT_3D('',#4216,#4217,#4218);
#4216 = CARTESIAN_POINT('',(-4.125,-0.32,3.595));
#4217 = DIRECTION('',(0.,-1.,2.22044604925E-16));
#4218 = DIRECTION('',(0.,2.22044604925E-16,1.));
#4219 = ADVANCED_FACE('',(#4220),#4238,.F.);
#4220 = FACE_BOUND('',#4221,.F.);
#4221 = EDGE_LOOP('',(#4222,#4230,#4236,#4237));
#4222 = ORIENTED_EDGE('',*,*,#4223,.T.);
#4223 = EDGE_CURVE('',#3324,#4224,#4226,.T.);
#4224 = VERTEX_POINT('',#4225);
#4225 = CARTESIAN_POINT('',(-3.625,0.98,3.595));
#4226 = LINE('',#4227,#4228);
#4227 = CARTESIAN_POINT('',(-4.125,0.98,3.595));
#4228 = VECTOR('',#4229,1.);
#4229 = DIRECTION('',(1.,0.,0.));
#4230 = ORIENTED_EDGE('',*,*,#4231,.T.);
#4231 = EDGE_CURVE('',#4224,#4200,#4232,.T.);
#4232 = LINE('',#4233,#4234);
#4233 = CARTESIAN_POINT('',(-3.625,0.98,3.595));
#4234 = VECTOR('',#4235,1.);
#4235 = DIRECTION('',(0.,-1.,2.22044604925E-16));
#4236 = ORIENTED_EDGE('',*,*,#4199,.F.);
#4237 = ORIENTED_EDGE('',*,*,#3331,.F.);
#4238 = PLANE('',#4239);
#4239 = AXIS2_PLACEMENT_3D('',#4240,#4241,#4242);
#4240 = CARTESIAN_POINT('',(-4.125,0.98,3.595));
#4241 = DIRECTION('',(0.,-2.22044604925E-16,-1.));
#4242 = DIRECTION('',(0.,-1.,2.22044604925E-16));
#4243 = ADVANCED_FACE('',(#4244),#4262,.F.);
#4244 = FACE_BOUND('',#4245,.F.);
#4245 = EDGE_LOOP('',(#4246,#4254,#4260,#4261));
#4246 = ORIENTED_EDGE('',*,*,#4247,.T.);
#4247 = EDGE_CURVE('',#3316,#4248,#4250,.T.);
#4248 = VERTEX_POINT('',#4249);
#4249 = CARTESIAN_POINT('',(-3.625,0.98,1.995));
#4250 = LINE('',#4251,#4252);
#4251 = CARTESIAN_POINT('',(-4.125,0.98,1.995));
#4252 = VECTOR('',#4253,1.);
#4253 = DIRECTION('',(1.,0.,0.));
#4254 = ORIENTED_EDGE('',*,*,#4255,.T.);
#4255 = EDGE_CURVE('',#4248,#4224,#4256,.T.);
#4256 = LINE('',#4257,#4258);
#4257 = CARTESIAN_POINT('',(-3.625,0.98,1.995));
#4258 = VECTOR('',#4259,1.);
#4259 = DIRECTION('',(0.,2.22044604925E-16,1.));
#4260 = ORIENTED_EDGE('',*,*,#4223,.F.);
#4261 = ORIENTED_EDGE('',*,*,#3323,.F.);
#4262 = PLANE('',#4263);
#4263 = AXIS2_PLACEMENT_3D('',#4264,#4265,#4266);
#4264 = CARTESIAN_POINT('',(-4.125,0.98,1.995));
#4265 = DIRECTION('',(0.,-1.,2.22044604925E-16));
#4266 = DIRECTION('',(0.,2.22044604925E-16,1.));
#4267 = ADVANCED_FACE('',(#4268),#4286,.F.);
#4268 = FACE_BOUND('',#4269,.F.);
#4269 = EDGE_LOOP('',(#4270,#4278,#4284,#4285));
#4270 = ORIENTED_EDGE('',*,*,#4271,.T.);
#4271 = EDGE_CURVE('',#3308,#4272,#4274,.T.);
#4272 = VERTEX_POINT('',#4273);
#4273 = CARTESIAN_POINT('',(-3.625,1.58,1.995));
#4274 = LINE('',#4275,#4276);
#4275 = CARTESIAN_POINT('',(-4.125,1.58,1.995));
#4276 = VECTOR('',#4277,1.);
#4277 = DIRECTION('',(1.,0.,0.));
#4278 = ORIENTED_EDGE('',*,*,#4279,.T.);
#4279 = EDGE_CURVE('',#4272,#4248,#4280,.T.);
#4280 = LINE('',#4281,#4282);
#4281 = CARTESIAN_POINT('',(-3.625,1.58,1.995));
#4282 = VECTOR('',#4283,1.);
#4283 = DIRECTION('',(0.,-1.,2.22044604925E-16));
#4284 = ORIENTED_EDGE('',*,*,#4247,.F.);
#4285 = ORIENTED_EDGE('',*,*,#3315,.F.);
#4286 = PLANE('',#4287);
#4287 = AXIS2_PLACEMENT_3D('',#4288,#4289,#4290);
#4288 = CARTESIAN_POINT('',(-4.125,1.58,1.995));
#4289 = DIRECTION('',(0.,-2.22044604925E-16,-1.));
#4290 = DIRECTION('',(0.,-1.,2.22044604925E-16));
#4291 = ADVANCED_FACE('',(#4292,#4333),#4367,.F.);
#4292 = FACE_BOUND('',#4293,.F.);
#4293 = EDGE_LOOP('',(#4294,#4295,#4303,#4311,#4319,#4325,#4326,#4332));
#4294 = ORIENTED_EDGE('',*,*,#3307,.F.);
#4295 = ORIENTED_EDGE('',*,*,#4296,.T.);
#4296 = EDGE_CURVE('',#3300,#4297,#4299,.T.);
#4297 = VERTEX_POINT('',#4298);
#4298 = CARTESIAN_POINT('',(4.125,1.58,0.945));
#4299 = LINE('',#4300,#4301);
#4300 = CARTESIAN_POINT('',(-4.125,1.58,0.945));
#4301 = VECTOR('',#4302,1.);
#4302 = DIRECTION('',(1.,0.,0.));
#4303 = ORIENTED_EDGE('',*,*,#4304,.T.);
#4304 = EDGE_CURVE('',#4297,#4305,#4307,.T.);
#4305 = VERTEX_POINT('',#4306);
#4306 = CARTESIAN_POINT('',(4.125,1.58,1.995));
#4307 = LINE('',#4308,#4309);
#4308 = CARTESIAN_POINT('',(4.125,1.58,-5.E-03));
#4309 = VECTOR('',#4310,1.);
#4310 = DIRECTION('',(0.,2.22044604925E-16,1.));
#4311 = ORIENTED_EDGE('',*,*,#4312,.F.);
#4312 = EDGE_CURVE('',#4313,#4305,#4315,.T.);
#4313 = VERTEX_POINT('',#4314);
#4314 = CARTESIAN_POINT('',(3.625,1.58,1.995));
#4315 = LINE('',#4316,#4317);
#4316 = CARTESIAN_POINT('',(3.625,1.58,1.995));
#4317 = VECTOR('',#4318,1.);
#4318 = DIRECTION('',(1.,0.,0.));
#4319 = ORIENTED_EDGE('',*,*,#4320,.F.);
#4320 = EDGE_CURVE('',#4146,#4313,#4321,.T.);
#4321 = LINE('',#4322,#4323);
#4322 = CARTESIAN_POINT('',(3.625,1.58,4.245));
#4323 = VECTOR('',#4324,1.);
#4324 = DIRECTION('',(0.,-2.22044604925E-16,-1.));
#4325 = ORIENTED_EDGE('',*,*,#4143,.F.);
#4326 = ORIENTED_EDGE('',*,*,#4327,.T.);
#4327 = EDGE_CURVE('',#4144,#4272,#4328,.T.);
#4328 = LINE('',#4329,#4330);
#4329 = CARTESIAN_POINT('',(-3.625,1.58,4.245));
#4330 = VECTOR('',#4331,1.);
#4331 = DIRECTION('',(0.,-2.22044604925E-16,-1.));
#4332 = ORIENTED_EDGE('',*,*,#4271,.F.);
#4333 = FACE_BOUND('',#4334,.F.);
#4334 = EDGE_LOOP('',(#4335,#4345,#4353,#4361));
#4335 = ORIENTED_EDGE('',*,*,#4336,.T.);
#4336 = EDGE_CURVE('',#4337,#4339,#4341,.T.);
#4337 = VERTEX_POINT('',#4338);
#4338 = CARTESIAN_POINT('',(-2.225,1.58,2.44));
#4339 = VERTEX_POINT('',#4340);
#4340 = CARTESIAN_POINT('',(-2.225,1.58,3.84));
#4341 = LINE('',#4342,#4343);
#4342 = CARTESIAN_POINT('',(-2.225,1.58,2.44));
#4343 = VECTOR('',#4344,1.);
#4344 = DIRECTION('',(0.,2.22044604925E-16,1.));
#4345 = ORIENTED_EDGE('',*,*,#4346,.T.);
#4346 = EDGE_CURVE('',#4339,#4347,#4349,.T.);
#4347 = VERTEX_POINT('',#4348);
#4348 = CARTESIAN_POINT('',(2.225,1.58,3.84));
#4349 = LINE('',#4350,#4351);
#4350 = CARTESIAN_POINT('',(-2.225,1.58,3.84));
#4351 = VECTOR('',#4352,1.);
#4352 = DIRECTION('',(1.,0.,0.));
#4353 = ORIENTED_EDGE('',*,*,#4354,.F.);
#4354 = EDGE_CURVE('',#4355,#4347,#4357,.T.);
#4355 = VERTEX_POINT('',#4356);
#4356 = CARTESIAN_POINT('',(2.225,1.58,2.44));
#4357 = LINE('',#4358,#4359);
#4358 = CARTESIAN_POINT('',(2.225,1.58,2.44));
#4359 = VECTOR('',#4360,1.);
#4360 = DIRECTION('',(0.,2.22044604925E-16,1.));
#4361 = ORIENTED_EDGE('',*,*,#4362,.F.);
#4362 = EDGE_CURVE('',#4337,#4355,#4363,.T.);
#4363 = LINE('',#4364,#4365);
#4364 = CARTESIAN_POINT('',(-2.225,1.58,2.44));
#4365 = VECTOR('',#4366,1.);
#4366 = DIRECTION('',(1.,0.,0.));
#4367 = PLANE('',#4368);
#4368 = AXIS2_PLACEMENT_3D('',#4369,#4370,#4371);
#4369 = CARTESIAN_POINT('',(-4.125,1.58,-5.E-03));
#4370 = DIRECTION('',(0.,-1.,2.22044604925E-16));
#4371 = DIRECTION('',(1.,0.,0.));
#4372 = ADVANCED_FACE('',(#4373),#4519,.T.);
#4373 = FACE_BOUND('',#4374,.T.);
#4374 = EDGE_LOOP('',(#4375,#4376,#4377,#4385,#4393,#4401,#4409,#4417,
    #4425,#4433,#4441,#4449,#4457,#4465,#4473,#4481,#4489,#4497,#4505,
    #4513));
#4375 = ORIENTED_EDGE('',*,*,#3299,.F.);
#4376 = ORIENTED_EDGE('',*,*,#4296,.T.);
#4377 = ORIENTED_EDGE('',*,*,#4378,.T.);
#4378 = EDGE_CURVE('',#4297,#4379,#4381,.T.);
#4379 = VERTEX_POINT('',#4380);
#4380 = CARTESIAN_POINT('',(4.125,1.08,0.945));
#4381 = LINE('',#4382,#4383);
#4382 = CARTESIAN_POINT('',(4.125,1.58,0.945));
#4383 = VECTOR('',#4384,1.);
#4384 = DIRECTION('',(0.,-1.,2.22044604925E-16));
#4385 = ORIENTED_EDGE('',*,*,#4386,.F.);
#4386 = EDGE_CURVE('',#4387,#4379,#4389,.T.);
#4387 = VERTEX_POINT('',#4388);
#4388 = CARTESIAN_POINT('',(1.975,1.08,0.945));
#4389 = LINE('',#4390,#4391);
#4390 = CARTESIAN_POINT('',(-4.125,1.08,0.945));
#4391 = VECTOR('',#4392,1.);
#4392 = DIRECTION('',(1.,0.,0.));
#4393 = ORIENTED_EDGE('',*,*,#4394,.F.);
#4394 = EDGE_CURVE('',#4395,#4387,#4397,.T.);
#4395 = VERTEX_POINT('',#4396);
#4396 = CARTESIAN_POINT('',(1.975,1.1054,0.945));
#4397 = LINE('',#4398,#4399);
#4398 = CARTESIAN_POINT('',(1.975,0.796465540115,0.945));
#4399 = VECTOR('',#4400,1.);
#4400 = DIRECTION('',(-1.250603656852E-18,-1.,2.22044604925E-16));
#4401 = ORIENTED_EDGE('',*,*,#4402,.T.);
#4402 = EDGE_CURVE('',#4395,#4403,#4405,.T.);
#4403 = VERTEX_POINT('',#4404);
#4404 = CARTESIAN_POINT('',(1.775,1.1054,0.945));
#4405 = LINE('',#4406,#4407);
#4406 = CARTESIAN_POINT('',(-1.175,1.1054,0.945));
#4407 = VECTOR('',#4408,1.);
#4408 = DIRECTION('',(-1.,0.,0.));
#4409 = ORIENTED_EDGE('',*,*,#4410,.T.);
#4410 = EDGE_CURVE('',#4403,#4411,#4413,.T.);
#4411 = VERTEX_POINT('',#4412);
#4412 = CARTESIAN_POINT('',(1.775,1.08,0.945));
#4413 = LINE('',#4414,#4415);
#4414 = CARTESIAN_POINT('',(1.775,0.796465540115,0.945));
#4415 = VECTOR('',#4416,1.);
#4416 = DIRECTION('',(-1.250603656852E-18,-1.,2.22044604925E-16));
#4417 = ORIENTED_EDGE('',*,*,#4418,.F.);
#4418 = EDGE_CURVE('',#4419,#4411,#4421,.T.);
#4419 = VERTEX_POINT('',#4420);
#4420 = CARTESIAN_POINT('',(0.725,1.08,0.945));
#4421 = LINE('',#4422,#4423);
#4422 = CARTESIAN_POINT('',(-4.125,1.08,0.945));
#4423 = VECTOR('',#4424,1.);
#4424 = DIRECTION('',(1.,0.,0.));
#4425 = ORIENTED_EDGE('',*,*,#4426,.F.);
#4426 = EDGE_CURVE('',#4427,#4419,#4429,.T.);
#4427 = VERTEX_POINT('',#4428);
#4428 = CARTESIAN_POINT('',(0.725,1.1054,0.945));
#4429 = LINE('',#4430,#4431);
#4430 = CARTESIAN_POINT('',(0.725,0.796465540115,0.945));
#4431 = VECTOR('',#4432,1.);
#4432 = DIRECTION('',(-1.250603656852E-18,-1.,2.22044604925E-16));
#4433 = ORIENTED_EDGE('',*,*,#4434,.T.);
#4434 = EDGE_CURVE('',#4427,#4435,#4437,.T.);
#4435 = VERTEX_POINT('',#4436);
#4436 = CARTESIAN_POINT('',(0.525,1.1054,0.945));
#4437 = LINE('',#4438,#4439);
#4438 = CARTESIAN_POINT('',(-1.8,1.1054,0.945));
#4439 = VECTOR('',#4440,1.);
#4440 = DIRECTION('',(-1.,0.,0.));
#4441 = ORIENTED_EDGE('',*,*,#4442,.T.);
#4442 = EDGE_CURVE('',#4435,#4443,#4445,.T.);
#4443 = VERTEX_POINT('',#4444);
#4444 = CARTESIAN_POINT('',(0.525,1.08,0.945));
#4445 = LINE('',#4446,#4447);
#4446 = CARTESIAN_POINT('',(0.525,0.796465540115,0.945));
#4447 = VECTOR('',#4448,1.);
#4448 = DIRECTION('',(-1.250603656852E-18,-1.,2.22044604925E-16));
#4449 = ORIENTED_EDGE('',*,*,#4450,.F.);
#4450 = EDGE_CURVE('',#4451,#4443,#4453,.T.);
#4451 = VERTEX_POINT('',#4452);
#4452 = CARTESIAN_POINT('',(-0.525,1.08,0.945));
#4453 = LINE('',#4454,#4455);
#4454 = CARTESIAN_POINT('',(-4.125,1.08,0.945));
#4455 = VECTOR('',#4456,1.);
#4456 = DIRECTION('',(1.,0.,0.));
#4457 = ORIENTED_EDGE('',*,*,#4458,.F.);
#4458 = EDGE_CURVE('',#4459,#4451,#4461,.T.);
#4459 = VERTEX_POINT('',#4460);
#4460 = CARTESIAN_POINT('',(-0.525,1.1054,0.945));
#4461 = LINE('',#4462,#4463);
#4462 = CARTESIAN_POINT('',(-0.525,0.796465540115,0.945));
#4463 = VECTOR('',#4464,1.);
#4464 = DIRECTION('',(-1.250603656852E-18,-1.,2.22044604925E-16));
#4465 = ORIENTED_EDGE('',*,*,#4466,.T.);
#4466 = EDGE_CURVE('',#4459,#4467,#4469,.T.);
#4467 = VERTEX_POINT('',#4468);
#4468 = CARTESIAN_POINT('',(-0.725,1.1054,0.945));
#4469 = LINE('',#4470,#4471);
#4470 = CARTESIAN_POINT('',(-2.425,1.1054,0.945));
#4471 = VECTOR('',#4472,1.);
#4472 = DIRECTION('',(-1.,0.,0.));
#4473 = ORIENTED_EDGE('',*,*,#4474,.T.);
#4474 = EDGE_CURVE('',#4467,#4475,#4477,.T.);
#4475 = VERTEX_POINT('',#4476);
#4476 = CARTESIAN_POINT('',(-0.725,1.08,0.945));
#4477 = LINE('',#4478,#4479);
#4478 = CARTESIAN_POINT('',(-0.725,0.796465540115,0.945));
#4479 = VECTOR('',#4480,1.);
#4480 = DIRECTION('',(-1.250603656852E-18,-1.,2.22044604925E-16));
#4481 = ORIENTED_EDGE('',*,*,#4482,.F.);
#4482 = EDGE_CURVE('',#4483,#4475,#4485,.T.);
#4483 = VERTEX_POINT('',#4484);
#4484 = CARTESIAN_POINT('',(-1.775,1.08,0.945));
#4485 = LINE('',#4486,#4487);
#4486 = CARTESIAN_POINT('',(-4.125,1.08,0.945));
#4487 = VECTOR('',#4488,1.);
#4488 = DIRECTION('',(1.,0.,0.));
#4489 = ORIENTED_EDGE('',*,*,#4490,.F.);
#4490 = EDGE_CURVE('',#4491,#4483,#4493,.T.);
#4491 = VERTEX_POINT('',#4492);
#4492 = CARTESIAN_POINT('',(-1.775,1.1054,0.945));
#4493 = LINE('',#4494,#4495);
#4494 = CARTESIAN_POINT('',(-1.775,0.796465540115,0.945));
#4495 = VECTOR('',#4496,1.);
#4496 = DIRECTION('',(-1.250603656852E-18,-1.,2.22044604925E-16));
#4497 = ORIENTED_EDGE('',*,*,#4498,.T.);
#4498 = EDGE_CURVE('',#4491,#4499,#4501,.T.);
#4499 = VERTEX_POINT('',#4500);
#4500 = CARTESIAN_POINT('',(-1.975,1.1054,0.945));
#4501 = LINE('',#4502,#4503);
#4502 = CARTESIAN_POINT('',(-3.05,1.1054,0.945));
#4503 = VECTOR('',#4504,1.);
#4504 = DIRECTION('',(-1.,0.,0.));
#4505 = ORIENTED_EDGE('',*,*,#4506,.T.);
#4506 = EDGE_CURVE('',#4499,#4507,#4509,.T.);
#4507 = VERTEX_POINT('',#4508);
#4508 = CARTESIAN_POINT('',(-1.975,1.08,0.945));
#4509 = LINE('',#4510,#4511);
#4510 = CARTESIAN_POINT('',(-1.975,0.796465540115,0.945));
#4511 = VECTOR('',#4512,1.);
#4512 = DIRECTION('',(-1.250603656852E-18,-1.,2.22044604925E-16));
#4513 = ORIENTED_EDGE('',*,*,#4514,.F.);
#4514 = EDGE_CURVE('',#3292,#4507,#4515,.T.);
#4515 = LINE('',#4516,#4517);
#4516 = CARTESIAN_POINT('',(-4.125,1.08,0.945));
#4517 = VECTOR('',#4518,1.);
#4518 = DIRECTION('',(1.,0.,0.));
#4519 = PLANE('',#4520);
#4520 = AXIS2_PLACEMENT_3D('',#4521,#4522,#4523);
#4521 = CARTESIAN_POINT('',(-4.125,1.58,0.945));
#4522 = DIRECTION('',(0.,-2.22044604925E-16,-1.));
#4523 = DIRECTION('',(0.,-1.,2.22044604925E-16));
#4524 = ADVANCED_FACE('',(#4525),#4543,.T.);
#4525 = FACE_BOUND('',#4526,.T.);
#4526 = EDGE_LOOP('',(#4527,#4528,#4529,#4537));
#4527 = ORIENTED_EDGE('',*,*,#3291,.F.);
#4528 = ORIENTED_EDGE('',*,*,#4514,.T.);
#4529 = ORIENTED_EDGE('',*,*,#4530,.T.);
#4530 = EDGE_CURVE('',#4507,#4531,#4533,.T.);
#4531 = VERTEX_POINT('',#4532);
#4532 = CARTESIAN_POINT('',(-1.975,1.08,0.195));
#4533 = LINE('',#4534,#4535);
#4534 = CARTESIAN_POINT('',(-1.975,1.08,1.036141805844));
#4535 = VECTOR('',#4536,1.);
#4536 = DIRECTION('',(2.809082092746E-18,-2.22044604925E-16,-1.));
#4537 = ORIENTED_EDGE('',*,*,#4538,.F.);
#4538 = EDGE_CURVE('',#3284,#4531,#4539,.T.);
#4539 = LINE('',#4540,#4541);
#4540 = CARTESIAN_POINT('',(-4.125,1.08,0.195));
#4541 = VECTOR('',#4542,1.);
#4542 = DIRECTION('',(1.,0.,0.));
#4543 = PLANE('',#4544);
#4544 = AXIS2_PLACEMENT_3D('',#4545,#4546,#4547);
#4545 = CARTESIAN_POINT('',(-4.125,1.08,0.945));
#4546 = DIRECTION('',(0.,1.,-2.22044604925E-16));
#4547 = DIRECTION('',(0.,-2.22044604925E-16,-1.));
#4548 = ADVANCED_FACE('',(#4549),#4567,.T.);
#4549 = FACE_BOUND('',#4550,.T.);
#4550 = EDGE_LOOP('',(#4551,#4552,#4553,#4561));
#4551 = ORIENTED_EDGE('',*,*,#3283,.F.);
#4552 = ORIENTED_EDGE('',*,*,#4538,.T.);
#4553 = ORIENTED_EDGE('',*,*,#4554,.T.);
#4554 = EDGE_CURVE('',#4531,#4555,#4557,.T.);
#4555 = VERTEX_POINT('',#4556);
#4556 = CARTESIAN_POINT('',(-1.975,0.93,0.195));
#4557 = LINE('',#4558,#4559);
#4558 = CARTESIAN_POINT('',(-1.975,0.546465540115,0.195));
#4559 = VECTOR('',#4560,1.);
#4560 = DIRECTION('',(-1.250603656852E-18,-1.,2.22044604925E-16));
#4561 = ORIENTED_EDGE('',*,*,#4562,.F.);
#4562 = EDGE_CURVE('',#3276,#4555,#4563,.T.);
#4563 = LINE('',#4564,#4565);
#4564 = CARTESIAN_POINT('',(-4.125,0.93,0.195));
#4565 = VECTOR('',#4566,1.);
#4566 = DIRECTION('',(1.,0.,0.));
#4567 = PLANE('',#4568);
#4568 = AXIS2_PLACEMENT_3D('',#4569,#4570,#4571);
#4569 = CARTESIAN_POINT('',(-4.125,1.08,0.195));
#4570 = DIRECTION('',(0.,-2.22044604925E-16,-1.));
#4571 = DIRECTION('',(0.,-1.,2.22044604925E-16));
#4572 = ADVANCED_FACE('',(#4573),#4712,.T.);
#4573 = FACE_BOUND('',#4574,.T.);
#4574 = EDGE_LOOP('',(#4575,#4576,#4577,#4585,#4593,#4601,#4609,#4617,
    #4625,#4633,#4641,#4649,#4657,#4665,#4673,#4681,#4689,#4697,#4705,
    #4711));
#4575 = ORIENTED_EDGE('',*,*,#3275,.F.);
#4576 = ORIENTED_EDGE('',*,*,#4562,.T.);
#4577 = ORIENTED_EDGE('',*,*,#4578,.T.);
#4578 = EDGE_CURVE('',#4555,#4579,#4581,.T.);
#4579 = VERTEX_POINT('',#4580);
#4580 = CARTESIAN_POINT('',(-1.975,0.93,-3.492429378532E-04));
#4581 = LINE('',#4582,#4583);
#4582 = CARTESIAN_POINT('',(-1.975,0.93,0.661141805844));
#4583 = VECTOR('',#4584,1.);
#4584 = DIRECTION('',(2.809082092746E-18,-2.22044604925E-16,-1.));
#4585 = ORIENTED_EDGE('',*,*,#4586,.T.);
#4586 = EDGE_CURVE('',#4579,#4587,#4589,.T.);
#4587 = VERTEX_POINT('',#4588);
#4588 = CARTESIAN_POINT('',(-1.775,0.93,-3.492429378532E-04));
#4589 = LINE('',#4590,#4591);
#4590 = CARTESIAN_POINT('',(-3.05,0.93,-3.492429378532E-04));
#4591 = VECTOR('',#4592,1.);
#4592 = DIRECTION('',(1.,0.,0.));
#4593 = ORIENTED_EDGE('',*,*,#4594,.F.);
#4594 = EDGE_CURVE('',#4595,#4587,#4597,.T.);
#4595 = VERTEX_POINT('',#4596);
#4596 = CARTESIAN_POINT('',(-1.775,0.93,0.195));
#4597 = LINE('',#4598,#4599);
#4598 = CARTESIAN_POINT('',(-1.775,0.93,0.661141805844));
#4599 = VECTOR('',#4600,1.);
#4600 = DIRECTION('',(2.809082092746E-18,-2.22044604925E-16,-1.));
#4601 = ORIENTED_EDGE('',*,*,#4602,.T.);
#4602 = EDGE_CURVE('',#4595,#4603,#4605,.T.);
#4603 = VERTEX_POINT('',#4604);
#4604 = CARTESIAN_POINT('',(-0.725,0.93,0.195));
#4605 = LINE('',#4606,#4607);
#4606 = CARTESIAN_POINT('',(-4.125,0.93,0.195));
#4607 = VECTOR('',#4608,1.);
#4608 = DIRECTION('',(1.,0.,0.));
#4609 = ORIENTED_EDGE('',*,*,#4610,.T.);
#4610 = EDGE_CURVE('',#4603,#4611,#4613,.T.);
#4611 = VERTEX_POINT('',#4612);
#4612 = CARTESIAN_POINT('',(-0.725,0.93,-3.492429378532E-04));
#4613 = LINE('',#4614,#4615);
#4614 = CARTESIAN_POINT('',(-0.725,0.93,0.661141805844));
#4615 = VECTOR('',#4616,1.);
#4616 = DIRECTION('',(2.809082092746E-18,-2.22044604925E-16,-1.));
#4617 = ORIENTED_EDGE('',*,*,#4618,.T.);
#4618 = EDGE_CURVE('',#4611,#4619,#4621,.T.);
#4619 = VERTEX_POINT('',#4620);
#4620 = CARTESIAN_POINT('',(-0.525,0.93,-3.492429378532E-04));
#4621 = LINE('',#4622,#4623);
#4622 = CARTESIAN_POINT('',(-2.425,0.93,-3.492429378532E-04));
#4623 = VECTOR('',#4624,1.);
#4624 = DIRECTION('',(1.,0.,0.));
#4625 = ORIENTED_EDGE('',*,*,#4626,.F.);
#4626 = EDGE_CURVE('',#4627,#4619,#4629,.T.);
#4627 = VERTEX_POINT('',#4628);
#4628 = CARTESIAN_POINT('',(-0.525,0.93,0.195));
#4629 = LINE('',#4630,#4631);
#4630 = CARTESIAN_POINT('',(-0.525,0.93,0.661141805844));
#4631 = VECTOR('',#4632,1.);
#4632 = DIRECTION('',(2.809082092746E-18,-2.22044604925E-16,-1.));
#4633 = ORIENTED_EDGE('',*,*,#4634,.T.);
#4634 = EDGE_CURVE('',#4627,#4635,#4637,.T.);
#4635 = VERTEX_POINT('',#4636);
#4636 = CARTESIAN_POINT('',(0.525,0.93,0.195));
#4637 = LINE('',#4638,#4639);
#4638 = CARTESIAN_POINT('',(-4.125,0.93,0.195));
#4639 = VECTOR('',#4640,1.);
#4640 = DIRECTION('',(1.,0.,0.));
#4641 = ORIENTED_EDGE('',*,*,#4642,.T.);
#4642 = EDGE_CURVE('',#4635,#4643,#4645,.T.);
#4643 = VERTEX_POINT('',#4644);
#4644 = CARTESIAN_POINT('',(0.525,0.93,-3.492429378532E-04));
#4645 = LINE('',#4646,#4647);
#4646 = CARTESIAN_POINT('',(0.525,0.93,0.661141805844));
#4647 = VECTOR('',#4648,1.);
#4648 = DIRECTION('',(2.809082092746E-18,-2.22044604925E-16,-1.));
#4649 = ORIENTED_EDGE('',*,*,#4650,.T.);
#4650 = EDGE_CURVE('',#4643,#4651,#4653,.T.);
#4651 = VERTEX_POINT('',#4652);
#4652 = CARTESIAN_POINT('',(0.725,0.93,-3.492429378532E-04));
#4653 = LINE('',#4654,#4655);
#4654 = CARTESIAN_POINT('',(-1.8,0.93,-3.492429378532E-04));
#4655 = VECTOR('',#4656,1.);
#4656 = DIRECTION('',(1.,0.,0.));
#4657 = ORIENTED_EDGE('',*,*,#4658,.F.);
#4658 = EDGE_CURVE('',#4659,#4651,#4661,.T.);
#4659 = VERTEX_POINT('',#4660);
#4660 = CARTESIAN_POINT('',(0.725,0.93,0.195));
#4661 = LINE('',#4662,#4663);
#4662 = CARTESIAN_POINT('',(0.725,0.93,0.661141805844));
#4663 = VECTOR('',#4664,1.);
#4664 = DIRECTION('',(2.809082092746E-18,-2.22044604925E-16,-1.));
#4665 = ORIENTED_EDGE('',*,*,#4666,.T.);
#4666 = EDGE_CURVE('',#4659,#4667,#4669,.T.);
#4667 = VERTEX_POINT('',#4668);
#4668 = CARTESIAN_POINT('',(1.775,0.93,0.195));
#4669 = LINE('',#4670,#4671);
#4670 = CARTESIAN_POINT('',(-4.125,0.93,0.195));
#4671 = VECTOR('',#4672,1.);
#4672 = DIRECTION('',(1.,0.,0.));
#4673 = ORIENTED_EDGE('',*,*,#4674,.T.);
#4674 = EDGE_CURVE('',#4667,#4675,#4677,.T.);
#4675 = VERTEX_POINT('',#4676);
#4676 = CARTESIAN_POINT('',(1.775,0.93,-3.492429378532E-04));
#4677 = LINE('',#4678,#4679);
#4678 = CARTESIAN_POINT('',(1.775,0.93,0.661141805844));
#4679 = VECTOR('',#4680,1.);
#4680 = DIRECTION('',(2.809082092746E-18,-2.22044604925E-16,-1.));
#4681 = ORIENTED_EDGE('',*,*,#4682,.T.);
#4682 = EDGE_CURVE('',#4675,#4683,#4685,.T.);
#4683 = VERTEX_POINT('',#4684);
#4684 = CARTESIAN_POINT('',(1.975,0.93,-3.492429378532E-04));
#4685 = LINE('',#4686,#4687);
#4686 = CARTESIAN_POINT('',(-1.175,0.93,-3.492429378532E-04));
#4687 = VECTOR('',#4688,1.);
#4688 = DIRECTION('',(1.,0.,0.));
#4689 = ORIENTED_EDGE('',*,*,#4690,.F.);
#4690 = EDGE_CURVE('',#4691,#4683,#4693,.T.);
#4691 = VERTEX_POINT('',#4692);
#4692 = CARTESIAN_POINT('',(1.975,0.93,0.195));
#4693 = LINE('',#4694,#4695);
#4694 = CARTESIAN_POINT('',(1.975,0.93,0.661141805844));
#4695 = VECTOR('',#4696,1.);
#4696 = DIRECTION('',(2.809082092746E-18,-2.22044604925E-16,-1.));
#4697 = ORIENTED_EDGE('',*,*,#4698,.T.);
#4698 = EDGE_CURVE('',#4691,#4699,#4701,.T.);
#4699 = VERTEX_POINT('',#4700);
#4700 = CARTESIAN_POINT('',(4.125,0.93,0.195));
#4701 = LINE('',#4702,#4703);
#4702 = CARTESIAN_POINT('',(-4.125,0.93,0.195));
#4703 = VECTOR('',#4704,1.);
#4704 = DIRECTION('',(1.,0.,0.));
#4705 = ORIENTED_EDGE('',*,*,#4706,.T.);
#4706 = EDGE_CURVE('',#4699,#3402,#4707,.T.);
#4707 = LINE('',#4708,#4709);
#4708 = CARTESIAN_POINT('',(4.125,0.93,0.195));
#4709 = VECTOR('',#4710,1.);
#4710 = DIRECTION('',(0.,-2.22044604925E-16,-1.));
#4711 = ORIENTED_EDGE('',*,*,#3401,.F.);
#4712 = PLANE('',#4713);
#4713 = AXIS2_PLACEMENT_3D('',#4714,#4715,#4716);
#4714 = CARTESIAN_POINT('',(-4.125,0.93,0.195));
#4715 = DIRECTION('',(0.,1.,-2.22044604925E-16));
#4716 = DIRECTION('',(0.,-2.22044604925E-16,-1.));
#4717 = ADVANCED_FACE('',(#4718),#4800,.T.);
#4718 = FACE_BOUND('',#4719,.T.);
#4719 = EDGE_LOOP('',(#4720,#4721,#4722,#4730,#4736,#4737,#4738,#4746,
    #4754,#4762,#4768,#4769,#4770,#4778,#4786,#4794));
#4720 = ORIENTED_EDGE('',*,*,#3450,.F.);
#4721 = ORIENTED_EDGE('',*,*,#4706,.F.);
#4722 = ORIENTED_EDGE('',*,*,#4723,.F.);
#4723 = EDGE_CURVE('',#4724,#4699,#4726,.T.);
#4724 = VERTEX_POINT('',#4725);
#4725 = CARTESIAN_POINT('',(4.125,1.08,0.195));
#4726 = LINE('',#4727,#4728);
#4727 = CARTESIAN_POINT('',(4.125,1.08,0.195));
#4728 = VECTOR('',#4729,1.);
#4729 = DIRECTION('',(0.,-1.,2.22044604925E-16));
#4730 = ORIENTED_EDGE('',*,*,#4731,.F.);
#4731 = EDGE_CURVE('',#4379,#4724,#4732,.T.);
#4732 = LINE('',#4733,#4734);
#4733 = CARTESIAN_POINT('',(4.125,1.08,0.945));
#4734 = VECTOR('',#4735,1.);
#4735 = DIRECTION('',(0.,-2.22044604925E-16,-1.));
#4736 = ORIENTED_EDGE('',*,*,#4378,.F.);
#4737 = ORIENTED_EDGE('',*,*,#4304,.T.);
#4738 = ORIENTED_EDGE('',*,*,#4739,.T.);
#4739 = EDGE_CURVE('',#4305,#4740,#4742,.T.);
#4740 = VERTEX_POINT('',#4741);
#4741 = CARTESIAN_POINT('',(4.125,0.98,1.995));
#4742 = LINE('',#4743,#4744);
#4743 = CARTESIAN_POINT('',(4.125,1.58,1.995));
#4744 = VECTOR('',#4745,1.);
#4745 = DIRECTION('',(0.,-1.,2.22044604925E-16));
#4746 = ORIENTED_EDGE('',*,*,#4747,.T.);
#4747 = EDGE_CURVE('',#4740,#4748,#4750,.T.);
#4748 = VERTEX_POINT('',#4749);
#4749 = CARTESIAN_POINT('',(4.125,0.98,3.595));
#4750 = LINE('',#4751,#4752);
#4751 = CARTESIAN_POINT('',(4.125,0.98,1.995));
#4752 = VECTOR('',#4753,1.);
#4753 = DIRECTION('',(0.,2.22044604925E-16,1.));
#4754 = ORIENTED_EDGE('',*,*,#4755,.T.);
#4755 = EDGE_CURVE('',#4748,#4756,#4758,.T.);
#4756 = VERTEX_POINT('',#4757);
#4757 = CARTESIAN_POINT('',(4.125,-0.32,3.595));
#4758 = LINE('',#4759,#4760);
#4759 = CARTESIAN_POINT('',(4.125,0.98,3.595));
#4760 = VECTOR('',#4761,1.);
#4761 = DIRECTION('',(0.,-1.,2.22044604925E-16));
#4762 = ORIENTED_EDGE('',*,*,#4763,.T.);
#4763 = EDGE_CURVE('',#4756,#4170,#4764,.T.);
#4764 = LINE('',#4765,#4766);
#4765 = CARTESIAN_POINT('',(4.125,-0.32,3.595));
#4766 = VECTOR('',#4767,1.);
#4767 = DIRECTION('',(0.,2.22044604925E-16,1.));
#4768 = ORIENTED_EDGE('',*,*,#4169,.T.);
#4769 = ORIENTED_EDGE('',*,*,#3697,.F.);
#4770 = ORIENTED_EDGE('',*,*,#4771,.T.);
#4771 = EDGE_CURVE('',#3690,#4772,#4774,.T.);
#4772 = VERTEX_POINT('',#4773);
#4773 = CARTESIAN_POINT('',(4.125,-1.82,1.945));
#4774 = LINE('',#4775,#4776);
#4775 = CARTESIAN_POINT('',(4.125,-2.47,1.945));
#4776 = VECTOR('',#4777,1.);
#4777 = DIRECTION('',(0.,1.,-2.22044604925E-16));
#4778 = ORIENTED_EDGE('',*,*,#4779,.T.);
#4779 = EDGE_CURVE('',#4772,#4780,#4782,.T.);
#4780 = VERTEX_POINT('',#4781);
#4781 = CARTESIAN_POINT('',(4.125,-1.82,0.595));
#4782 = LINE('',#4783,#4784);
#4783 = CARTESIAN_POINT('',(4.125,-1.82,1.945));
#4784 = VECTOR('',#4785,1.);
#4785 = DIRECTION('',(0.,-2.22044604925E-16,-1.));
#4786 = ORIENTED_EDGE('',*,*,#4787,.T.);
#4787 = EDGE_CURVE('',#4780,#4788,#4790,.T.);
#4788 = VERTEX_POINT('',#4789);
#4789 = CARTESIAN_POINT('',(4.125,-0.22,0.595));
#4790 = LINE('',#4791,#4792);
#4791 = CARTESIAN_POINT('',(4.125,-1.82,0.595));
#4792 = VECTOR('',#4793,1.);
#4793 = DIRECTION('',(0.,1.,-2.22044604925E-16));
#4794 = ORIENTED_EDGE('',*,*,#4795,.T.);
#4795 = EDGE_CURVE('',#4788,#3443,#4796,.T.);
#4796 = LINE('',#4797,#4798);
#4797 = CARTESIAN_POINT('',(4.125,-0.22,0.595));
#4798 = VECTOR('',#4799,1.);
#4799 = DIRECTION('',(0.,-2.22044604925E-16,-1.));
#4800 = PLANE('',#4801);
#4801 = AXIS2_PLACEMENT_3D('',#4802,#4803,#4804);
#4802 = CARTESIAN_POINT('',(4.125,1.58,-5.E-03));
#4803 = DIRECTION('',(1.,0.,0.));
#4804 = DIRECTION('',(0.,-1.,2.22044604925E-16));
#4805 = ADVANCED_FACE('',(#4806),#4840,.F.);
#4806 = FACE_BOUND('',#4807,.F.);
#4807 = EDGE_LOOP('',(#4808,#4818,#4824,#4825,#4826,#4834));
#4808 = ORIENTED_EDGE('',*,*,#4809,.T.);
#4809 = EDGE_CURVE('',#4810,#4812,#4814,.T.);
#4810 = VERTEX_POINT('',#4811);
#4811 = CARTESIAN_POINT('',(3.825,-0.22,0.37));
#4812 = VERTEX_POINT('',#4813);
#4813 = CARTESIAN_POINT('',(3.825,-0.22,0.595));
#4814 = LINE('',#4815,#4816);
#4815 = CARTESIAN_POINT('',(3.825,-0.22,0.807892234548));
#4816 = VECTOR('',#4817,1.);
#4817 = DIRECTION('',(0.,2.22044604925E-16,1.));
#4818 = ORIENTED_EDGE('',*,*,#4819,.T.);
#4819 = EDGE_CURVE('',#4812,#4788,#4820,.T.);
#4820 = LINE('',#4821,#4822);
#4821 = CARTESIAN_POINT('',(3.625,-0.22,0.595));
#4822 = VECTOR('',#4823,1.);
#4823 = DIRECTION('',(1.,0.,0.));
#4824 = ORIENTED_EDGE('',*,*,#4795,.T.);
#4825 = ORIENTED_EDGE('',*,*,#3442,.F.);
#4826 = ORIENTED_EDGE('',*,*,#4827,.F.);
#4827 = EDGE_CURVE('',#4828,#3435,#4830,.T.);
#4828 = VERTEX_POINT('',#4829);
#4829 = CARTESIAN_POINT('',(3.625,-0.22,0.37));
#4830 = LINE('',#4831,#4832);
#4831 = CARTESIAN_POINT('',(3.625,-0.22,0.595));
#4832 = VECTOR('',#4833,1.);
#4833 = DIRECTION('',(0.,-2.22044604925E-16,-1.));
#4834 = ORIENTED_EDGE('',*,*,#4835,.F.);
#4835 = EDGE_CURVE('',#4810,#4828,#4836,.T.);
#4836 = LINE('',#4837,#4838);
#4837 = CARTESIAN_POINT('',(3.625,-0.22,0.37));
#4838 = VECTOR('',#4839,1.);
#4839 = DIRECTION('',(-1.,0.,0.));
#4840 = PLANE('',#4841);
#4841 = AXIS2_PLACEMENT_3D('',#4842,#4843,#4844);
#4842 = CARTESIAN_POINT('',(3.625,-0.22,0.595));
#4843 = DIRECTION('',(0.,1.,-2.22044604925E-16));
#4844 = DIRECTION('',(0.,-2.22044604925E-16,-1.));
#4845 = ADVANCED_FACE('',(#4846),#4873,.F.);
#4846 = FACE_BOUND('',#4847,.F.);
#4847 = EDGE_LOOP('',(#4848,#4849,#4850,#4858,#4866,#4872));
#4848 = ORIENTED_EDGE('',*,*,#3434,.T.);
#4849 = ORIENTED_EDGE('',*,*,#3649,.T.);
#4850 = ORIENTED_EDGE('',*,*,#4851,.F.);
#4851 = EDGE_CURVE('',#4852,#3650,#4854,.T.);
#4852 = VERTEX_POINT('',#4853);
#4853 = CARTESIAN_POINT('',(3.625,-0.255,-1.665334536938E-16));
#4854 = LINE('',#4855,#4856);
#4855 = CARTESIAN_POINT('',(3.625,-0.255,-1.665334536938E-16));
#4856 = VECTOR('',#4857,1.);
#4857 = DIRECTION('',(0.,-1.,7.501506923143E-17));
#4858 = ORIENTED_EDGE('',*,*,#4859,.F.);
#4859 = EDGE_CURVE('',#4860,#4852,#4862,.T.);
#4860 = VERTEX_POINT('',#4861);
#4861 = CARTESIAN_POINT('',(3.625,-0.255,0.37));
#4862 = LINE('',#4863,#4864);
#4863 = CARTESIAN_POINT('',(3.625,-0.255,0.37));
#4864 = VECTOR('',#4865,1.);
#4865 = DIRECTION('',(0.,0.,-1.));
#4866 = ORIENTED_EDGE('',*,*,#4867,.F.);
#4867 = EDGE_CURVE('',#4828,#4860,#4868,.T.);
#4868 = LINE('',#4869,#4870);
#4869 = CARTESIAN_POINT('',(3.625,0.235,0.37));
#4870 = VECTOR('',#4871,1.);
#4871 = DIRECTION('',(0.,-1.,0.));
#4872 = ORIENTED_EDGE('',*,*,#4827,.T.);
#4873 = PLANE('',#4874);
#4874 = AXIS2_PLACEMENT_3D('',#4875,#4876,#4877);
#4875 = CARTESIAN_POINT('',(3.625,-1.602142857143,0.712857142857));
#4876 = DIRECTION('',(-1.,1.11927691467E-30,1.146375123746E-30));
#4877 = DIRECTION('',(-1.146375123746E-30,-2.22044604925E-16,-1.));
#4878 = ADVANCED_FACE('',(#4879),#4906,.T.);
#4879 = FACE_BOUND('',#4880,.T.);
#4880 = EDGE_LOOP('',(#4881,#4882,#4883,#4891,#4899,#4905));
#4881 = ORIENTED_EDGE('',*,*,#3418,.T.);
#4882 = ORIENTED_EDGE('',*,*,#3642,.T.);
#4883 = ORIENTED_EDGE('',*,*,#4884,.F.);
#4884 = EDGE_CURVE('',#4885,#3635,#4887,.T.);
#4885 = VERTEX_POINT('',#4886);
#4886 = CARTESIAN_POINT('',(-3.625,-0.255,-1.665334536938E-16));
#4887 = LINE('',#4888,#4889);
#4888 = CARTESIAN_POINT('',(-3.625,-0.255,-1.665334536938E-16));
#4889 = VECTOR('',#4890,1.);
#4890 = DIRECTION('',(0.,-1.,7.501506923143E-17));
#4891 = ORIENTED_EDGE('',*,*,#4892,.F.);
#4892 = EDGE_CURVE('',#4893,#4885,#4895,.T.);
#4893 = VERTEX_POINT('',#4894);
#4894 = CARTESIAN_POINT('',(-3.625,-0.255,0.37));
#4895 = LINE('',#4896,#4897);
#4896 = CARTESIAN_POINT('',(-3.625,-0.255,0.37));
#4897 = VECTOR('',#4898,1.);
#4898 = DIRECTION('',(0.,0.,-1.));
#4899 = ORIENTED_EDGE('',*,*,#4900,.F.);
#4900 = EDGE_CURVE('',#3482,#4893,#4901,.T.);
#4901 = LINE('',#4902,#4903);
#4902 = CARTESIAN_POINT('',(-3.625,0.235,0.37));
#4903 = VECTOR('',#4904,1.);
#4904 = DIRECTION('',(0.,-1.,0.));
#4905 = ORIENTED_EDGE('',*,*,#3489,.T.);
#4906 = PLANE('',#4907);
#4907 = AXIS2_PLACEMENT_3D('',#4908,#4909,#4910);
#4908 = CARTESIAN_POINT('',(-3.625,-1.602142857143,0.712857142857));
#4909 = DIRECTION('',(-1.,1.11927691467E-30,1.146375123746E-30));
#4910 = DIRECTION('',(-1.146375123746E-30,-2.22044604925E-16,-1.));
#4911 = ADVANCED_FACE('',(#4912),#4930,.T.);
#4912 = FACE_BOUND('',#4913,.T.);
#4913 = EDGE_LOOP('',(#4914,#4922,#4923,#4924));
#4914 = ORIENTED_EDGE('',*,*,#4915,.F.);
#4915 = EDGE_CURVE('',#3474,#4916,#4918,.T.);
#4916 = VERTEX_POINT('',#4917);
#4917 = CARTESIAN_POINT('',(-3.825,-0.255,0.37));
#4918 = LINE('',#4919,#4920);
#4919 = CARTESIAN_POINT('',(-3.825,0.235,0.37));
#4920 = VECTOR('',#4921,1.);
#4921 = DIRECTION('',(0.,-1.,0.));
#4922 = ORIENTED_EDGE('',*,*,#3481,.F.);
#4923 = ORIENTED_EDGE('',*,*,#4900,.T.);
#4924 = ORIENTED_EDGE('',*,*,#4925,.F.);
#4925 = EDGE_CURVE('',#4916,#4893,#4926,.T.);
#4926 = LINE('',#4927,#4928);
#4927 = CARTESIAN_POINT('',(-3.825,-0.255,0.37));
#4928 = VECTOR('',#4929,1.);
#4929 = DIRECTION('',(1.,0.,0.));
#4930 = PLANE('',#4931);
#4931 = AXIS2_PLACEMENT_3D('',#4932,#4933,#4934);
#4932 = CARTESIAN_POINT('',(-3.825,0.235,0.37));
#4933 = DIRECTION('',(0.,0.,-1.));
#4934 = DIRECTION('',(0.,-1.,0.));
#4935 = ADVANCED_FACE('',(#4936),#4997,.T.);
#4936 = FACE_BOUND('',#4937,.T.);
#4937 = EDGE_LOOP('',(#4938,#4948,#4956,#4962,#4963,#4964,#4965,#4973,
    #4981,#4987,#4988,#4989,#4990,#4991));
#4938 = ORIENTED_EDGE('',*,*,#4939,.T.);
#4939 = EDGE_CURVE('',#4940,#4942,#4944,.T.);
#4940 = VERTEX_POINT('',#4941);
#4941 = CARTESIAN_POINT('',(-3.825,-0.255,-1.665334536938E-16));
#4942 = VERTEX_POINT('',#4943);
#4943 = CARTESIAN_POINT('',(-3.825,-2.475,0.));
#4944 = LINE('',#4945,#4946);
#4945 = CARTESIAN_POINT('',(-3.825,-0.255,-1.665334536938E-16));
#4946 = VECTOR('',#4947,1.);
#4947 = DIRECTION('',(0.,-1.,7.501506923143E-17));
#4948 = ORIENTED_EDGE('',*,*,#4949,.T.);
#4949 = EDGE_CURVE('',#4942,#4950,#4952,.T.);
#4950 = VERTEX_POINT('',#4951);
#4951 = CARTESIAN_POINT('',(-3.825,-2.475,2.05));
#4952 = LINE('',#4953,#4954);
#4953 = CARTESIAN_POINT('',(-3.825,-2.475,0.));
#4954 = VECTOR('',#4955,1.);
#4955 = DIRECTION('',(0.,0.,1.));
#4956 = ORIENTED_EDGE('',*,*,#4957,.T.);
#4957 = EDGE_CURVE('',#4950,#3611,#4958,.T.);
#4958 = LINE('',#4959,#4960);
#4959 = CARTESIAN_POINT('',(-3.825,-2.475,2.05));
#4960 = VECTOR('',#4961,1.);
#4961 = DIRECTION('',(0.,1.,0.));
#4962 = ORIENTED_EDGE('',*,*,#3610,.T.);
#4963 = ORIENTED_EDGE('',*,*,#3593,.F.);
#4964 = ORIENTED_EDGE('',*,*,#3537,.F.);
#4965 = ORIENTED_EDGE('',*,*,#4966,.T.);
#4966 = EDGE_CURVE('',#3538,#4967,#4969,.T.);
#4967 = VERTEX_POINT('',#4968);
#4968 = CARTESIAN_POINT('',(-3.825,-1.825,1.51));
#4969 = LINE('',#4970,#4971);
#4970 = CARTESIAN_POINT('',(-3.825,-0.275,1.51));
#4971 = VECTOR('',#4972,1.);
#4972 = DIRECTION('',(0.,-1.,0.));
#4973 = ORIENTED_EDGE('',*,*,#4974,.T.);
#4974 = EDGE_CURVE('',#4967,#4975,#4977,.T.);
#4975 = VERTEX_POINT('',#4976);
#4976 = CARTESIAN_POINT('',(-3.825,-1.825,0.8));
#4977 = LINE('',#4978,#4979);
#4978 = CARTESIAN_POINT('',(-3.825,-1.825,1.51));
#4979 = VECTOR('',#4980,1.);
#4980 = DIRECTION('',(0.,0.,-1.));
#4981 = ORIENTED_EDGE('',*,*,#4982,.T.);
#4982 = EDGE_CURVE('',#4975,#3562,#4983,.T.);
#4983 = LINE('',#4984,#4985);
#4984 = CARTESIAN_POINT('',(-3.825,-1.825,0.8));
#4985 = VECTOR('',#4986,1.);
#4986 = DIRECTION('',(0.,1.,0.));
#4987 = ORIENTED_EDGE('',*,*,#3569,.F.);
#4988 = ORIENTED_EDGE('',*,*,#3513,.F.);
#4989 = ORIENTED_EDGE('',*,*,#3473,.F.);
#4990 = ORIENTED_EDGE('',*,*,#4915,.T.);
#4991 = ORIENTED_EDGE('',*,*,#4992,.T.);
#4992 = EDGE_CURVE('',#4916,#4940,#4993,.T.);
#4993 = LINE('',#4994,#4995);
#4994 = CARTESIAN_POINT('',(-3.825,-0.255,0.37));
#4995 = VECTOR('',#4996,1.);
#4996 = DIRECTION('',(0.,0.,-1.));
#4997 = PLANE('',#4998);
#4998 = AXIS2_PLACEMENT_3D('',#4999,#5000,#5001);
#4999 = CARTESIAN_POINT('',(-3.825,-1.254889064976,1.020784469097));
#5000 = DIRECTION('',(-1.,-0.,-0.));
#5001 = DIRECTION('',(0.,0.,-1.));
#5002 = ADVANCED_FACE('',(#5003),#5021,.T.);
#5003 = FACE_BOUND('',#5004,.T.);
#5004 = EDGE_LOOP('',(#5005,#5006,#5014,#5020));
#5005 = ORIENTED_EDGE('',*,*,#4982,.F.);
#5006 = ORIENTED_EDGE('',*,*,#5007,.T.);
#5007 = EDGE_CURVE('',#4975,#5008,#5010,.T.);
#5008 = VERTEX_POINT('',#5009);
#5009 = CARTESIAN_POINT('',(-3.625,-1.825,0.8));
#5010 = LINE('',#5011,#5012);
#5011 = CARTESIAN_POINT('',(-3.825,-1.825,0.8));
#5012 = VECTOR('',#5013,1.);
#5013 = DIRECTION('',(1.,0.,0.));
#5014 = ORIENTED_EDGE('',*,*,#5015,.T.);
#5015 = EDGE_CURVE('',#5008,#3554,#5016,.T.);
#5016 = LINE('',#5017,#5018);
#5017 = CARTESIAN_POINT('',(-3.625,-1.825,0.8));
#5018 = VECTOR('',#5019,1.);
#5019 = DIRECTION('',(0.,1.,0.));
#5020 = ORIENTED_EDGE('',*,*,#3561,.F.);
#5021 = PLANE('',#5022);
#5022 = AXIS2_PLACEMENT_3D('',#5023,#5024,#5025);
#5023 = CARTESIAN_POINT('',(-3.825,-1.825,0.8));
#5024 = DIRECTION('',(0.,0.,1.));
#5025 = DIRECTION('',(0.,1.,0.));
#5026 = ADVANCED_FACE('',(#5027),#5045,.T.);
#5027 = FACE_BOUND('',#5028,.T.);
#5028 = EDGE_LOOP('',(#5029,#5037,#5038,#5039));
#5029 = ORIENTED_EDGE('',*,*,#5030,.F.);
#5030 = EDGE_CURVE('',#3546,#5031,#5033,.T.);
#5031 = VERTEX_POINT('',#5032);
#5032 = CARTESIAN_POINT('',(-3.625,-1.825,1.51));
#5033 = LINE('',#5034,#5035);
#5034 = CARTESIAN_POINT('',(-3.625,-0.275,1.51));
#5035 = VECTOR('',#5036,1.);
#5036 = DIRECTION('',(0.,-1.,0.));
#5037 = ORIENTED_EDGE('',*,*,#3553,.T.);
#5038 = ORIENTED_EDGE('',*,*,#5015,.F.);
#5039 = ORIENTED_EDGE('',*,*,#5040,.F.);
#5040 = EDGE_CURVE('',#5031,#5008,#5041,.T.);
#5041 = LINE('',#5042,#5043);
#5042 = CARTESIAN_POINT('',(-3.625,-1.825,1.51));
#5043 = VECTOR('',#5044,1.);
#5044 = DIRECTION('',(0.,0.,-1.));
#5045 = PLANE('',#5046);
#5046 = AXIS2_PLACEMENT_3D('',#5047,#5048,#5049);
#5047 = CARTESIAN_POINT('',(-3.625,-1.602142857143,0.712857142857));
#5048 = DIRECTION('',(-1.,1.11927691467E-30,1.146375123746E-30));
#5049 = DIRECTION('',(-1.146375123746E-30,-2.22044604925E-16,-1.));
#5050 = ADVANCED_FACE('',(#5051),#5062,.T.);
#5051 = FACE_BOUND('',#5052,.T.);
#5052 = EDGE_LOOP('',(#5053,#5054,#5055,#5056));
#5053 = ORIENTED_EDGE('',*,*,#4966,.F.);
#5054 = ORIENTED_EDGE('',*,*,#3545,.F.);
#5055 = ORIENTED_EDGE('',*,*,#5030,.T.);
#5056 = ORIENTED_EDGE('',*,*,#5057,.F.);
#5057 = EDGE_CURVE('',#4967,#5031,#5058,.T.);
#5058 = LINE('',#5059,#5060);
#5059 = CARTESIAN_POINT('',(-3.825,-1.825,1.51));
#5060 = VECTOR('',#5061,1.);
#5061 = DIRECTION('',(1.,0.,0.));
#5062 = PLANE('',#5063);
#5063 = AXIS2_PLACEMENT_3D('',#5064,#5065,#5066);
#5064 = CARTESIAN_POINT('',(-3.825,-0.275,1.51));
#5065 = DIRECTION('',(0.,0.,-1.));
#5066 = DIRECTION('',(0.,-1.,0.));
#5067 = ADVANCED_FACE('',(#5068),#5086,.F.);
#5068 = FACE_BOUND('',#5069,.F.);
#5069 = EDGE_LOOP('',(#5070,#5078,#5079,#5080));
#5070 = ORIENTED_EDGE('',*,*,#5071,.T.);
#5071 = EDGE_CURVE('',#5072,#3682,#5074,.T.);
#5072 = VERTEX_POINT('',#5073);
#5073 = CARTESIAN_POINT('',(3.825,-1.82,1.945));
#5074 = LINE('',#5075,#5076);
#5075 = CARTESIAN_POINT('',(3.825,-1.862444532488,1.945));
#5076 = VECTOR('',#5077,1.);
#5077 = DIRECTION('',(0.,-1.,2.22044604925E-16));
#5078 = ORIENTED_EDGE('',*,*,#3689,.T.);
#5079 = ORIENTED_EDGE('',*,*,#4771,.T.);
#5080 = ORIENTED_EDGE('',*,*,#5081,.F.);
#5081 = EDGE_CURVE('',#5072,#4772,#5082,.T.);
#5082 = LINE('',#5083,#5084);
#5083 = CARTESIAN_POINT('',(3.625,-1.82,1.945));
#5084 = VECTOR('',#5085,1.);
#5085 = DIRECTION('',(1.,0.,0.));
#5086 = PLANE('',#5087);
#5087 = AXIS2_PLACEMENT_3D('',#5088,#5089,#5090);
#5088 = CARTESIAN_POINT('',(3.625,-2.47,1.945));
#5089 = DIRECTION('',(0.,2.22044604925E-16,1.));
#5090 = DIRECTION('',(0.,1.,-2.22044604925E-16));
#5091 = ADVANCED_FACE('',(#5092),#5181,.F.);
#5092 = FACE_BOUND('',#5093,.F.);
#5093 = EDGE_LOOP('',(#5094,#5104,#5112,#5118,#5119,#5120,#5128,#5136,
    #5144,#5152,#5160,#5166,#5167,#5175));
#5094 = ORIENTED_EDGE('',*,*,#5095,.T.);
#5095 = EDGE_CURVE('',#5096,#5098,#5100,.T.);
#5096 = VERTEX_POINT('',#5097);
#5097 = CARTESIAN_POINT('',(3.825,-0.255,-1.665334536938E-16));
#5098 = VERTEX_POINT('',#5099);
#5099 = CARTESIAN_POINT('',(3.825,-2.475,0.));
#5100 = LINE('',#5101,#5102);
#5101 = CARTESIAN_POINT('',(3.825,-0.255,-1.665334536938E-16));
#5102 = VECTOR('',#5103,1.);
#5103 = DIRECTION('',(0.,-1.,7.501506923143E-17));
#5104 = ORIENTED_EDGE('',*,*,#5105,.T.);
#5105 = EDGE_CURVE('',#5098,#5106,#5108,.T.);
#5106 = VERTEX_POINT('',#5107);
#5107 = CARTESIAN_POINT('',(3.825,-2.475,2.05));
#5108 = LINE('',#5109,#5110);
#5109 = CARTESIAN_POINT('',(3.825,-2.475,0.));
#5110 = VECTOR('',#5111,1.);
#5111 = DIRECTION('',(0.,0.,1.));
#5112 = ORIENTED_EDGE('',*,*,#5113,.T.);
#5113 = EDGE_CURVE('',#5106,#3674,#5114,.T.);
#5114 = LINE('',#5115,#5116);
#5115 = CARTESIAN_POINT('',(3.825,-2.475,2.05));
#5116 = VECTOR('',#5117,1.);
#5117 = DIRECTION('',(0.,1.,0.));
#5118 = ORIENTED_EDGE('',*,*,#3681,.T.);
#5119 = ORIENTED_EDGE('',*,*,#5071,.F.);
#5120 = ORIENTED_EDGE('',*,*,#5121,.F.);
#5121 = EDGE_CURVE('',#5122,#5072,#5124,.T.);
#5122 = VERTEX_POINT('',#5123);
#5123 = CARTESIAN_POINT('',(3.825,-1.82,1.51));
#5124 = LINE('',#5125,#5126);
#5125 = CARTESIAN_POINT('',(3.825,-1.82,1.482892234548));
#5126 = VECTOR('',#5127,1.);
#5127 = DIRECTION('',(0.,2.22044604925E-16,1.));
#5128 = ORIENTED_EDGE('',*,*,#5129,.T.);
#5129 = EDGE_CURVE('',#5122,#5130,#5132,.T.);
#5130 = VERTEX_POINT('',#5131);
#5131 = CARTESIAN_POINT('',(3.825,-1.825,1.51));
#5132 = LINE('',#5133,#5134);
#5133 = CARTESIAN_POINT('',(3.825,-0.275,1.51));
#5134 = VECTOR('',#5135,1.);
#5135 = DIRECTION('',(0.,-1.,0.));
#5136 = ORIENTED_EDGE('',*,*,#5137,.T.);
#5137 = EDGE_CURVE('',#5130,#5138,#5140,.T.);
#5138 = VERTEX_POINT('',#5139);
#5139 = CARTESIAN_POINT('',(3.825,-1.825,0.8));
#5140 = LINE('',#5141,#5142);
#5141 = CARTESIAN_POINT('',(3.825,-1.825,1.51));
#5142 = VECTOR('',#5143,1.);
#5143 = DIRECTION('',(0.,0.,-1.));
#5144 = ORIENTED_EDGE('',*,*,#5145,.T.);
#5145 = EDGE_CURVE('',#5138,#5146,#5148,.T.);
#5146 = VERTEX_POINT('',#5147);
#5147 = CARTESIAN_POINT('',(3.825,-1.82,0.8));
#5148 = LINE('',#5149,#5150);
#5149 = CARTESIAN_POINT('',(3.825,-1.825,0.8));
#5150 = VECTOR('',#5151,1.);
#5151 = DIRECTION('',(0.,1.,0.));
#5152 = ORIENTED_EDGE('',*,*,#5153,.F.);
#5153 = EDGE_CURVE('',#5154,#5146,#5156,.T.);
#5154 = VERTEX_POINT('',#5155);
#5155 = CARTESIAN_POINT('',(3.825,-1.82,0.595));
#5156 = LINE('',#5157,#5158);
#5157 = CARTESIAN_POINT('',(3.825,-1.82,1.482892234548));
#5158 = VECTOR('',#5159,1.);
#5159 = DIRECTION('',(0.,2.22044604925E-16,1.));
#5160 = ORIENTED_EDGE('',*,*,#5161,.F.);
#5161 = EDGE_CURVE('',#4812,#5154,#5162,.T.);
#5162 = LINE('',#5163,#5164);
#5163 = CARTESIAN_POINT('',(3.825,-1.537444532488,0.595));
#5164 = VECTOR('',#5165,1.);
#5165 = DIRECTION('',(0.,-1.,2.22044604925E-16));
#5166 = ORIENTED_EDGE('',*,*,#4809,.F.);
#5167 = ORIENTED_EDGE('',*,*,#5168,.T.);
#5168 = EDGE_CURVE('',#4810,#5169,#5171,.T.);
#5169 = VERTEX_POINT('',#5170);
#5170 = CARTESIAN_POINT('',(3.825,-0.255,0.37));
#5171 = LINE('',#5172,#5173);
#5172 = CARTESIAN_POINT('',(3.825,0.235,0.37));
#5173 = VECTOR('',#5174,1.);
#5174 = DIRECTION('',(0.,-1.,0.));
#5175 = ORIENTED_EDGE('',*,*,#5176,.T.);
#5176 = EDGE_CURVE('',#5169,#5096,#5177,.T.);
#5177 = LINE('',#5178,#5179);
#5178 = CARTESIAN_POINT('',(3.825,-0.255,0.37));
#5179 = VECTOR('',#5180,1.);
#5180 = DIRECTION('',(0.,0.,-1.));
#5181 = PLANE('',#5182);
#5182 = AXIS2_PLACEMENT_3D('',#5183,#5184,#5185);
#5183 = CARTESIAN_POINT('',(3.825,-1.254889064976,1.020784469097));
#5184 = DIRECTION('',(-1.,-0.,-0.));
#5185 = DIRECTION('',(0.,0.,-1.));
#5186 = ADVANCED_FACE('',(#5187),#5205,.T.);
#5187 = FACE_BOUND('',#5188,.T.);
#5188 = EDGE_LOOP('',(#5189,#5197,#5203,#5204));
#5189 = ORIENTED_EDGE('',*,*,#5190,.F.);
#5190 = EDGE_CURVE('',#5191,#3666,#5193,.T.);
#5191 = VERTEX_POINT('',#5192);
#5192 = CARTESIAN_POINT('',(3.625,-2.475,2.05));
#5193 = LINE('',#5194,#5195);
#5194 = CARTESIAN_POINT('',(3.625,-2.475,2.05));
#5195 = VECTOR('',#5196,1.);
#5196 = DIRECTION('',(0.,1.,0.));
#5197 = ORIENTED_EDGE('',*,*,#5198,.T.);
#5198 = EDGE_CURVE('',#5191,#5106,#5199,.T.);
#5199 = LINE('',#5200,#5201);
#5200 = CARTESIAN_POINT('',(3.625,-2.475,2.05));
#5201 = VECTOR('',#5202,1.);
#5202 = DIRECTION('',(1.,0.,0.));
#5203 = ORIENTED_EDGE('',*,*,#5113,.T.);
#5204 = ORIENTED_EDGE('',*,*,#3673,.T.);
#5205 = PLANE('',#5206);
#5206 = AXIS2_PLACEMENT_3D('',#5207,#5208,#5209);
#5207 = CARTESIAN_POINT('',(3.625,-2.475,2.05));
#5208 = DIRECTION('',(0.,0.,1.));
#5209 = DIRECTION('',(0.,1.,0.));
#5210 = ADVANCED_FACE('',(#5211),#5230,.T.);
#5211 = FACE_BOUND('',#5212,.T.);
#5212 = EDGE_LOOP('',(#5213,#5221,#5227,#5228,#5229));
#5213 = ORIENTED_EDGE('',*,*,#5214,.T.);
#5214 = EDGE_CURVE('',#3650,#5215,#5217,.T.);
#5215 = VERTEX_POINT('',#5216);
#5216 = CARTESIAN_POINT('',(3.625,-2.475,0.));
#5217 = LINE('',#5218,#5219);
#5218 = CARTESIAN_POINT('',(3.625,-0.255,-1.665334536938E-16));
#5219 = VECTOR('',#5220,1.);
#5220 = DIRECTION('',(0.,-1.,7.501506923143E-17));
#5221 = ORIENTED_EDGE('',*,*,#5222,.T.);
#5222 = EDGE_CURVE('',#5215,#5191,#5223,.T.);
#5223 = LINE('',#5224,#5225);
#5224 = CARTESIAN_POINT('',(3.625,-2.475,0.));
#5225 = VECTOR('',#5226,1.);
#5226 = DIRECTION('',(0.,0.,1.));
#5227 = ORIENTED_EDGE('',*,*,#5190,.T.);
#5228 = ORIENTED_EDGE('',*,*,#3665,.T.);
#5229 = ORIENTED_EDGE('',*,*,#3657,.F.);
#5230 = PLANE('',#5231);
#5231 = AXIS2_PLACEMENT_3D('',#5232,#5233,#5234);
#5232 = CARTESIAN_POINT('',(3.625,-1.254889064976,1.020784469097));
#5233 = DIRECTION('',(-1.,-0.,-0.));
#5234 = DIRECTION('',(0.,0.,-1.));
#5235 = ADVANCED_FACE('',(#5236),#5262,.F.);
#5236 = FACE_BOUND('',#5237,.F.);
#5237 = EDGE_LOOP('',(#5238,#5246,#5254,#5260,#5261));
#5238 = ORIENTED_EDGE('',*,*,#5239,.T.);
#5239 = EDGE_CURVE('',#3635,#5240,#5242,.T.);
#5240 = VERTEX_POINT('',#5241);
#5241 = CARTESIAN_POINT('',(-3.625,-2.475,0.));
#5242 = LINE('',#5243,#5244);
#5243 = CARTESIAN_POINT('',(-3.625,-0.255,-1.665334536938E-16));
#5244 = VECTOR('',#5245,1.);
#5245 = DIRECTION('',(0.,-1.,7.501506923143E-17));
#5246 = ORIENTED_EDGE('',*,*,#5247,.T.);
#5247 = EDGE_CURVE('',#5240,#5248,#5250,.T.);
#5248 = VERTEX_POINT('',#5249);
#5249 = CARTESIAN_POINT('',(-3.625,-2.475,2.05));
#5250 = LINE('',#5251,#5252);
#5251 = CARTESIAN_POINT('',(-3.625,-2.475,0.));
#5252 = VECTOR('',#5253,1.);
#5253 = DIRECTION('',(0.,0.,1.));
#5254 = ORIENTED_EDGE('',*,*,#5255,.T.);
#5255 = EDGE_CURVE('',#5248,#3619,#5256,.T.);
#5256 = LINE('',#5257,#5258);
#5257 = CARTESIAN_POINT('',(-3.625,-2.475,2.05));
#5258 = VECTOR('',#5259,1.);
#5259 = DIRECTION('',(0.,1.,0.));
#5260 = ORIENTED_EDGE('',*,*,#3626,.T.);
#5261 = ORIENTED_EDGE('',*,*,#3634,.F.);
#5262 = PLANE('',#5263);
#5263 = AXIS2_PLACEMENT_3D('',#5264,#5265,#5266);
#5264 = CARTESIAN_POINT('',(-3.625,-1.254889064976,1.020784469097));
#5265 = DIRECTION('',(-1.,-0.,-0.));
#5266 = DIRECTION('',(0.,0.,-1.));
#5267 = ADVANCED_FACE('',(#5268),#5279,.T.);
#5268 = FACE_BOUND('',#5269,.T.);
#5269 = EDGE_LOOP('',(#5270,#5271,#5277,#5278));
#5270 = ORIENTED_EDGE('',*,*,#4957,.F.);
#5271 = ORIENTED_EDGE('',*,*,#5272,.T.);
#5272 = EDGE_CURVE('',#4950,#5248,#5273,.T.);
#5273 = LINE('',#5274,#5275);
#5274 = CARTESIAN_POINT('',(-3.825,-2.475,2.05));
#5275 = VECTOR('',#5276,1.);
#5276 = DIRECTION('',(1.,0.,0.));
#5277 = ORIENTED_EDGE('',*,*,#5255,.T.);
#5278 = ORIENTED_EDGE('',*,*,#3618,.T.);
#5279 = PLANE('',#5280);
#5280 = AXIS2_PLACEMENT_3D('',#5281,#5282,#5283);
#5281 = CARTESIAN_POINT('',(-3.825,-2.475,2.05));
#5282 = DIRECTION('',(0.,0.,1.));
#5283 = DIRECTION('',(0.,1.,0.));
#5284 = ADVANCED_FACE('',(#5285),#5301,.T.);
#5285 = FACE_BOUND('',#5286,.T.);
#5286 = EDGE_LOOP('',(#5287,#5293,#5294,#5300));
#5287 = ORIENTED_EDGE('',*,*,#5288,.F.);
#5288 = EDGE_CURVE('',#4337,#3714,#5289,.T.);
#5289 = LINE('',#5290,#5291);
#5290 = CARTESIAN_POINT('',(-2.225,1.58,2.44));
#5291 = VECTOR('',#5292,1.);
#5292 = DIRECTION('',(0.,-1.,2.22044604925E-16));
#5293 = ORIENTED_EDGE('',*,*,#4336,.T.);
#5294 = ORIENTED_EDGE('',*,*,#5295,.T.);
#5295 = EDGE_CURVE('',#4339,#3716,#5296,.T.);
#5296 = LINE('',#5297,#5298);
#5297 = CARTESIAN_POINT('',(-2.225,1.58,3.84));
#5298 = VECTOR('',#5299,1.);
#5299 = DIRECTION('',(0.,-1.,2.22044604925E-16));
#5300 = ORIENTED_EDGE('',*,*,#3713,.F.);
#5301 = PLANE('',#5302);
#5302 = AXIS2_PLACEMENT_3D('',#5303,#5304,#5305);
#5303 = CARTESIAN_POINT('',(-2.225,1.58,2.44));
#5304 = DIRECTION('',(1.,0.,0.));
#5305 = DIRECTION('',(0.,-1.,2.22044604925E-16));
#5306 = ADVANCED_FACE('',(#5307),#5318,.F.);
#5307 = FACE_BOUND('',#5308,.F.);
#5308 = EDGE_LOOP('',(#5309,#5310,#5311,#5312));
#5309 = ORIENTED_EDGE('',*,*,#4346,.F.);
#5310 = ORIENTED_EDGE('',*,*,#5295,.T.);
#5311 = ORIENTED_EDGE('',*,*,#3723,.T.);
#5312 = ORIENTED_EDGE('',*,*,#5313,.F.);
#5313 = EDGE_CURVE('',#4347,#3724,#5314,.T.);
#5314 = LINE('',#5315,#5316);
#5315 = CARTESIAN_POINT('',(2.225,1.58,3.84));
#5316 = VECTOR('',#5317,1.);
#5317 = DIRECTION('',(0.,-1.,2.22044604925E-16));
#5318 = PLANE('',#5319);
#5319 = AXIS2_PLACEMENT_3D('',#5320,#5321,#5322);
#5320 = CARTESIAN_POINT('',(-2.225,1.58,3.84));
#5321 = DIRECTION('',(0.,2.22044604925E-16,1.));
#5322 = DIRECTION('',(0.,-1.,2.22044604925E-16));
#5323 = ADVANCED_FACE('',(#5324,#5335),#5369,.T.);
#5324 = FACE_BOUND('',#5325,.T.);
#5325 = EDGE_LOOP('',(#5326,#5327,#5328,#5329));
#5326 = ORIENTED_EDGE('',*,*,#4362,.F.);
#5327 = ORIENTED_EDGE('',*,*,#5288,.T.);
#5328 = ORIENTED_EDGE('',*,*,#3739,.T.);
#5329 = ORIENTED_EDGE('',*,*,#5330,.F.);
#5330 = EDGE_CURVE('',#4355,#3732,#5331,.T.);
#5331 = LINE('',#5332,#5333);
#5332 = CARTESIAN_POINT('',(2.225,1.58,2.44));
#5333 = VECTOR('',#5334,1.);
#5334 = DIRECTION('',(0.,-1.,2.22044604925E-16));
#5335 = FACE_BOUND('',#5336,.T.);
#5336 = EDGE_LOOP('',(#5337,#5347,#5355,#5363));
#5337 = ORIENTED_EDGE('',*,*,#5338,.T.);
#5338 = EDGE_CURVE('',#5339,#5341,#5343,.T.);
#5339 = VERTEX_POINT('',#5340);
#5340 = CARTESIAN_POINT('',(-1.225,-1.67,2.44));
#5341 = VERTEX_POINT('',#5342);
#5342 = CARTESIAN_POINT('',(-1.225,-0.67,2.44));
#5343 = LINE('',#5344,#5345);
#5344 = CARTESIAN_POINT('',(-1.225,-1.67,2.44));
#5345 = VECTOR('',#5346,1.);
#5346 = DIRECTION('',(0.,1.,-1.665334536938E-16));
#5347 = ORIENTED_EDGE('',*,*,#5348,.T.);
#5348 = EDGE_CURVE('',#5341,#5349,#5351,.T.);
#5349 = VERTEX_POINT('',#5350);
#5350 = CARTESIAN_POINT('',(1.225,-0.67,2.44));
#5351 = LINE('',#5352,#5353);
#5352 = CARTESIAN_POINT('',(-1.225,-0.67,2.44));
#5353 = VECTOR('',#5354,1.);
#5354 = DIRECTION('',(1.,0.,0.));
#5355 = ORIENTED_EDGE('',*,*,#5356,.F.);
#5356 = EDGE_CURVE('',#5357,#5349,#5359,.T.);
#5357 = VERTEX_POINT('',#5358);
#5358 = CARTESIAN_POINT('',(1.225,-1.67,2.44));
#5359 = LINE('',#5360,#5361);
#5360 = CARTESIAN_POINT('',(1.225,-1.67,2.44));
#5361 = VECTOR('',#5362,1.);
#5362 = DIRECTION('',(0.,1.,-1.665334536938E-16));
#5363 = ORIENTED_EDGE('',*,*,#5364,.F.);
#5364 = EDGE_CURVE('',#5339,#5357,#5365,.T.);
#5365 = LINE('',#5366,#5367);
#5366 = CARTESIAN_POINT('',(-1.225,-1.67,2.44));
#5367 = VECTOR('',#5368,1.);
#5368 = DIRECTION('',(1.,0.,0.));
#5369 = PLANE('',#5370);
#5370 = AXIS2_PLACEMENT_3D('',#5371,#5372,#5373);
#5371 = CARTESIAN_POINT('',(-2.225,1.58,2.44));
#5372 = DIRECTION('',(0.,2.22044604925E-16,1.));
#5373 = DIRECTION('',(0.,-1.,2.22044604925E-16));
#5374 = ADVANCED_FACE('',(#5375),#5381,.F.);
#5375 = FACE_BOUND('',#5376,.F.);
#5376 = EDGE_LOOP('',(#5377,#5378,#5379,#5380));
#5377 = ORIENTED_EDGE('',*,*,#5330,.F.);
#5378 = ORIENTED_EDGE('',*,*,#4354,.T.);
#5379 = ORIENTED_EDGE('',*,*,#5313,.T.);
#5380 = ORIENTED_EDGE('',*,*,#3731,.F.);
#5381 = PLANE('',#5382);
#5382 = AXIS2_PLACEMENT_3D('',#5383,#5384,#5385);
#5383 = CARTESIAN_POINT('',(2.225,1.58,2.44));
#5384 = DIRECTION('',(1.,0.,0.));
#5385 = DIRECTION('',(0.,-1.,2.22044604925E-16));
#5386 = ADVANCED_FACE('',(#5387),#5412,.F.);
#5387 = FACE_BOUND('',#5388,.F.);
#5388 = EDGE_LOOP('',(#5389,#5397,#5405,#5411));
#5389 = ORIENTED_EDGE('',*,*,#5390,.T.);
#5390 = EDGE_CURVE('',#3748,#5391,#5393,.T.);
#5391 = VERTEX_POINT('',#5392);
#5392 = CARTESIAN_POINT('',(3.125,0.13,0.595));
#5393 = LINE('',#5394,#5395);
#5394 = CARTESIAN_POINT('',(3.125,-2.47,0.595));
#5395 = VECTOR('',#5396,1.);
#5396 = DIRECTION('',(-0.,1.,-2.22044604925E-16));
#5397 = ORIENTED_EDGE('',*,*,#5398,.T.);
#5398 = EDGE_CURVE('',#5391,#5399,#5401,.T.);
#5399 = VERTEX_POINT('',#5400);
#5400 = CARTESIAN_POINT('',(3.125,0.13,2.645));
#5401 = LINE('',#5402,#5403);
#5402 = CARTESIAN_POINT('',(3.125,0.13,0.595));
#5403 = VECTOR('',#5404,1.);
#5404 = DIRECTION('',(0.,2.22044604925E-16,1.));
#5405 = ORIENTED_EDGE('',*,*,#5406,.F.);
#5406 = EDGE_CURVE('',#3750,#5399,#5407,.T.);
#5407 = LINE('',#5408,#5409);
#5408 = CARTESIAN_POINT('',(3.125,-2.47,2.645));
#5409 = VECTOR('',#5410,1.);
#5410 = DIRECTION('',(-0.,1.,-2.22044604925E-16));
#5411 = ORIENTED_EDGE('',*,*,#3747,.F.);
#5412 = PLANE('',#5413);
#5413 = AXIS2_PLACEMENT_3D('',#5414,#5415,#5416);
#5414 = CARTESIAN_POINT('',(3.125,-2.47,0.595));
#5415 = DIRECTION('',(1.,0.,0.));
#5416 = DIRECTION('',(-0.,2.22044604925E-16,1.));
#5417 = ADVANCED_FACE('',(#5418),#5436,.F.);
#5418 = FACE_BOUND('',#5419,.F.);
#5419 = EDGE_LOOP('',(#5420,#5428,#5434,#5435));
#5420 = ORIENTED_EDGE('',*,*,#5421,.T.);
#5421 = EDGE_CURVE('',#3758,#5422,#5424,.T.);
#5422 = VERTEX_POINT('',#5423);
#5423 = CARTESIAN_POINT('',(-3.125,0.13,0.595));
#5424 = LINE('',#5425,#5426);
#5425 = CARTESIAN_POINT('',(-3.125,-2.47,0.595));
#5426 = VECTOR('',#5427,1.);
#5427 = DIRECTION('',(-0.,1.,-2.22044604925E-16));
#5428 = ORIENTED_EDGE('',*,*,#5429,.T.);
#5429 = EDGE_CURVE('',#5422,#5391,#5430,.T.);
#5430 = LINE('',#5431,#5432);
#5431 = CARTESIAN_POINT('',(-3.125,0.13,0.595));
#5432 = VECTOR('',#5433,1.);
#5433 = DIRECTION('',(1.,0.,0.));
#5434 = ORIENTED_EDGE('',*,*,#5390,.F.);
#5435 = ORIENTED_EDGE('',*,*,#3757,.F.);
#5436 = PLANE('',#5437);
#5437 = AXIS2_PLACEMENT_3D('',#5438,#5439,#5440);
#5438 = CARTESIAN_POINT('',(-3.125,-2.47,0.595));
#5439 = DIRECTION('',(0.,-2.22044604925E-16,-1.));
#5440 = DIRECTION('',(1.,0.,0.));
#5441 = ADVANCED_FACE('',(#5442),#5460,.F.);
#5442 = FACE_BOUND('',#5443,.F.);
#5443 = EDGE_LOOP('',(#5444,#5445,#5453,#5459));
#5444 = ORIENTED_EDGE('',*,*,#5406,.T.);
#5445 = ORIENTED_EDGE('',*,*,#5446,.T.);
#5446 = EDGE_CURVE('',#5399,#5447,#5449,.T.);
#5447 = VERTEX_POINT('',#5448);
#5448 = CARTESIAN_POINT('',(2.625,0.13,2.645));
#5449 = LINE('',#5450,#5451);
#5450 = CARTESIAN_POINT('',(3.125,0.13,2.645));
#5451 = VECTOR('',#5452,1.);
#5452 = DIRECTION('',(-1.,0.,0.));
#5453 = ORIENTED_EDGE('',*,*,#5454,.F.);
#5454 = EDGE_CURVE('',#4054,#5447,#5455,.T.);
#5455 = LINE('',#5456,#5457);
#5456 = CARTESIAN_POINT('',(2.625,-2.47,2.645));
#5457 = VECTOR('',#5458,1.);
#5458 = DIRECTION('',(-0.,1.,-2.22044604925E-16));
#5459 = ORIENTED_EDGE('',*,*,#4061,.F.);
#5460 = PLANE('',#5461);
#5461 = AXIS2_PLACEMENT_3D('',#5462,#5463,#5464);
#5462 = CARTESIAN_POINT('',(3.125,-2.47,2.645));
#5463 = DIRECTION('',(0.,2.22044604925E-16,1.));
#5464 = DIRECTION('',(-1.,0.,0.));
#5465 = ADVANCED_FACE('',(#5466),#5484,.F.);
#5466 = FACE_BOUND('',#5467,.F.);
#5467 = EDGE_LOOP('',(#5468,#5476,#5482,#5483));
#5468 = ORIENTED_EDGE('',*,*,#5469,.T.);
#5469 = EDGE_CURVE('',#3766,#5470,#5472,.T.);
#5470 = VERTEX_POINT('',#5471);
#5471 = CARTESIAN_POINT('',(-3.125,0.13,2.645));
#5472 = LINE('',#5473,#5474);
#5473 = CARTESIAN_POINT('',(-3.125,-2.47,2.645));
#5474 = VECTOR('',#5475,1.);
#5475 = DIRECTION('',(-0.,1.,-2.22044604925E-16));
#5476 = ORIENTED_EDGE('',*,*,#5477,.T.);
#5477 = EDGE_CURVE('',#5470,#5422,#5478,.T.);
#5478 = LINE('',#5479,#5480);
#5479 = CARTESIAN_POINT('',(-3.125,0.13,2.645));
#5480 = VECTOR('',#5481,1.);
#5481 = DIRECTION('',(0.,-2.22044604925E-16,-1.));
#5482 = ORIENTED_EDGE('',*,*,#5421,.F.);
#5483 = ORIENTED_EDGE('',*,*,#3765,.F.);
#5484 = PLANE('',#5485);
#5485 = AXIS2_PLACEMENT_3D('',#5486,#5487,#5488);
#5486 = CARTESIAN_POINT('',(-3.125,-2.47,2.645));
#5487 = DIRECTION('',(-1.,0.,0.));
#5488 = DIRECTION('',(-0.,-2.22044604925E-16,-1.));
#5489 = ADVANCED_FACE('',(#5490),#5508,.F.);
#5490 = FACE_BOUND('',#5491,.F.);
#5491 = EDGE_LOOP('',(#5492,#5493,#5501,#5507));
#5492 = ORIENTED_EDGE('',*,*,#5454,.T.);
#5493 = ORIENTED_EDGE('',*,*,#5494,.T.);
#5494 = EDGE_CURVE('',#5447,#5495,#5497,.T.);
#5495 = VERTEX_POINT('',#5496);
#5496 = CARTESIAN_POINT('',(2.625,0.13,2.145));
#5497 = LINE('',#5498,#5499);
#5498 = CARTESIAN_POINT('',(2.625,0.13,2.645));
#5499 = VECTOR('',#5500,1.);
#5500 = DIRECTION('',(0.,-2.22044604925E-16,-1.));
#5501 = ORIENTED_EDGE('',*,*,#5502,.F.);
#5502 = EDGE_CURVE('',#4046,#5495,#5503,.T.);
#5503 = LINE('',#5504,#5505);
#5504 = CARTESIAN_POINT('',(2.625,-2.47,2.145));
#5505 = VECTOR('',#5506,1.);
#5506 = DIRECTION('',(-0.,1.,-2.22044604925E-16));
#5507 = ORIENTED_EDGE('',*,*,#4053,.F.);
#5508 = PLANE('',#5509);
#5509 = AXIS2_PLACEMENT_3D('',#5510,#5511,#5512);
#5510 = CARTESIAN_POINT('',(2.625,-2.47,2.645));
#5511 = DIRECTION('',(-1.,0.,0.));
#5512 = DIRECTION('',(-0.,-2.22044604925E-16,-1.));
#5513 = ADVANCED_FACE('',(#5514),#5532,.F.);
#5514 = FACE_BOUND('',#5515,.F.);
#5515 = EDGE_LOOP('',(#5516,#5524,#5530,#5531));
#5516 = ORIENTED_EDGE('',*,*,#5517,.T.);
#5517 = EDGE_CURVE('',#3774,#5518,#5520,.T.);
#5518 = VERTEX_POINT('',#5519);
#5519 = CARTESIAN_POINT('',(-2.625,0.13,2.645));
#5520 = LINE('',#5521,#5522);
#5521 = CARTESIAN_POINT('',(-2.625,-2.47,2.645));
#5522 = VECTOR('',#5523,1.);
#5523 = DIRECTION('',(-0.,1.,-2.22044604925E-16));
#5524 = ORIENTED_EDGE('',*,*,#5525,.T.);
#5525 = EDGE_CURVE('',#5518,#5470,#5526,.T.);
#5526 = LINE('',#5527,#5528);
#5527 = CARTESIAN_POINT('',(-2.625,0.13,2.645));
#5528 = VECTOR('',#5529,1.);
#5529 = DIRECTION('',(-1.,0.,0.));
#5530 = ORIENTED_EDGE('',*,*,#5469,.F.);
#5531 = ORIENTED_EDGE('',*,*,#3773,.F.);
#5532 = PLANE('',#5533);
#5533 = AXIS2_PLACEMENT_3D('',#5534,#5535,#5536);
#5534 = CARTESIAN_POINT('',(-2.625,-2.47,2.645));
#5535 = DIRECTION('',(0.,2.22044604925E-16,1.));
#5536 = DIRECTION('',(-1.,0.,0.));
#5537 = ADVANCED_FACE('',(#5538),#5556,.F.);
#5538 = FACE_BOUND('',#5539,.F.);
#5539 = EDGE_LOOP('',(#5540,#5541,#5549,#5555));
#5540 = ORIENTED_EDGE('',*,*,#5502,.T.);
#5541 = ORIENTED_EDGE('',*,*,#5542,.T.);
#5542 = EDGE_CURVE('',#5495,#5543,#5545,.T.);
#5543 = VERTEX_POINT('',#5544);
#5544 = CARTESIAN_POINT('',(2.125,0.13,2.145));
#5545 = LINE('',#5546,#5547);
#5546 = CARTESIAN_POINT('',(2.625,0.13,2.145));
#5547 = VECTOR('',#5548,1.);
#5548 = DIRECTION('',(-1.,0.,0.));
#5549 = ORIENTED_EDGE('',*,*,#5550,.F.);
#5550 = EDGE_CURVE('',#4038,#5543,#5551,.T.);
#5551 = LINE('',#5552,#5553);
#5552 = CARTESIAN_POINT('',(2.125,-2.47,2.145));
#5553 = VECTOR('',#5554,1.);
#5554 = DIRECTION('',(-0.,1.,-2.22044604925E-16));
#5555 = ORIENTED_EDGE('',*,*,#4045,.F.);
#5556 = PLANE('',#5557);
#5557 = AXIS2_PLACEMENT_3D('',#5558,#5559,#5560);
#5558 = CARTESIAN_POINT('',(2.625,-2.47,2.145));
#5559 = DIRECTION('',(0.,2.22044604925E-16,1.));
#5560 = DIRECTION('',(-1.,0.,0.));
#5561 = ADVANCED_FACE('',(#5562),#5580,.F.);
#5562 = FACE_BOUND('',#5563,.F.);
#5563 = EDGE_LOOP('',(#5564,#5572,#5578,#5579));
#5564 = ORIENTED_EDGE('',*,*,#5565,.T.);
#5565 = EDGE_CURVE('',#3782,#5566,#5568,.T.);
#5566 = VERTEX_POINT('',#5567);
#5567 = CARTESIAN_POINT('',(-2.625,0.13,2.145));
#5568 = LINE('',#5569,#5570);
#5569 = CARTESIAN_POINT('',(-2.625,-2.47,2.145));
#5570 = VECTOR('',#5571,1.);
#5571 = DIRECTION('',(-0.,1.,-2.22044604925E-16));
#5572 = ORIENTED_EDGE('',*,*,#5573,.T.);
#5573 = EDGE_CURVE('',#5566,#5518,#5574,.T.);
#5574 = LINE('',#5575,#5576);
#5575 = CARTESIAN_POINT('',(-2.625,0.13,2.145));
#5576 = VECTOR('',#5577,1.);
#5577 = DIRECTION('',(0.,2.22044604925E-16,1.));
#5578 = ORIENTED_EDGE('',*,*,#5517,.F.);
#5579 = ORIENTED_EDGE('',*,*,#3781,.F.);
#5580 = PLANE('',#5581);
#5581 = AXIS2_PLACEMENT_3D('',#5582,#5583,#5584);
#5582 = CARTESIAN_POINT('',(-2.625,-2.47,2.145));
#5583 = DIRECTION('',(1.,0.,0.));
#5584 = DIRECTION('',(-0.,2.22044604925E-16,1.));
#5585 = ADVANCED_FACE('',(#5586),#5604,.F.);
#5586 = FACE_BOUND('',#5587,.F.);
#5587 = EDGE_LOOP('',(#5588,#5589,#5597,#5603));
#5588 = ORIENTED_EDGE('',*,*,#5550,.T.);
#5589 = ORIENTED_EDGE('',*,*,#5590,.T.);
#5590 = EDGE_CURVE('',#5543,#5591,#5593,.T.);
#5591 = VERTEX_POINT('',#5592);
#5592 = CARTESIAN_POINT('',(2.125,0.13,1.945));
#5593 = LINE('',#5594,#5595);
#5594 = CARTESIAN_POINT('',(2.125,0.13,2.145));
#5595 = VECTOR('',#5596,1.);
#5596 = DIRECTION('',(0.,-2.22044604925E-16,-1.));
#5597 = ORIENTED_EDGE('',*,*,#5598,.F.);
#5598 = EDGE_CURVE('',#4030,#5591,#5599,.T.);
#5599 = LINE('',#5600,#5601);
#5600 = CARTESIAN_POINT('',(2.125,-2.47,1.945));
#5601 = VECTOR('',#5602,1.);
#5602 = DIRECTION('',(-0.,1.,-2.22044604925E-16));
#5603 = ORIENTED_EDGE('',*,*,#4037,.F.);
#5604 = PLANE('',#5605);
#5605 = AXIS2_PLACEMENT_3D('',#5606,#5607,#5608);
#5606 = CARTESIAN_POINT('',(2.125,-2.47,2.145));
#5607 = DIRECTION('',(-1.,0.,0.));
#5608 = DIRECTION('',(-0.,-2.22044604925E-16,-1.));
#5609 = ADVANCED_FACE('',(#5610),#5628,.F.);
#5610 = FACE_BOUND('',#5611,.F.);
#5611 = EDGE_LOOP('',(#5612,#5620,#5626,#5627));
#5612 = ORIENTED_EDGE('',*,*,#5613,.T.);
#5613 = EDGE_CURVE('',#3790,#5614,#5616,.T.);
#5614 = VERTEX_POINT('',#5615);
#5615 = CARTESIAN_POINT('',(-2.125,0.13,2.145));
#5616 = LINE('',#5617,#5618);
#5617 = CARTESIAN_POINT('',(-2.125,-2.47,2.145));
#5618 = VECTOR('',#5619,1.);
#5619 = DIRECTION('',(-0.,1.,-2.22044604925E-16));
#5620 = ORIENTED_EDGE('',*,*,#5621,.T.);
#5621 = EDGE_CURVE('',#5614,#5566,#5622,.T.);
#5622 = LINE('',#5623,#5624);
#5623 = CARTESIAN_POINT('',(-2.125,0.13,2.145));
#5624 = VECTOR('',#5625,1.);
#5625 = DIRECTION('',(-1.,0.,0.));
#5626 = ORIENTED_EDGE('',*,*,#5565,.F.);
#5627 = ORIENTED_EDGE('',*,*,#3789,.F.);
#5628 = PLANE('',#5629);
#5629 = AXIS2_PLACEMENT_3D('',#5630,#5631,#5632);
#5630 = CARTESIAN_POINT('',(-2.125,-2.47,2.145));
#5631 = DIRECTION('',(0.,2.22044604925E-16,1.));
#5632 = DIRECTION('',(-1.,0.,0.));
#5633 = ADVANCED_FACE('',(#5634),#5660,.F.);
#5634 = FACE_BOUND('',#5635,.F.);
#5635 = EDGE_LOOP('',(#5636,#5637,#5645,#5653,#5659));
#5636 = ORIENTED_EDGE('',*,*,#5598,.T.);
#5637 = ORIENTED_EDGE('',*,*,#5638,.T.);
#5638 = EDGE_CURVE('',#5591,#5639,#5641,.T.);
#5639 = VERTEX_POINT('',#5640);
#5640 = CARTESIAN_POINT('',(1.975,0.13,1.945));
#5641 = LINE('',#5642,#5643);
#5642 = CARTESIAN_POINT('',(2.125,0.13,1.945));
#5643 = VECTOR('',#5644,1.);
#5644 = DIRECTION('',(-1.,0.,0.));
#5645 = ORIENTED_EDGE('',*,*,#5646,.F.);
#5646 = EDGE_CURVE('',#5647,#5639,#5649,.T.);
#5647 = VERTEX_POINT('',#5648);
#5648 = CARTESIAN_POINT('',(1.975,-2.12,1.945));
#5649 = LINE('',#5650,#5651);
#5650 = CARTESIAN_POINT('',(1.975,-2.47,1.945));
#5651 = VECTOR('',#5652,1.);
#5652 = DIRECTION('',(-0.,1.,-2.22044604925E-16));
#5653 = ORIENTED_EDGE('',*,*,#5654,.F.);
#5654 = EDGE_CURVE('',#4022,#5647,#5655,.T.);
#5655 = LINE('',#5656,#5657);
#5656 = CARTESIAN_POINT('',(1.975,-2.47,1.945));
#5657 = VECTOR('',#5658,1.);
#5658 = DIRECTION('',(-0.,1.,-2.22044604925E-16));
#5659 = ORIENTED_EDGE('',*,*,#4029,.F.);
#5660 = PLANE('',#5661);
#5661 = AXIS2_PLACEMENT_3D('',#5662,#5663,#5664);
#5662 = CARTESIAN_POINT('',(2.125,-2.47,1.945));
#5663 = DIRECTION('',(0.,2.22044604925E-16,1.));
#5664 = DIRECTION('',(-1.,0.,0.));
#5665 = ADVANCED_FACE('',(#5666),#5684,.F.);
#5666 = FACE_BOUND('',#5667,.F.);
#5667 = EDGE_LOOP('',(#5668,#5676,#5682,#5683));
#5668 = ORIENTED_EDGE('',*,*,#5669,.T.);
#5669 = EDGE_CURVE('',#3798,#5670,#5672,.T.);
#5670 = VERTEX_POINT('',#5671);
#5671 = CARTESIAN_POINT('',(-2.125,0.13,1.945));
#5672 = LINE('',#5673,#5674);
#5673 = CARTESIAN_POINT('',(-2.125,-2.47,1.945));
#5674 = VECTOR('',#5675,1.);
#5675 = DIRECTION('',(-0.,1.,-2.22044604925E-16));
#5676 = ORIENTED_EDGE('',*,*,#5677,.T.);
#5677 = EDGE_CURVE('',#5670,#5614,#5678,.T.);
#5678 = LINE('',#5679,#5680);
#5679 = CARTESIAN_POINT('',(-2.125,0.13,1.945));
#5680 = VECTOR('',#5681,1.);
#5681 = DIRECTION('',(0.,2.22044604925E-16,1.));
#5682 = ORIENTED_EDGE('',*,*,#5613,.F.);
#5683 = ORIENTED_EDGE('',*,*,#3797,.F.);
#5684 = PLANE('',#5685);
#5685 = AXIS2_PLACEMENT_3D('',#5686,#5687,#5688);
#5686 = CARTESIAN_POINT('',(-2.125,-2.47,1.945));
#5687 = DIRECTION('',(1.,0.,0.));
#5688 = DIRECTION('',(-0.,2.22044604925E-16,1.));
#5689 = ADVANCED_FACE('',(#5690),#5724,.F.);
#5690 = FACE_BOUND('',#5691,.F.);
#5691 = EDGE_LOOP('',(#5692,#5693,#5694,#5702,#5710,#5718));
#5692 = ORIENTED_EDGE('',*,*,#4021,.F.);
#5693 = ORIENTED_EDGE('',*,*,#5654,.T.);
#5694 = ORIENTED_EDGE('',*,*,#5695,.F.);
#5695 = EDGE_CURVE('',#5696,#5647,#5698,.T.);
#5696 = VERTEX_POINT('',#5697);
#5697 = CARTESIAN_POINT('',(1.975,-2.2446,2.0696));
#5698 = LINE('',#5699,#5700);
#5699 = CARTESIAN_POINT('',(1.975,-2.2446,2.0696));
#5700 = VECTOR('',#5701,1.);
#5701 = DIRECTION('',(0.,0.707106781187,-0.707106781187));
#5702 = ORIENTED_EDGE('',*,*,#5703,.F.);
#5703 = EDGE_CURVE('',#5704,#5696,#5706,.T.);
#5704 = VERTEX_POINT('',#5705);
#5705 = CARTESIAN_POINT('',(1.975,0.13,2.0696));
#5706 = LINE('',#5707,#5708);
#5707 = CARTESIAN_POINT('',(1.975,1.1054,2.0696));
#5708 = VECTOR('',#5709,1.);
#5709 = DIRECTION('',(0.,-1.,0.));
#5710 = ORIENTED_EDGE('',*,*,#5711,.T.);
#5711 = EDGE_CURVE('',#5704,#5712,#5714,.T.);
#5712 = VERTEX_POINT('',#5713);
#5713 = CARTESIAN_POINT('',(1.975,0.13,2.145));
#5714 = LINE('',#5715,#5716);
#5715 = CARTESIAN_POINT('',(1.975,0.13,1.945));
#5716 = VECTOR('',#5717,1.);
#5717 = DIRECTION('',(0.,2.22044604925E-16,1.));
#5718 = ORIENTED_EDGE('',*,*,#5719,.F.);
#5719 = EDGE_CURVE('',#4014,#5712,#5720,.T.);
#5720 = LINE('',#5721,#5722);
#5721 = CARTESIAN_POINT('',(1.975,-2.47,2.145));
#5722 = VECTOR('',#5723,1.);
#5723 = DIRECTION('',(-0.,1.,-2.22044604925E-16));
#5724 = PLANE('',#5725);
#5725 = AXIS2_PLACEMENT_3D('',#5726,#5727,#5728);
#5726 = CARTESIAN_POINT('',(1.975,-2.47,1.945));
#5727 = DIRECTION('',(1.,0.,0.));
#5728 = DIRECTION('',(-0.,2.22044604925E-16,1.));
#5729 = ADVANCED_FACE('',(#5730),#5756,.F.);
#5730 = FACE_BOUND('',#5731,.F.);
#5731 = EDGE_LOOP('',(#5732,#5740,#5748,#5754,#5755));
#5732 = ORIENTED_EDGE('',*,*,#5733,.T.);
#5733 = EDGE_CURVE('',#3806,#5734,#5736,.T.);
#5734 = VERTEX_POINT('',#5735);
#5735 = CARTESIAN_POINT('',(-1.975,-2.12,1.945));
#5736 = LINE('',#5737,#5738);
#5737 = CARTESIAN_POINT('',(-1.975,-2.47,1.945));
#5738 = VECTOR('',#5739,1.);
#5739 = DIRECTION('',(-0.,1.,-2.22044604925E-16));
#5740 = ORIENTED_EDGE('',*,*,#5741,.T.);
#5741 = EDGE_CURVE('',#5734,#5742,#5744,.T.);
#5742 = VERTEX_POINT('',#5743);
#5743 = CARTESIAN_POINT('',(-1.975,0.13,1.945));
#5744 = LINE('',#5745,#5746);
#5745 = CARTESIAN_POINT('',(-1.975,-2.47,1.945));
#5746 = VECTOR('',#5747,1.);
#5747 = DIRECTION('',(-0.,1.,-2.22044604925E-16));
#5748 = ORIENTED_EDGE('',*,*,#5749,.T.);
#5749 = EDGE_CURVE('',#5742,#5670,#5750,.T.);
#5750 = LINE('',#5751,#5752);
#5751 = CARTESIAN_POINT('',(-1.975,0.13,1.945));
#5752 = VECTOR('',#5753,1.);
#5753 = DIRECTION('',(-1.,0.,0.));
#5754 = ORIENTED_EDGE('',*,*,#5669,.F.);
#5755 = ORIENTED_EDGE('',*,*,#3805,.F.);
#5756 = PLANE('',#5757);
#5757 = AXIS2_PLACEMENT_3D('',#5758,#5759,#5760);
#5758 = CARTESIAN_POINT('',(-1.975,-2.47,1.945));
#5759 = DIRECTION('',(0.,2.22044604925E-16,1.));
#5760 = DIRECTION('',(-1.,0.,0.));
#5761 = ADVANCED_FACE('',(#5762),#5780,.F.);
#5762 = FACE_BOUND('',#5763,.F.);
#5763 = EDGE_LOOP('',(#5764,#5765,#5773,#5779));
#5764 = ORIENTED_EDGE('',*,*,#5719,.T.);
#5765 = ORIENTED_EDGE('',*,*,#5766,.T.);
#5766 = EDGE_CURVE('',#5712,#5767,#5769,.T.);
#5767 = VERTEX_POINT('',#5768);
#5768 = CARTESIAN_POINT('',(1.775,0.13,2.145));
#5769 = LINE('',#5770,#5771);
#5770 = CARTESIAN_POINT('',(1.975,0.13,2.145));
#5771 = VECTOR('',#5772,1.);
#5772 = DIRECTION('',(-1.,0.,0.));
#5773 = ORIENTED_EDGE('',*,*,#5774,.F.);
#5774 = EDGE_CURVE('',#4006,#5767,#5775,.T.);
#5775 = LINE('',#5776,#5777);
#5776 = CARTESIAN_POINT('',(1.775,-2.47,2.145));
#5777 = VECTOR('',#5778,1.);
#5778 = DIRECTION('',(-0.,1.,-2.22044604925E-16));
#5779 = ORIENTED_EDGE('',*,*,#4013,.F.);
#5780 = PLANE('',#5781);
#5781 = AXIS2_PLACEMENT_3D('',#5782,#5783,#5784);
#5782 = CARTESIAN_POINT('',(1.975,-2.47,2.145));
#5783 = DIRECTION('',(0.,2.22044604925E-16,1.));
#5784 = DIRECTION('',(-1.,0.,0.));
#5785 = ADVANCED_FACE('',(#5786),#5820,.F.);
#5786 = FACE_BOUND('',#5787,.F.);
#5787 = EDGE_LOOP('',(#5788,#5789,#5797,#5805,#5813,#5819));
#5788 = ORIENTED_EDGE('',*,*,#3813,.F.);
#5789 = ORIENTED_EDGE('',*,*,#5790,.T.);
#5790 = EDGE_CURVE('',#3814,#5791,#5793,.T.);
#5791 = VERTEX_POINT('',#5792);
#5792 = CARTESIAN_POINT('',(-1.975,0.13,2.145));
#5793 = LINE('',#5794,#5795);
#5794 = CARTESIAN_POINT('',(-1.975,-2.47,2.145));
#5795 = VECTOR('',#5796,1.);
#5796 = DIRECTION('',(-0.,1.,-2.22044604925E-16));
#5797 = ORIENTED_EDGE('',*,*,#5798,.T.);
#5798 = EDGE_CURVE('',#5791,#5799,#5801,.T.);
#5799 = VERTEX_POINT('',#5800);
#5800 = CARTESIAN_POINT('',(-1.975,0.13,2.0696));
#5801 = LINE('',#5802,#5803);
#5802 = CARTESIAN_POINT('',(-1.975,0.13,2.145));
#5803 = VECTOR('',#5804,1.);
#5804 = DIRECTION('',(0.,-2.22044604925E-16,-1.));
#5805 = ORIENTED_EDGE('',*,*,#5806,.T.);
#5806 = EDGE_CURVE('',#5799,#5807,#5809,.T.);
#5807 = VERTEX_POINT('',#5808);
#5808 = CARTESIAN_POINT('',(-1.975,-2.2446,2.0696));
#5809 = LINE('',#5810,#5811);
#5810 = CARTESIAN_POINT('',(-1.975,1.1054,2.0696));
#5811 = VECTOR('',#5812,1.);
#5812 = DIRECTION('',(0.,-1.,0.));
#5813 = ORIENTED_EDGE('',*,*,#5814,.T.);
#5814 = EDGE_CURVE('',#5807,#5734,#5815,.T.);
#5815 = LINE('',#5816,#5817);
#5816 = CARTESIAN_POINT('',(-1.975,-2.2446,2.0696));
#5817 = VECTOR('',#5818,1.);
#5818 = DIRECTION('',(0.,0.707106781187,-0.707106781187));
#5819 = ORIENTED_EDGE('',*,*,#5733,.F.);
#5820 = PLANE('',#5821);
#5821 = AXIS2_PLACEMENT_3D('',#5822,#5823,#5824);
#5822 = CARTESIAN_POINT('',(-1.975,-2.47,2.145));
#5823 = DIRECTION('',(-1.,0.,0.));
#5824 = DIRECTION('',(-0.,-2.22044604925E-16,-1.));
#5825 = ADVANCED_FACE('',(#5826),#5860,.F.);
#5826 = FACE_BOUND('',#5827,.F.);
#5827 = EDGE_LOOP('',(#5828,#5829,#5830,#5838,#5846,#5854));
#5828 = ORIENTED_EDGE('',*,*,#4005,.F.);
#5829 = ORIENTED_EDGE('',*,*,#5774,.T.);
#5830 = ORIENTED_EDGE('',*,*,#5831,.T.);
#5831 = EDGE_CURVE('',#5767,#5832,#5834,.T.);
#5832 = VERTEX_POINT('',#5833);
#5833 = CARTESIAN_POINT('',(1.775,0.13,2.0696));
#5834 = LINE('',#5835,#5836);
#5835 = CARTESIAN_POINT('',(1.775,0.13,2.145));
#5836 = VECTOR('',#5837,1.);
#5837 = DIRECTION('',(0.,-2.22044604925E-16,-1.));
#5838 = ORIENTED_EDGE('',*,*,#5839,.T.);
#5839 = EDGE_CURVE('',#5832,#5840,#5842,.T.);
#5840 = VERTEX_POINT('',#5841);
#5841 = CARTESIAN_POINT('',(1.775,-2.2446,2.0696));
#5842 = LINE('',#5843,#5844);
#5843 = CARTESIAN_POINT('',(1.775,1.1054,2.0696));
#5844 = VECTOR('',#5845,1.);
#5845 = DIRECTION('',(0.,-1.,0.));
#5846 = ORIENTED_EDGE('',*,*,#5847,.T.);
#5847 = EDGE_CURVE('',#5840,#5848,#5850,.T.);
#5848 = VERTEX_POINT('',#5849);
#5849 = CARTESIAN_POINT('',(1.775,-2.12,1.945));
#5850 = LINE('',#5851,#5852);
#5851 = CARTESIAN_POINT('',(1.775,-2.2446,2.0696));
#5852 = VECTOR('',#5853,1.);
#5853 = DIRECTION('',(0.,0.707106781187,-0.707106781187));
#5854 = ORIENTED_EDGE('',*,*,#5855,.F.);
#5855 = EDGE_CURVE('',#3998,#5848,#5856,.T.);
#5856 = LINE('',#5857,#5858);
#5857 = CARTESIAN_POINT('',(1.775,-2.47,1.945));
#5858 = VECTOR('',#5859,1.);
#5859 = DIRECTION('',(-0.,1.,-2.22044604925E-16));
#5860 = PLANE('',#5861);
#5861 = AXIS2_PLACEMENT_3D('',#5862,#5863,#5864);
#5862 = CARTESIAN_POINT('',(1.775,-2.47,2.145));
#5863 = DIRECTION('',(-1.,0.,0.));
#5864 = DIRECTION('',(-0.,-2.22044604925E-16,-1.));
#5865 = ADVANCED_FACE('',(#5866),#5884,.F.);
#5866 = FACE_BOUND('',#5867,.F.);
#5867 = EDGE_LOOP('',(#5868,#5876,#5882,#5883));
#5868 = ORIENTED_EDGE('',*,*,#5869,.T.);
#5869 = EDGE_CURVE('',#3822,#5870,#5872,.T.);
#5870 = VERTEX_POINT('',#5871);
#5871 = CARTESIAN_POINT('',(-1.775,0.13,2.145));
#5872 = LINE('',#5873,#5874);
#5873 = CARTESIAN_POINT('',(-1.775,-2.47,2.145));
#5874 = VECTOR('',#5875,1.);
#5875 = DIRECTION('',(-0.,1.,-2.22044604925E-16));
#5876 = ORIENTED_EDGE('',*,*,#5877,.T.);
#5877 = EDGE_CURVE('',#5870,#5791,#5878,.T.);
#5878 = LINE('',#5879,#5880);
#5879 = CARTESIAN_POINT('',(-1.775,0.13,2.145));
#5880 = VECTOR('',#5881,1.);
#5881 = DIRECTION('',(-1.,0.,0.));
#5882 = ORIENTED_EDGE('',*,*,#5790,.F.);
#5883 = ORIENTED_EDGE('',*,*,#3821,.F.);
#5884 = PLANE('',#5885);
#5885 = AXIS2_PLACEMENT_3D('',#5886,#5887,#5888);
#5886 = CARTESIAN_POINT('',(-1.775,-2.47,2.145));
#5887 = DIRECTION('',(0.,2.22044604925E-16,1.));
#5888 = DIRECTION('',(-1.,0.,0.));
#5889 = ADVANCED_FACE('',(#5890),#5916,.F.);
#5890 = FACE_BOUND('',#5891,.F.);
#5891 = EDGE_LOOP('',(#5892,#5893,#5901,#5909,#5915));
#5892 = ORIENTED_EDGE('',*,*,#5855,.T.);
#5893 = ORIENTED_EDGE('',*,*,#5894,.T.);
#5894 = EDGE_CURVE('',#5848,#5895,#5897,.T.);
#5895 = VERTEX_POINT('',#5896);
#5896 = CARTESIAN_POINT('',(1.775,0.13,1.945));
#5897 = LINE('',#5898,#5899);
#5898 = CARTESIAN_POINT('',(1.775,-2.47,1.945));
#5899 = VECTOR('',#5900,1.);
#5900 = DIRECTION('',(-0.,1.,-2.22044604925E-16));
#5901 = ORIENTED_EDGE('',*,*,#5902,.T.);
#5902 = EDGE_CURVE('',#5895,#5903,#5905,.T.);
#5903 = VERTEX_POINT('',#5904);
#5904 = CARTESIAN_POINT('',(1.625,0.13,1.945));
#5905 = LINE('',#5906,#5907);
#5906 = CARTESIAN_POINT('',(1.775,0.13,1.945));
#5907 = VECTOR('',#5908,1.);
#5908 = DIRECTION('',(-1.,0.,0.));
#5909 = ORIENTED_EDGE('',*,*,#5910,.F.);
#5910 = EDGE_CURVE('',#3990,#5903,#5911,.T.);
#5911 = LINE('',#5912,#5913);
#5912 = CARTESIAN_POINT('',(1.625,-2.47,1.945));
#5913 = VECTOR('',#5914,1.);
#5914 = DIRECTION('',(-0.,1.,-2.22044604925E-16));
#5915 = ORIENTED_EDGE('',*,*,#3997,.F.);
#5916 = PLANE('',#5917);
#5917 = AXIS2_PLACEMENT_3D('',#5918,#5919,#5920);
#5918 = CARTESIAN_POINT('',(1.775,-2.47,1.945));
#5919 = DIRECTION('',(0.,2.22044604925E-16,1.));
#5920 = DIRECTION('',(-1.,0.,0.));
#5921 = ADVANCED_FACE('',(#5922),#5956,.F.);
#5922 = FACE_BOUND('',#5923,.F.);
#5923 = EDGE_LOOP('',(#5924,#5925,#5933,#5941,#5949,#5955));
#5924 = ORIENTED_EDGE('',*,*,#3829,.F.);
#5925 = ORIENTED_EDGE('',*,*,#5926,.T.);
#5926 = EDGE_CURVE('',#3830,#5927,#5929,.T.);
#5927 = VERTEX_POINT('',#5928);
#5928 = CARTESIAN_POINT('',(-1.775,-2.12,1.945));
#5929 = LINE('',#5930,#5931);
#5930 = CARTESIAN_POINT('',(-1.775,-2.47,1.945));
#5931 = VECTOR('',#5932,1.);
#5932 = DIRECTION('',(-0.,1.,-2.22044604925E-16));
#5933 = ORIENTED_EDGE('',*,*,#5934,.F.);
#5934 = EDGE_CURVE('',#5935,#5927,#5937,.T.);
#5935 = VERTEX_POINT('',#5936);
#5936 = CARTESIAN_POINT('',(-1.775,-2.2446,2.0696));
#5937 = LINE('',#5938,#5939);
#5938 = CARTESIAN_POINT('',(-1.775,-2.2446,2.0696));
#5939 = VECTOR('',#5940,1.);
#5940 = DIRECTION('',(0.,0.707106781187,-0.707106781187));
#5941 = ORIENTED_EDGE('',*,*,#5942,.F.);
#5942 = EDGE_CURVE('',#5943,#5935,#5945,.T.);
#5943 = VERTEX_POINT('',#5944);
#5944 = CARTESIAN_POINT('',(-1.775,0.13,2.0696));
#5945 = LINE('',#5946,#5947);
#5946 = CARTESIAN_POINT('',(-1.775,1.1054,2.0696));
#5947 = VECTOR('',#5948,1.);
#5948 = DIRECTION('',(0.,-1.,0.));
#5949 = ORIENTED_EDGE('',*,*,#5950,.T.);
#5950 = EDGE_CURVE('',#5943,#5870,#5951,.T.);
#5951 = LINE('',#5952,#5953);
#5952 = CARTESIAN_POINT('',(-1.775,0.13,1.945));
#5953 = VECTOR('',#5954,1.);
#5954 = DIRECTION('',(0.,2.22044604925E-16,1.));
#5955 = ORIENTED_EDGE('',*,*,#5869,.F.);
#5956 = PLANE('',#5957);
#5957 = AXIS2_PLACEMENT_3D('',#5958,#5959,#5960);
#5958 = CARTESIAN_POINT('',(-1.775,-2.47,1.945));
#5959 = DIRECTION('',(1.,0.,0.));
#5960 = DIRECTION('',(-0.,2.22044604925E-16,1.));
#5961 = ADVANCED_FACE('',(#5962),#5980,.F.);
#5962 = FACE_BOUND('',#5963,.F.);
#5963 = EDGE_LOOP('',(#5964,#5965,#5973,#5979));
#5964 = ORIENTED_EDGE('',*,*,#5910,.T.);
#5965 = ORIENTED_EDGE('',*,*,#5966,.T.);
#5966 = EDGE_CURVE('',#5903,#5967,#5969,.T.);
#5967 = VERTEX_POINT('',#5968);
#5968 = CARTESIAN_POINT('',(1.625,0.13,2.145));
#5969 = LINE('',#5970,#5971);
#5970 = CARTESIAN_POINT('',(1.625,0.13,1.945));
#5971 = VECTOR('',#5972,1.);
#5972 = DIRECTION('',(0.,2.22044604925E-16,1.));
#5973 = ORIENTED_EDGE('',*,*,#5974,.F.);
#5974 = EDGE_CURVE('',#3982,#5967,#5975,.T.);
#5975 = LINE('',#5976,#5977);
#5976 = CARTESIAN_POINT('',(1.625,-2.47,2.145));
#5977 = VECTOR('',#5978,1.);
#5978 = DIRECTION('',(-0.,1.,-2.22044604925E-16));
#5979 = ORIENTED_EDGE('',*,*,#3989,.F.);
#5980 = PLANE('',#5981);
#5981 = AXIS2_PLACEMENT_3D('',#5982,#5983,#5984);
#5982 = CARTESIAN_POINT('',(1.625,-2.47,1.945));
#5983 = DIRECTION('',(1.,0.,0.));
#5984 = DIRECTION('',(-0.,2.22044604925E-16,1.));
#5985 = ADVANCED_FACE('',(#5986),#6012,.F.);
#5986 = FACE_BOUND('',#5987,.F.);
#5987 = EDGE_LOOP('',(#5988,#5996,#6004,#6010,#6011));
#5988 = ORIENTED_EDGE('',*,*,#5989,.T.);
#5989 = EDGE_CURVE('',#3838,#5990,#5992,.T.);
#5990 = VERTEX_POINT('',#5991);
#5991 = CARTESIAN_POINT('',(-1.625,0.13,1.945));
#5992 = LINE('',#5993,#5994);
#5993 = CARTESIAN_POINT('',(-1.625,-2.47,1.945));
#5994 = VECTOR('',#5995,1.);
#5995 = DIRECTION('',(-0.,1.,-2.22044604925E-16));
#5996 = ORIENTED_EDGE('',*,*,#5997,.T.);
#5997 = EDGE_CURVE('',#5990,#5998,#6000,.T.);
#5998 = VERTEX_POINT('',#5999);
#5999 = CARTESIAN_POINT('',(-1.775,0.13,1.945));
#6000 = LINE('',#6001,#6002);
#6001 = CARTESIAN_POINT('',(-1.625,0.13,1.945));
#6002 = VECTOR('',#6003,1.);
#6003 = DIRECTION('',(-1.,0.,0.));
#6004 = ORIENTED_EDGE('',*,*,#6005,.F.);
#6005 = EDGE_CURVE('',#5927,#5998,#6006,.T.);
#6006 = LINE('',#6007,#6008);
#6007 = CARTESIAN_POINT('',(-1.775,-2.47,1.945));
#6008 = VECTOR('',#6009,1.);
#6009 = DIRECTION('',(-0.,1.,-2.22044604925E-16));
#6010 = ORIENTED_EDGE('',*,*,#5926,.F.);
#6011 = ORIENTED_EDGE('',*,*,#3837,.F.);
#6012 = PLANE('',#6013);
#6013 = AXIS2_PLACEMENT_3D('',#6014,#6015,#6016);
#6014 = CARTESIAN_POINT('',(-1.625,-2.47,1.945));
#6015 = DIRECTION('',(0.,2.22044604925E-16,1.));
#6016 = DIRECTION('',(-1.,0.,0.));
#6017 = ADVANCED_FACE('',(#6018),#6036,.F.);
#6018 = FACE_BOUND('',#6019,.F.);
#6019 = EDGE_LOOP('',(#6020,#6021,#6029,#6035));
#6020 = ORIENTED_EDGE('',*,*,#5974,.T.);
#6021 = ORIENTED_EDGE('',*,*,#6022,.T.);
#6022 = EDGE_CURVE('',#5967,#6023,#6025,.T.);
#6023 = VERTEX_POINT('',#6024);
#6024 = CARTESIAN_POINT('',(0.875,0.13,2.145));
#6025 = LINE('',#6026,#6027);
#6026 = CARTESIAN_POINT('',(1.625,0.13,2.145));
#6027 = VECTOR('',#6028,1.);
#6028 = DIRECTION('',(-1.,0.,0.));
#6029 = ORIENTED_EDGE('',*,*,#6030,.F.);
#6030 = EDGE_CURVE('',#3974,#6023,#6031,.T.);
#6031 = LINE('',#6032,#6033);
#6032 = CARTESIAN_POINT('',(0.875,-2.47,2.145));
#6033 = VECTOR('',#6034,1.);
#6034 = DIRECTION('',(-0.,1.,-2.22044604925E-16));
#6035 = ORIENTED_EDGE('',*,*,#3981,.F.);
#6036 = PLANE('',#6037);
#6037 = AXIS2_PLACEMENT_3D('',#6038,#6039,#6040);
#6038 = CARTESIAN_POINT('',(1.625,-2.47,2.145));
#6039 = DIRECTION('',(0.,2.22044604925E-16,1.));
#6040 = DIRECTION('',(-1.,0.,0.));
#6041 = ADVANCED_FACE('',(#6042),#6060,.F.);
#6042 = FACE_BOUND('',#6043,.F.);
#6043 = EDGE_LOOP('',(#6044,#6052,#6058,#6059));
#6044 = ORIENTED_EDGE('',*,*,#6045,.T.);
#6045 = EDGE_CURVE('',#3846,#6046,#6048,.T.);
#6046 = VERTEX_POINT('',#6047);
#6047 = CARTESIAN_POINT('',(-1.625,0.13,2.145));
#6048 = LINE('',#6049,#6050);
#6049 = CARTESIAN_POINT('',(-1.625,-2.47,2.145));
#6050 = VECTOR('',#6051,1.);
#6051 = DIRECTION('',(-0.,1.,-2.22044604925E-16));
#6052 = ORIENTED_EDGE('',*,*,#6053,.T.);
#6053 = EDGE_CURVE('',#6046,#5990,#6054,.T.);
#6054 = LINE('',#6055,#6056);
#6055 = CARTESIAN_POINT('',(-1.625,0.13,2.145));
#6056 = VECTOR('',#6057,1.);
#6057 = DIRECTION('',(0.,-2.22044604925E-16,-1.));
#6058 = ORIENTED_EDGE('',*,*,#5989,.F.);
#6059 = ORIENTED_EDGE('',*,*,#3845,.F.);
#6060 = PLANE('',#6061);
#6061 = AXIS2_PLACEMENT_3D('',#6062,#6063,#6064);
#6062 = CARTESIAN_POINT('',(-1.625,-2.47,2.145));
#6063 = DIRECTION('',(-1.,0.,0.));
#6064 = DIRECTION('',(-0.,-2.22044604925E-16,-1.));
#6065 = ADVANCED_FACE('',(#6066),#6084,.F.);
#6066 = FACE_BOUND('',#6067,.F.);
#6067 = EDGE_LOOP('',(#6068,#6069,#6077,#6083));
#6068 = ORIENTED_EDGE('',*,*,#6030,.T.);
#6069 = ORIENTED_EDGE('',*,*,#6070,.T.);
#6070 = EDGE_CURVE('',#6023,#6071,#6073,.T.);
#6071 = VERTEX_POINT('',#6072);
#6072 = CARTESIAN_POINT('',(0.875,0.13,1.945));
#6073 = LINE('',#6074,#6075);
#6074 = CARTESIAN_POINT('',(0.875,0.13,2.145));
#6075 = VECTOR('',#6076,1.);
#6076 = DIRECTION('',(0.,-2.22044604925E-16,-1.));
#6077 = ORIENTED_EDGE('',*,*,#6078,.F.);
#6078 = EDGE_CURVE('',#3966,#6071,#6079,.T.);
#6079 = LINE('',#6080,#6081);
#6080 = CARTESIAN_POINT('',(0.875,-2.47,1.945));
#6081 = VECTOR('',#6082,1.);
#6082 = DIRECTION('',(-0.,1.,-2.22044604925E-16));
#6083 = ORIENTED_EDGE('',*,*,#3973,.F.);
#6084 = PLANE('',#6085);
#6085 = AXIS2_PLACEMENT_3D('',#6086,#6087,#6088);
#6086 = CARTESIAN_POINT('',(0.875,-2.47,2.145));
#6087 = DIRECTION('',(-1.,0.,0.));
#6088 = DIRECTION('',(-0.,-2.22044604925E-16,-1.));
#6089 = ADVANCED_FACE('',(#6090),#6108,.F.);
#6090 = FACE_BOUND('',#6091,.F.);
#6091 = EDGE_LOOP('',(#6092,#6100,#6106,#6107));
#6092 = ORIENTED_EDGE('',*,*,#6093,.T.);
#6093 = EDGE_CURVE('',#3854,#6094,#6096,.T.);
#6094 = VERTEX_POINT('',#6095);
#6095 = CARTESIAN_POINT('',(-0.875,0.13,2.145));
#6096 = LINE('',#6097,#6098);
#6097 = CARTESIAN_POINT('',(-0.875,-2.47,2.145));
#6098 = VECTOR('',#6099,1.);
#6099 = DIRECTION('',(-0.,1.,-2.22044604925E-16));
#6100 = ORIENTED_EDGE('',*,*,#6101,.T.);
#6101 = EDGE_CURVE('',#6094,#6046,#6102,.T.);
#6102 = LINE('',#6103,#6104);
#6103 = CARTESIAN_POINT('',(-0.875,0.13,2.145));
#6104 = VECTOR('',#6105,1.);
#6105 = DIRECTION('',(-1.,0.,0.));
#6106 = ORIENTED_EDGE('',*,*,#6045,.F.);
#6107 = ORIENTED_EDGE('',*,*,#3853,.F.);
#6108 = PLANE('',#6109);
#6109 = AXIS2_PLACEMENT_3D('',#6110,#6111,#6112);
#6110 = CARTESIAN_POINT('',(-0.875,-2.47,2.145));
#6111 = DIRECTION('',(0.,2.22044604925E-16,1.));
#6112 = DIRECTION('',(-1.,0.,0.));
#6113 = ADVANCED_FACE('',(#6114),#6140,.F.);
#6114 = FACE_BOUND('',#6115,.F.);
#6115 = EDGE_LOOP('',(#6116,#6117,#6125,#6133,#6139));
#6116 = ORIENTED_EDGE('',*,*,#6078,.T.);
#6117 = ORIENTED_EDGE('',*,*,#6118,.T.);
#6118 = EDGE_CURVE('',#6071,#6119,#6121,.T.);
#6119 = VERTEX_POINT('',#6120);
#6120 = CARTESIAN_POINT('',(0.725,0.13,1.945));
#6121 = LINE('',#6122,#6123);
#6122 = CARTESIAN_POINT('',(0.875,0.13,1.945));
#6123 = VECTOR('',#6124,1.);
#6124 = DIRECTION('',(-1.,0.,0.));
#6125 = ORIENTED_EDGE('',*,*,#6126,.F.);
#6126 = EDGE_CURVE('',#6127,#6119,#6129,.T.);
#6127 = VERTEX_POINT('',#6128);
#6128 = CARTESIAN_POINT('',(0.725,-2.12,1.945));
#6129 = LINE('',#6130,#6131);
#6130 = CARTESIAN_POINT('',(0.725,-2.47,1.945));
#6131 = VECTOR('',#6132,1.);
#6132 = DIRECTION('',(-0.,1.,-2.22044604925E-16));
#6133 = ORIENTED_EDGE('',*,*,#6134,.F.);
#6134 = EDGE_CURVE('',#3958,#6127,#6135,.T.);
#6135 = LINE('',#6136,#6137);
#6136 = CARTESIAN_POINT('',(0.725,-2.47,1.945));
#6137 = VECTOR('',#6138,1.);
#6138 = DIRECTION('',(-0.,1.,-2.22044604925E-16));
#6139 = ORIENTED_EDGE('',*,*,#3965,.F.);
#6140 = PLANE('',#6141);
#6141 = AXIS2_PLACEMENT_3D('',#6142,#6143,#6144);
#6142 = CARTESIAN_POINT('',(0.875,-2.47,1.945));
#6143 = DIRECTION('',(0.,2.22044604925E-16,1.));
#6144 = DIRECTION('',(-1.,0.,0.));
#6145 = ADVANCED_FACE('',(#6146),#6164,.F.);
#6146 = FACE_BOUND('',#6147,.F.);
#6147 = EDGE_LOOP('',(#6148,#6156,#6162,#6163));
#6148 = ORIENTED_EDGE('',*,*,#6149,.T.);
#6149 = EDGE_CURVE('',#3862,#6150,#6152,.T.);
#6150 = VERTEX_POINT('',#6151);
#6151 = CARTESIAN_POINT('',(-0.875,0.13,1.945));
#6152 = LINE('',#6153,#6154);
#6153 = CARTESIAN_POINT('',(-0.875,-2.47,1.945));
#6154 = VECTOR('',#6155,1.);
#6155 = DIRECTION('',(-0.,1.,-2.22044604925E-16));
#6156 = ORIENTED_EDGE('',*,*,#6157,.T.);
#6157 = EDGE_CURVE('',#6150,#6094,#6158,.T.);
#6158 = LINE('',#6159,#6160);
#6159 = CARTESIAN_POINT('',(-0.875,0.13,1.945));
#6160 = VECTOR('',#6161,1.);
#6161 = DIRECTION('',(0.,2.22044604925E-16,1.));
#6162 = ORIENTED_EDGE('',*,*,#6093,.F.);
#6163 = ORIENTED_EDGE('',*,*,#3861,.F.);
#6164 = PLANE('',#6165);
#6165 = AXIS2_PLACEMENT_3D('',#6166,#6167,#6168);
#6166 = CARTESIAN_POINT('',(-0.875,-2.47,1.945));
#6167 = DIRECTION('',(1.,0.,0.));
#6168 = DIRECTION('',(-0.,2.22044604925E-16,1.));
#6169 = ADVANCED_FACE('',(#6170),#6204,.F.);
#6170 = FACE_BOUND('',#6171,.F.);
#6171 = EDGE_LOOP('',(#6172,#6173,#6174,#6182,#6190,#6198));
#6172 = ORIENTED_EDGE('',*,*,#3957,.F.);
#6173 = ORIENTED_EDGE('',*,*,#6134,.T.);
#6174 = ORIENTED_EDGE('',*,*,#6175,.F.);
#6175 = EDGE_CURVE('',#6176,#6127,#6178,.T.);
#6176 = VERTEX_POINT('',#6177);
#6177 = CARTESIAN_POINT('',(0.725,-2.2446,2.0696));
#6178 = LINE('',#6179,#6180);
#6179 = CARTESIAN_POINT('',(0.725,-2.2446,2.0696));
#6180 = VECTOR('',#6181,1.);
#6181 = DIRECTION('',(0.,0.707106781187,-0.707106781187));
#6182 = ORIENTED_EDGE('',*,*,#6183,.F.);
#6183 = EDGE_CURVE('',#6184,#6176,#6186,.T.);
#6184 = VERTEX_POINT('',#6185);
#6185 = CARTESIAN_POINT('',(0.725,0.13,2.0696));
#6186 = LINE('',#6187,#6188);
#6187 = CARTESIAN_POINT('',(0.725,1.1054,2.0696));
#6188 = VECTOR('',#6189,1.);
#6189 = DIRECTION('',(0.,-1.,0.));
#6190 = ORIENTED_EDGE('',*,*,#6191,.T.);
#6191 = EDGE_CURVE('',#6184,#6192,#6194,.T.);
#6192 = VERTEX_POINT('',#6193);
#6193 = CARTESIAN_POINT('',(0.725,0.13,2.145));
#6194 = LINE('',#6195,#6196);
#6195 = CARTESIAN_POINT('',(0.725,0.13,1.945));
#6196 = VECTOR('',#6197,1.);
#6197 = DIRECTION('',(0.,2.22044604925E-16,1.));
#6198 = ORIENTED_EDGE('',*,*,#6199,.F.);
#6199 = EDGE_CURVE('',#3950,#6192,#6200,.T.);
#6200 = LINE('',#6201,#6202);
#6201 = CARTESIAN_POINT('',(0.725,-2.47,2.145));
#6202 = VECTOR('',#6203,1.);
#6203 = DIRECTION('',(-0.,1.,-2.22044604925E-16));
#6204 = PLANE('',#6205);
#6205 = AXIS2_PLACEMENT_3D('',#6206,#6207,#6208);
#6206 = CARTESIAN_POINT('',(0.725,-2.47,1.945));
#6207 = DIRECTION('',(1.,0.,0.));
#6208 = DIRECTION('',(-0.,2.22044604925E-16,1.));
#6209 = ADVANCED_FACE('',(#6210),#6236,.F.);
#6210 = FACE_BOUND('',#6211,.F.);
#6211 = EDGE_LOOP('',(#6212,#6220,#6228,#6234,#6235));
#6212 = ORIENTED_EDGE('',*,*,#6213,.T.);
#6213 = EDGE_CURVE('',#3870,#6214,#6216,.T.);
#6214 = VERTEX_POINT('',#6215);
#6215 = CARTESIAN_POINT('',(-0.725,-2.12,1.945));
#6216 = LINE('',#6217,#6218);
#6217 = CARTESIAN_POINT('',(-0.725,-2.47,1.945));
#6218 = VECTOR('',#6219,1.);
#6219 = DIRECTION('',(-0.,1.,-2.22044604925E-16));
#6220 = ORIENTED_EDGE('',*,*,#6221,.T.);
#6221 = EDGE_CURVE('',#6214,#6222,#6224,.T.);
#6222 = VERTEX_POINT('',#6223);
#6223 = CARTESIAN_POINT('',(-0.725,0.13,1.945));
#6224 = LINE('',#6225,#6226);
#6225 = CARTESIAN_POINT('',(-0.725,-2.47,1.945));
#6226 = VECTOR('',#6227,1.);
#6227 = DIRECTION('',(-0.,1.,-2.22044604925E-16));
#6228 = ORIENTED_EDGE('',*,*,#6229,.T.);
#6229 = EDGE_CURVE('',#6222,#6150,#6230,.T.);
#6230 = LINE('',#6231,#6232);
#6231 = CARTESIAN_POINT('',(-0.725,0.13,1.945));
#6232 = VECTOR('',#6233,1.);
#6233 = DIRECTION('',(-1.,0.,0.));
#6234 = ORIENTED_EDGE('',*,*,#6149,.F.);
#6235 = ORIENTED_EDGE('',*,*,#3869,.F.);
#6236 = PLANE('',#6237);
#6237 = AXIS2_PLACEMENT_3D('',#6238,#6239,#6240);
#6238 = CARTESIAN_POINT('',(-0.725,-2.47,1.945));
#6239 = DIRECTION('',(0.,2.22044604925E-16,1.));
#6240 = DIRECTION('',(-1.,0.,0.));
#6241 = ADVANCED_FACE('',(#6242),#6260,.F.);
#6242 = FACE_BOUND('',#6243,.F.);
#6243 = EDGE_LOOP('',(#6244,#6245,#6253,#6259));
#6244 = ORIENTED_EDGE('',*,*,#6199,.T.);
#6245 = ORIENTED_EDGE('',*,*,#6246,.T.);
#6246 = EDGE_CURVE('',#6192,#6247,#6249,.T.);
#6247 = VERTEX_POINT('',#6248);
#6248 = CARTESIAN_POINT('',(0.525,0.13,2.145));
#6249 = LINE('',#6250,#6251);
#6250 = CARTESIAN_POINT('',(0.725,0.13,2.145));
#6251 = VECTOR('',#6252,1.);
#6252 = DIRECTION('',(-1.,0.,0.));
#6253 = ORIENTED_EDGE('',*,*,#6254,.F.);
#6254 = EDGE_CURVE('',#3942,#6247,#6255,.T.);
#6255 = LINE('',#6256,#6257);
#6256 = CARTESIAN_POINT('',(0.525,-2.47,2.145));
#6257 = VECTOR('',#6258,1.);
#6258 = DIRECTION('',(-0.,1.,-2.22044604925E-16));
#6259 = ORIENTED_EDGE('',*,*,#3949,.F.);
#6260 = PLANE('',#6261);
#6261 = AXIS2_PLACEMENT_3D('',#6262,#6263,#6264);
#6262 = CARTESIAN_POINT('',(0.725,-2.47,2.145));
#6263 = DIRECTION('',(0.,2.22044604925E-16,1.));
#6264 = DIRECTION('',(-1.,0.,0.));
#6265 = ADVANCED_FACE('',(#6266),#6300,.F.);
#6266 = FACE_BOUND('',#6267,.F.);
#6267 = EDGE_LOOP('',(#6268,#6269,#6277,#6285,#6293,#6299));
#6268 = ORIENTED_EDGE('',*,*,#3877,.F.);
#6269 = ORIENTED_EDGE('',*,*,#6270,.T.);
#6270 = EDGE_CURVE('',#3878,#6271,#6273,.T.);
#6271 = VERTEX_POINT('',#6272);
#6272 = CARTESIAN_POINT('',(-0.725,0.13,2.145));
#6273 = LINE('',#6274,#6275);
#6274 = CARTESIAN_POINT('',(-0.725,-2.47,2.145));
#6275 = VECTOR('',#6276,1.);
#6276 = DIRECTION('',(-0.,1.,-2.22044604925E-16));
#6277 = ORIENTED_EDGE('',*,*,#6278,.T.);
#6278 = EDGE_CURVE('',#6271,#6279,#6281,.T.);
#6279 = VERTEX_POINT('',#6280);
#6280 = CARTESIAN_POINT('',(-0.725,0.13,2.0696));
#6281 = LINE('',#6282,#6283);
#6282 = CARTESIAN_POINT('',(-0.725,0.13,2.145));
#6283 = VECTOR('',#6284,1.);
#6284 = DIRECTION('',(0.,-2.22044604925E-16,-1.));
#6285 = ORIENTED_EDGE('',*,*,#6286,.T.);
#6286 = EDGE_CURVE('',#6279,#6287,#6289,.T.);
#6287 = VERTEX_POINT('',#6288);
#6288 = CARTESIAN_POINT('',(-0.725,-2.2446,2.0696));
#6289 = LINE('',#6290,#6291);
#6290 = CARTESIAN_POINT('',(-0.725,1.1054,2.0696));
#6291 = VECTOR('',#6292,1.);
#6292 = DIRECTION('',(0.,-1.,0.));
#6293 = ORIENTED_EDGE('',*,*,#6294,.T.);
#6294 = EDGE_CURVE('',#6287,#6214,#6295,.T.);
#6295 = LINE('',#6296,#6297);
#6296 = CARTESIAN_POINT('',(-0.725,-2.2446,2.0696));
#6297 = VECTOR('',#6298,1.);
#6298 = DIRECTION('',(0.,0.707106781187,-0.707106781187));
#6299 = ORIENTED_EDGE('',*,*,#6213,.F.);
#6300 = PLANE('',#6301);
#6301 = AXIS2_PLACEMENT_3D('',#6302,#6303,#6304);
#6302 = CARTESIAN_POINT('',(-0.725,-2.47,2.145));
#6303 = DIRECTION('',(-1.,0.,0.));
#6304 = DIRECTION('',(-0.,-2.22044604925E-16,-1.));
#6305 = ADVANCED_FACE('',(#6306),#6340,.F.);
#6306 = FACE_BOUND('',#6307,.F.);
#6307 = EDGE_LOOP('',(#6308,#6309,#6310,#6318,#6326,#6334));
#6308 = ORIENTED_EDGE('',*,*,#3941,.F.);
#6309 = ORIENTED_EDGE('',*,*,#6254,.T.);
#6310 = ORIENTED_EDGE('',*,*,#6311,.T.);
#6311 = EDGE_CURVE('',#6247,#6312,#6314,.T.);
#6312 = VERTEX_POINT('',#6313);
#6313 = CARTESIAN_POINT('',(0.525,0.13,2.0696));
#6314 = LINE('',#6315,#6316);
#6315 = CARTESIAN_POINT('',(0.525,0.13,2.145));
#6316 = VECTOR('',#6317,1.);
#6317 = DIRECTION('',(0.,-2.22044604925E-16,-1.));
#6318 = ORIENTED_EDGE('',*,*,#6319,.T.);
#6319 = EDGE_CURVE('',#6312,#6320,#6322,.T.);
#6320 = VERTEX_POINT('',#6321);
#6321 = CARTESIAN_POINT('',(0.525,-2.2446,2.0696));
#6322 = LINE('',#6323,#6324);
#6323 = CARTESIAN_POINT('',(0.525,1.1054,2.0696));
#6324 = VECTOR('',#6325,1.);
#6325 = DIRECTION('',(0.,-1.,0.));
#6326 = ORIENTED_EDGE('',*,*,#6327,.T.);
#6327 = EDGE_CURVE('',#6320,#6328,#6330,.T.);
#6328 = VERTEX_POINT('',#6329);
#6329 = CARTESIAN_POINT('',(0.525,-2.12,1.945));
#6330 = LINE('',#6331,#6332);
#6331 = CARTESIAN_POINT('',(0.525,-2.2446,2.0696));
#6332 = VECTOR('',#6333,1.);
#6333 = DIRECTION('',(0.,0.707106781187,-0.707106781187));
#6334 = ORIENTED_EDGE('',*,*,#6335,.F.);
#6335 = EDGE_CURVE('',#3934,#6328,#6336,.T.);
#6336 = LINE('',#6337,#6338);
#6337 = CARTESIAN_POINT('',(0.525,-2.47,1.945));
#6338 = VECTOR('',#6339,1.);
#6339 = DIRECTION('',(-0.,1.,-2.22044604925E-16));
#6340 = PLANE('',#6341);
#6341 = AXIS2_PLACEMENT_3D('',#6342,#6343,#6344);
#6342 = CARTESIAN_POINT('',(0.525,-2.47,2.145));
#6343 = DIRECTION('',(-1.,0.,0.));
#6344 = DIRECTION('',(-0.,-2.22044604925E-16,-1.));
#6345 = ADVANCED_FACE('',(#6346),#6364,.F.);
#6346 = FACE_BOUND('',#6347,.F.);
#6347 = EDGE_LOOP('',(#6348,#6356,#6362,#6363));
#6348 = ORIENTED_EDGE('',*,*,#6349,.T.);
#6349 = EDGE_CURVE('',#3886,#6350,#6352,.T.);
#6350 = VERTEX_POINT('',#6351);
#6351 = CARTESIAN_POINT('',(-0.525,0.13,2.145));
#6352 = LINE('',#6353,#6354);
#6353 = CARTESIAN_POINT('',(-0.525,-2.47,2.145));
#6354 = VECTOR('',#6355,1.);
#6355 = DIRECTION('',(-0.,1.,-2.22044604925E-16));
#6356 = ORIENTED_EDGE('',*,*,#6357,.T.);
#6357 = EDGE_CURVE('',#6350,#6271,#6358,.T.);
#6358 = LINE('',#6359,#6360);
#6359 = CARTESIAN_POINT('',(-0.525,0.13,2.145));
#6360 = VECTOR('',#6361,1.);
#6361 = DIRECTION('',(-1.,0.,0.));
#6362 = ORIENTED_EDGE('',*,*,#6270,.F.);
#6363 = ORIENTED_EDGE('',*,*,#3885,.F.);
#6364 = PLANE('',#6365);
#6365 = AXIS2_PLACEMENT_3D('',#6366,#6367,#6368);
#6366 = CARTESIAN_POINT('',(-0.525,-2.47,2.145));
#6367 = DIRECTION('',(0.,2.22044604925E-16,1.));
#6368 = DIRECTION('',(-1.,0.,0.));
#6369 = ADVANCED_FACE('',(#6370),#6396,.F.);
#6370 = FACE_BOUND('',#6371,.F.);
#6371 = EDGE_LOOP('',(#6372,#6373,#6381,#6389,#6395));
#6372 = ORIENTED_EDGE('',*,*,#6335,.T.);
#6373 = ORIENTED_EDGE('',*,*,#6374,.T.);
#6374 = EDGE_CURVE('',#6328,#6375,#6377,.T.);
#6375 = VERTEX_POINT('',#6376);
#6376 = CARTESIAN_POINT('',(0.525,0.13,1.945));
#6377 = LINE('',#6378,#6379);
#6378 = CARTESIAN_POINT('',(0.525,-2.47,1.945));
#6379 = VECTOR('',#6380,1.);
#6380 = DIRECTION('',(-0.,1.,-2.22044604925E-16));
#6381 = ORIENTED_EDGE('',*,*,#6382,.T.);
#6382 = EDGE_CURVE('',#6375,#6383,#6385,.T.);
#6383 = VERTEX_POINT('',#6384);
#6384 = CARTESIAN_POINT('',(0.375,0.13,1.945));
#6385 = LINE('',#6386,#6387);
#6386 = CARTESIAN_POINT('',(0.525,0.13,1.945));
#6387 = VECTOR('',#6388,1.);
#6388 = DIRECTION('',(-1.,0.,0.));
#6389 = ORIENTED_EDGE('',*,*,#6390,.F.);
#6390 = EDGE_CURVE('',#3926,#6383,#6391,.T.);
#6391 = LINE('',#6392,#6393);
#6392 = CARTESIAN_POINT('',(0.375,-2.47,1.945));
#6393 = VECTOR('',#6394,1.);
#6394 = DIRECTION('',(-0.,1.,-2.22044604925E-16));
#6395 = ORIENTED_EDGE('',*,*,#3933,.F.);
#6396 = PLANE('',#6397);
#6397 = AXIS2_PLACEMENT_3D('',#6398,#6399,#6400);
#6398 = CARTESIAN_POINT('',(0.525,-2.47,1.945));
#6399 = DIRECTION('',(0.,2.22044604925E-16,1.));
#6400 = DIRECTION('',(-1.,0.,0.));
#6401 = ADVANCED_FACE('',(#6402),#6436,.F.);
#6402 = FACE_BOUND('',#6403,.F.);
#6403 = EDGE_LOOP('',(#6404,#6405,#6413,#6421,#6429,#6435));
#6404 = ORIENTED_EDGE('',*,*,#3893,.F.);
#6405 = ORIENTED_EDGE('',*,*,#6406,.T.);
#6406 = EDGE_CURVE('',#3894,#6407,#6409,.T.);
#6407 = VERTEX_POINT('',#6408);
#6408 = CARTESIAN_POINT('',(-0.525,-2.12,1.945));
#6409 = LINE('',#6410,#6411);
#6410 = CARTESIAN_POINT('',(-0.525,-2.47,1.945));
#6411 = VECTOR('',#6412,1.);
#6412 = DIRECTION('',(-0.,1.,-2.22044604925E-16));
#6413 = ORIENTED_EDGE('',*,*,#6414,.F.);
#6414 = EDGE_CURVE('',#6415,#6407,#6417,.T.);
#6415 = VERTEX_POINT('',#6416);
#6416 = CARTESIAN_POINT('',(-0.525,-2.2446,2.0696));
#6417 = LINE('',#6418,#6419);
#6418 = CARTESIAN_POINT('',(-0.525,-2.2446,2.0696));
#6419 = VECTOR('',#6420,1.);
#6420 = DIRECTION('',(0.,0.707106781187,-0.707106781187));
#6421 = ORIENTED_EDGE('',*,*,#6422,.F.);
#6422 = EDGE_CURVE('',#6423,#6415,#6425,.T.);
#6423 = VERTEX_POINT('',#6424);
#6424 = CARTESIAN_POINT('',(-0.525,0.13,2.0696));
#6425 = LINE('',#6426,#6427);
#6426 = CARTESIAN_POINT('',(-0.525,1.1054,2.0696));
#6427 = VECTOR('',#6428,1.);
#6428 = DIRECTION('',(0.,-1.,0.));
#6429 = ORIENTED_EDGE('',*,*,#6430,.T.);
#6430 = EDGE_CURVE('',#6423,#6350,#6431,.T.);
#6431 = LINE('',#6432,#6433);
#6432 = CARTESIAN_POINT('',(-0.525,0.13,1.945));
#6433 = VECTOR('',#6434,1.);
#6434 = DIRECTION('',(0.,2.22044604925E-16,1.));
#6435 = ORIENTED_EDGE('',*,*,#6349,.F.);
#6436 = PLANE('',#6437);
#6437 = AXIS2_PLACEMENT_3D('',#6438,#6439,#6440);
#6438 = CARTESIAN_POINT('',(-0.525,-2.47,1.945));
#6439 = DIRECTION('',(1.,0.,0.));
#6440 = DIRECTION('',(-0.,2.22044604925E-16,1.));
#6441 = ADVANCED_FACE('',(#6442),#6460,.F.);
#6442 = FACE_BOUND('',#6443,.F.);
#6443 = EDGE_LOOP('',(#6444,#6445,#6453,#6459));
#6444 = ORIENTED_EDGE('',*,*,#6390,.T.);
#6445 = ORIENTED_EDGE('',*,*,#6446,.T.);
#6446 = EDGE_CURVE('',#6383,#6447,#6449,.T.);
#6447 = VERTEX_POINT('',#6448);
#6448 = CARTESIAN_POINT('',(0.375,0.13,2.145));
#6449 = LINE('',#6450,#6451);
#6450 = CARTESIAN_POINT('',(0.375,0.13,1.945));
#6451 = VECTOR('',#6452,1.);
#6452 = DIRECTION('',(0.,2.22044604925E-16,1.));
#6453 = ORIENTED_EDGE('',*,*,#6454,.F.);
#6454 = EDGE_CURVE('',#3918,#6447,#6455,.T.);
#6455 = LINE('',#6456,#6457);
#6456 = CARTESIAN_POINT('',(0.375,-2.47,2.145));
#6457 = VECTOR('',#6458,1.);
#6458 = DIRECTION('',(-0.,1.,-2.22044604925E-16));
#6459 = ORIENTED_EDGE('',*,*,#3925,.F.);
#6460 = PLANE('',#6461);
#6461 = AXIS2_PLACEMENT_3D('',#6462,#6463,#6464);
#6462 = CARTESIAN_POINT('',(0.375,-2.47,1.945));
#6463 = DIRECTION('',(1.,0.,0.));
#6464 = DIRECTION('',(-0.,2.22044604925E-16,1.));
#6465 = ADVANCED_FACE('',(#6466),#6492,.F.);
#6466 = FACE_BOUND('',#6467,.F.);
#6467 = EDGE_LOOP('',(#6468,#6476,#6484,#6490,#6491));
#6468 = ORIENTED_EDGE('',*,*,#6469,.T.);
#6469 = EDGE_CURVE('',#3902,#6470,#6472,.T.);
#6470 = VERTEX_POINT('',#6471);
#6471 = CARTESIAN_POINT('',(-0.375,0.13,1.945));
#6472 = LINE('',#6473,#6474);
#6473 = CARTESIAN_POINT('',(-0.375,-2.47,1.945));
#6474 = VECTOR('',#6475,1.);
#6475 = DIRECTION('',(-0.,1.,-2.22044604925E-16));
#6476 = ORIENTED_EDGE('',*,*,#6477,.T.);
#6477 = EDGE_CURVE('',#6470,#6478,#6480,.T.);
#6478 = VERTEX_POINT('',#6479);
#6479 = CARTESIAN_POINT('',(-0.525,0.13,1.945));
#6480 = LINE('',#6481,#6482);
#6481 = CARTESIAN_POINT('',(-0.375,0.13,1.945));
#6482 = VECTOR('',#6483,1.);
#6483 = DIRECTION('',(-1.,0.,0.));
#6484 = ORIENTED_EDGE('',*,*,#6485,.F.);
#6485 = EDGE_CURVE('',#6407,#6478,#6486,.T.);
#6486 = LINE('',#6487,#6488);
#6487 = CARTESIAN_POINT('',(-0.525,-2.47,1.945));
#6488 = VECTOR('',#6489,1.);
#6489 = DIRECTION('',(-0.,1.,-2.22044604925E-16));
#6490 = ORIENTED_EDGE('',*,*,#6406,.F.);
#6491 = ORIENTED_EDGE('',*,*,#3901,.F.);
#6492 = PLANE('',#6493);
#6493 = AXIS2_PLACEMENT_3D('',#6494,#6495,#6496);
#6494 = CARTESIAN_POINT('',(-0.375,-2.47,1.945));
#6495 = DIRECTION('',(0.,2.22044604925E-16,1.));
#6496 = DIRECTION('',(-1.,0.,0.));
#6497 = ADVANCED_FACE('',(#6498),#6516,.F.);
#6498 = FACE_BOUND('',#6499,.F.);
#6499 = EDGE_LOOP('',(#6500,#6501,#6509,#6515));
#6500 = ORIENTED_EDGE('',*,*,#6454,.T.);
#6501 = ORIENTED_EDGE('',*,*,#6502,.T.);
#6502 = EDGE_CURVE('',#6447,#6503,#6505,.T.);
#6503 = VERTEX_POINT('',#6504);
#6504 = CARTESIAN_POINT('',(-0.375,0.13,2.145));
#6505 = LINE('',#6506,#6507);
#6506 = CARTESIAN_POINT('',(0.375,0.13,2.145));
#6507 = VECTOR('',#6508,1.);
#6508 = DIRECTION('',(-1.,0.,0.));
#6509 = ORIENTED_EDGE('',*,*,#6510,.F.);
#6510 = EDGE_CURVE('',#3910,#6503,#6511,.T.);
#6511 = LINE('',#6512,#6513);
#6512 = CARTESIAN_POINT('',(-0.375,-2.47,2.145));
#6513 = VECTOR('',#6514,1.);
#6514 = DIRECTION('',(-0.,1.,-2.22044604925E-16));
#6515 = ORIENTED_EDGE('',*,*,#3917,.F.);
#6516 = PLANE('',#6517);
#6517 = AXIS2_PLACEMENT_3D('',#6518,#6519,#6520);
#6518 = CARTESIAN_POINT('',(0.375,-2.47,2.145));
#6519 = DIRECTION('',(0.,2.22044604925E-16,1.));
#6520 = DIRECTION('',(-1.,0.,0.));
#6521 = ADVANCED_FACE('',(#6522),#6533,.F.);
#6522 = FACE_BOUND('',#6523,.F.);
#6523 = EDGE_LOOP('',(#6524,#6525,#6531,#6532));
#6524 = ORIENTED_EDGE('',*,*,#6510,.T.);
#6525 = ORIENTED_EDGE('',*,*,#6526,.T.);
#6526 = EDGE_CURVE('',#6503,#6470,#6527,.T.);
#6527 = LINE('',#6528,#6529);
#6528 = CARTESIAN_POINT('',(-0.375,0.13,2.145));
#6529 = VECTOR('',#6530,1.);
#6530 = DIRECTION('',(0.,-2.22044604925E-16,-1.));
#6531 = ORIENTED_EDGE('',*,*,#6469,.F.);
#6532 = ORIENTED_EDGE('',*,*,#3909,.F.);
#6533 = PLANE('',#6534);
#6534 = AXIS2_PLACEMENT_3D('',#6535,#6536,#6537);
#6535 = CARTESIAN_POINT('',(-0.375,-2.47,2.145));
#6536 = DIRECTION('',(-1.,0.,0.));
#6537 = DIRECTION('',(-0.,-2.22044604925E-16,-1.));
#6538 = ADVANCED_FACE('',(#6539),#6564,.T.);
#6539 = FACE_BOUND('',#6540,.T.);
#6540 = EDGE_LOOP('',(#6541,#6549,#6557,#6563));
#6541 = ORIENTED_EDGE('',*,*,#6542,.F.);
#6542 = EDGE_CURVE('',#6543,#4070,#6545,.T.);
#6543 = VERTEX_POINT('',#6544);
#6544 = CARTESIAN_POINT('',(-3.775,-1.47,3.295));
#6545 = LINE('',#6546,#6547);
#6546 = CARTESIAN_POINT('',(-3.775,-1.47,3.295));
#6547 = VECTOR('',#6548,1.);
#6548 = DIRECTION('',(0.,-1.,2.22044604925E-16));
#6549 = ORIENTED_EDGE('',*,*,#6550,.T.);
#6550 = EDGE_CURVE('',#6543,#6551,#6553,.T.);
#6551 = VERTEX_POINT('',#6552);
#6552 = CARTESIAN_POINT('',(-3.775,-1.47,3.895));
#6553 = LINE('',#6554,#6555);
#6554 = CARTESIAN_POINT('',(-3.775,-1.47,3.295));
#6555 = VECTOR('',#6556,1.);
#6556 = DIRECTION('',(0.,2.22044604925E-16,1.));
#6557 = ORIENTED_EDGE('',*,*,#6558,.T.);
#6558 = EDGE_CURVE('',#6551,#4072,#6559,.T.);
#6559 = LINE('',#6560,#6561);
#6560 = CARTESIAN_POINT('',(-3.775,-1.47,3.895));
#6561 = VECTOR('',#6562,1.);
#6562 = DIRECTION('',(0.,-1.,2.22044604925E-16));
#6563 = ORIENTED_EDGE('',*,*,#4069,.F.);
#6564 = PLANE('',#6565);
#6565 = AXIS2_PLACEMENT_3D('',#6566,#6567,#6568);
#6566 = CARTESIAN_POINT('',(-3.775,-1.47,3.295));
#6567 = DIRECTION('',(1.,0.,0.));
#6568 = DIRECTION('',(0.,-1.,2.22044604925E-16));
#6569 = ADVANCED_FACE('',(#6570),#6588,.F.);
#6570 = FACE_BOUND('',#6571,.F.);
#6571 = EDGE_LOOP('',(#6572,#6580,#6581,#6582));
#6572 = ORIENTED_EDGE('',*,*,#6573,.F.);
#6573 = EDGE_CURVE('',#6551,#6574,#6576,.T.);
#6574 = VERTEX_POINT('',#6575);
#6575 = CARTESIAN_POINT('',(-2.675,-1.47,3.895));
#6576 = LINE('',#6577,#6578);
#6577 = CARTESIAN_POINT('',(-3.775,-1.47,3.895));
#6578 = VECTOR('',#6579,1.);
#6579 = DIRECTION('',(1.,0.,0.));
#6580 = ORIENTED_EDGE('',*,*,#6558,.T.);
#6581 = ORIENTED_EDGE('',*,*,#4079,.T.);
#6582 = ORIENTED_EDGE('',*,*,#6583,.F.);
#6583 = EDGE_CURVE('',#6574,#4080,#6584,.T.);
#6584 = LINE('',#6585,#6586);
#6585 = CARTESIAN_POINT('',(-2.675,-1.47,3.895));
#6586 = VECTOR('',#6587,1.);
#6587 = DIRECTION('',(0.,-1.,2.22044604925E-16));
#6588 = PLANE('',#6589);
#6589 = AXIS2_PLACEMENT_3D('',#6590,#6591,#6592);
#6590 = CARTESIAN_POINT('',(-3.775,-1.47,3.895));
#6591 = DIRECTION('',(0.,2.22044604925E-16,1.));
#6592 = DIRECTION('',(0.,-1.,2.22044604925E-16));
#6593 = ADVANCED_FACE('',(#6594),#6612,.T.);
#6594 = FACE_BOUND('',#6595,.T.);
#6595 = EDGE_LOOP('',(#6596,#6604,#6605,#6606));
#6596 = ORIENTED_EDGE('',*,*,#6597,.F.);
#6597 = EDGE_CURVE('',#6543,#6598,#6600,.T.);
#6598 = VERTEX_POINT('',#6599);
#6599 = CARTESIAN_POINT('',(-2.675,-1.47,3.295));
#6600 = LINE('',#6601,#6602);
#6601 = CARTESIAN_POINT('',(-3.775,-1.47,3.295));
#6602 = VECTOR('',#6603,1.);
#6603 = DIRECTION('',(1.,0.,0.));
#6604 = ORIENTED_EDGE('',*,*,#6542,.T.);
#6605 = ORIENTED_EDGE('',*,*,#4095,.T.);
#6606 = ORIENTED_EDGE('',*,*,#6607,.F.);
#6607 = EDGE_CURVE('',#6598,#4088,#6608,.T.);
#6608 = LINE('',#6609,#6610);
#6609 = CARTESIAN_POINT('',(-2.675,-1.47,3.295));
#6610 = VECTOR('',#6611,1.);
#6611 = DIRECTION('',(0.,-1.,2.22044604925E-16));
#6612 = PLANE('',#6613);
#6613 = AXIS2_PLACEMENT_3D('',#6614,#6615,#6616);
#6614 = CARTESIAN_POINT('',(-3.775,-1.47,3.295));
#6615 = DIRECTION('',(0.,2.22044604925E-16,1.));
#6616 = DIRECTION('',(0.,-1.,2.22044604925E-16));
#6617 = ADVANCED_FACE('',(#6618),#6629,.F.);
#6618 = FACE_BOUND('',#6619,.F.);
#6619 = EDGE_LOOP('',(#6620,#6621,#6627,#6628));
#6620 = ORIENTED_EDGE('',*,*,#6607,.F.);
#6621 = ORIENTED_EDGE('',*,*,#6622,.T.);
#6622 = EDGE_CURVE('',#6598,#6574,#6623,.T.);
#6623 = LINE('',#6624,#6625);
#6624 = CARTESIAN_POINT('',(-2.675,-1.47,3.295));
#6625 = VECTOR('',#6626,1.);
#6626 = DIRECTION('',(0.,2.22044604925E-16,1.));
#6627 = ORIENTED_EDGE('',*,*,#6583,.T.);
#6628 = ORIENTED_EDGE('',*,*,#4087,.F.);
#6629 = PLANE('',#6630);
#6630 = AXIS2_PLACEMENT_3D('',#6631,#6632,#6633);
#6631 = CARTESIAN_POINT('',(-2.675,-1.47,3.295));
#6632 = DIRECTION('',(1.,0.,0.));
#6633 = DIRECTION('',(0.,-1.,2.22044604925E-16));
#6634 = ADVANCED_FACE('',(#6635),#6660,.T.);
#6635 = FACE_BOUND('',#6636,.T.);
#6636 = EDGE_LOOP('',(#6637,#6645,#6653,#6659));
#6637 = ORIENTED_EDGE('',*,*,#6638,.F.);
#6638 = EDGE_CURVE('',#6639,#4104,#6641,.T.);
#6639 = VERTEX_POINT('',#6640);
#6640 = CARTESIAN_POINT('',(2.675,-1.47,3.295));
#6641 = LINE('',#6642,#6643);
#6642 = CARTESIAN_POINT('',(2.675,-1.47,3.295));
#6643 = VECTOR('',#6644,1.);
#6644 = DIRECTION('',(0.,-1.,2.22044604925E-16));
#6645 = ORIENTED_EDGE('',*,*,#6646,.T.);
#6646 = EDGE_CURVE('',#6639,#6647,#6649,.T.);
#6647 = VERTEX_POINT('',#6648);
#6648 = CARTESIAN_POINT('',(2.675,-1.47,3.895));
#6649 = LINE('',#6650,#6651);
#6650 = CARTESIAN_POINT('',(2.675,-1.47,3.295));
#6651 = VECTOR('',#6652,1.);
#6652 = DIRECTION('',(0.,2.22044604925E-16,1.));
#6653 = ORIENTED_EDGE('',*,*,#6654,.T.);
#6654 = EDGE_CURVE('',#6647,#4106,#6655,.T.);
#6655 = LINE('',#6656,#6657);
#6656 = CARTESIAN_POINT('',(2.675,-1.47,3.895));
#6657 = VECTOR('',#6658,1.);
#6658 = DIRECTION('',(0.,-1.,2.22044604925E-16));
#6659 = ORIENTED_EDGE('',*,*,#4103,.F.);
#6660 = PLANE('',#6661);
#6661 = AXIS2_PLACEMENT_3D('',#6662,#6663,#6664);
#6662 = CARTESIAN_POINT('',(2.675,-1.47,3.295));
#6663 = DIRECTION('',(1.,0.,0.));
#6664 = DIRECTION('',(0.,-1.,2.22044604925E-16));
#6665 = ADVANCED_FACE('',(#6666),#6684,.F.);
#6666 = FACE_BOUND('',#6667,.F.);
#6667 = EDGE_LOOP('',(#6668,#6676,#6677,#6678));
#6668 = ORIENTED_EDGE('',*,*,#6669,.F.);
#6669 = EDGE_CURVE('',#6647,#6670,#6672,.T.);
#6670 = VERTEX_POINT('',#6671);
#6671 = CARTESIAN_POINT('',(3.775,-1.47,3.895));
#6672 = LINE('',#6673,#6674);
#6673 = CARTESIAN_POINT('',(2.675,-1.47,3.895));
#6674 = VECTOR('',#6675,1.);
#6675 = DIRECTION('',(1.,0.,0.));
#6676 = ORIENTED_EDGE('',*,*,#6654,.T.);
#6677 = ORIENTED_EDGE('',*,*,#4113,.T.);
#6678 = ORIENTED_EDGE('',*,*,#6679,.F.);
#6679 = EDGE_CURVE('',#6670,#4114,#6680,.T.);
#6680 = LINE('',#6681,#6682);
#6681 = CARTESIAN_POINT('',(3.775,-1.47,3.895));
#6682 = VECTOR('',#6683,1.);
#6683 = DIRECTION('',(0.,-1.,2.22044604925E-16));
#6684 = PLANE('',#6685);
#6685 = AXIS2_PLACEMENT_3D('',#6686,#6687,#6688);
#6686 = CARTESIAN_POINT('',(2.675,-1.47,3.895));
#6687 = DIRECTION('',(0.,2.22044604925E-16,1.));
#6688 = DIRECTION('',(0.,-1.,2.22044604925E-16));
#6689 = ADVANCED_FACE('',(#6690),#6708,.T.);
#6690 = FACE_BOUND('',#6691,.T.);
#6691 = EDGE_LOOP('',(#6692,#6700,#6701,#6702));
#6692 = ORIENTED_EDGE('',*,*,#6693,.F.);
#6693 = EDGE_CURVE('',#6639,#6694,#6696,.T.);
#6694 = VERTEX_POINT('',#6695);
#6695 = CARTESIAN_POINT('',(3.775,-1.47,3.295));
#6696 = LINE('',#6697,#6698);
#6697 = CARTESIAN_POINT('',(2.675,-1.47,3.295));
#6698 = VECTOR('',#6699,1.);
#6699 = DIRECTION('',(1.,0.,0.));
#6700 = ORIENTED_EDGE('',*,*,#6638,.T.);
#6701 = ORIENTED_EDGE('',*,*,#4129,.T.);
#6702 = ORIENTED_EDGE('',*,*,#6703,.F.);
#6703 = EDGE_CURVE('',#6694,#4122,#6704,.T.);
#6704 = LINE('',#6705,#6706);
#6705 = CARTESIAN_POINT('',(3.775,-1.47,3.295));
#6706 = VECTOR('',#6707,1.);
#6707 = DIRECTION('',(0.,-1.,2.22044604925E-16));
#6708 = PLANE('',#6709);
#6709 = AXIS2_PLACEMENT_3D('',#6710,#6711,#6712);
#6710 = CARTESIAN_POINT('',(2.675,-1.47,3.295));
#6711 = DIRECTION('',(0.,2.22044604925E-16,1.));
#6712 = DIRECTION('',(0.,-1.,2.22044604925E-16));
#6713 = ADVANCED_FACE('',(#6714),#6725,.F.);
#6714 = FACE_BOUND('',#6715,.F.);
#6715 = EDGE_LOOP('',(#6716,#6717,#6723,#6724));
#6716 = ORIENTED_EDGE('',*,*,#6703,.F.);
#6717 = ORIENTED_EDGE('',*,*,#6718,.T.);
#6718 = EDGE_CURVE('',#6694,#6670,#6719,.T.);
#6719 = LINE('',#6720,#6721);
#6720 = CARTESIAN_POINT('',(3.775,-1.47,3.295));
#6721 = VECTOR('',#6722,1.);
#6722 = DIRECTION('',(0.,2.22044604925E-16,1.));
#6723 = ORIENTED_EDGE('',*,*,#6679,.T.);
#6724 = ORIENTED_EDGE('',*,*,#4121,.F.);
#6725 = PLANE('',#6726);
#6726 = AXIS2_PLACEMENT_3D('',#6727,#6728,#6729);
#6727 = CARTESIAN_POINT('',(3.775,-1.47,3.295));
#6728 = DIRECTION('',(1.,0.,0.));
#6729 = DIRECTION('',(0.,-1.,2.22044604925E-16));
#6730 = ADVANCED_FACE('',(#6731),#6765,.F.);
#6731 = FACE_BOUND('',#6732,.F.);
#6732 = EDGE_LOOP('',(#6733,#6734,#6742,#6750,#6758,#6764));
#6733 = ORIENTED_EDGE('',*,*,#4320,.T.);
#6734 = ORIENTED_EDGE('',*,*,#6735,.T.);
#6735 = EDGE_CURVE('',#4313,#6736,#6738,.T.);
#6736 = VERTEX_POINT('',#6737);
#6737 = CARTESIAN_POINT('',(3.625,0.98,1.995));
#6738 = LINE('',#6739,#6740);
#6739 = CARTESIAN_POINT('',(3.625,1.58,1.995));
#6740 = VECTOR('',#6741,1.);
#6741 = DIRECTION('',(0.,-1.,2.22044604925E-16));
#6742 = ORIENTED_EDGE('',*,*,#6743,.T.);
#6743 = EDGE_CURVE('',#6736,#6744,#6746,.T.);
#6744 = VERTEX_POINT('',#6745);
#6745 = CARTESIAN_POINT('',(3.625,0.98,3.595));
#6746 = LINE('',#6747,#6748);
#6747 = CARTESIAN_POINT('',(3.625,0.98,1.995));
#6748 = VECTOR('',#6749,1.);
#6749 = DIRECTION('',(0.,2.22044604925E-16,1.));
#6750 = ORIENTED_EDGE('',*,*,#6751,.T.);
#6751 = EDGE_CURVE('',#6744,#6752,#6754,.T.);
#6752 = VERTEX_POINT('',#6753);
#6753 = CARTESIAN_POINT('',(3.625,-0.32,3.595));
#6754 = LINE('',#6755,#6756);
#6755 = CARTESIAN_POINT('',(3.625,0.98,3.595));
#6756 = VECTOR('',#6757,1.);
#6757 = DIRECTION('',(0.,-1.,2.22044604925E-16));
#6758 = ORIENTED_EDGE('',*,*,#6759,.T.);
#6759 = EDGE_CURVE('',#6752,#4178,#6760,.T.);
#6760 = LINE('',#6761,#6762);
#6761 = CARTESIAN_POINT('',(3.625,-0.32,3.595));
#6762 = VECTOR('',#6763,1.);
#6763 = DIRECTION('',(0.,2.22044604925E-16,1.));
#6764 = ORIENTED_EDGE('',*,*,#4185,.T.);
#6765 = PLANE('',#6766);
#6766 = AXIS2_PLACEMENT_3D('',#6767,#6768,#6769);
#6767 = CARTESIAN_POINT('',(3.625,0.880602409639,3.370602409639));
#6768 = DIRECTION('',(-1.,1.979652642008E-31,-1.895603593819E-31));
#6769 = DIRECTION('',(1.979652642008E-31,1.,-2.22044604925E-16));
#6770 = ADVANCED_FACE('',(#6771),#6782,.F.);
#6771 = FACE_BOUND('',#6772,.F.);
#6772 = EDGE_LOOP('',(#6773,#6779,#6780,#6781));
#6773 = ORIENTED_EDGE('',*,*,#6774,.T.);
#6774 = EDGE_CURVE('',#6752,#4756,#6775,.T.);
#6775 = LINE('',#6776,#6777);
#6776 = CARTESIAN_POINT('',(3.625,-0.32,3.595));
#6777 = VECTOR('',#6778,1.);
#6778 = DIRECTION('',(1.,0.,0.));
#6779 = ORIENTED_EDGE('',*,*,#4763,.T.);
#6780 = ORIENTED_EDGE('',*,*,#4177,.F.);
#6781 = ORIENTED_EDGE('',*,*,#6759,.F.);
#6782 = PLANE('',#6783);
#6783 = AXIS2_PLACEMENT_3D('',#6784,#6785,#6786);
#6784 = CARTESIAN_POINT('',(3.625,-0.32,3.595));
#6785 = DIRECTION('',(0.,-1.,2.22044604925E-16));
#6786 = DIRECTION('',(0.,2.22044604925E-16,1.));
#6787 = ADVANCED_FACE('',(#6788),#6796,.T.);
#6788 = FACE_BOUND('',#6789,.T.);
#6789 = EDGE_LOOP('',(#6790,#6791,#6792,#6793,#6794,#6795));
#6790 = ORIENTED_EDGE('',*,*,#4327,.T.);
#6791 = ORIENTED_EDGE('',*,*,#4279,.T.);
#6792 = ORIENTED_EDGE('',*,*,#4255,.T.);
#6793 = ORIENTED_EDGE('',*,*,#4231,.T.);
#6794 = ORIENTED_EDGE('',*,*,#4207,.T.);
#6795 = ORIENTED_EDGE('',*,*,#4153,.T.);
#6796 = PLANE('',#6797);
#6797 = AXIS2_PLACEMENT_3D('',#6798,#6799,#6800);
#6798 = CARTESIAN_POINT('',(-3.625,0.880602409639,3.370602409639));
#6799 = DIRECTION('',(-1.,1.979652642008E-31,-1.895603593819E-31));
#6800 = DIRECTION('',(1.979652642008E-31,1.,-2.22044604925E-16));
#6801 = ADVANCED_FACE('',(#6802),#6813,.F.);
#6802 = FACE_BOUND('',#6803,.F.);
#6803 = EDGE_LOOP('',(#6804,#6805,#6806,#6812));
#6804 = ORIENTED_EDGE('',*,*,#4312,.T.);
#6805 = ORIENTED_EDGE('',*,*,#4739,.T.);
#6806 = ORIENTED_EDGE('',*,*,#6807,.F.);
#6807 = EDGE_CURVE('',#6736,#4740,#6808,.T.);
#6808 = LINE('',#6809,#6810);
#6809 = CARTESIAN_POINT('',(3.625,0.98,1.995));
#6810 = VECTOR('',#6811,1.);
#6811 = DIRECTION('',(1.,0.,0.));
#6812 = ORIENTED_EDGE('',*,*,#6735,.F.);
#6813 = PLANE('',#6814);
#6814 = AXIS2_PLACEMENT_3D('',#6815,#6816,#6817);
#6815 = CARTESIAN_POINT('',(3.625,1.58,1.995));
#6816 = DIRECTION('',(0.,-2.22044604925E-16,-1.));
#6817 = DIRECTION('',(0.,-1.,2.22044604925E-16));
#6818 = ADVANCED_FACE('',(#6819),#6871,.F.);
#6819 = FACE_BOUND('',#6820,.F.);
#6820 = EDGE_LOOP('',(#6821,#6829,#6837,#6845,#6853,#6861,#6867,#6868,
    #6869,#6870));
#6821 = ORIENTED_EDGE('',*,*,#6822,.T.);
#6822 = EDGE_CURVE('',#4579,#6823,#6825,.T.);
#6823 = VERTEX_POINT('',#6824);
#6824 = CARTESIAN_POINT('',(-1.975,2.4754,0.));
#6825 = LINE('',#6826,#6827);
#6826 = CARTESIAN_POINT('',(-1.975,0.7054,-4.000000000001E-04));
#6827 = VECTOR('',#6828,1.);
#6828 = DIRECTION('',(0.,0.999999974465,2.259886947942E-04));
#6829 = ORIENTED_EDGE('',*,*,#6830,.T.);
#6830 = EDGE_CURVE('',#6823,#6831,#6833,.T.);
#6831 = VERTEX_POINT('',#6832);
#6832 = CARTESIAN_POINT('',(-1.975,2.4754,0.3));
#6833 = LINE('',#6834,#6835);
#6834 = CARTESIAN_POINT('',(-1.975,2.4754,0.));
#6835 = VECTOR('',#6836,1.);
#6836 = DIRECTION('',(-7.401486830834E-16,0.,1.));
#6837 = ORIENTED_EDGE('',*,*,#6838,.T.);
#6838 = EDGE_CURVE('',#6831,#6839,#6841,.T.);
#6839 = VERTEX_POINT('',#6840);
#6840 = CARTESIAN_POINT('',(-1.975,1.7754,0.3));
#6841 = LINE('',#6842,#6843);
#6842 = CARTESIAN_POINT('',(-1.975,2.4754,0.3));
#6843 = VECTOR('',#6844,1.);
#6844 = DIRECTION('',(0.,-1.,0.));
#6845 = ORIENTED_EDGE('',*,*,#6846,.T.);
#6846 = EDGE_CURVE('',#6839,#6847,#6849,.T.);
#6847 = VERTEX_POINT('',#6848);
#6848 = CARTESIAN_POINT('',(-1.975,1.7754,0.65));
#6849 = LINE('',#6850,#6851);
#6850 = CARTESIAN_POINT('',(-1.975,1.7754,0.3));
#6851 = VECTOR('',#6852,1.);
#6852 = DIRECTION('',(0.,0.,1.));
#6853 = ORIENTED_EDGE('',*,*,#6854,.T.);
#6854 = EDGE_CURVE('',#6847,#6855,#6857,.T.);
#6855 = VERTEX_POINT('',#6856);
#6856 = CARTESIAN_POINT('',(-1.975,1.1054,0.65));
#6857 = LINE('',#6858,#6859);
#6858 = CARTESIAN_POINT('',(-1.975,1.7754,0.65));
#6859 = VECTOR('',#6860,1.);
#6860 = DIRECTION('',(0.,-1.,0.));
#6861 = ORIENTED_EDGE('',*,*,#6862,.T.);
#6862 = EDGE_CURVE('',#6855,#4499,#6863,.T.);
#6863 = LINE('',#6864,#6865);
#6864 = CARTESIAN_POINT('',(-1.975,1.1054,0.65));
#6865 = VECTOR('',#6866,1.);
#6866 = DIRECTION('',(0.,0.,1.));
#6867 = ORIENTED_EDGE('',*,*,#4506,.T.);
#6868 = ORIENTED_EDGE('',*,*,#4530,.T.);
#6869 = ORIENTED_EDGE('',*,*,#4554,.T.);
#6870 = ORIENTED_EDGE('',*,*,#4578,.T.);
#6871 = PLANE('',#6872);
#6872 = AXIS2_PLACEMENT_3D('',#6873,#6874,#6875);
#6873 = CARTESIAN_POINT('',(-1.975,1.293108022955E-02,1.127283611688));
#6874 = DIRECTION('',(1.,-1.250603656852E-18,2.809082092746E-18));
#6875 = DIRECTION('',(-2.809082092746E-18,0.,1.));
#6876 = ADVANCED_FACE('',(#6877),#6895,.F.);
#6877 = FACE_BOUND('',#6878,.F.);
#6878 = EDGE_LOOP('',(#6879,#6880,#6888,#6894));
#6879 = ORIENTED_EDGE('',*,*,#6862,.F.);
#6880 = ORIENTED_EDGE('',*,*,#6881,.T.);
#6881 = EDGE_CURVE('',#6855,#6882,#6884,.T.);
#6882 = VERTEX_POINT('',#6883);
#6883 = CARTESIAN_POINT('',(-1.775,1.1054,0.65));
#6884 = LINE('',#6885,#6886);
#6885 = CARTESIAN_POINT('',(-1.975,1.1054,0.65));
#6886 = VECTOR('',#6887,1.);
#6887 = DIRECTION('',(1.,0.,0.));
#6888 = ORIENTED_EDGE('',*,*,#6889,.T.);
#6889 = EDGE_CURVE('',#6882,#4491,#6890,.T.);
#6890 = LINE('',#6891,#6892);
#6891 = CARTESIAN_POINT('',(-1.775,1.1054,0.65));
#6892 = VECTOR('',#6893,1.);
#6893 = DIRECTION('',(0.,0.,1.));
#6894 = ORIENTED_EDGE('',*,*,#4498,.T.);
#6895 = PLANE('',#6896);
#6896 = AXIS2_PLACEMENT_3D('',#6897,#6898,#6899);
#6897 = CARTESIAN_POINT('',(-1.975,1.1054,0.65));
#6898 = DIRECTION('',(0.,-1.,0.));
#6899 = DIRECTION('',(0.,0.,1.));
#6900 = ADVANCED_FACE('',(#6901),#6958,.T.);
#6901 = FACE_BOUND('',#6902,.T.);
#6902 = EDGE_LOOP('',(#6903,#6911,#6919,#6927,#6935,#6941,#6942,#6943,
    #6951,#6957));
#6903 = ORIENTED_EDGE('',*,*,#6904,.T.);
#6904 = EDGE_CURVE('',#4587,#6905,#6907,.T.);
#6905 = VERTEX_POINT('',#6906);
#6906 = CARTESIAN_POINT('',(-1.775,2.4754,0.));
#6907 = LINE('',#6908,#6909);
#6908 = CARTESIAN_POINT('',(-1.775,0.7054,-4.000000000001E-04));
#6909 = VECTOR('',#6910,1.);
#6910 = DIRECTION('',(0.,0.999999974465,2.259886947942E-04));
#6911 = ORIENTED_EDGE('',*,*,#6912,.T.);
#6912 = EDGE_CURVE('',#6905,#6913,#6915,.T.);
#6913 = VERTEX_POINT('',#6914);
#6914 = CARTESIAN_POINT('',(-1.775,2.4754,0.3));
#6915 = LINE('',#6916,#6917);
#6916 = CARTESIAN_POINT('',(-1.775,2.4754,0.));
#6917 = VECTOR('',#6918,1.);
#6918 = DIRECTION('',(-7.401486830834E-16,0.,1.));
#6919 = ORIENTED_EDGE('',*,*,#6920,.T.);
#6920 = EDGE_CURVE('',#6913,#6921,#6923,.T.);
#6921 = VERTEX_POINT('',#6922);
#6922 = CARTESIAN_POINT('',(-1.775,1.7754,0.3));
#6923 = LINE('',#6924,#6925);
#6924 = CARTESIAN_POINT('',(-1.775,2.4754,0.3));
#6925 = VECTOR('',#6926,1.);
#6926 = DIRECTION('',(0.,-1.,0.));
#6927 = ORIENTED_EDGE('',*,*,#6928,.T.);
#6928 = EDGE_CURVE('',#6921,#6929,#6931,.T.);
#6929 = VERTEX_POINT('',#6930);
#6930 = CARTESIAN_POINT('',(-1.775,1.7754,0.65));
#6931 = LINE('',#6932,#6933);
#6932 = CARTESIAN_POINT('',(-1.775,1.7754,0.3));
#6933 = VECTOR('',#6934,1.);
#6934 = DIRECTION('',(0.,0.,1.));
#6935 = ORIENTED_EDGE('',*,*,#6936,.T.);
#6936 = EDGE_CURVE('',#6929,#6882,#6937,.T.);
#6937 = LINE('',#6938,#6939);
#6938 = CARTESIAN_POINT('',(-1.775,1.7754,0.65));
#6939 = VECTOR('',#6940,1.);
#6940 = DIRECTION('',(0.,-1.,0.));
#6941 = ORIENTED_EDGE('',*,*,#6889,.T.);
#6942 = ORIENTED_EDGE('',*,*,#4490,.T.);
#6943 = ORIENTED_EDGE('',*,*,#6944,.T.);
#6944 = EDGE_CURVE('',#4483,#6945,#6947,.T.);
#6945 = VERTEX_POINT('',#6946);
#6946 = CARTESIAN_POINT('',(-1.775,1.08,0.195));
#6947 = LINE('',#6948,#6949);
#6948 = CARTESIAN_POINT('',(-1.775,1.08,1.036141805844));
#6949 = VECTOR('',#6950,1.);
#6950 = DIRECTION('',(2.809082092746E-18,-2.22044604925E-16,-1.));
#6951 = ORIENTED_EDGE('',*,*,#6952,.T.);
#6952 = EDGE_CURVE('',#6945,#4595,#6953,.T.);
#6953 = LINE('',#6954,#6955);
#6954 = CARTESIAN_POINT('',(-1.775,0.546465540115,0.195));
#6955 = VECTOR('',#6956,1.);
#6956 = DIRECTION('',(-1.250603656852E-18,-1.,2.22044604925E-16));
#6957 = ORIENTED_EDGE('',*,*,#4594,.T.);
#6958 = PLANE('',#6959);
#6959 = AXIS2_PLACEMENT_3D('',#6960,#6961,#6962);
#6960 = CARTESIAN_POINT('',(-1.775,1.293108022955E-02,1.127283611688));
#6961 = DIRECTION('',(1.,-1.250603656852E-18,2.809082092746E-18));
#6962 = DIRECTION('',(-2.809082092746E-18,0.,1.));
#6963 = ADVANCED_FACE('',(#6964),#6982,.T.);
#6964 = FACE_BOUND('',#6965,.T.);
#6965 = EDGE_LOOP('',(#6966,#6967,#6968,#6976));
#6966 = ORIENTED_EDGE('',*,*,#6944,.F.);
#6967 = ORIENTED_EDGE('',*,*,#4482,.T.);
#6968 = ORIENTED_EDGE('',*,*,#6969,.T.);
#6969 = EDGE_CURVE('',#4475,#6970,#6972,.T.);
#6970 = VERTEX_POINT('',#6971);
#6971 = CARTESIAN_POINT('',(-0.725,1.08,0.195));
#6972 = LINE('',#6973,#6974);
#6973 = CARTESIAN_POINT('',(-0.725,1.08,1.036141805844));
#6974 = VECTOR('',#6975,1.);
#6975 = DIRECTION('',(2.809082092746E-18,-2.22044604925E-16,-1.));
#6976 = ORIENTED_EDGE('',*,*,#6977,.F.);
#6977 = EDGE_CURVE('',#6945,#6970,#6978,.T.);
#6978 = LINE('',#6979,#6980);
#6979 = CARTESIAN_POINT('',(-4.125,1.08,0.195));
#6980 = VECTOR('',#6981,1.);
#6981 = DIRECTION('',(1.,0.,0.));
#6982 = PLANE('',#6983);
#6983 = AXIS2_PLACEMENT_3D('',#6984,#6985,#6986);
#6984 = CARTESIAN_POINT('',(-4.125,1.08,0.945));
#6985 = DIRECTION('',(0.,1.,-2.22044604925E-16));
#6986 = DIRECTION('',(0.,-2.22044604925E-16,-1.));
#6987 = ADVANCED_FACE('',(#6988),#7045,.F.);
#6988 = FACE_BOUND('',#6989,.F.);
#6989 = EDGE_LOOP('',(#6990,#6998,#7006,#7014,#7022,#7030,#7036,#7037,
    #7038,#7044));
#6990 = ORIENTED_EDGE('',*,*,#6991,.T.);
#6991 = EDGE_CURVE('',#4611,#6992,#6994,.T.);
#6992 = VERTEX_POINT('',#6993);
#6993 = CARTESIAN_POINT('',(-0.725,2.4754,0.));
#6994 = LINE('',#6995,#6996);
#6995 = CARTESIAN_POINT('',(-0.725,0.7054,-4.000000000001E-04));
#6996 = VECTOR('',#6997,1.);
#6997 = DIRECTION('',(0.,0.999999974465,2.259886947942E-04));
#6998 = ORIENTED_EDGE('',*,*,#6999,.T.);
#6999 = EDGE_CURVE('',#6992,#7000,#7002,.T.);
#7000 = VERTEX_POINT('',#7001);
#7001 = CARTESIAN_POINT('',(-0.725,2.4754,0.3));
#7002 = LINE('',#7003,#7004);
#7003 = CARTESIAN_POINT('',(-0.725,2.4754,0.));
#7004 = VECTOR('',#7005,1.);
#7005 = DIRECTION('',(-7.401486830834E-16,0.,1.));
#7006 = ORIENTED_EDGE('',*,*,#7007,.T.);
#7007 = EDGE_CURVE('',#7000,#7008,#7010,.T.);
#7008 = VERTEX_POINT('',#7009);
#7009 = CARTESIAN_POINT('',(-0.725,1.7754,0.3));
#7010 = LINE('',#7011,#7012);
#7011 = CARTESIAN_POINT('',(-0.725,2.4754,0.3));
#7012 = VECTOR('',#7013,1.);
#7013 = DIRECTION('',(0.,-1.,0.));
#7014 = ORIENTED_EDGE('',*,*,#7015,.T.);
#7015 = EDGE_CURVE('',#7008,#7016,#7018,.T.);
#7016 = VERTEX_POINT('',#7017);
#7017 = CARTESIAN_POINT('',(-0.725,1.7754,0.65));
#7018 = LINE('',#7019,#7020);
#7019 = CARTESIAN_POINT('',(-0.725,1.7754,0.3));
#7020 = VECTOR('',#7021,1.);
#7021 = DIRECTION('',(0.,0.,1.));
#7022 = ORIENTED_EDGE('',*,*,#7023,.T.);
#7023 = EDGE_CURVE('',#7016,#7024,#7026,.T.);
#7024 = VERTEX_POINT('',#7025);
#7025 = CARTESIAN_POINT('',(-0.725,1.1054,0.65));
#7026 = LINE('',#7027,#7028);
#7027 = CARTESIAN_POINT('',(-0.725,1.7754,0.65));
#7028 = VECTOR('',#7029,1.);
#7029 = DIRECTION('',(0.,-1.,0.));
#7030 = ORIENTED_EDGE('',*,*,#7031,.T.);
#7031 = EDGE_CURVE('',#7024,#4467,#7032,.T.);
#7032 = LINE('',#7033,#7034);
#7033 = CARTESIAN_POINT('',(-0.725,1.1054,0.65));
#7034 = VECTOR('',#7035,1.);
#7035 = DIRECTION('',(0.,0.,1.));
#7036 = ORIENTED_EDGE('',*,*,#4474,.T.);
#7037 = ORIENTED_EDGE('',*,*,#6969,.T.);
#7038 = ORIENTED_EDGE('',*,*,#7039,.T.);
#7039 = EDGE_CURVE('',#6970,#4603,#7040,.T.);
#7040 = LINE('',#7041,#7042);
#7041 = CARTESIAN_POINT('',(-0.725,0.546465540115,0.195));
#7042 = VECTOR('',#7043,1.);
#7043 = DIRECTION('',(-1.250603656852E-18,-1.,2.22044604925E-16));
#7044 = ORIENTED_EDGE('',*,*,#4610,.T.);
#7045 = PLANE('',#7046);
#7046 = AXIS2_PLACEMENT_3D('',#7047,#7048,#7049);
#7047 = CARTESIAN_POINT('',(-0.725,1.293108022955E-02,1.127283611688));
#7048 = DIRECTION('',(1.,-1.250603656852E-18,2.809082092746E-18));
#7049 = DIRECTION('',(-2.809082092746E-18,0.,1.));
#7050 = ADVANCED_FACE('',(#7051),#7069,.F.);
#7051 = FACE_BOUND('',#7052,.F.);
#7052 = EDGE_LOOP('',(#7053,#7054,#7062,#7068));
#7053 = ORIENTED_EDGE('',*,*,#7031,.F.);
#7054 = ORIENTED_EDGE('',*,*,#7055,.T.);
#7055 = EDGE_CURVE('',#7024,#7056,#7058,.T.);
#7056 = VERTEX_POINT('',#7057);
#7057 = CARTESIAN_POINT('',(-0.525,1.1054,0.65));
#7058 = LINE('',#7059,#7060);
#7059 = CARTESIAN_POINT('',(-0.725,1.1054,0.65));
#7060 = VECTOR('',#7061,1.);
#7061 = DIRECTION('',(1.,0.,0.));
#7062 = ORIENTED_EDGE('',*,*,#7063,.T.);
#7063 = EDGE_CURVE('',#7056,#4459,#7064,.T.);
#7064 = LINE('',#7065,#7066);
#7065 = CARTESIAN_POINT('',(-0.525,1.1054,0.65));
#7066 = VECTOR('',#7067,1.);
#7067 = DIRECTION('',(0.,0.,1.));
#7068 = ORIENTED_EDGE('',*,*,#4466,.T.);
#7069 = PLANE('',#7070);
#7070 = AXIS2_PLACEMENT_3D('',#7071,#7072,#7073);
#7071 = CARTESIAN_POINT('',(-0.725,1.1054,0.65));
#7072 = DIRECTION('',(0.,-1.,0.));
#7073 = DIRECTION('',(0.,0.,1.));
#7074 = ADVANCED_FACE('',(#7075),#7132,.T.);
#7075 = FACE_BOUND('',#7076,.T.);
#7076 = EDGE_LOOP('',(#7077,#7085,#7093,#7101,#7109,#7115,#7116,#7117,
    #7125,#7131));
#7077 = ORIENTED_EDGE('',*,*,#7078,.T.);
#7078 = EDGE_CURVE('',#4619,#7079,#7081,.T.);
#7079 = VERTEX_POINT('',#7080);
#7080 = CARTESIAN_POINT('',(-0.525,2.4754,0.));
#7081 = LINE('',#7082,#7083);
#7082 = CARTESIAN_POINT('',(-0.525,0.7054,-4.000000000001E-04));
#7083 = VECTOR('',#7084,1.);
#7084 = DIRECTION('',(0.,0.999999974465,2.259886947942E-04));
#7085 = ORIENTED_EDGE('',*,*,#7086,.T.);
#7086 = EDGE_CURVE('',#7079,#7087,#7089,.T.);
#7087 = VERTEX_POINT('',#7088);
#7088 = CARTESIAN_POINT('',(-0.525,2.4754,0.3));
#7089 = LINE('',#7090,#7091);
#7090 = CARTESIAN_POINT('',(-0.525,2.4754,0.));
#7091 = VECTOR('',#7092,1.);
#7092 = DIRECTION('',(-7.401486830834E-16,0.,1.));
#7093 = ORIENTED_EDGE('',*,*,#7094,.T.);
#7094 = EDGE_CURVE('',#7087,#7095,#7097,.T.);
#7095 = VERTEX_POINT('',#7096);
#7096 = CARTESIAN_POINT('',(-0.525,1.7754,0.3));
#7097 = LINE('',#7098,#7099);
#7098 = CARTESIAN_POINT('',(-0.525,2.4754,0.3));
#7099 = VECTOR('',#7100,1.);
#7100 = DIRECTION('',(0.,-1.,0.));
#7101 = ORIENTED_EDGE('',*,*,#7102,.T.);
#7102 = EDGE_CURVE('',#7095,#7103,#7105,.T.);
#7103 = VERTEX_POINT('',#7104);
#7104 = CARTESIAN_POINT('',(-0.525,1.7754,0.65));
#7105 = LINE('',#7106,#7107);
#7106 = CARTESIAN_POINT('',(-0.525,1.7754,0.3));
#7107 = VECTOR('',#7108,1.);
#7108 = DIRECTION('',(0.,0.,1.));
#7109 = ORIENTED_EDGE('',*,*,#7110,.T.);
#7110 = EDGE_CURVE('',#7103,#7056,#7111,.T.);
#7111 = LINE('',#7112,#7113);
#7112 = CARTESIAN_POINT('',(-0.525,1.7754,0.65));
#7113 = VECTOR('',#7114,1.);
#7114 = DIRECTION('',(0.,-1.,0.));
#7115 = ORIENTED_EDGE('',*,*,#7063,.T.);
#7116 = ORIENTED_EDGE('',*,*,#4458,.T.);
#7117 = ORIENTED_EDGE('',*,*,#7118,.T.);
#7118 = EDGE_CURVE('',#4451,#7119,#7121,.T.);
#7119 = VERTEX_POINT('',#7120);
#7120 = CARTESIAN_POINT('',(-0.525,1.08,0.195));
#7121 = LINE('',#7122,#7123);
#7122 = CARTESIAN_POINT('',(-0.525,1.08,1.036141805844));
#7123 = VECTOR('',#7124,1.);
#7124 = DIRECTION('',(2.809082092746E-18,-2.22044604925E-16,-1.));
#7125 = ORIENTED_EDGE('',*,*,#7126,.T.);
#7126 = EDGE_CURVE('',#7119,#4627,#7127,.T.);
#7127 = LINE('',#7128,#7129);
#7128 = CARTESIAN_POINT('',(-0.525,0.546465540115,0.195));
#7129 = VECTOR('',#7130,1.);
#7130 = DIRECTION('',(-1.250603656852E-18,-1.,2.22044604925E-16));
#7131 = ORIENTED_EDGE('',*,*,#4626,.T.);
#7132 = PLANE('',#7133);
#7133 = AXIS2_PLACEMENT_3D('',#7134,#7135,#7136);
#7134 = CARTESIAN_POINT('',(-0.525,1.293108022955E-02,1.127283611688));
#7135 = DIRECTION('',(1.,-1.250603656852E-18,2.809082092746E-18));
#7136 = DIRECTION('',(-2.809082092746E-18,0.,1.));
#7137 = ADVANCED_FACE('',(#7138),#7156,.T.);
#7138 = FACE_BOUND('',#7139,.T.);
#7139 = EDGE_LOOP('',(#7140,#7141,#7142,#7150));
#7140 = ORIENTED_EDGE('',*,*,#7118,.F.);
#7141 = ORIENTED_EDGE('',*,*,#4450,.T.);
#7142 = ORIENTED_EDGE('',*,*,#7143,.T.);
#7143 = EDGE_CURVE('',#4443,#7144,#7146,.T.);
#7144 = VERTEX_POINT('',#7145);
#7145 = CARTESIAN_POINT('',(0.525,1.08,0.195));
#7146 = LINE('',#7147,#7148);
#7147 = CARTESIAN_POINT('',(0.525,1.08,1.036141805844));
#7148 = VECTOR('',#7149,1.);
#7149 = DIRECTION('',(2.809082092746E-18,-2.22044604925E-16,-1.));
#7150 = ORIENTED_EDGE('',*,*,#7151,.F.);
#7151 = EDGE_CURVE('',#7119,#7144,#7152,.T.);
#7152 = LINE('',#7153,#7154);
#7153 = CARTESIAN_POINT('',(-4.125,1.08,0.195));
#7154 = VECTOR('',#7155,1.);
#7155 = DIRECTION('',(1.,0.,0.));
#7156 = PLANE('',#7157);
#7157 = AXIS2_PLACEMENT_3D('',#7158,#7159,#7160);
#7158 = CARTESIAN_POINT('',(-4.125,1.08,0.945));
#7159 = DIRECTION('',(0.,1.,-2.22044604925E-16));
#7160 = DIRECTION('',(0.,-2.22044604925E-16,-1.));
#7161 = ADVANCED_FACE('',(#7162),#7219,.F.);
#7162 = FACE_BOUND('',#7163,.F.);
#7163 = EDGE_LOOP('',(#7164,#7172,#7180,#7188,#7196,#7204,#7210,#7211,
    #7212,#7218));
#7164 = ORIENTED_EDGE('',*,*,#7165,.T.);
#7165 = EDGE_CURVE('',#4643,#7166,#7168,.T.);
#7166 = VERTEX_POINT('',#7167);
#7167 = CARTESIAN_POINT('',(0.525,2.4754,0.));
#7168 = LINE('',#7169,#7170);
#7169 = CARTESIAN_POINT('',(0.525,0.7054,-4.000000000001E-04));
#7170 = VECTOR('',#7171,1.);
#7171 = DIRECTION('',(0.,0.999999974465,2.259886947942E-04));
#7172 = ORIENTED_EDGE('',*,*,#7173,.T.);
#7173 = EDGE_CURVE('',#7166,#7174,#7176,.T.);
#7174 = VERTEX_POINT('',#7175);
#7175 = CARTESIAN_POINT('',(0.525,2.4754,0.3));
#7176 = LINE('',#7177,#7178);
#7177 = CARTESIAN_POINT('',(0.525,2.4754,0.));
#7178 = VECTOR('',#7179,1.);
#7179 = DIRECTION('',(-7.401486830834E-16,0.,1.));
#7180 = ORIENTED_EDGE('',*,*,#7181,.T.);
#7181 = EDGE_CURVE('',#7174,#7182,#7184,.T.);
#7182 = VERTEX_POINT('',#7183);
#7183 = CARTESIAN_POINT('',(0.525,1.7754,0.3));
#7184 = LINE('',#7185,#7186);
#7185 = CARTESIAN_POINT('',(0.525,2.4754,0.3));
#7186 = VECTOR('',#7187,1.);
#7187 = DIRECTION('',(0.,-1.,0.));
#7188 = ORIENTED_EDGE('',*,*,#7189,.T.);
#7189 = EDGE_CURVE('',#7182,#7190,#7192,.T.);
#7190 = VERTEX_POINT('',#7191);
#7191 = CARTESIAN_POINT('',(0.525,1.7754,0.65));
#7192 = LINE('',#7193,#7194);
#7193 = CARTESIAN_POINT('',(0.525,1.7754,0.3));
#7194 = VECTOR('',#7195,1.);
#7195 = DIRECTION('',(0.,0.,1.));
#7196 = ORIENTED_EDGE('',*,*,#7197,.T.);
#7197 = EDGE_CURVE('',#7190,#7198,#7200,.T.);
#7198 = VERTEX_POINT('',#7199);
#7199 = CARTESIAN_POINT('',(0.525,1.1054,0.65));
#7200 = LINE('',#7201,#7202);
#7201 = CARTESIAN_POINT('',(0.525,1.7754,0.65));
#7202 = VECTOR('',#7203,1.);
#7203 = DIRECTION('',(0.,-1.,0.));
#7204 = ORIENTED_EDGE('',*,*,#7205,.T.);
#7205 = EDGE_CURVE('',#7198,#4435,#7206,.T.);
#7206 = LINE('',#7207,#7208);
#7207 = CARTESIAN_POINT('',(0.525,1.1054,0.65));
#7208 = VECTOR('',#7209,1.);
#7209 = DIRECTION('',(0.,0.,1.));
#7210 = ORIENTED_EDGE('',*,*,#4442,.T.);
#7211 = ORIENTED_EDGE('',*,*,#7143,.T.);
#7212 = ORIENTED_EDGE('',*,*,#7213,.T.);
#7213 = EDGE_CURVE('',#7144,#4635,#7214,.T.);
#7214 = LINE('',#7215,#7216);
#7215 = CARTESIAN_POINT('',(0.525,0.546465540115,0.195));
#7216 = VECTOR('',#7217,1.);
#7217 = DIRECTION('',(-1.250603656852E-18,-1.,2.22044604925E-16));
#7218 = ORIENTED_EDGE('',*,*,#4642,.T.);
#7219 = PLANE('',#7220);
#7220 = AXIS2_PLACEMENT_3D('',#7221,#7222,#7223);
#7221 = CARTESIAN_POINT('',(0.525,1.293108022955E-02,1.127283611688));
#7222 = DIRECTION('',(1.,-1.250603656852E-18,2.809082092746E-18));
#7223 = DIRECTION('',(-2.809082092746E-18,0.,1.));
#7224 = ADVANCED_FACE('',(#7225),#7243,.F.);
#7225 = FACE_BOUND('',#7226,.F.);
#7226 = EDGE_LOOP('',(#7227,#7228,#7236,#7242));
#7227 = ORIENTED_EDGE('',*,*,#7205,.F.);
#7228 = ORIENTED_EDGE('',*,*,#7229,.T.);
#7229 = EDGE_CURVE('',#7198,#7230,#7232,.T.);
#7230 = VERTEX_POINT('',#7231);
#7231 = CARTESIAN_POINT('',(0.725,1.1054,0.65));
#7232 = LINE('',#7233,#7234);
#7233 = CARTESIAN_POINT('',(0.525,1.1054,0.65));
#7234 = VECTOR('',#7235,1.);
#7235 = DIRECTION('',(1.,0.,0.));
#7236 = ORIENTED_EDGE('',*,*,#7237,.T.);
#7237 = EDGE_CURVE('',#7230,#4427,#7238,.T.);
#7238 = LINE('',#7239,#7240);
#7239 = CARTESIAN_POINT('',(0.725,1.1054,0.65));
#7240 = VECTOR('',#7241,1.);
#7241 = DIRECTION('',(0.,0.,1.));
#7242 = ORIENTED_EDGE('',*,*,#4434,.T.);
#7243 = PLANE('',#7244);
#7244 = AXIS2_PLACEMENT_3D('',#7245,#7246,#7247);
#7245 = CARTESIAN_POINT('',(0.525,1.1054,0.65));
#7246 = DIRECTION('',(0.,-1.,0.));
#7247 = DIRECTION('',(0.,0.,1.));
#7248 = ADVANCED_FACE('',(#7249),#7306,.T.);
#7249 = FACE_BOUND('',#7250,.T.);
#7250 = EDGE_LOOP('',(#7251,#7259,#7267,#7275,#7283,#7289,#7290,#7291,
    #7299,#7305));
#7251 = ORIENTED_EDGE('',*,*,#7252,.T.);
#7252 = EDGE_CURVE('',#4651,#7253,#7255,.T.);
#7253 = VERTEX_POINT('',#7254);
#7254 = CARTESIAN_POINT('',(0.725,2.4754,0.));
#7255 = LINE('',#7256,#7257);
#7256 = CARTESIAN_POINT('',(0.725,0.7054,-4.000000000001E-04));
#7257 = VECTOR('',#7258,1.);
#7258 = DIRECTION('',(0.,0.999999974465,2.259886947942E-04));
#7259 = ORIENTED_EDGE('',*,*,#7260,.T.);
#7260 = EDGE_CURVE('',#7253,#7261,#7263,.T.);
#7261 = VERTEX_POINT('',#7262);
#7262 = CARTESIAN_POINT('',(0.725,2.4754,0.3));
#7263 = LINE('',#7264,#7265);
#7264 = CARTESIAN_POINT('',(0.725,2.4754,0.));
#7265 = VECTOR('',#7266,1.);
#7266 = DIRECTION('',(-7.401486830834E-16,0.,1.));
#7267 = ORIENTED_EDGE('',*,*,#7268,.T.);
#7268 = EDGE_CURVE('',#7261,#7269,#7271,.T.);
#7269 = VERTEX_POINT('',#7270);
#7270 = CARTESIAN_POINT('',(0.725,1.7754,0.3));
#7271 = LINE('',#7272,#7273);
#7272 = CARTESIAN_POINT('',(0.725,2.4754,0.3));
#7273 = VECTOR('',#7274,1.);
#7274 = DIRECTION('',(0.,-1.,0.));
#7275 = ORIENTED_EDGE('',*,*,#7276,.T.);
#7276 = EDGE_CURVE('',#7269,#7277,#7279,.T.);
#7277 = VERTEX_POINT('',#7278);
#7278 = CARTESIAN_POINT('',(0.725,1.7754,0.65));
#7279 = LINE('',#7280,#7281);
#7280 = CARTESIAN_POINT('',(0.725,1.7754,0.3));
#7281 = VECTOR('',#7282,1.);
#7282 = DIRECTION('',(0.,0.,1.));
#7283 = ORIENTED_EDGE('',*,*,#7284,.T.);
#7284 = EDGE_CURVE('',#7277,#7230,#7285,.T.);
#7285 = LINE('',#7286,#7287);
#7286 = CARTESIAN_POINT('',(0.725,1.7754,0.65));
#7287 = VECTOR('',#7288,1.);
#7288 = DIRECTION('',(0.,-1.,0.));
#7289 = ORIENTED_EDGE('',*,*,#7237,.T.);
#7290 = ORIENTED_EDGE('',*,*,#4426,.T.);
#7291 = ORIENTED_EDGE('',*,*,#7292,.T.);
#7292 = EDGE_CURVE('',#4419,#7293,#7295,.T.);
#7293 = VERTEX_POINT('',#7294);
#7294 = CARTESIAN_POINT('',(0.725,1.08,0.195));
#7295 = LINE('',#7296,#7297);
#7296 = CARTESIAN_POINT('',(0.725,1.08,1.036141805844));
#7297 = VECTOR('',#7298,1.);
#7298 = DIRECTION('',(2.809082092746E-18,-2.22044604925E-16,-1.));
#7299 = ORIENTED_EDGE('',*,*,#7300,.T.);
#7300 = EDGE_CURVE('',#7293,#4659,#7301,.T.);
#7301 = LINE('',#7302,#7303);
#7302 = CARTESIAN_POINT('',(0.725,0.546465540115,0.195));
#7303 = VECTOR('',#7304,1.);
#7304 = DIRECTION('',(-1.250603656852E-18,-1.,2.22044604925E-16));
#7305 = ORIENTED_EDGE('',*,*,#4658,.T.);
#7306 = PLANE('',#7307);
#7307 = AXIS2_PLACEMENT_3D('',#7308,#7309,#7310);
#7308 = CARTESIAN_POINT('',(0.725,1.293108022955E-02,1.127283611688));
#7309 = DIRECTION('',(1.,-1.250603656852E-18,2.809082092746E-18));
#7310 = DIRECTION('',(-2.809082092746E-18,0.,1.));
#7311 = ADVANCED_FACE('',(#7312),#7330,.T.);
#7312 = FACE_BOUND('',#7313,.T.);
#7313 = EDGE_LOOP('',(#7314,#7315,#7316,#7324));
#7314 = ORIENTED_EDGE('',*,*,#7292,.F.);
#7315 = ORIENTED_EDGE('',*,*,#4418,.T.);
#7316 = ORIENTED_EDGE('',*,*,#7317,.T.);
#7317 = EDGE_CURVE('',#4411,#7318,#7320,.T.);
#7318 = VERTEX_POINT('',#7319);
#7319 = CARTESIAN_POINT('',(1.775,1.08,0.195));
#7320 = LINE('',#7321,#7322);
#7321 = CARTESIAN_POINT('',(1.775,1.08,1.036141805844));
#7322 = VECTOR('',#7323,1.);
#7323 = DIRECTION('',(2.809082092746E-18,-2.22044604925E-16,-1.));
#7324 = ORIENTED_EDGE('',*,*,#7325,.F.);
#7325 = EDGE_CURVE('',#7293,#7318,#7326,.T.);
#7326 = LINE('',#7327,#7328);
#7327 = CARTESIAN_POINT('',(-4.125,1.08,0.195));
#7328 = VECTOR('',#7329,1.);
#7329 = DIRECTION('',(1.,0.,0.));
#7330 = PLANE('',#7331);
#7331 = AXIS2_PLACEMENT_3D('',#7332,#7333,#7334);
#7332 = CARTESIAN_POINT('',(-4.125,1.08,0.945));
#7333 = DIRECTION('',(0.,1.,-2.22044604925E-16));
#7334 = DIRECTION('',(0.,-2.22044604925E-16,-1.));
#7335 = ADVANCED_FACE('',(#7336),#7393,.F.);
#7336 = FACE_BOUND('',#7337,.F.);
#7337 = EDGE_LOOP('',(#7338,#7346,#7354,#7362,#7370,#7378,#7384,#7385,
    #7386,#7392));
#7338 = ORIENTED_EDGE('',*,*,#7339,.T.);
#7339 = EDGE_CURVE('',#4675,#7340,#7342,.T.);
#7340 = VERTEX_POINT('',#7341);
#7341 = CARTESIAN_POINT('',(1.775,2.4754,0.));
#7342 = LINE('',#7343,#7344);
#7343 = CARTESIAN_POINT('',(1.775,0.7054,-4.000000000001E-04));
#7344 = VECTOR('',#7345,1.);
#7345 = DIRECTION('',(0.,0.999999974465,2.259886947942E-04));
#7346 = ORIENTED_EDGE('',*,*,#7347,.T.);
#7347 = EDGE_CURVE('',#7340,#7348,#7350,.T.);
#7348 = VERTEX_POINT('',#7349);
#7349 = CARTESIAN_POINT('',(1.775,2.4754,0.3));
#7350 = LINE('',#7351,#7352);
#7351 = CARTESIAN_POINT('',(1.775,2.4754,0.));
#7352 = VECTOR('',#7353,1.);
#7353 = DIRECTION('',(-7.401486830834E-16,0.,1.));
#7354 = ORIENTED_EDGE('',*,*,#7355,.T.);
#7355 = EDGE_CURVE('',#7348,#7356,#7358,.T.);
#7356 = VERTEX_POINT('',#7357);
#7357 = CARTESIAN_POINT('',(1.775,1.7754,0.3));
#7358 = LINE('',#7359,#7360);
#7359 = CARTESIAN_POINT('',(1.775,2.4754,0.3));
#7360 = VECTOR('',#7361,1.);
#7361 = DIRECTION('',(0.,-1.,0.));
#7362 = ORIENTED_EDGE('',*,*,#7363,.T.);
#7363 = EDGE_CURVE('',#7356,#7364,#7366,.T.);
#7364 = VERTEX_POINT('',#7365);
#7365 = CARTESIAN_POINT('',(1.775,1.7754,0.65));
#7366 = LINE('',#7367,#7368);
#7367 = CARTESIAN_POINT('',(1.775,1.7754,0.3));
#7368 = VECTOR('',#7369,1.);
#7369 = DIRECTION('',(0.,0.,1.));
#7370 = ORIENTED_EDGE('',*,*,#7371,.T.);
#7371 = EDGE_CURVE('',#7364,#7372,#7374,.T.);
#7372 = VERTEX_POINT('',#7373);
#7373 = CARTESIAN_POINT('',(1.775,1.1054,0.65));
#7374 = LINE('',#7375,#7376);
#7375 = CARTESIAN_POINT('',(1.775,1.7754,0.65));
#7376 = VECTOR('',#7377,1.);
#7377 = DIRECTION('',(0.,-1.,0.));
#7378 = ORIENTED_EDGE('',*,*,#7379,.T.);
#7379 = EDGE_CURVE('',#7372,#4403,#7380,.T.);
#7380 = LINE('',#7381,#7382);
#7381 = CARTESIAN_POINT('',(1.775,1.1054,0.65));
#7382 = VECTOR('',#7383,1.);
#7383 = DIRECTION('',(0.,0.,1.));
#7384 = ORIENTED_EDGE('',*,*,#4410,.T.);
#7385 = ORIENTED_EDGE('',*,*,#7317,.T.);
#7386 = ORIENTED_EDGE('',*,*,#7387,.T.);
#7387 = EDGE_CURVE('',#7318,#4667,#7388,.T.);
#7388 = LINE('',#7389,#7390);
#7389 = CARTESIAN_POINT('',(1.775,0.546465540115,0.195));
#7390 = VECTOR('',#7391,1.);
#7391 = DIRECTION('',(-1.250603656852E-18,-1.,2.22044604925E-16));
#7392 = ORIENTED_EDGE('',*,*,#4674,.T.);
#7393 = PLANE('',#7394);
#7394 = AXIS2_PLACEMENT_3D('',#7395,#7396,#7397);
#7395 = CARTESIAN_POINT('',(1.775,1.293108022955E-02,1.127283611688));
#7396 = DIRECTION('',(1.,-1.250603656852E-18,2.809082092746E-18));
#7397 = DIRECTION('',(-2.809082092746E-18,0.,1.));
#7398 = ADVANCED_FACE('',(#7399),#7417,.F.);
#7399 = FACE_BOUND('',#7400,.F.);
#7400 = EDGE_LOOP('',(#7401,#7402,#7410,#7416));
#7401 = ORIENTED_EDGE('',*,*,#7379,.F.);
#7402 = ORIENTED_EDGE('',*,*,#7403,.T.);
#7403 = EDGE_CURVE('',#7372,#7404,#7406,.T.);
#7404 = VERTEX_POINT('',#7405);
#7405 = CARTESIAN_POINT('',(1.975,1.1054,0.65));
#7406 = LINE('',#7407,#7408);
#7407 = CARTESIAN_POINT('',(1.775,1.1054,0.65));
#7408 = VECTOR('',#7409,1.);
#7409 = DIRECTION('',(1.,0.,0.));
#7410 = ORIENTED_EDGE('',*,*,#7411,.T.);
#7411 = EDGE_CURVE('',#7404,#4395,#7412,.T.);
#7412 = LINE('',#7413,#7414);
#7413 = CARTESIAN_POINT('',(1.975,1.1054,0.65));
#7414 = VECTOR('',#7415,1.);
#7415 = DIRECTION('',(0.,0.,1.));
#7416 = ORIENTED_EDGE('',*,*,#4402,.T.);
#7417 = PLANE('',#7418);
#7418 = AXIS2_PLACEMENT_3D('',#7419,#7420,#7421);
#7419 = CARTESIAN_POINT('',(1.775,1.1054,0.65));
#7420 = DIRECTION('',(0.,-1.,0.));
#7421 = DIRECTION('',(0.,0.,1.));
#7422 = ADVANCED_FACE('',(#7423),#7480,.T.);
#7423 = FACE_BOUND('',#7424,.T.);
#7424 = EDGE_LOOP('',(#7425,#7433,#7441,#7449,#7457,#7463,#7464,#7465,
    #7473,#7479));
#7425 = ORIENTED_EDGE('',*,*,#7426,.T.);
#7426 = EDGE_CURVE('',#4683,#7427,#7429,.T.);
#7427 = VERTEX_POINT('',#7428);
#7428 = CARTESIAN_POINT('',(1.975,2.4754,0.));
#7429 = LINE('',#7430,#7431);
#7430 = CARTESIAN_POINT('',(1.975,0.7054,-4.000000000001E-04));
#7431 = VECTOR('',#7432,1.);
#7432 = DIRECTION('',(0.,0.999999974465,2.259886947942E-04));
#7433 = ORIENTED_EDGE('',*,*,#7434,.T.);
#7434 = EDGE_CURVE('',#7427,#7435,#7437,.T.);
#7435 = VERTEX_POINT('',#7436);
#7436 = CARTESIAN_POINT('',(1.975,2.4754,0.3));
#7437 = LINE('',#7438,#7439);
#7438 = CARTESIAN_POINT('',(1.975,2.4754,0.));
#7439 = VECTOR('',#7440,1.);
#7440 = DIRECTION('',(-7.401486830834E-16,0.,1.));
#7441 = ORIENTED_EDGE('',*,*,#7442,.T.);
#7442 = EDGE_CURVE('',#7435,#7443,#7445,.T.);
#7443 = VERTEX_POINT('',#7444);
#7444 = CARTESIAN_POINT('',(1.975,1.7754,0.3));
#7445 = LINE('',#7446,#7447);
#7446 = CARTESIAN_POINT('',(1.975,2.4754,0.3));
#7447 = VECTOR('',#7448,1.);
#7448 = DIRECTION('',(0.,-1.,0.));
#7449 = ORIENTED_EDGE('',*,*,#7450,.T.);
#7450 = EDGE_CURVE('',#7443,#7451,#7453,.T.);
#7451 = VERTEX_POINT('',#7452);
#7452 = CARTESIAN_POINT('',(1.975,1.7754,0.65));
#7453 = LINE('',#7454,#7455);
#7454 = CARTESIAN_POINT('',(1.975,1.7754,0.3));
#7455 = VECTOR('',#7456,1.);
#7456 = DIRECTION('',(0.,0.,1.));
#7457 = ORIENTED_EDGE('',*,*,#7458,.T.);
#7458 = EDGE_CURVE('',#7451,#7404,#7459,.T.);
#7459 = LINE('',#7460,#7461);
#7460 = CARTESIAN_POINT('',(1.975,1.7754,0.65));
#7461 = VECTOR('',#7462,1.);
#7462 = DIRECTION('',(0.,-1.,0.));
#7463 = ORIENTED_EDGE('',*,*,#7411,.T.);
#7464 = ORIENTED_EDGE('',*,*,#4394,.T.);
#7465 = ORIENTED_EDGE('',*,*,#7466,.T.);
#7466 = EDGE_CURVE('',#4387,#7467,#7469,.T.);
#7467 = VERTEX_POINT('',#7468);
#7468 = CARTESIAN_POINT('',(1.975,1.08,0.195));
#7469 = LINE('',#7470,#7471);
#7470 = CARTESIAN_POINT('',(1.975,1.08,1.036141805844));
#7471 = VECTOR('',#7472,1.);
#7472 = DIRECTION('',(2.809082092746E-18,-2.22044604925E-16,-1.));
#7473 = ORIENTED_EDGE('',*,*,#7474,.T.);
#7474 = EDGE_CURVE('',#7467,#4691,#7475,.T.);
#7475 = LINE('',#7476,#7477);
#7476 = CARTESIAN_POINT('',(1.975,0.546465540115,0.195));
#7477 = VECTOR('',#7478,1.);
#7478 = DIRECTION('',(-1.250603656852E-18,-1.,2.22044604925E-16));
#7479 = ORIENTED_EDGE('',*,*,#4690,.T.);
#7480 = PLANE('',#7481);
#7481 = AXIS2_PLACEMENT_3D('',#7482,#7483,#7484);
#7482 = CARTESIAN_POINT('',(1.975,1.293108022955E-02,1.127283611688));
#7483 = DIRECTION('',(1.,-1.250603656852E-18,2.809082092746E-18));
#7484 = DIRECTION('',(-2.809082092746E-18,0.,1.));
#7485 = ADVANCED_FACE('',(#7486),#7497,.T.);
#7486 = FACE_BOUND('',#7487,.T.);
#7487 = EDGE_LOOP('',(#7488,#7489,#7490,#7491));
#7488 = ORIENTED_EDGE('',*,*,#7466,.F.);
#7489 = ORIENTED_EDGE('',*,*,#4386,.T.);
#7490 = ORIENTED_EDGE('',*,*,#4731,.T.);
#7491 = ORIENTED_EDGE('',*,*,#7492,.F.);
#7492 = EDGE_CURVE('',#7467,#4724,#7493,.T.);
#7493 = LINE('',#7494,#7495);
#7494 = CARTESIAN_POINT('',(-4.125,1.08,0.195));
#7495 = VECTOR('',#7496,1.);
#7496 = DIRECTION('',(1.,0.,0.));
#7497 = PLANE('',#7498);
#7498 = AXIS2_PLACEMENT_3D('',#7499,#7500,#7501);
#7499 = CARTESIAN_POINT('',(-4.125,1.08,0.945));
#7500 = DIRECTION('',(0.,1.,-2.22044604925E-16));
#7501 = DIRECTION('',(0.,-2.22044604925E-16,-1.));
#7502 = ADVANCED_FACE('',(#7503),#7509,.T.);
#7503 = FACE_BOUND('',#7504,.T.);
#7504 = EDGE_LOOP('',(#7505,#7506,#7507,#7508));
#7505 = ORIENTED_EDGE('',*,*,#7474,.F.);
#7506 = ORIENTED_EDGE('',*,*,#7492,.T.);
#7507 = ORIENTED_EDGE('',*,*,#4723,.T.);
#7508 = ORIENTED_EDGE('',*,*,#4698,.F.);
#7509 = PLANE('',#7510);
#7510 = AXIS2_PLACEMENT_3D('',#7511,#7512,#7513);
#7511 = CARTESIAN_POINT('',(-4.125,1.08,0.195));
#7512 = DIRECTION('',(0.,-2.22044604925E-16,-1.));
#7513 = DIRECTION('',(0.,-1.,2.22044604925E-16));
#7514 = ADVANCED_FACE('',(#7515),#7526,.F.);
#7515 = FACE_BOUND('',#7516,.F.);
#7516 = EDGE_LOOP('',(#7517,#7518,#7519,#7520));
#7517 = ORIENTED_EDGE('',*,*,#7339,.F.);
#7518 = ORIENTED_EDGE('',*,*,#4682,.T.);
#7519 = ORIENTED_EDGE('',*,*,#7426,.T.);
#7520 = ORIENTED_EDGE('',*,*,#7521,.F.);
#7521 = EDGE_CURVE('',#7340,#7427,#7522,.T.);
#7522 = LINE('',#7523,#7524);
#7523 = CARTESIAN_POINT('',(1.775,2.4754,0.));
#7524 = VECTOR('',#7525,1.);
#7525 = DIRECTION('',(1.,0.,0.));
#7526 = PLANE('',#7527);
#7527 = AXIS2_PLACEMENT_3D('',#7528,#7529,#7530);
#7528 = CARTESIAN_POINT('',(1.775,0.7054,-4.000000000001E-04));
#7529 = DIRECTION('',(0.,-2.259886947942E-04,0.999999974465));
#7530 = DIRECTION('',(0.,0.999999974465,2.259886947942E-04));
#7531 = ADVANCED_FACE('',(#7532),#7538,.T.);
#7532 = FACE_BOUND('',#7533,.T.);
#7533 = EDGE_LOOP('',(#7534,#7535,#7536,#7537));
#7534 = ORIENTED_EDGE('',*,*,#7300,.F.);
#7535 = ORIENTED_EDGE('',*,*,#7325,.T.);
#7536 = ORIENTED_EDGE('',*,*,#7387,.T.);
#7537 = ORIENTED_EDGE('',*,*,#4666,.F.);
#7538 = PLANE('',#7539);
#7539 = AXIS2_PLACEMENT_3D('',#7540,#7541,#7542);
#7540 = CARTESIAN_POINT('',(-4.125,1.08,0.195));
#7541 = DIRECTION('',(0.,-2.22044604925E-16,-1.));
#7542 = DIRECTION('',(0.,-1.,2.22044604925E-16));
#7543 = ADVANCED_FACE('',(#7544),#7555,.F.);
#7544 = FACE_BOUND('',#7545,.F.);
#7545 = EDGE_LOOP('',(#7546,#7547,#7548,#7549));
#7546 = ORIENTED_EDGE('',*,*,#7165,.F.);
#7547 = ORIENTED_EDGE('',*,*,#4650,.T.);
#7548 = ORIENTED_EDGE('',*,*,#7252,.T.);
#7549 = ORIENTED_EDGE('',*,*,#7550,.F.);
#7550 = EDGE_CURVE('',#7166,#7253,#7551,.T.);
#7551 = LINE('',#7552,#7553);
#7552 = CARTESIAN_POINT('',(0.525,2.4754,0.));
#7553 = VECTOR('',#7554,1.);
#7554 = DIRECTION('',(1.,0.,0.));
#7555 = PLANE('',#7556);
#7556 = AXIS2_PLACEMENT_3D('',#7557,#7558,#7559);
#7557 = CARTESIAN_POINT('',(0.525,0.7054,-4.000000000001E-04));
#7558 = DIRECTION('',(0.,-2.259886947942E-04,0.999999974465));
#7559 = DIRECTION('',(0.,0.999999974465,2.259886947942E-04));
#7560 = ADVANCED_FACE('',(#7561),#7567,.T.);
#7561 = FACE_BOUND('',#7562,.T.);
#7562 = EDGE_LOOP('',(#7563,#7564,#7565,#7566));
#7563 = ORIENTED_EDGE('',*,*,#7126,.F.);
#7564 = ORIENTED_EDGE('',*,*,#7151,.T.);
#7565 = ORIENTED_EDGE('',*,*,#7213,.T.);
#7566 = ORIENTED_EDGE('',*,*,#4634,.F.);
#7567 = PLANE('',#7568);
#7568 = AXIS2_PLACEMENT_3D('',#7569,#7570,#7571);
#7569 = CARTESIAN_POINT('',(-4.125,1.08,0.195));
#7570 = DIRECTION('',(0.,-2.22044604925E-16,-1.));
#7571 = DIRECTION('',(0.,-1.,2.22044604925E-16));
#7572 = ADVANCED_FACE('',(#7573),#7584,.F.);
#7573 = FACE_BOUND('',#7574,.F.);
#7574 = EDGE_LOOP('',(#7575,#7576,#7577,#7578));
#7575 = ORIENTED_EDGE('',*,*,#6991,.F.);
#7576 = ORIENTED_EDGE('',*,*,#4618,.T.);
#7577 = ORIENTED_EDGE('',*,*,#7078,.T.);
#7578 = ORIENTED_EDGE('',*,*,#7579,.F.);
#7579 = EDGE_CURVE('',#6992,#7079,#7580,.T.);
#7580 = LINE('',#7581,#7582);
#7581 = CARTESIAN_POINT('',(-0.725,2.4754,0.));
#7582 = VECTOR('',#7583,1.);
#7583 = DIRECTION('',(1.,0.,0.));
#7584 = PLANE('',#7585);
#7585 = AXIS2_PLACEMENT_3D('',#7586,#7587,#7588);
#7586 = CARTESIAN_POINT('',(-0.725,0.7054,-4.000000000001E-04));
#7587 = DIRECTION('',(0.,-2.259886947942E-04,0.999999974465));
#7588 = DIRECTION('',(0.,0.999999974465,2.259886947942E-04));
#7589 = ADVANCED_FACE('',(#7590),#7596,.T.);
#7590 = FACE_BOUND('',#7591,.T.);
#7591 = EDGE_LOOP('',(#7592,#7593,#7594,#7595));
#7592 = ORIENTED_EDGE('',*,*,#6952,.F.);
#7593 = ORIENTED_EDGE('',*,*,#6977,.T.);
#7594 = ORIENTED_EDGE('',*,*,#7039,.T.);
#7595 = ORIENTED_EDGE('',*,*,#4602,.F.);
#7596 = PLANE('',#7597);
#7597 = AXIS2_PLACEMENT_3D('',#7598,#7599,#7600);
#7598 = CARTESIAN_POINT('',(-4.125,1.08,0.195));
#7599 = DIRECTION('',(0.,-2.22044604925E-16,-1.));
#7600 = DIRECTION('',(0.,-1.,2.22044604925E-16));
#7601 = ADVANCED_FACE('',(#7602),#7613,.F.);
#7602 = FACE_BOUND('',#7603,.F.);
#7603 = EDGE_LOOP('',(#7604,#7605,#7606,#7607));
#7604 = ORIENTED_EDGE('',*,*,#6822,.F.);
#7605 = ORIENTED_EDGE('',*,*,#4586,.T.);
#7606 = ORIENTED_EDGE('',*,*,#6904,.T.);
#7607 = ORIENTED_EDGE('',*,*,#7608,.F.);
#7608 = EDGE_CURVE('',#6823,#6905,#7609,.T.);
#7609 = LINE('',#7610,#7611);
#7610 = CARTESIAN_POINT('',(-1.975,2.4754,0.));
#7611 = VECTOR('',#7612,1.);
#7612 = DIRECTION('',(1.,0.,0.));
#7613 = PLANE('',#7614);
#7614 = AXIS2_PLACEMENT_3D('',#7615,#7616,#7617);
#7615 = CARTESIAN_POINT('',(-1.975,0.7054,-4.000000000001E-04));
#7616 = DIRECTION('',(0.,-2.259886947942E-04,0.999999974465));
#7617 = DIRECTION('',(0.,0.999999974465,2.259886947942E-04));
#7618 = ADVANCED_FACE('',(#7619),#7630,.F.);
#7619 = FACE_BOUND('',#7620,.F.);
#7620 = EDGE_LOOP('',(#7621,#7622,#7628,#7629));
#7621 = ORIENTED_EDGE('',*,*,#5161,.T.);
#7622 = ORIENTED_EDGE('',*,*,#7623,.T.);
#7623 = EDGE_CURVE('',#5154,#4780,#7624,.T.);
#7624 = LINE('',#7625,#7626);
#7625 = CARTESIAN_POINT('',(3.625,-1.82,0.595));
#7626 = VECTOR('',#7627,1.);
#7627 = DIRECTION('',(1.,0.,0.));
#7628 = ORIENTED_EDGE('',*,*,#4787,.T.);
#7629 = ORIENTED_EDGE('',*,*,#4819,.F.);
#7630 = PLANE('',#7631);
#7631 = AXIS2_PLACEMENT_3D('',#7632,#7633,#7634);
#7632 = CARTESIAN_POINT('',(3.625,-1.82,0.595));
#7633 = DIRECTION('',(0.,2.22044604925E-16,1.));
#7634 = DIRECTION('',(0.,1.,-2.22044604925E-16));
#7635 = ADVANCED_FACE('',(#7636),#7665,.F.);
#7636 = FACE_BOUND('',#7637,.F.);
#7637 = EDGE_LOOP('',(#7638,#7639,#7640,#7641,#7642,#7643,#7651,#7659));
#7638 = ORIENTED_EDGE('',*,*,#5121,.T.);
#7639 = ORIENTED_EDGE('',*,*,#5081,.T.);
#7640 = ORIENTED_EDGE('',*,*,#4779,.T.);
#7641 = ORIENTED_EDGE('',*,*,#7623,.F.);
#7642 = ORIENTED_EDGE('',*,*,#5153,.T.);
#7643 = ORIENTED_EDGE('',*,*,#7644,.F.);
#7644 = EDGE_CURVE('',#7645,#5146,#7647,.T.);
#7645 = VERTEX_POINT('',#7646);
#7646 = CARTESIAN_POINT('',(3.625,-1.82,0.8));
#7647 = LINE('',#7648,#7649);
#7648 = CARTESIAN_POINT('',(3.625,-1.82,0.8));
#7649 = VECTOR('',#7650,1.);
#7650 = DIRECTION('',(1.,0.,0.));
#7651 = ORIENTED_EDGE('',*,*,#7652,.F.);
#7652 = EDGE_CURVE('',#7653,#7645,#7655,.T.);
#7653 = VERTEX_POINT('',#7654);
#7654 = CARTESIAN_POINT('',(3.625,-1.82,1.51));
#7655 = LINE('',#7656,#7657);
#7656 = CARTESIAN_POINT('',(3.625,-1.82,1.945));
#7657 = VECTOR('',#7658,1.);
#7658 = DIRECTION('',(0.,-2.22044604925E-16,-1.));
#7659 = ORIENTED_EDGE('',*,*,#7660,.F.);
#7660 = EDGE_CURVE('',#5122,#7653,#7661,.T.);
#7661 = LINE('',#7662,#7663);
#7662 = CARTESIAN_POINT('',(3.625,-1.82,1.51));
#7663 = VECTOR('',#7664,1.);
#7664 = DIRECTION('',(-1.,0.,0.));
#7665 = PLANE('',#7666);
#7666 = AXIS2_PLACEMENT_3D('',#7667,#7668,#7669);
#7667 = CARTESIAN_POINT('',(3.625,-1.82,1.945));
#7668 = DIRECTION('',(0.,1.,-2.22044604925E-16));
#7669 = DIRECTION('',(0.,-2.22044604925E-16,-1.));
#7670 = ADVANCED_FACE('',(#7671),#7682,.F.);
#7671 = FACE_BOUND('',#7672,.F.);
#7672 = EDGE_LOOP('',(#7673,#7679,#7680,#7681));
#7673 = ORIENTED_EDGE('',*,*,#7674,.T.);
#7674 = EDGE_CURVE('',#6744,#4748,#7675,.T.);
#7675 = LINE('',#7676,#7677);
#7676 = CARTESIAN_POINT('',(3.625,0.98,3.595));
#7677 = VECTOR('',#7678,1.);
#7678 = DIRECTION('',(1.,0.,0.));
#7679 = ORIENTED_EDGE('',*,*,#4755,.T.);
#7680 = ORIENTED_EDGE('',*,*,#6774,.F.);
#7681 = ORIENTED_EDGE('',*,*,#6751,.F.);
#7682 = PLANE('',#7683);
#7683 = AXIS2_PLACEMENT_3D('',#7684,#7685,#7686);
#7684 = CARTESIAN_POINT('',(3.625,0.98,3.595));
#7685 = DIRECTION('',(0.,-2.22044604925E-16,-1.));
#7686 = DIRECTION('',(0.,-1.,2.22044604925E-16));
#7687 = ADVANCED_FACE('',(#7688),#7694,.F.);
#7688 = FACE_BOUND('',#7689,.F.);
#7689 = EDGE_LOOP('',(#7690,#7691,#7692,#7693));
#7690 = ORIENTED_EDGE('',*,*,#6807,.T.);
#7691 = ORIENTED_EDGE('',*,*,#4747,.T.);
#7692 = ORIENTED_EDGE('',*,*,#7674,.F.);
#7693 = ORIENTED_EDGE('',*,*,#6743,.F.);
#7694 = PLANE('',#7695);
#7695 = AXIS2_PLACEMENT_3D('',#7696,#7697,#7698);
#7696 = CARTESIAN_POINT('',(3.625,0.98,1.995));
#7697 = DIRECTION('',(0.,-1.,2.22044604925E-16));
#7698 = DIRECTION('',(0.,2.22044604925E-16,1.));
#7699 = ADVANCED_FACE('',(#7700),#7711,.T.);
#7700 = FACE_BOUND('',#7701,.T.);
#7701 = EDGE_LOOP('',(#7702,#7703,#7704,#7705));
#7702 = ORIENTED_EDGE('',*,*,#4867,.F.);
#7703 = ORIENTED_EDGE('',*,*,#4835,.F.);
#7704 = ORIENTED_EDGE('',*,*,#5168,.T.);
#7705 = ORIENTED_EDGE('',*,*,#7706,.F.);
#7706 = EDGE_CURVE('',#4860,#5169,#7707,.T.);
#7707 = LINE('',#7708,#7709);
#7708 = CARTESIAN_POINT('',(3.625,-0.255,0.37));
#7709 = VECTOR('',#7710,1.);
#7710 = DIRECTION('',(1.,0.,0.));
#7711 = PLANE('',#7712);
#7712 = AXIS2_PLACEMENT_3D('',#7713,#7714,#7715);
#7713 = CARTESIAN_POINT('',(3.625,0.235,0.37));
#7714 = DIRECTION('',(0.,0.,-1.));
#7715 = DIRECTION('',(0.,-1.,0.));
#7716 = ADVANCED_FACE('',(#7717),#7728,.T.);
#7717 = FACE_BOUND('',#7718,.T.);
#7718 = EDGE_LOOP('',(#7719,#7720,#7721,#7727));
#7719 = ORIENTED_EDGE('',*,*,#7706,.T.);
#7720 = ORIENTED_EDGE('',*,*,#5176,.T.);
#7721 = ORIENTED_EDGE('',*,*,#7722,.F.);
#7722 = EDGE_CURVE('',#4852,#5096,#7723,.T.);
#7723 = LINE('',#7724,#7725);
#7724 = CARTESIAN_POINT('',(3.625,-0.255,-1.665334536938E-16));
#7725 = VECTOR('',#7726,1.);
#7726 = DIRECTION('',(1.,0.,0.));
#7727 = ORIENTED_EDGE('',*,*,#4859,.F.);
#7728 = PLANE('',#7729);
#7729 = AXIS2_PLACEMENT_3D('',#7730,#7731,#7732);
#7730 = CARTESIAN_POINT('',(3.625,-0.255,0.37));
#7731 = DIRECTION('',(0.,1.,0.));
#7732 = DIRECTION('',(0.,0.,-1.));
#7733 = ADVANCED_FACE('',(#7734),#7746,.T.);
#7734 = FACE_BOUND('',#7735,.T.);
#7735 = EDGE_LOOP('',(#7736,#7737,#7738,#7744,#7745));
#7736 = ORIENTED_EDGE('',*,*,#7722,.T.);
#7737 = ORIENTED_EDGE('',*,*,#5095,.T.);
#7738 = ORIENTED_EDGE('',*,*,#7739,.F.);
#7739 = EDGE_CURVE('',#5215,#5098,#7740,.T.);
#7740 = LINE('',#7741,#7742);
#7741 = CARTESIAN_POINT('',(3.625,-2.475,0.));
#7742 = VECTOR('',#7743,1.);
#7743 = DIRECTION('',(1.,0.,0.));
#7744 = ORIENTED_EDGE('',*,*,#5214,.F.);
#7745 = ORIENTED_EDGE('',*,*,#4851,.F.);
#7746 = PLANE('',#7747);
#7747 = AXIS2_PLACEMENT_3D('',#7748,#7749,#7750);
#7748 = CARTESIAN_POINT('',(3.625,-0.255,-1.665334536938E-16));
#7749 = DIRECTION('',(0.,-7.501506923143E-17,-1.));
#7750 = DIRECTION('',(0.,-1.,7.501506923143E-17));
#7751 = ADVANCED_FACE('',(#7752),#7763,.T.);
#7752 = FACE_BOUND('',#7753,.T.);
#7753 = EDGE_LOOP('',(#7754,#7755,#7756,#7762));
#7754 = ORIENTED_EDGE('',*,*,#4925,.T.);
#7755 = ORIENTED_EDGE('',*,*,#4892,.T.);
#7756 = ORIENTED_EDGE('',*,*,#7757,.F.);
#7757 = EDGE_CURVE('',#4940,#4885,#7758,.T.);
#7758 = LINE('',#7759,#7760);
#7759 = CARTESIAN_POINT('',(-3.825,-0.255,-1.665334536938E-16));
#7760 = VECTOR('',#7761,1.);
#7761 = DIRECTION('',(1.,0.,0.));
#7762 = ORIENTED_EDGE('',*,*,#4992,.F.);
#7763 = PLANE('',#7764);
#7764 = AXIS2_PLACEMENT_3D('',#7765,#7766,#7767);
#7765 = CARTESIAN_POINT('',(-3.825,-0.255,0.37));
#7766 = DIRECTION('',(0.,1.,0.));
#7767 = DIRECTION('',(0.,0.,-1.));
#7768 = ADVANCED_FACE('',(#7769),#7781,.T.);
#7769 = FACE_BOUND('',#7770,.T.);
#7770 = EDGE_LOOP('',(#7771,#7772,#7773,#7774,#7780));
#7771 = ORIENTED_EDGE('',*,*,#7757,.T.);
#7772 = ORIENTED_EDGE('',*,*,#4884,.T.);
#7773 = ORIENTED_EDGE('',*,*,#5239,.T.);
#7774 = ORIENTED_EDGE('',*,*,#7775,.F.);
#7775 = EDGE_CURVE('',#4942,#5240,#7776,.T.);
#7776 = LINE('',#7777,#7778);
#7777 = CARTESIAN_POINT('',(-3.825,-2.475,0.));
#7778 = VECTOR('',#7779,1.);
#7779 = DIRECTION('',(1.,0.,0.));
#7780 = ORIENTED_EDGE('',*,*,#4939,.F.);
#7781 = PLANE('',#7782);
#7782 = AXIS2_PLACEMENT_3D('',#7783,#7784,#7785);
#7783 = CARTESIAN_POINT('',(-3.825,-0.255,-1.665334536938E-16));
#7784 = DIRECTION('',(0.,-7.501506923143E-17,-1.));
#7785 = DIRECTION('',(0.,-1.,7.501506923143E-17));
#7786 = ADVANCED_FACE('',(#7787),#7793,.T.);
#7787 = FACE_BOUND('',#7788,.T.);
#7788 = EDGE_LOOP('',(#7789,#7790,#7791,#7792));
#7789 = ORIENTED_EDGE('',*,*,#5057,.T.);
#7790 = ORIENTED_EDGE('',*,*,#5040,.T.);
#7791 = ORIENTED_EDGE('',*,*,#5007,.F.);
#7792 = ORIENTED_EDGE('',*,*,#4974,.F.);
#7793 = PLANE('',#7794);
#7794 = AXIS2_PLACEMENT_3D('',#7795,#7796,#7797);
#7795 = CARTESIAN_POINT('',(-3.825,-1.825,1.51));
#7796 = DIRECTION('',(0.,1.,0.));
#7797 = DIRECTION('',(0.,0.,-1.));
#7798 = ADVANCED_FACE('',(#7799),#7805,.T.);
#7799 = FACE_BOUND('',#7800,.T.);
#7800 = EDGE_LOOP('',(#7801,#7802,#7803,#7804));
#7801 = ORIENTED_EDGE('',*,*,#7775,.T.);
#7802 = ORIENTED_EDGE('',*,*,#5247,.T.);
#7803 = ORIENTED_EDGE('',*,*,#5272,.F.);
#7804 = ORIENTED_EDGE('',*,*,#4949,.F.);
#7805 = PLANE('',#7806);
#7806 = AXIS2_PLACEMENT_3D('',#7807,#7808,#7809);
#7807 = CARTESIAN_POINT('',(-3.825,-2.475,0.));
#7808 = DIRECTION('',(0.,-1.,0.));
#7809 = DIRECTION('',(0.,0.,1.));
#7810 = ADVANCED_FACE('',(#7811),#7829,.T.);
#7811 = FACE_BOUND('',#7812,.T.);
#7812 = EDGE_LOOP('',(#7813,#7821,#7827,#7828));
#7813 = ORIENTED_EDGE('',*,*,#7814,.F.);
#7814 = EDGE_CURVE('',#7815,#7645,#7817,.T.);
#7815 = VERTEX_POINT('',#7816);
#7816 = CARTESIAN_POINT('',(3.625,-1.825,0.8));
#7817 = LINE('',#7818,#7819);
#7818 = CARTESIAN_POINT('',(3.625,-1.825,0.8));
#7819 = VECTOR('',#7820,1.);
#7820 = DIRECTION('',(0.,1.,0.));
#7821 = ORIENTED_EDGE('',*,*,#7822,.T.);
#7822 = EDGE_CURVE('',#7815,#5138,#7823,.T.);
#7823 = LINE('',#7824,#7825);
#7824 = CARTESIAN_POINT('',(3.625,-1.825,0.8));
#7825 = VECTOR('',#7826,1.);
#7826 = DIRECTION('',(1.,0.,0.));
#7827 = ORIENTED_EDGE('',*,*,#5145,.T.);
#7828 = ORIENTED_EDGE('',*,*,#7644,.F.);
#7829 = PLANE('',#7830);
#7830 = AXIS2_PLACEMENT_3D('',#7831,#7832,#7833);
#7831 = CARTESIAN_POINT('',(3.625,-1.825,0.8));
#7832 = DIRECTION('',(0.,0.,1.));
#7833 = DIRECTION('',(0.,1.,0.));
#7834 = ADVANCED_FACE('',(#7835),#7853,.T.);
#7835 = FACE_BOUND('',#7836,.T.);
#7836 = EDGE_LOOP('',(#7837,#7845,#7846,#7847));
#7837 = ORIENTED_EDGE('',*,*,#7838,.T.);
#7838 = EDGE_CURVE('',#7839,#5130,#7841,.T.);
#7839 = VERTEX_POINT('',#7840);
#7840 = CARTESIAN_POINT('',(3.625,-1.825,1.51));
#7841 = LINE('',#7842,#7843);
#7842 = CARTESIAN_POINT('',(3.625,-1.825,1.51));
#7843 = VECTOR('',#7844,1.);
#7844 = DIRECTION('',(1.,0.,0.));
#7845 = ORIENTED_EDGE('',*,*,#5137,.T.);
#7846 = ORIENTED_EDGE('',*,*,#7822,.F.);
#7847 = ORIENTED_EDGE('',*,*,#7848,.F.);
#7848 = EDGE_CURVE('',#7839,#7815,#7849,.T.);
#7849 = LINE('',#7850,#7851);
#7850 = CARTESIAN_POINT('',(3.625,-1.825,1.51));
#7851 = VECTOR('',#7852,1.);
#7852 = DIRECTION('',(0.,0.,-1.));
#7853 = PLANE('',#7854);
#7854 = AXIS2_PLACEMENT_3D('',#7855,#7856,#7857);
#7855 = CARTESIAN_POINT('',(3.625,-1.825,1.51));
#7856 = DIRECTION('',(0.,1.,0.));
#7857 = DIRECTION('',(0.,0.,-1.));
#7858 = ADVANCED_FACE('',(#7859),#7870,.T.);
#7859 = FACE_BOUND('',#7860,.T.);
#7860 = EDGE_LOOP('',(#7861,#7867,#7868,#7869));
#7861 = ORIENTED_EDGE('',*,*,#7862,.F.);
#7862 = EDGE_CURVE('',#7653,#7839,#7863,.T.);
#7863 = LINE('',#7864,#7865);
#7864 = CARTESIAN_POINT('',(3.625,-0.275,1.51));
#7865 = VECTOR('',#7866,1.);
#7866 = DIRECTION('',(0.,-1.,0.));
#7867 = ORIENTED_EDGE('',*,*,#7660,.F.);
#7868 = ORIENTED_EDGE('',*,*,#5129,.T.);
#7869 = ORIENTED_EDGE('',*,*,#7838,.F.);
#7870 = PLANE('',#7871);
#7871 = AXIS2_PLACEMENT_3D('',#7872,#7873,#7874);
#7872 = CARTESIAN_POINT('',(3.625,-0.275,1.51));
#7873 = DIRECTION('',(0.,0.,-1.));
#7874 = DIRECTION('',(0.,-1.,0.));
#7875 = ADVANCED_FACE('',(#7876),#7882,.T.);
#7876 = FACE_BOUND('',#7877,.T.);
#7877 = EDGE_LOOP('',(#7878,#7879,#7880,#7881));
#7878 = ORIENTED_EDGE('',*,*,#7739,.T.);
#7879 = ORIENTED_EDGE('',*,*,#5105,.T.);
#7880 = ORIENTED_EDGE('',*,*,#5198,.F.);
#7881 = ORIENTED_EDGE('',*,*,#5222,.F.);
#7882 = PLANE('',#7883);
#7883 = AXIS2_PLACEMENT_3D('',#7884,#7885,#7886);
#7884 = CARTESIAN_POINT('',(3.625,-2.475,0.));
#7885 = DIRECTION('',(0.,-1.,0.));
#7886 = DIRECTION('',(0.,0.,1.));
#7887 = ADVANCED_FACE('',(#7888),#7905,.F.);
#7888 = FACE_BOUND('',#7889,.F.);
#7889 = EDGE_LOOP('',(#7890,#7898,#7904));
#7890 = ORIENTED_EDGE('',*,*,#7891,.T.);
#7891 = EDGE_CURVE('',#5341,#7892,#7894,.T.);
#7892 = VERTEX_POINT('',#7893);
#7893 = CARTESIAN_POINT('',(-1.225,-0.67,2.84));
#7894 = LINE('',#7895,#7896);
#7895 = CARTESIAN_POINT('',(-1.225,-0.67,2.44));
#7896 = VECTOR('',#7897,1.);
#7897 = DIRECTION('',(0.,2.22044604925E-16,1.));
#7898 = ORIENTED_EDGE('',*,*,#7899,.T.);
#7899 = EDGE_CURVE('',#7892,#5339,#7900,.T.);
#7900 = LINE('',#7901,#7902);
#7901 = CARTESIAN_POINT('',(-1.225,-0.67,2.84));
#7902 = VECTOR('',#7903,1.);
#7903 = DIRECTION('',(0.,-0.928476690885,-0.371390676354));
#7904 = ORIENTED_EDGE('',*,*,#5338,.T.);
#7905 = PLANE('',#7906);
#7906 = AXIS2_PLACEMENT_3D('',#7907,#7908,#7909);
#7907 = CARTESIAN_POINT('',(-1.225,-1.089258240357,2.559258240357));
#7908 = DIRECTION('',(1.,0.,0.));
#7909 = DIRECTION('',(0.,-1.,2.22044604925E-16));
#7910 = ADVANCED_FACE('',(#7911),#7929,.F.);
#7911 = FACE_BOUND('',#7912,.F.);
#7912 = EDGE_LOOP('',(#7913,#7921,#7927,#7928));
#7913 = ORIENTED_EDGE('',*,*,#7914,.T.);
#7914 = EDGE_CURVE('',#7892,#7915,#7917,.T.);
#7915 = VERTEX_POINT('',#7916);
#7916 = CARTESIAN_POINT('',(1.225,-0.67,2.84));
#7917 = LINE('',#7918,#7919);
#7918 = CARTESIAN_POINT('',(-1.225,-0.67,2.84));
#7919 = VECTOR('',#7920,1.);
#7920 = DIRECTION('',(1.,0.,0.));
#7921 = ORIENTED_EDGE('',*,*,#7922,.T.);
#7922 = EDGE_CURVE('',#7915,#5357,#7923,.T.);
#7923 = LINE('',#7924,#7925);
#7924 = CARTESIAN_POINT('',(1.225,-0.67,2.84));
#7925 = VECTOR('',#7926,1.);
#7926 = DIRECTION('',(0.,-0.928476690885,-0.371390676354));
#7927 = ORIENTED_EDGE('',*,*,#5364,.F.);
#7928 = ORIENTED_EDGE('',*,*,#7899,.F.);
#7929 = PLANE('',#7930);
#7930 = AXIS2_PLACEMENT_3D('',#7931,#7932,#7933);
#7931 = CARTESIAN_POINT('',(-1.225,-0.67,2.84));
#7932 = DIRECTION('',(0.,0.371390676354,-0.928476690885));
#7933 = DIRECTION('',(0.,-0.928476690885,-0.371390676354));
#7934 = ADVANCED_FACE('',(#7935),#7945,.T.);
#7935 = FACE_BOUND('',#7936,.T.);
#7936 = EDGE_LOOP('',(#7937,#7943,#7944));
#7937 = ORIENTED_EDGE('',*,*,#7938,.T.);
#7938 = EDGE_CURVE('',#5349,#7915,#7939,.T.);
#7939 = LINE('',#7940,#7941);
#7940 = CARTESIAN_POINT('',(1.225,-0.67,2.44));
#7941 = VECTOR('',#7942,1.);
#7942 = DIRECTION('',(0.,2.22044604925E-16,1.));
#7943 = ORIENTED_EDGE('',*,*,#7922,.T.);
#7944 = ORIENTED_EDGE('',*,*,#5356,.T.);
#7945 = PLANE('',#7946);
#7946 = AXIS2_PLACEMENT_3D('',#7947,#7948,#7949);
#7947 = CARTESIAN_POINT('',(1.225,-1.089258240357,2.559258240357));
#7948 = DIRECTION('',(1.,0.,0.));
#7949 = DIRECTION('',(0.,-1.,2.22044604925E-16));
#7950 = ADVANCED_FACE('',(#7951),#7957,.F.);
#7951 = FACE_BOUND('',#7952,.F.);
#7952 = EDGE_LOOP('',(#7953,#7954,#7955,#7956));
#7953 = ORIENTED_EDGE('',*,*,#5348,.T.);
#7954 = ORIENTED_EDGE('',*,*,#7938,.T.);
#7955 = ORIENTED_EDGE('',*,*,#7914,.F.);
#7956 = ORIENTED_EDGE('',*,*,#7891,.F.);
#7957 = PLANE('',#7958);
#7958 = AXIS2_PLACEMENT_3D('',#7959,#7960,#7961);
#7959 = CARTESIAN_POINT('',(-1.225,-0.67,2.44));
#7960 = DIRECTION('',(0.,-1.,2.22044604925E-16));
#7961 = DIRECTION('',(0.,2.22044604925E-16,1.));
#7962 = ADVANCED_FACE('',(#7963,#8081,#8115,#8149,#8183),#8217,.T.);
#7963 = FACE_BOUND('',#7964,.T.);
#7964 = EDGE_LOOP('',(#7965,#7966,#7967,#7968,#7969,#7970,#7971,#7972,
    #7980,#7988,#7994,#7995,#7996,#7997,#7998,#7999,#8007,#8015,#8021,
    #8022,#8023,#8024,#8025,#8026,#8034,#8042,#8048,#8049,#8050,#8051,
    #8052,#8053,#8061,#8069,#8075,#8076,#8077,#8078,#8079,#8080));
#7965 = ORIENTED_EDGE('',*,*,#5429,.T.);
#7966 = ORIENTED_EDGE('',*,*,#5398,.T.);
#7967 = ORIENTED_EDGE('',*,*,#5446,.T.);
#7968 = ORIENTED_EDGE('',*,*,#5494,.T.);
#7969 = ORIENTED_EDGE('',*,*,#5542,.T.);
#7970 = ORIENTED_EDGE('',*,*,#5590,.T.);
#7971 = ORIENTED_EDGE('',*,*,#5638,.T.);
#7972 = ORIENTED_EDGE('',*,*,#7973,.F.);
#7973 = EDGE_CURVE('',#7974,#5639,#7976,.T.);
#7974 = VERTEX_POINT('',#7975);
#7975 = CARTESIAN_POINT('',(1.975,0.13,1.7396));
#7976 = LINE('',#7977,#7978);
#7977 = CARTESIAN_POINT('',(1.975,0.13,1.356093728921));
#7978 = VECTOR('',#7979,1.);
#7979 = DIRECTION('',(-2.809082092746E-18,2.22044604925E-16,1.));
#7980 = ORIENTED_EDGE('',*,*,#7981,.T.);
#7981 = EDGE_CURVE('',#7974,#7982,#7984,.T.);
#7982 = VERTEX_POINT('',#7983);
#7983 = CARTESIAN_POINT('',(1.775,0.13,1.7396));
#7984 = LINE('',#7985,#7986);
#7985 = CARTESIAN_POINT('',(0.8875,0.13,1.7396));
#7986 = VECTOR('',#7987,1.);
#7987 = DIRECTION('',(-1.,7.73633724206E-47,0.));
#7988 = ORIENTED_EDGE('',*,*,#7989,.T.);
#7989 = EDGE_CURVE('',#7982,#5895,#7990,.T.);
#7990 = LINE('',#7991,#7992);
#7991 = CARTESIAN_POINT('',(1.775,0.13,1.356093728921));
#7992 = VECTOR('',#7993,1.);
#7993 = DIRECTION('',(-2.809082092746E-18,2.22044604925E-16,1.));
#7994 = ORIENTED_EDGE('',*,*,#5902,.T.);
#7995 = ORIENTED_EDGE('',*,*,#5966,.T.);
#7996 = ORIENTED_EDGE('',*,*,#6022,.T.);
#7997 = ORIENTED_EDGE('',*,*,#6070,.T.);
#7998 = ORIENTED_EDGE('',*,*,#6118,.T.);
#7999 = ORIENTED_EDGE('',*,*,#8000,.F.);
#8000 = EDGE_CURVE('',#8001,#6119,#8003,.T.);
#8001 = VERTEX_POINT('',#8002);
#8002 = CARTESIAN_POINT('',(0.725,0.13,1.7396));
#8003 = LINE('',#8004,#8005);
#8004 = CARTESIAN_POINT('',(0.725,0.13,1.356093728921));
#8005 = VECTOR('',#8006,1.);
#8006 = DIRECTION('',(-2.809082092746E-18,2.22044604925E-16,1.));
#8007 = ORIENTED_EDGE('',*,*,#8008,.T.);
#8008 = EDGE_CURVE('',#8001,#8009,#8011,.T.);
#8009 = VERTEX_POINT('',#8010);
#8010 = CARTESIAN_POINT('',(0.525,0.13,1.7396));
#8011 = LINE('',#8012,#8013);
#8012 = CARTESIAN_POINT('',(0.2625,0.13,1.7396));
#8013 = VECTOR('',#8014,1.);
#8014 = DIRECTION('',(-1.,7.73633724206E-47,0.));
#8015 = ORIENTED_EDGE('',*,*,#8016,.T.);
#8016 = EDGE_CURVE('',#8009,#6375,#8017,.T.);
#8017 = LINE('',#8018,#8019);
#8018 = CARTESIAN_POINT('',(0.525,0.13,1.356093728921));
#8019 = VECTOR('',#8020,1.);
#8020 = DIRECTION('',(-2.809082092746E-18,2.22044604925E-16,1.));
#8021 = ORIENTED_EDGE('',*,*,#6382,.T.);
#8022 = ORIENTED_EDGE('',*,*,#6446,.T.);
#8023 = ORIENTED_EDGE('',*,*,#6502,.T.);
#8024 = ORIENTED_EDGE('',*,*,#6526,.T.);
#8025 = ORIENTED_EDGE('',*,*,#6477,.T.);
#8026 = ORIENTED_EDGE('',*,*,#8027,.F.);
#8027 = EDGE_CURVE('',#8028,#6478,#8030,.T.);
#8028 = VERTEX_POINT('',#8029);
#8029 = CARTESIAN_POINT('',(-0.525,0.13,1.7396));
#8030 = LINE('',#8031,#8032);
#8031 = CARTESIAN_POINT('',(-0.525,0.13,1.356093728921));
#8032 = VECTOR('',#8033,1.);
#8033 = DIRECTION('',(-2.809082092746E-18,2.22044604925E-16,1.));
#8034 = ORIENTED_EDGE('',*,*,#8035,.T.);
#8035 = EDGE_CURVE('',#8028,#8036,#8038,.T.);
#8036 = VERTEX_POINT('',#8037);
#8037 = CARTESIAN_POINT('',(-0.725,0.13,1.7396));
#8038 = LINE('',#8039,#8040);
#8039 = CARTESIAN_POINT('',(-0.3625,0.13,1.7396));
#8040 = VECTOR('',#8041,1.);
#8041 = DIRECTION('',(-1.,7.73633724206E-47,0.));
#8042 = ORIENTED_EDGE('',*,*,#8043,.T.);
#8043 = EDGE_CURVE('',#8036,#6222,#8044,.T.);
#8044 = LINE('',#8045,#8046);
#8045 = CARTESIAN_POINT('',(-0.725,0.13,1.356093728921));
#8046 = VECTOR('',#8047,1.);
#8047 = DIRECTION('',(-2.809082092746E-18,2.22044604925E-16,1.));
#8048 = ORIENTED_EDGE('',*,*,#6229,.T.);
#8049 = ORIENTED_EDGE('',*,*,#6157,.T.);
#8050 = ORIENTED_EDGE('',*,*,#6101,.T.);
#8051 = ORIENTED_EDGE('',*,*,#6053,.T.);
#8052 = ORIENTED_EDGE('',*,*,#5997,.T.);
#8053 = ORIENTED_EDGE('',*,*,#8054,.F.);
#8054 = EDGE_CURVE('',#8055,#5998,#8057,.T.);
#8055 = VERTEX_POINT('',#8056);
#8056 = CARTESIAN_POINT('',(-1.775,0.13,1.7396));
#8057 = LINE('',#8058,#8059);
#8058 = CARTESIAN_POINT('',(-1.775,0.13,1.356093728921));
#8059 = VECTOR('',#8060,1.);
#8060 = DIRECTION('',(-2.809082092746E-18,2.22044604925E-16,1.));
#8061 = ORIENTED_EDGE('',*,*,#8062,.T.);
#8062 = EDGE_CURVE('',#8055,#8063,#8065,.T.);
#8063 = VERTEX_POINT('',#8064);
#8064 = CARTESIAN_POINT('',(-1.975,0.13,1.7396));
#8065 = LINE('',#8066,#8067);
#8066 = CARTESIAN_POINT('',(-0.9875,0.13,1.7396));
#8067 = VECTOR('',#8068,1.);
#8068 = DIRECTION('',(-1.,7.73633724206E-47,0.));
#8069 = ORIENTED_EDGE('',*,*,#8070,.T.);
#8070 = EDGE_CURVE('',#8063,#5742,#8071,.T.);
#8071 = LINE('',#8072,#8073);
#8072 = CARTESIAN_POINT('',(-1.975,0.13,1.356093728921));
#8073 = VECTOR('',#8074,1.);
#8074 = DIRECTION('',(-2.809082092746E-18,2.22044604925E-16,1.));
#8075 = ORIENTED_EDGE('',*,*,#5749,.T.);
#8076 = ORIENTED_EDGE('',*,*,#5677,.T.);
#8077 = ORIENTED_EDGE('',*,*,#5621,.T.);
#8078 = ORIENTED_EDGE('',*,*,#5573,.T.);
#8079 = ORIENTED_EDGE('',*,*,#5525,.T.);
#8080 = ORIENTED_EDGE('',*,*,#5477,.T.);
#8081 = FACE_BOUND('',#8082,.T.);
#8082 = EDGE_LOOP('',(#8083,#8093,#8101,#8109));
#8083 = ORIENTED_EDGE('',*,*,#8084,.T.);
#8084 = EDGE_CURVE('',#8085,#8087,#8089,.T.);
#8085 = VERTEX_POINT('',#8086);
#8086 = CARTESIAN_POINT('',(1.775,0.13,0.6696));
#8087 = VERTEX_POINT('',#8088);
#8088 = CARTESIAN_POINT('',(1.775,0.13,0.9996));
#8089 = LINE('',#8090,#8091);
#8090 = CARTESIAN_POINT('',(1.775,0.13,1.356093728921));
#8091 = VECTOR('',#8092,1.);
#8092 = DIRECTION('',(-2.809082092746E-18,2.22044604925E-16,1.));
#8093 = ORIENTED_EDGE('',*,*,#8094,.T.);
#8094 = EDGE_CURVE('',#8087,#8095,#8097,.T.);
#8095 = VERTEX_POINT('',#8096);
#8096 = CARTESIAN_POINT('',(1.975,0.13,0.9996));
#8097 = LINE('',#8098,#8099);
#8098 = CARTESIAN_POINT('',(0.8875,0.13,0.9996));
#8099 = VECTOR('',#8100,1.);
#8100 = DIRECTION('',(1.,-7.73633724206E-47,0.));
#8101 = ORIENTED_EDGE('',*,*,#8102,.F.);
#8102 = EDGE_CURVE('',#8103,#8095,#8105,.T.);
#8103 = VERTEX_POINT('',#8104);
#8104 = CARTESIAN_POINT('',(1.975,0.13,0.6696));
#8105 = LINE('',#8106,#8107);
#8106 = CARTESIAN_POINT('',(1.975,0.13,1.356093728921));
#8107 = VECTOR('',#8108,1.);
#8108 = DIRECTION('',(-2.809082092746E-18,2.22044604925E-16,1.));
#8109 = ORIENTED_EDGE('',*,*,#8110,.T.);
#8110 = EDGE_CURVE('',#8103,#8085,#8111,.T.);
#8111 = LINE('',#8112,#8113);
#8112 = CARTESIAN_POINT('',(0.8875,0.13,0.6696));
#8113 = VECTOR('',#8114,1.);
#8114 = DIRECTION('',(-1.,7.73633724206E-47,0.));
#8115 = FACE_BOUND('',#8116,.T.);
#8116 = EDGE_LOOP('',(#8117,#8127,#8135,#8143));
#8117 = ORIENTED_EDGE('',*,*,#8118,.T.);
#8118 = EDGE_CURVE('',#8119,#8121,#8123,.T.);
#8119 = VERTEX_POINT('',#8120);
#8120 = CARTESIAN_POINT('',(0.525,0.13,0.6696));
#8121 = VERTEX_POINT('',#8122);
#8122 = CARTESIAN_POINT('',(0.525,0.13,0.9996));
#8123 = LINE('',#8124,#8125);
#8124 = CARTESIAN_POINT('',(0.525,0.13,1.356093728921));
#8125 = VECTOR('',#8126,1.);
#8126 = DIRECTION('',(-2.809082092746E-18,2.22044604925E-16,1.));
#8127 = ORIENTED_EDGE('',*,*,#8128,.T.);
#8128 = EDGE_CURVE('',#8121,#8129,#8131,.T.);
#8129 = VERTEX_POINT('',#8130);
#8130 = CARTESIAN_POINT('',(0.725,0.13,0.9996));
#8131 = LINE('',#8132,#8133);
#8132 = CARTESIAN_POINT('',(0.2625,0.13,0.9996));
#8133 = VECTOR('',#8134,1.);
#8134 = DIRECTION('',(1.,-7.73633724206E-47,0.));
#8135 = ORIENTED_EDGE('',*,*,#8136,.F.);
#8136 = EDGE_CURVE('',#8137,#8129,#8139,.T.);
#8137 = VERTEX_POINT('',#8138);
#8138 = CARTESIAN_POINT('',(0.725,0.13,0.6696));
#8139 = LINE('',#8140,#8141);
#8140 = CARTESIAN_POINT('',(0.725,0.13,1.356093728921));
#8141 = VECTOR('',#8142,1.);
#8142 = DIRECTION('',(-2.809082092746E-18,2.22044604925E-16,1.));
#8143 = ORIENTED_EDGE('',*,*,#8144,.T.);
#8144 = EDGE_CURVE('',#8137,#8119,#8145,.T.);
#8145 = LINE('',#8146,#8147);
#8146 = CARTESIAN_POINT('',(0.2625,0.13,0.6696));
#8147 = VECTOR('',#8148,1.);
#8148 = DIRECTION('',(-1.,7.73633724206E-47,0.));
#8149 = FACE_BOUND('',#8150,.T.);
#8150 = EDGE_LOOP('',(#8151,#8161,#8169,#8177));
#8151 = ORIENTED_EDGE('',*,*,#8152,.T.);
#8152 = EDGE_CURVE('',#8153,#8155,#8157,.T.);
#8153 = VERTEX_POINT('',#8154);
#8154 = CARTESIAN_POINT('',(-0.725,0.13,0.6696));
#8155 = VERTEX_POINT('',#8156);
#8156 = CARTESIAN_POINT('',(-0.725,0.13,0.9996));
#8157 = LINE('',#8158,#8159);
#8158 = CARTESIAN_POINT('',(-0.725,0.13,1.356093728921));
#8159 = VECTOR('',#8160,1.);
#8160 = DIRECTION('',(-2.809082092746E-18,2.22044604925E-16,1.));
#8161 = ORIENTED_EDGE('',*,*,#8162,.T.);
#8162 = EDGE_CURVE('',#8155,#8163,#8165,.T.);
#8163 = VERTEX_POINT('',#8164);
#8164 = CARTESIAN_POINT('',(-0.525,0.13,0.9996));
#8165 = LINE('',#8166,#8167);
#8166 = CARTESIAN_POINT('',(-0.3625,0.13,0.9996));
#8167 = VECTOR('',#8168,1.);
#8168 = DIRECTION('',(1.,-7.73633724206E-47,0.));
#8169 = ORIENTED_EDGE('',*,*,#8170,.F.);
#8170 = EDGE_CURVE('',#8171,#8163,#8173,.T.);
#8171 = VERTEX_POINT('',#8172);
#8172 = CARTESIAN_POINT('',(-0.525,0.13,0.6696));
#8173 = LINE('',#8174,#8175);
#8174 = CARTESIAN_POINT('',(-0.525,0.13,1.356093728921));
#8175 = VECTOR('',#8176,1.);
#8176 = DIRECTION('',(-2.809082092746E-18,2.22044604925E-16,1.));
#8177 = ORIENTED_EDGE('',*,*,#8178,.T.);
#8178 = EDGE_CURVE('',#8171,#8153,#8179,.T.);
#8179 = LINE('',#8180,#8181);
#8180 = CARTESIAN_POINT('',(-0.3625,0.13,0.6696));
#8181 = VECTOR('',#8182,1.);
#8182 = DIRECTION('',(-1.,7.73633724206E-47,0.));
#8183 = FACE_BOUND('',#8184,.T.);
#8184 = EDGE_LOOP('',(#8185,#8195,#8203,#8211));
#8185 = ORIENTED_EDGE('',*,*,#8186,.T.);
#8186 = EDGE_CURVE('',#8187,#8189,#8191,.T.);
#8187 = VERTEX_POINT('',#8188);
#8188 = CARTESIAN_POINT('',(-1.775,0.13,0.6696));
#8189 = VERTEX_POINT('',#8190);
#8190 = CARTESIAN_POINT('',(-1.975,0.13,0.6696));
#8191 = LINE('',#8192,#8193);
#8192 = CARTESIAN_POINT('',(-0.9875,0.13,0.6696));
#8193 = VECTOR('',#8194,1.);
#8194 = DIRECTION('',(-1.,7.73633724206E-47,0.));
#8195 = ORIENTED_EDGE('',*,*,#8196,.T.);
#8196 = EDGE_CURVE('',#8189,#8197,#8199,.T.);
#8197 = VERTEX_POINT('',#8198);
#8198 = CARTESIAN_POINT('',(-1.975,0.13,0.9996));
#8199 = LINE('',#8200,#8201);
#8200 = CARTESIAN_POINT('',(-1.975,0.13,1.356093728921));
#8201 = VECTOR('',#8202,1.);
#8202 = DIRECTION('',(-2.809082092746E-18,2.22044604925E-16,1.));
#8203 = ORIENTED_EDGE('',*,*,#8204,.T.);
#8204 = EDGE_CURVE('',#8197,#8205,#8207,.T.);
#8205 = VERTEX_POINT('',#8206);
#8206 = CARTESIAN_POINT('',(-1.775,0.13,0.9996));
#8207 = LINE('',#8208,#8209);
#8208 = CARTESIAN_POINT('',(-0.9875,0.13,0.9996));
#8209 = VECTOR('',#8210,1.);
#8210 = DIRECTION('',(1.,-7.73633724206E-47,0.));
#8211 = ORIENTED_EDGE('',*,*,#8212,.F.);
#8212 = EDGE_CURVE('',#8187,#8205,#8213,.T.);
#8213 = LINE('',#8214,#8215);
#8214 = CARTESIAN_POINT('',(-1.775,0.13,1.356093728921));
#8215 = VECTOR('',#8216,1.);
#8216 = DIRECTION('',(-2.809082092746E-18,2.22044604925E-16,1.));
#8217 = PLANE('',#8218);
#8218 = AXIS2_PLACEMENT_3D('',#8219,#8220,#8221);
#8219 = CARTESIAN_POINT('',(0.,0.13,1.584903846154));
#8220 = DIRECTION('',(-7.73633724206E-47,-1.,2.22044604925E-16));
#8221 = DIRECTION('',(0.,2.22044604925E-16,1.));
#8222 = ADVANCED_FACE('',(#8223),#8249,.T.);
#8223 = FACE_BOUND('',#8224,.T.);
#8224 = EDGE_LOOP('',(#8225,#8226,#8227,#8235,#8243));
#8225 = ORIENTED_EDGE('',*,*,#7973,.T.);
#8226 = ORIENTED_EDGE('',*,*,#5646,.F.);
#8227 = ORIENTED_EDGE('',*,*,#8228,.T.);
#8228 = EDGE_CURVE('',#5647,#8229,#8231,.T.);
#8229 = VERTEX_POINT('',#8230);
#8230 = CARTESIAN_POINT('',(1.975,-1.8446,1.6696));
#8231 = LINE('',#8232,#8233);
#8232 = CARTESIAN_POINT('',(1.975,-2.2446,2.0696));
#8233 = VECTOR('',#8234,1.);
#8234 = DIRECTION('',(0.,0.707106781187,-0.707106781187));
#8235 = ORIENTED_EDGE('',*,*,#8236,.T.);
#8236 = EDGE_CURVE('',#8229,#8237,#8239,.T.);
#8237 = VERTEX_POINT('',#8238);
#8238 = CARTESIAN_POINT('',(1.975,-1.8446,1.7396));
#8239 = LINE('',#8240,#8241);
#8240 = CARTESIAN_POINT('',(1.975,-1.8446,1.6696));
#8241 = VECTOR('',#8242,1.);
#8242 = DIRECTION('',(0.,0.,1.));
#8243 = ORIENTED_EDGE('',*,*,#8244,.T.);
#8244 = EDGE_CURVE('',#8237,#7974,#8245,.T.);
#8245 = LINE('',#8246,#8247);
#8246 = CARTESIAN_POINT('',(1.975,-1.8446,1.7396));
#8247 = VECTOR('',#8248,1.);
#8248 = DIRECTION('',(0.,1.,0.));
#8249 = PLANE('',#8250);
#8250 = AXIS2_PLACEMENT_3D('',#8251,#8252,#8253);
#8251 = CARTESIAN_POINT('',(1.975,1.293108022955E-02,1.127283611688));
#8252 = DIRECTION('',(1.,-1.250603656852E-18,2.809082092746E-18));
#8253 = DIRECTION('',(-2.809082092746E-18,0.,1.));
#8254 = ADVANCED_FACE('',(#8255),#8266,.T.);
#8255 = FACE_BOUND('',#8256,.T.);
#8256 = EDGE_LOOP('',(#8257,#8263,#8264,#8265));
#8257 = ORIENTED_EDGE('',*,*,#8258,.T.);
#8258 = EDGE_CURVE('',#5832,#5704,#8259,.T.);
#8259 = LINE('',#8260,#8261);
#8260 = CARTESIAN_POINT('',(0.8875,0.13,2.0696));
#8261 = VECTOR('',#8262,1.);
#8262 = DIRECTION('',(1.,-7.73633724206E-47,0.));
#8263 = ORIENTED_EDGE('',*,*,#5711,.T.);
#8264 = ORIENTED_EDGE('',*,*,#5766,.T.);
#8265 = ORIENTED_EDGE('',*,*,#5831,.T.);
#8266 = PLANE('',#8267);
#8267 = AXIS2_PLACEMENT_3D('',#8268,#8269,#8270);
#8268 = CARTESIAN_POINT('',(0.,0.13,1.584903846154));
#8269 = DIRECTION('',(-7.73633724206E-47,-1.,2.22044604925E-16));
#8270 = DIRECTION('',(0.,2.22044604925E-16,1.));
#8271 = ADVANCED_FACE('',(#8272),#8283,.F.);
#8272 = FACE_BOUND('',#8273,.F.);
#8273 = EDGE_LOOP('',(#8274,#8275,#8276,#8277));
#8274 = ORIENTED_EDGE('',*,*,#5839,.F.);
#8275 = ORIENTED_EDGE('',*,*,#8258,.T.);
#8276 = ORIENTED_EDGE('',*,*,#5703,.T.);
#8277 = ORIENTED_EDGE('',*,*,#8278,.F.);
#8278 = EDGE_CURVE('',#5840,#5696,#8279,.T.);
#8279 = LINE('',#8280,#8281);
#8280 = CARTESIAN_POINT('',(1.775,-2.2446,2.0696));
#8281 = VECTOR('',#8282,1.);
#8282 = DIRECTION('',(1.,0.,0.));
#8283 = PLANE('',#8284);
#8284 = AXIS2_PLACEMENT_3D('',#8285,#8286,#8287);
#8285 = CARTESIAN_POINT('',(1.775,1.1054,2.0696));
#8286 = DIRECTION('',(0.,0.,-1.));
#8287 = DIRECTION('',(0.,-1.,0.));
#8288 = ADVANCED_FACE('',(#8289),#8309,.F.);
#8289 = FACE_BOUND('',#8290,.F.);
#8290 = EDGE_LOOP('',(#8291,#8292,#8293,#8294,#8302,#8308));
#8291 = ORIENTED_EDGE('',*,*,#8278,.T.);
#8292 = ORIENTED_EDGE('',*,*,#5695,.T.);
#8293 = ORIENTED_EDGE('',*,*,#8228,.T.);
#8294 = ORIENTED_EDGE('',*,*,#8295,.F.);
#8295 = EDGE_CURVE('',#8296,#8229,#8298,.T.);
#8296 = VERTEX_POINT('',#8297);
#8297 = CARTESIAN_POINT('',(1.775,-1.8446,1.6696));
#8298 = LINE('',#8299,#8300);
#8299 = CARTESIAN_POINT('',(1.775,-1.8446,1.6696));
#8300 = VECTOR('',#8301,1.);
#8301 = DIRECTION('',(1.,0.,0.));
#8302 = ORIENTED_EDGE('',*,*,#8303,.F.);
#8303 = EDGE_CURVE('',#5848,#8296,#8304,.T.);
#8304 = LINE('',#8305,#8306);
#8305 = CARTESIAN_POINT('',(1.775,-2.2446,2.0696));
#8306 = VECTOR('',#8307,1.);
#8307 = DIRECTION('',(0.,0.707106781187,-0.707106781187));
#8308 = ORIENTED_EDGE('',*,*,#5847,.F.);
#8309 = PLANE('',#8310);
#8310 = AXIS2_PLACEMENT_3D('',#8311,#8312,#8313);
#8311 = CARTESIAN_POINT('',(1.775,-2.2446,2.0696));
#8312 = DIRECTION('',(0.,0.707106781187,0.707106781187));
#8313 = DIRECTION('',(0.,0.707106781187,-0.707106781187));
#8314 = ADVANCED_FACE('',(#8315),#8341,.F.);
#8315 = FACE_BOUND('',#8316,.F.);
#8316 = EDGE_LOOP('',(#8317,#8318,#8319,#8327,#8335));
#8317 = ORIENTED_EDGE('',*,*,#8070,.T.);
#8318 = ORIENTED_EDGE('',*,*,#5741,.F.);
#8319 = ORIENTED_EDGE('',*,*,#8320,.T.);
#8320 = EDGE_CURVE('',#5734,#8321,#8323,.T.);
#8321 = VERTEX_POINT('',#8322);
#8322 = CARTESIAN_POINT('',(-1.975,-1.8446,1.6696));
#8323 = LINE('',#8324,#8325);
#8324 = CARTESIAN_POINT('',(-1.975,-2.2446,2.0696));
#8325 = VECTOR('',#8326,1.);
#8326 = DIRECTION('',(0.,0.707106781187,-0.707106781187));
#8327 = ORIENTED_EDGE('',*,*,#8328,.T.);
#8328 = EDGE_CURVE('',#8321,#8329,#8331,.T.);
#8329 = VERTEX_POINT('',#8330);
#8330 = CARTESIAN_POINT('',(-1.975,-1.8446,1.7396));
#8331 = LINE('',#8332,#8333);
#8332 = CARTESIAN_POINT('',(-1.975,-1.8446,1.6696));
#8333 = VECTOR('',#8334,1.);
#8334 = DIRECTION('',(0.,0.,1.));
#8335 = ORIENTED_EDGE('',*,*,#8336,.T.);
#8336 = EDGE_CURVE('',#8329,#8063,#8337,.T.);
#8337 = LINE('',#8338,#8339);
#8338 = CARTESIAN_POINT('',(-1.975,-1.8446,1.7396));
#8339 = VECTOR('',#8340,1.);
#8340 = DIRECTION('',(0.,1.,0.));
#8341 = PLANE('',#8342);
#8342 = AXIS2_PLACEMENT_3D('',#8343,#8344,#8345);
#8343 = CARTESIAN_POINT('',(-1.975,1.293108022955E-02,1.127283611688));
#8344 = DIRECTION('',(1.,-1.250603656852E-18,2.809082092746E-18));
#8345 = DIRECTION('',(-2.809082092746E-18,0.,1.));
#8346 = ADVANCED_FACE('',(#8347),#8372,.F.);
#8347 = FACE_BOUND('',#8348,.F.);
#8348 = EDGE_LOOP('',(#8349,#8355,#8356,#8364,#8370,#8371));
#8349 = ORIENTED_EDGE('',*,*,#8350,.T.);
#8350 = EDGE_CURVE('',#5807,#5935,#8351,.T.);
#8351 = LINE('',#8352,#8353);
#8352 = CARTESIAN_POINT('',(-1.975,-2.2446,2.0696));
#8353 = VECTOR('',#8354,1.);
#8354 = DIRECTION('',(1.,0.,0.));
#8355 = ORIENTED_EDGE('',*,*,#5934,.T.);
#8356 = ORIENTED_EDGE('',*,*,#8357,.T.);
#8357 = EDGE_CURVE('',#5927,#8358,#8360,.T.);
#8358 = VERTEX_POINT('',#8359);
#8359 = CARTESIAN_POINT('',(-1.775,-1.8446,1.6696));
#8360 = LINE('',#8361,#8362);
#8361 = CARTESIAN_POINT('',(-1.775,-2.2446,2.0696));
#8362 = VECTOR('',#8363,1.);
#8363 = DIRECTION('',(0.,0.707106781187,-0.707106781187));
#8364 = ORIENTED_EDGE('',*,*,#8365,.F.);
#8365 = EDGE_CURVE('',#8321,#8358,#8366,.T.);
#8366 = LINE('',#8367,#8368);
#8367 = CARTESIAN_POINT('',(-1.975,-1.8446,1.6696));
#8368 = VECTOR('',#8369,1.);
#8369 = DIRECTION('',(1.,0.,0.));
#8370 = ORIENTED_EDGE('',*,*,#8320,.F.);
#8371 = ORIENTED_EDGE('',*,*,#5814,.F.);
#8372 = PLANE('',#8373);
#8373 = AXIS2_PLACEMENT_3D('',#8374,#8375,#8376);
#8374 = CARTESIAN_POINT('',(-1.975,-2.2446,2.0696));
#8375 = DIRECTION('',(0.,0.707106781187,0.707106781187));
#8376 = DIRECTION('',(0.,0.707106781187,-0.707106781187));
#8377 = ADVANCED_FACE('',(#8378),#8389,.F.);
#8378 = FACE_BOUND('',#8379,.F.);
#8379 = EDGE_LOOP('',(#8380,#8381,#8387,#8388));
#8380 = ORIENTED_EDGE('',*,*,#5806,.F.);
#8381 = ORIENTED_EDGE('',*,*,#8382,.T.);
#8382 = EDGE_CURVE('',#5799,#5943,#8383,.T.);
#8383 = LINE('',#8384,#8385);
#8384 = CARTESIAN_POINT('',(-0.9875,0.13,2.0696));
#8385 = VECTOR('',#8386,1.);
#8386 = DIRECTION('',(1.,-7.73633724206E-47,0.));
#8387 = ORIENTED_EDGE('',*,*,#5942,.T.);
#8388 = ORIENTED_EDGE('',*,*,#8350,.F.);
#8389 = PLANE('',#8390);
#8390 = AXIS2_PLACEMENT_3D('',#8391,#8392,#8393);
#8391 = CARTESIAN_POINT('',(-1.975,1.1054,2.0696));
#8392 = DIRECTION('',(0.,0.,-1.));
#8393 = DIRECTION('',(0.,-1.,0.));
#8394 = ADVANCED_FACE('',(#8395),#8401,.T.);
#8395 = FACE_BOUND('',#8396,.T.);
#8396 = EDGE_LOOP('',(#8397,#8398,#8399,#8400));
#8397 = ORIENTED_EDGE('',*,*,#5798,.T.);
#8398 = ORIENTED_EDGE('',*,*,#8382,.T.);
#8399 = ORIENTED_EDGE('',*,*,#5950,.T.);
#8400 = ORIENTED_EDGE('',*,*,#5877,.T.);
#8401 = PLANE('',#8402);
#8402 = AXIS2_PLACEMENT_3D('',#8403,#8404,#8405);
#8403 = CARTESIAN_POINT('',(0.,0.13,1.584903846154));
#8404 = DIRECTION('',(-7.73633724206E-47,-1.,2.22044604925E-16));
#8405 = DIRECTION('',(0.,2.22044604925E-16,1.));
#8406 = ADVANCED_FACE('',(#8407),#8426,.F.);
#8407 = FACE_BOUND('',#8408,.F.);
#8408 = EDGE_LOOP('',(#8409,#8410,#8411,#8412,#8420));
#8409 = ORIENTED_EDGE('',*,*,#7989,.T.);
#8410 = ORIENTED_EDGE('',*,*,#5894,.F.);
#8411 = ORIENTED_EDGE('',*,*,#8303,.T.);
#8412 = ORIENTED_EDGE('',*,*,#8413,.T.);
#8413 = EDGE_CURVE('',#8296,#8414,#8416,.T.);
#8414 = VERTEX_POINT('',#8415);
#8415 = CARTESIAN_POINT('',(1.775,-1.8446,1.7396));
#8416 = LINE('',#8417,#8418);
#8417 = CARTESIAN_POINT('',(1.775,-1.8446,1.6696));
#8418 = VECTOR('',#8419,1.);
#8419 = DIRECTION('',(0.,0.,1.));
#8420 = ORIENTED_EDGE('',*,*,#8421,.T.);
#8421 = EDGE_CURVE('',#8414,#7982,#8422,.T.);
#8422 = LINE('',#8423,#8424);
#8423 = CARTESIAN_POINT('',(1.775,-1.8446,1.7396));
#8424 = VECTOR('',#8425,1.);
#8425 = DIRECTION('',(0.,1.,0.));
#8426 = PLANE('',#8427);
#8427 = AXIS2_PLACEMENT_3D('',#8428,#8429,#8430);
#8428 = CARTESIAN_POINT('',(1.775,1.293108022955E-02,1.127283611688));
#8429 = DIRECTION('',(1.,-1.250603656852E-18,2.809082092746E-18));
#8430 = DIRECTION('',(-2.809082092746E-18,0.,1.));
#8431 = ADVANCED_FACE('',(#8432),#8451,.T.);
#8432 = FACE_BOUND('',#8433,.T.);
#8433 = EDGE_LOOP('',(#8434,#8435,#8436,#8437,#8445));
#8434 = ORIENTED_EDGE('',*,*,#8054,.T.);
#8435 = ORIENTED_EDGE('',*,*,#6005,.F.);
#8436 = ORIENTED_EDGE('',*,*,#8357,.T.);
#8437 = ORIENTED_EDGE('',*,*,#8438,.T.);
#8438 = EDGE_CURVE('',#8358,#8439,#8441,.T.);
#8439 = VERTEX_POINT('',#8440);
#8440 = CARTESIAN_POINT('',(-1.775,-1.8446,1.7396));
#8441 = LINE('',#8442,#8443);
#8442 = CARTESIAN_POINT('',(-1.775,-1.8446,1.6696));
#8443 = VECTOR('',#8444,1.);
#8444 = DIRECTION('',(0.,0.,1.));
#8445 = ORIENTED_EDGE('',*,*,#8446,.T.);
#8446 = EDGE_CURVE('',#8439,#8055,#8447,.T.);
#8447 = LINE('',#8448,#8449);
#8448 = CARTESIAN_POINT('',(-1.775,-1.8446,1.7396));
#8449 = VECTOR('',#8450,1.);
#8450 = DIRECTION('',(0.,1.,0.));
#8451 = PLANE('',#8452);
#8452 = AXIS2_PLACEMENT_3D('',#8453,#8454,#8455);
#8453 = CARTESIAN_POINT('',(-1.775,1.293108022955E-02,1.127283611688));
#8454 = DIRECTION('',(1.,-1.250603656852E-18,2.809082092746E-18));
#8455 = DIRECTION('',(-2.809082092746E-18,0.,1.));
#8456 = ADVANCED_FACE('',(#8457),#8483,.T.);
#8457 = FACE_BOUND('',#8458,.T.);
#8458 = EDGE_LOOP('',(#8459,#8460,#8461,#8469,#8477));
#8459 = ORIENTED_EDGE('',*,*,#8000,.T.);
#8460 = ORIENTED_EDGE('',*,*,#6126,.F.);
#8461 = ORIENTED_EDGE('',*,*,#8462,.T.);
#8462 = EDGE_CURVE('',#6127,#8463,#8465,.T.);
#8463 = VERTEX_POINT('',#8464);
#8464 = CARTESIAN_POINT('',(0.725,-1.8446,1.6696));
#8465 = LINE('',#8466,#8467);
#8466 = CARTESIAN_POINT('',(0.725,-2.2446,2.0696));
#8467 = VECTOR('',#8468,1.);
#8468 = DIRECTION('',(0.,0.707106781187,-0.707106781187));
#8469 = ORIENTED_EDGE('',*,*,#8470,.T.);
#8470 = EDGE_CURVE('',#8463,#8471,#8473,.T.);
#8471 = VERTEX_POINT('',#8472);
#8472 = CARTESIAN_POINT('',(0.725,-1.8446,1.7396));
#8473 = LINE('',#8474,#8475);
#8474 = CARTESIAN_POINT('',(0.725,-1.8446,1.6696));
#8475 = VECTOR('',#8476,1.);
#8476 = DIRECTION('',(0.,0.,1.));
#8477 = ORIENTED_EDGE('',*,*,#8478,.T.);
#8478 = EDGE_CURVE('',#8471,#8001,#8479,.T.);
#8479 = LINE('',#8480,#8481);
#8480 = CARTESIAN_POINT('',(0.725,-1.8446,1.7396));
#8481 = VECTOR('',#8482,1.);
#8482 = DIRECTION('',(0.,1.,0.));
#8483 = PLANE('',#8484);
#8484 = AXIS2_PLACEMENT_3D('',#8485,#8486,#8487);
#8485 = CARTESIAN_POINT('',(0.725,1.293108022955E-02,1.127283611688));
#8486 = DIRECTION('',(1.,-1.250603656852E-18,2.809082092746E-18));
#8487 = DIRECTION('',(-2.809082092746E-18,0.,1.));
#8488 = ADVANCED_FACE('',(#8489),#8500,.T.);
#8489 = FACE_BOUND('',#8490,.T.);
#8490 = EDGE_LOOP('',(#8491,#8497,#8498,#8499));
#8491 = ORIENTED_EDGE('',*,*,#8492,.T.);
#8492 = EDGE_CURVE('',#6312,#6184,#8493,.T.);
#8493 = LINE('',#8494,#8495);
#8494 = CARTESIAN_POINT('',(0.2625,0.13,2.0696));
#8495 = VECTOR('',#8496,1.);
#8496 = DIRECTION('',(1.,-7.73633724206E-47,0.));
#8497 = ORIENTED_EDGE('',*,*,#6191,.T.);
#8498 = ORIENTED_EDGE('',*,*,#6246,.T.);
#8499 = ORIENTED_EDGE('',*,*,#6311,.T.);
#8500 = PLANE('',#8501);
#8501 = AXIS2_PLACEMENT_3D('',#8502,#8503,#8504);
#8502 = CARTESIAN_POINT('',(0.,0.13,1.584903846154));
#8503 = DIRECTION('',(-7.73633724206E-47,-1.,2.22044604925E-16));
#8504 = DIRECTION('',(0.,2.22044604925E-16,1.));
#8505 = ADVANCED_FACE('',(#8506),#8517,.F.);
#8506 = FACE_BOUND('',#8507,.F.);
#8507 = EDGE_LOOP('',(#8508,#8509,#8510,#8511));
#8508 = ORIENTED_EDGE('',*,*,#6319,.F.);
#8509 = ORIENTED_EDGE('',*,*,#8492,.T.);
#8510 = ORIENTED_EDGE('',*,*,#6183,.T.);
#8511 = ORIENTED_EDGE('',*,*,#8512,.F.);
#8512 = EDGE_CURVE('',#6320,#6176,#8513,.T.);
#8513 = LINE('',#8514,#8515);
#8514 = CARTESIAN_POINT('',(0.525,-2.2446,2.0696));
#8515 = VECTOR('',#8516,1.);
#8516 = DIRECTION('',(1.,0.,0.));
#8517 = PLANE('',#8518);
#8518 = AXIS2_PLACEMENT_3D('',#8519,#8520,#8521);
#8519 = CARTESIAN_POINT('',(0.525,1.1054,2.0696));
#8520 = DIRECTION('',(0.,0.,-1.));
#8521 = DIRECTION('',(0.,-1.,0.));
#8522 = ADVANCED_FACE('',(#8523),#8543,.F.);
#8523 = FACE_BOUND('',#8524,.F.);
#8524 = EDGE_LOOP('',(#8525,#8526,#8527,#8528,#8536,#8542));
#8525 = ORIENTED_EDGE('',*,*,#8512,.T.);
#8526 = ORIENTED_EDGE('',*,*,#6175,.T.);
#8527 = ORIENTED_EDGE('',*,*,#8462,.T.);
#8528 = ORIENTED_EDGE('',*,*,#8529,.F.);
#8529 = EDGE_CURVE('',#8530,#8463,#8532,.T.);
#8530 = VERTEX_POINT('',#8531);
#8531 = CARTESIAN_POINT('',(0.525,-1.8446,1.6696));
#8532 = LINE('',#8533,#8534);
#8533 = CARTESIAN_POINT('',(0.525,-1.8446,1.6696));
#8534 = VECTOR('',#8535,1.);
#8535 = DIRECTION('',(1.,0.,0.));
#8536 = ORIENTED_EDGE('',*,*,#8537,.F.);
#8537 = EDGE_CURVE('',#6328,#8530,#8538,.T.);
#8538 = LINE('',#8539,#8540);
#8539 = CARTESIAN_POINT('',(0.525,-2.2446,2.0696));
#8540 = VECTOR('',#8541,1.);
#8541 = DIRECTION('',(0.,0.707106781187,-0.707106781187));
#8542 = ORIENTED_EDGE('',*,*,#6327,.F.);
#8543 = PLANE('',#8544);
#8544 = AXIS2_PLACEMENT_3D('',#8545,#8546,#8547);
#8545 = CARTESIAN_POINT('',(0.525,-2.2446,2.0696));
#8546 = DIRECTION('',(0.,0.707106781187,0.707106781187));
#8547 = DIRECTION('',(0.,0.707106781187,-0.707106781187));
#8548 = ADVANCED_FACE('',(#8549),#8575,.F.);
#8549 = FACE_BOUND('',#8550,.F.);
#8550 = EDGE_LOOP('',(#8551,#8552,#8553,#8561,#8569));
#8551 = ORIENTED_EDGE('',*,*,#8043,.T.);
#8552 = ORIENTED_EDGE('',*,*,#6221,.F.);
#8553 = ORIENTED_EDGE('',*,*,#8554,.T.);
#8554 = EDGE_CURVE('',#6214,#8555,#8557,.T.);
#8555 = VERTEX_POINT('',#8556);
#8556 = CARTESIAN_POINT('',(-0.725,-1.8446,1.6696));
#8557 = LINE('',#8558,#8559);
#8558 = CARTESIAN_POINT('',(-0.725,-2.2446,2.0696));
#8559 = VECTOR('',#8560,1.);
#8560 = DIRECTION('',(0.,0.707106781187,-0.707106781187));
#8561 = ORIENTED_EDGE('',*,*,#8562,.T.);
#8562 = EDGE_CURVE('',#8555,#8563,#8565,.T.);
#8563 = VERTEX_POINT('',#8564);
#8564 = CARTESIAN_POINT('',(-0.725,-1.8446,1.7396));
#8565 = LINE('',#8566,#8567);
#8566 = CARTESIAN_POINT('',(-0.725,-1.8446,1.6696));
#8567 = VECTOR('',#8568,1.);
#8568 = DIRECTION('',(0.,0.,1.));
#8569 = ORIENTED_EDGE('',*,*,#8570,.T.);
#8570 = EDGE_CURVE('',#8563,#8036,#8571,.T.);
#8571 = LINE('',#8572,#8573);
#8572 = CARTESIAN_POINT('',(-0.725,-1.8446,1.7396));
#8573 = VECTOR('',#8574,1.);
#8574 = DIRECTION('',(0.,1.,0.));
#8575 = PLANE('',#8576);
#8576 = AXIS2_PLACEMENT_3D('',#8577,#8578,#8579);
#8577 = CARTESIAN_POINT('',(-0.725,1.293108022955E-02,1.127283611688));
#8578 = DIRECTION('',(1.,-1.250603656852E-18,2.809082092746E-18));
#8579 = DIRECTION('',(-2.809082092746E-18,0.,1.));
#8580 = ADVANCED_FACE('',(#8581),#8606,.F.);
#8581 = FACE_BOUND('',#8582,.F.);
#8582 = EDGE_LOOP('',(#8583,#8589,#8590,#8598,#8604,#8605));
#8583 = ORIENTED_EDGE('',*,*,#8584,.T.);
#8584 = EDGE_CURVE('',#6287,#6415,#8585,.T.);
#8585 = LINE('',#8586,#8587);
#8586 = CARTESIAN_POINT('',(-0.725,-2.2446,2.0696));
#8587 = VECTOR('',#8588,1.);
#8588 = DIRECTION('',(1.,0.,0.));
#8589 = ORIENTED_EDGE('',*,*,#6414,.T.);
#8590 = ORIENTED_EDGE('',*,*,#8591,.T.);
#8591 = EDGE_CURVE('',#6407,#8592,#8594,.T.);
#8592 = VERTEX_POINT('',#8593);
#8593 = CARTESIAN_POINT('',(-0.525,-1.8446,1.6696));
#8594 = LINE('',#8595,#8596);
#8595 = CARTESIAN_POINT('',(-0.525,-2.2446,2.0696));
#8596 = VECTOR('',#8597,1.);
#8597 = DIRECTION('',(0.,0.707106781187,-0.707106781187));
#8598 = ORIENTED_EDGE('',*,*,#8599,.F.);
#8599 = EDGE_CURVE('',#8555,#8592,#8600,.T.);
#8600 = LINE('',#8601,#8602);
#8601 = CARTESIAN_POINT('',(-0.725,-1.8446,1.6696));
#8602 = VECTOR('',#8603,1.);
#8603 = DIRECTION('',(1.,0.,0.));
#8604 = ORIENTED_EDGE('',*,*,#8554,.F.);
#8605 = ORIENTED_EDGE('',*,*,#6294,.F.);
#8606 = PLANE('',#8607);
#8607 = AXIS2_PLACEMENT_3D('',#8608,#8609,#8610);
#8608 = CARTESIAN_POINT('',(-0.725,-2.2446,2.0696));
#8609 = DIRECTION('',(0.,0.707106781187,0.707106781187));
#8610 = DIRECTION('',(0.,0.707106781187,-0.707106781187));
#8611 = ADVANCED_FACE('',(#8612),#8623,.F.);
#8612 = FACE_BOUND('',#8613,.F.);
#8613 = EDGE_LOOP('',(#8614,#8615,#8621,#8622));
#8614 = ORIENTED_EDGE('',*,*,#6286,.F.);
#8615 = ORIENTED_EDGE('',*,*,#8616,.T.);
#8616 = EDGE_CURVE('',#6279,#6423,#8617,.T.);
#8617 = LINE('',#8618,#8619);
#8618 = CARTESIAN_POINT('',(-0.3625,0.13,2.0696));
#8619 = VECTOR('',#8620,1.);
#8620 = DIRECTION('',(1.,-7.73633724206E-47,0.));
#8621 = ORIENTED_EDGE('',*,*,#6422,.T.);
#8622 = ORIENTED_EDGE('',*,*,#8584,.F.);
#8623 = PLANE('',#8624);
#8624 = AXIS2_PLACEMENT_3D('',#8625,#8626,#8627);
#8625 = CARTESIAN_POINT('',(-0.725,1.1054,2.0696));
#8626 = DIRECTION('',(0.,0.,-1.));
#8627 = DIRECTION('',(0.,-1.,0.));
#8628 = ADVANCED_FACE('',(#8629),#8635,.T.);
#8629 = FACE_BOUND('',#8630,.T.);
#8630 = EDGE_LOOP('',(#8631,#8632,#8633,#8634));
#8631 = ORIENTED_EDGE('',*,*,#6278,.T.);
#8632 = ORIENTED_EDGE('',*,*,#8616,.T.);
#8633 = ORIENTED_EDGE('',*,*,#6430,.T.);
#8634 = ORIENTED_EDGE('',*,*,#6357,.T.);
#8635 = PLANE('',#8636);
#8636 = AXIS2_PLACEMENT_3D('',#8637,#8638,#8639);
#8637 = CARTESIAN_POINT('',(0.,0.13,1.584903846154));
#8638 = DIRECTION('',(-7.73633724206E-47,-1.,2.22044604925E-16));
#8639 = DIRECTION('',(0.,2.22044604925E-16,1.));
#8640 = ADVANCED_FACE('',(#8641),#8660,.F.);
#8641 = FACE_BOUND('',#8642,.F.);
#8642 = EDGE_LOOP('',(#8643,#8644,#8645,#8646,#8654));
#8643 = ORIENTED_EDGE('',*,*,#8016,.T.);
#8644 = ORIENTED_EDGE('',*,*,#6374,.F.);
#8645 = ORIENTED_EDGE('',*,*,#8537,.T.);
#8646 = ORIENTED_EDGE('',*,*,#8647,.T.);
#8647 = EDGE_CURVE('',#8530,#8648,#8650,.T.);
#8648 = VERTEX_POINT('',#8649);
#8649 = CARTESIAN_POINT('',(0.525,-1.8446,1.7396));
#8650 = LINE('',#8651,#8652);
#8651 = CARTESIAN_POINT('',(0.525,-1.8446,1.6696));
#8652 = VECTOR('',#8653,1.);
#8653 = DIRECTION('',(0.,0.,1.));
#8654 = ORIENTED_EDGE('',*,*,#8655,.T.);
#8655 = EDGE_CURVE('',#8648,#8009,#8656,.T.);
#8656 = LINE('',#8657,#8658);
#8657 = CARTESIAN_POINT('',(0.525,-1.8446,1.7396));
#8658 = VECTOR('',#8659,1.);
#8659 = DIRECTION('',(0.,1.,0.));
#8660 = PLANE('',#8661);
#8661 = AXIS2_PLACEMENT_3D('',#8662,#8663,#8664);
#8662 = CARTESIAN_POINT('',(0.525,1.293108022955E-02,1.127283611688));
#8663 = DIRECTION('',(1.,-1.250603656852E-18,2.809082092746E-18));
#8664 = DIRECTION('',(-2.809082092746E-18,0.,1.));
#8665 = ADVANCED_FACE('',(#8666),#8685,.T.);
#8666 = FACE_BOUND('',#8667,.T.);
#8667 = EDGE_LOOP('',(#8668,#8669,#8670,#8671,#8679));
#8668 = ORIENTED_EDGE('',*,*,#8027,.T.);
#8669 = ORIENTED_EDGE('',*,*,#6485,.F.);
#8670 = ORIENTED_EDGE('',*,*,#8591,.T.);
#8671 = ORIENTED_EDGE('',*,*,#8672,.T.);
#8672 = EDGE_CURVE('',#8592,#8673,#8675,.T.);
#8673 = VERTEX_POINT('',#8674);
#8674 = CARTESIAN_POINT('',(-0.525,-1.8446,1.7396));
#8675 = LINE('',#8676,#8677);
#8676 = CARTESIAN_POINT('',(-0.525,-1.8446,1.6696));
#8677 = VECTOR('',#8678,1.);
#8678 = DIRECTION('',(0.,0.,1.));
#8679 = ORIENTED_EDGE('',*,*,#8680,.T.);
#8680 = EDGE_CURVE('',#8673,#8028,#8681,.T.);
#8681 = LINE('',#8682,#8683);
#8682 = CARTESIAN_POINT('',(-0.525,-1.8446,1.7396));
#8683 = VECTOR('',#8684,1.);
#8684 = DIRECTION('',(0.,1.,0.));
#8685 = PLANE('',#8686);
#8686 = AXIS2_PLACEMENT_3D('',#8687,#8688,#8689);
#8687 = CARTESIAN_POINT('',(-0.525,1.293108022955E-02,1.127283611688));
#8688 = DIRECTION('',(1.,-1.250603656852E-18,2.809082092746E-18));
#8689 = DIRECTION('',(-2.809082092746E-18,0.,1.));
#8690 = ADVANCED_FACE('',(#8691),#8697,.T.);
#8691 = FACE_BOUND('',#8692,.T.);
#8692 = EDGE_LOOP('',(#8693,#8694,#8695,#8696));
#8693 = ORIENTED_EDGE('',*,*,#6550,.F.);
#8694 = ORIENTED_EDGE('',*,*,#6597,.T.);
#8695 = ORIENTED_EDGE('',*,*,#6622,.T.);
#8696 = ORIENTED_EDGE('',*,*,#6573,.F.);
#8697 = PLANE('',#8698);
#8698 = AXIS2_PLACEMENT_3D('',#8699,#8700,#8701);
#8699 = CARTESIAN_POINT('',(-3.775,-1.47,3.295));
#8700 = DIRECTION('',(0.,-1.,2.22044604925E-16));
#8701 = DIRECTION('',(1.,0.,0.));
#8702 = ADVANCED_FACE('',(#8703),#8709,.T.);
#8703 = FACE_BOUND('',#8704,.T.);
#8704 = EDGE_LOOP('',(#8705,#8706,#8707,#8708));
#8705 = ORIENTED_EDGE('',*,*,#6646,.F.);
#8706 = ORIENTED_EDGE('',*,*,#6693,.T.);
#8707 = ORIENTED_EDGE('',*,*,#6718,.T.);
#8708 = ORIENTED_EDGE('',*,*,#6669,.F.);
#8709 = PLANE('',#8710);
#8710 = AXIS2_PLACEMENT_3D('',#8711,#8712,#8713);
#8711 = CARTESIAN_POINT('',(2.675,-1.47,3.295));
#8712 = DIRECTION('',(0.,-1.,2.22044604925E-16));
#8713 = DIRECTION('',(1.,0.,0.));
#8714 = ADVANCED_FACE('',(#8715),#8726,.F.);
#8715 = FACE_BOUND('',#8716,.F.);
#8716 = EDGE_LOOP('',(#8717,#8723,#8724,#8725));
#8717 = ORIENTED_EDGE('',*,*,#8718,.T.);
#8718 = EDGE_CURVE('',#6847,#6929,#8719,.T.);
#8719 = LINE('',#8720,#8721);
#8720 = CARTESIAN_POINT('',(-1.975,1.7754,0.65));
#8721 = VECTOR('',#8722,1.);
#8722 = DIRECTION('',(1.,0.,0.));
#8723 = ORIENTED_EDGE('',*,*,#6936,.T.);
#8724 = ORIENTED_EDGE('',*,*,#6881,.F.);
#8725 = ORIENTED_EDGE('',*,*,#6854,.F.);
#8726 = PLANE('',#8727);
#8727 = AXIS2_PLACEMENT_3D('',#8728,#8729,#8730);
#8728 = CARTESIAN_POINT('',(-1.975,1.7754,0.65));
#8729 = DIRECTION('',(0.,0.,-1.));
#8730 = DIRECTION('',(0.,-1.,0.));
#8731 = ADVANCED_FACE('',(#8732),#8743,.F.);
#8732 = FACE_BOUND('',#8733,.F.);
#8733 = EDGE_LOOP('',(#8734,#8740,#8741,#8742));
#8734 = ORIENTED_EDGE('',*,*,#8735,.T.);
#8735 = EDGE_CURVE('',#6839,#6921,#8736,.T.);
#8736 = LINE('',#8737,#8738);
#8737 = CARTESIAN_POINT('',(-1.975,1.7754,0.3));
#8738 = VECTOR('',#8739,1.);
#8739 = DIRECTION('',(1.,0.,0.));
#8740 = ORIENTED_EDGE('',*,*,#6928,.T.);
#8741 = ORIENTED_EDGE('',*,*,#8718,.F.);
#8742 = ORIENTED_EDGE('',*,*,#6846,.F.);
#8743 = PLANE('',#8744);
#8744 = AXIS2_PLACEMENT_3D('',#8745,#8746,#8747);
#8745 = CARTESIAN_POINT('',(-1.975,1.7754,0.3));
#8746 = DIRECTION('',(0.,-1.,0.));
#8747 = DIRECTION('',(0.,0.,1.));
#8748 = ADVANCED_FACE('',(#8749),#8760,.F.);
#8749 = FACE_BOUND('',#8750,.F.);
#8750 = EDGE_LOOP('',(#8751,#8757,#8758,#8759));
#8751 = ORIENTED_EDGE('',*,*,#8752,.T.);
#8752 = EDGE_CURVE('',#6831,#6913,#8753,.T.);
#8753 = LINE('',#8754,#8755);
#8754 = CARTESIAN_POINT('',(-1.975,2.4754,0.3));
#8755 = VECTOR('',#8756,1.);
#8756 = DIRECTION('',(1.,0.,0.));
#8757 = ORIENTED_EDGE('',*,*,#6920,.T.);
#8758 = ORIENTED_EDGE('',*,*,#8735,.F.);
#8759 = ORIENTED_EDGE('',*,*,#6838,.F.);
#8760 = PLANE('',#8761);
#8761 = AXIS2_PLACEMENT_3D('',#8762,#8763,#8764);
#8762 = CARTESIAN_POINT('',(-1.975,2.4754,0.3));
#8763 = DIRECTION('',(0.,0.,-1.));
#8764 = DIRECTION('',(0.,-1.,0.));
#8765 = ADVANCED_FACE('',(#8766),#8772,.F.);
#8766 = FACE_BOUND('',#8767,.F.);
#8767 = EDGE_LOOP('',(#8768,#8769,#8770,#8771));
#8768 = ORIENTED_EDGE('',*,*,#7608,.T.);
#8769 = ORIENTED_EDGE('',*,*,#6912,.T.);
#8770 = ORIENTED_EDGE('',*,*,#8752,.F.);
#8771 = ORIENTED_EDGE('',*,*,#6830,.F.);
#8772 = PLANE('',#8773);
#8773 = AXIS2_PLACEMENT_3D('',#8774,#8775,#8776);
#8774 = CARTESIAN_POINT('',(-1.975,2.4754,0.));
#8775 = DIRECTION('',(0.,-1.,0.));
#8776 = DIRECTION('',(-7.401486830834E-16,0.,1.));
#8777 = ADVANCED_FACE('',(#8778),#8789,.F.);
#8778 = FACE_BOUND('',#8779,.F.);
#8779 = EDGE_LOOP('',(#8780,#8786,#8787,#8788));
#8780 = ORIENTED_EDGE('',*,*,#8781,.T.);
#8781 = EDGE_CURVE('',#7016,#7103,#8782,.T.);
#8782 = LINE('',#8783,#8784);
#8783 = CARTESIAN_POINT('',(-0.725,1.7754,0.65));
#8784 = VECTOR('',#8785,1.);
#8785 = DIRECTION('',(1.,0.,0.));
#8786 = ORIENTED_EDGE('',*,*,#7110,.T.);
#8787 = ORIENTED_EDGE('',*,*,#7055,.F.);
#8788 = ORIENTED_EDGE('',*,*,#7023,.F.);
#8789 = PLANE('',#8790);
#8790 = AXIS2_PLACEMENT_3D('',#8791,#8792,#8793);
#8791 = CARTESIAN_POINT('',(-0.725,1.7754,0.65));
#8792 = DIRECTION('',(0.,0.,-1.));
#8793 = DIRECTION('',(0.,-1.,0.));
#8794 = ADVANCED_FACE('',(#8795),#8806,.F.);
#8795 = FACE_BOUND('',#8796,.F.);
#8796 = EDGE_LOOP('',(#8797,#8803,#8804,#8805));
#8797 = ORIENTED_EDGE('',*,*,#8798,.T.);
#8798 = EDGE_CURVE('',#7008,#7095,#8799,.T.);
#8799 = LINE('',#8800,#8801);
#8800 = CARTESIAN_POINT('',(-0.725,1.7754,0.3));
#8801 = VECTOR('',#8802,1.);
#8802 = DIRECTION('',(1.,0.,0.));
#8803 = ORIENTED_EDGE('',*,*,#7102,.T.);
#8804 = ORIENTED_EDGE('',*,*,#8781,.F.);
#8805 = ORIENTED_EDGE('',*,*,#7015,.F.);
#8806 = PLANE('',#8807);
#8807 = AXIS2_PLACEMENT_3D('',#8808,#8809,#8810);
#8808 = CARTESIAN_POINT('',(-0.725,1.7754,0.3));
#8809 = DIRECTION('',(0.,-1.,0.));
#8810 = DIRECTION('',(0.,0.,1.));
#8811 = ADVANCED_FACE('',(#8812),#8823,.F.);
#8812 = FACE_BOUND('',#8813,.F.);
#8813 = EDGE_LOOP('',(#8814,#8820,#8821,#8822));
#8814 = ORIENTED_EDGE('',*,*,#8815,.T.);
#8815 = EDGE_CURVE('',#7000,#7087,#8816,.T.);
#8816 = LINE('',#8817,#8818);
#8817 = CARTESIAN_POINT('',(-0.725,2.4754,0.3));
#8818 = VECTOR('',#8819,1.);
#8819 = DIRECTION('',(1.,0.,0.));
#8820 = ORIENTED_EDGE('',*,*,#7094,.T.);
#8821 = ORIENTED_EDGE('',*,*,#8798,.F.);
#8822 = ORIENTED_EDGE('',*,*,#7007,.F.);
#8823 = PLANE('',#8824);
#8824 = AXIS2_PLACEMENT_3D('',#8825,#8826,#8827);
#8825 = CARTESIAN_POINT('',(-0.725,2.4754,0.3));
#8826 = DIRECTION('',(0.,0.,-1.));
#8827 = DIRECTION('',(0.,-1.,0.));
#8828 = ADVANCED_FACE('',(#8829),#8835,.F.);
#8829 = FACE_BOUND('',#8830,.F.);
#8830 = EDGE_LOOP('',(#8831,#8832,#8833,#8834));
#8831 = ORIENTED_EDGE('',*,*,#7579,.T.);
#8832 = ORIENTED_EDGE('',*,*,#7086,.T.);
#8833 = ORIENTED_EDGE('',*,*,#8815,.F.);
#8834 = ORIENTED_EDGE('',*,*,#6999,.F.);
#8835 = PLANE('',#8836);
#8836 = AXIS2_PLACEMENT_3D('',#8837,#8838,#8839);
#8837 = CARTESIAN_POINT('',(-0.725,2.4754,0.));
#8838 = DIRECTION('',(0.,-1.,0.));
#8839 = DIRECTION('',(-7.401486830834E-16,0.,1.));
#8840 = ADVANCED_FACE('',(#8841),#8852,.F.);
#8841 = FACE_BOUND('',#8842,.F.);
#8842 = EDGE_LOOP('',(#8843,#8849,#8850,#8851));
#8843 = ORIENTED_EDGE('',*,*,#8844,.T.);
#8844 = EDGE_CURVE('',#7190,#7277,#8845,.T.);
#8845 = LINE('',#8846,#8847);
#8846 = CARTESIAN_POINT('',(0.525,1.7754,0.65));
#8847 = VECTOR('',#8848,1.);
#8848 = DIRECTION('',(1.,0.,0.));
#8849 = ORIENTED_EDGE('',*,*,#7284,.T.);
#8850 = ORIENTED_EDGE('',*,*,#7229,.F.);
#8851 = ORIENTED_EDGE('',*,*,#7197,.F.);
#8852 = PLANE('',#8853);
#8853 = AXIS2_PLACEMENT_3D('',#8854,#8855,#8856);
#8854 = CARTESIAN_POINT('',(0.525,1.7754,0.65));
#8855 = DIRECTION('',(0.,0.,-1.));
#8856 = DIRECTION('',(0.,-1.,0.));
#8857 = ADVANCED_FACE('',(#8858),#8869,.F.);
#8858 = FACE_BOUND('',#8859,.F.);
#8859 = EDGE_LOOP('',(#8860,#8866,#8867,#8868));
#8860 = ORIENTED_EDGE('',*,*,#8861,.T.);
#8861 = EDGE_CURVE('',#7182,#7269,#8862,.T.);
#8862 = LINE('',#8863,#8864);
#8863 = CARTESIAN_POINT('',(0.525,1.7754,0.3));
#8864 = VECTOR('',#8865,1.);
#8865 = DIRECTION('',(1.,0.,0.));
#8866 = ORIENTED_EDGE('',*,*,#7276,.T.);
#8867 = ORIENTED_EDGE('',*,*,#8844,.F.);
#8868 = ORIENTED_EDGE('',*,*,#7189,.F.);
#8869 = PLANE('',#8870);
#8870 = AXIS2_PLACEMENT_3D('',#8871,#8872,#8873);
#8871 = CARTESIAN_POINT('',(0.525,1.7754,0.3));
#8872 = DIRECTION('',(0.,-1.,0.));
#8873 = DIRECTION('',(0.,0.,1.));
#8874 = ADVANCED_FACE('',(#8875),#8886,.F.);
#8875 = FACE_BOUND('',#8876,.F.);
#8876 = EDGE_LOOP('',(#8877,#8883,#8884,#8885));
#8877 = ORIENTED_EDGE('',*,*,#8878,.T.);
#8878 = EDGE_CURVE('',#7174,#7261,#8879,.T.);
#8879 = LINE('',#8880,#8881);
#8880 = CARTESIAN_POINT('',(0.525,2.4754,0.3));
#8881 = VECTOR('',#8882,1.);
#8882 = DIRECTION('',(1.,0.,0.));
#8883 = ORIENTED_EDGE('',*,*,#7268,.T.);
#8884 = ORIENTED_EDGE('',*,*,#8861,.F.);
#8885 = ORIENTED_EDGE('',*,*,#7181,.F.);
#8886 = PLANE('',#8887);
#8887 = AXIS2_PLACEMENT_3D('',#8888,#8889,#8890);
#8888 = CARTESIAN_POINT('',(0.525,2.4754,0.3));
#8889 = DIRECTION('',(0.,0.,-1.));
#8890 = DIRECTION('',(0.,-1.,0.));
#8891 = ADVANCED_FACE('',(#8892),#8898,.F.);
#8892 = FACE_BOUND('',#8893,.F.);
#8893 = EDGE_LOOP('',(#8894,#8895,#8896,#8897));
#8894 = ORIENTED_EDGE('',*,*,#7550,.T.);
#8895 = ORIENTED_EDGE('',*,*,#7260,.T.);
#8896 = ORIENTED_EDGE('',*,*,#8878,.F.);
#8897 = ORIENTED_EDGE('',*,*,#7173,.F.);
#8898 = PLANE('',#8899);
#8899 = AXIS2_PLACEMENT_3D('',#8900,#8901,#8902);
#8900 = CARTESIAN_POINT('',(0.525,2.4754,0.));
#8901 = DIRECTION('',(0.,-1.,0.));
#8902 = DIRECTION('',(-7.401486830834E-16,0.,1.));
#8903 = ADVANCED_FACE('',(#8904),#8915,.F.);
#8904 = FACE_BOUND('',#8905,.F.);
#8905 = EDGE_LOOP('',(#8906,#8912,#8913,#8914));
#8906 = ORIENTED_EDGE('',*,*,#8907,.T.);
#8907 = EDGE_CURVE('',#7364,#7451,#8908,.T.);
#8908 = LINE('',#8909,#8910);
#8909 = CARTESIAN_POINT('',(1.775,1.7754,0.65));
#8910 = VECTOR('',#8911,1.);
#8911 = DIRECTION('',(1.,0.,0.));
#8912 = ORIENTED_EDGE('',*,*,#7458,.T.);
#8913 = ORIENTED_EDGE('',*,*,#7403,.F.);
#8914 = ORIENTED_EDGE('',*,*,#7371,.F.);
#8915 = PLANE('',#8916);
#8916 = AXIS2_PLACEMENT_3D('',#8917,#8918,#8919);
#8917 = CARTESIAN_POINT('',(1.775,1.7754,0.65));
#8918 = DIRECTION('',(0.,0.,-1.));
#8919 = DIRECTION('',(0.,-1.,0.));
#8920 = ADVANCED_FACE('',(#8921),#8932,.F.);
#8921 = FACE_BOUND('',#8922,.F.);
#8922 = EDGE_LOOP('',(#8923,#8929,#8930,#8931));
#8923 = ORIENTED_EDGE('',*,*,#8924,.T.);
#8924 = EDGE_CURVE('',#7356,#7443,#8925,.T.);
#8925 = LINE('',#8926,#8927);
#8926 = CARTESIAN_POINT('',(1.775,1.7754,0.3));
#8927 = VECTOR('',#8928,1.);
#8928 = DIRECTION('',(1.,0.,0.));
#8929 = ORIENTED_EDGE('',*,*,#7450,.T.);
#8930 = ORIENTED_EDGE('',*,*,#8907,.F.);
#8931 = ORIENTED_EDGE('',*,*,#7363,.F.);
#8932 = PLANE('',#8933);
#8933 = AXIS2_PLACEMENT_3D('',#8934,#8935,#8936);
#8934 = CARTESIAN_POINT('',(1.775,1.7754,0.3));
#8935 = DIRECTION('',(0.,-1.,0.));
#8936 = DIRECTION('',(0.,0.,1.));
#8937 = ADVANCED_FACE('',(#8938),#8949,.F.);
#8938 = FACE_BOUND('',#8939,.F.);
#8939 = EDGE_LOOP('',(#8940,#8946,#8947,#8948));
#8940 = ORIENTED_EDGE('',*,*,#8941,.T.);
#8941 = EDGE_CURVE('',#7348,#7435,#8942,.T.);
#8942 = LINE('',#8943,#8944);
#8943 = CARTESIAN_POINT('',(1.775,2.4754,0.3));
#8944 = VECTOR('',#8945,1.);
#8945 = DIRECTION('',(1.,0.,0.));
#8946 = ORIENTED_EDGE('',*,*,#7442,.T.);
#8947 = ORIENTED_EDGE('',*,*,#8924,.F.);
#8948 = ORIENTED_EDGE('',*,*,#7355,.F.);
#8949 = PLANE('',#8950);
#8950 = AXIS2_PLACEMENT_3D('',#8951,#8952,#8953);
#8951 = CARTESIAN_POINT('',(1.775,2.4754,0.3));
#8952 = DIRECTION('',(0.,0.,-1.));
#8953 = DIRECTION('',(0.,-1.,0.));
#8954 = ADVANCED_FACE('',(#8955),#8961,.F.);
#8955 = FACE_BOUND('',#8956,.F.);
#8956 = EDGE_LOOP('',(#8957,#8958,#8959,#8960));
#8957 = ORIENTED_EDGE('',*,*,#7521,.T.);
#8958 = ORIENTED_EDGE('',*,*,#7434,.T.);
#8959 = ORIENTED_EDGE('',*,*,#8941,.F.);
#8960 = ORIENTED_EDGE('',*,*,#7347,.F.);
#8961 = PLANE('',#8962);
#8962 = AXIS2_PLACEMENT_3D('',#8963,#8964,#8965);
#8963 = CARTESIAN_POINT('',(1.775,2.4754,0.));
#8964 = DIRECTION('',(0.,-1.,0.));
#8965 = DIRECTION('',(-7.401486830834E-16,0.,1.));
#8966 = ADVANCED_FACE('',(#8967),#8973,.F.);
#8967 = FACE_BOUND('',#8968,.F.);
#8968 = EDGE_LOOP('',(#8969,#8970,#8971,#8972));
#8969 = ORIENTED_EDGE('',*,*,#7862,.F.);
#8970 = ORIENTED_EDGE('',*,*,#7652,.T.);
#8971 = ORIENTED_EDGE('',*,*,#7814,.F.);
#8972 = ORIENTED_EDGE('',*,*,#7848,.F.);
#8973 = PLANE('',#8974);
#8974 = AXIS2_PLACEMENT_3D('',#8975,#8976,#8977);
#8975 = CARTESIAN_POINT('',(3.625,-1.602142857143,0.712857142857));
#8976 = DIRECTION('',(-1.,1.11927691467E-30,1.146375123746E-30));
#8977 = DIRECTION('',(-1.146375123746E-30,-2.22044604925E-16,-1.));
#8978 = ADVANCED_FACE('',(#8979),#8990,.F.);
#8979 = FACE_BOUND('',#8980,.F.);
#8980 = EDGE_LOOP('',(#8981,#8982,#8988,#8989));
#8981 = ORIENTED_EDGE('',*,*,#8336,.F.);
#8982 = ORIENTED_EDGE('',*,*,#8983,.T.);
#8983 = EDGE_CURVE('',#8329,#8439,#8984,.T.);
#8984 = LINE('',#8985,#8986);
#8985 = CARTESIAN_POINT('',(-1.975,-1.8446,1.7396));
#8986 = VECTOR('',#8987,1.);
#8987 = DIRECTION('',(1.,0.,0.));
#8988 = ORIENTED_EDGE('',*,*,#8446,.T.);
#8989 = ORIENTED_EDGE('',*,*,#8062,.T.);
#8990 = PLANE('',#8991);
#8991 = AXIS2_PLACEMENT_3D('',#8992,#8993,#8994);
#8992 = CARTESIAN_POINT('',(-1.975,-1.8446,1.7396));
#8993 = DIRECTION('',(0.,0.,1.));
#8994 = DIRECTION('',(0.,1.,0.));
#8995 = ADVANCED_FACE('',(#8996),#9007,.F.);
#8996 = FACE_BOUND('',#8997,.F.);
#8997 = EDGE_LOOP('',(#8998,#8999,#9005,#9006));
#8998 = ORIENTED_EDGE('',*,*,#8570,.F.);
#8999 = ORIENTED_EDGE('',*,*,#9000,.T.);
#9000 = EDGE_CURVE('',#8563,#8673,#9001,.T.);
#9001 = LINE('',#9002,#9003);
#9002 = CARTESIAN_POINT('',(-0.725,-1.8446,1.7396));
#9003 = VECTOR('',#9004,1.);
#9004 = DIRECTION('',(1.,0.,0.));
#9005 = ORIENTED_EDGE('',*,*,#8680,.T.);
#9006 = ORIENTED_EDGE('',*,*,#8035,.T.);
#9007 = PLANE('',#9008);
#9008 = AXIS2_PLACEMENT_3D('',#9009,#9010,#9011);
#9009 = CARTESIAN_POINT('',(-0.725,-1.8446,1.7396));
#9010 = DIRECTION('',(0.,0.,1.));
#9011 = DIRECTION('',(0.,1.,0.));
#9012 = ADVANCED_FACE('',(#9013),#9024,.F.);
#9013 = FACE_BOUND('',#9014,.F.);
#9014 = EDGE_LOOP('',(#9015,#9016,#9022,#9023));
#9015 = ORIENTED_EDGE('',*,*,#8655,.F.);
#9016 = ORIENTED_EDGE('',*,*,#9017,.T.);
#9017 = EDGE_CURVE('',#8648,#8471,#9018,.T.);
#9018 = LINE('',#9019,#9020);
#9019 = CARTESIAN_POINT('',(0.525,-1.8446,1.7396));
#9020 = VECTOR('',#9021,1.);
#9021 = DIRECTION('',(1.,0.,0.));
#9022 = ORIENTED_EDGE('',*,*,#8478,.T.);
#9023 = ORIENTED_EDGE('',*,*,#8008,.T.);
#9024 = PLANE('',#9025);
#9025 = AXIS2_PLACEMENT_3D('',#9026,#9027,#9028);
#9026 = CARTESIAN_POINT('',(0.525,-1.8446,1.7396));
#9027 = DIRECTION('',(0.,0.,1.));
#9028 = DIRECTION('',(0.,1.,0.));
#9029 = ADVANCED_FACE('',(#9030),#9041,.F.);
#9030 = FACE_BOUND('',#9031,.F.);
#9031 = EDGE_LOOP('',(#9032,#9033,#9039,#9040));
#9032 = ORIENTED_EDGE('',*,*,#8421,.F.);
#9033 = ORIENTED_EDGE('',*,*,#9034,.T.);
#9034 = EDGE_CURVE('',#8414,#8237,#9035,.T.);
#9035 = LINE('',#9036,#9037);
#9036 = CARTESIAN_POINT('',(1.775,-1.8446,1.7396));
#9037 = VECTOR('',#9038,1.);
#9038 = DIRECTION('',(1.,0.,0.));
#9039 = ORIENTED_EDGE('',*,*,#8244,.T.);
#9040 = ORIENTED_EDGE('',*,*,#7981,.T.);
#9041 = PLANE('',#9042);
#9042 = AXIS2_PLACEMENT_3D('',#9043,#9044,#9045);
#9043 = CARTESIAN_POINT('',(1.775,-1.8446,1.7396));
#9044 = DIRECTION('',(0.,0.,1.));
#9045 = DIRECTION('',(0.,1.,0.));
#9046 = ADVANCED_FACE('',(#9047),#9080,.F.);
#9047 = FACE_BOUND('',#9048,.F.);
#9048 = EDGE_LOOP('',(#9049,#9057,#9058,#9066,#9074));
#9049 = ORIENTED_EDGE('',*,*,#9050,.T.);
#9050 = EDGE_CURVE('',#9051,#8085,#9053,.T.);
#9051 = VERTEX_POINT('',#9052);
#9052 = CARTESIAN_POINT('',(1.775,-2.0946,0.6696));
#9053 = LINE('',#9054,#9055);
#9054 = CARTESIAN_POINT('',(1.775,-2.0946,0.6696));
#9055 = VECTOR('',#9056,1.);
#9056 = DIRECTION('',(0.,1.,0.));
#9057 = ORIENTED_EDGE('',*,*,#8084,.T.);
#9058 = ORIENTED_EDGE('',*,*,#9059,.T.);
#9059 = EDGE_CURVE('',#8087,#9060,#9062,.T.);
#9060 = VERTEX_POINT('',#9061);
#9061 = CARTESIAN_POINT('',(1.775,-1.6946,0.9996));
#9062 = LINE('',#9063,#9064);
#9063 = CARTESIAN_POINT('',(1.775,0.7054,0.9996));
#9064 = VECTOR('',#9065,1.);
#9065 = DIRECTION('',(0.,-1.,0.));
#9066 = ORIENTED_EDGE('',*,*,#9067,.T.);
#9067 = EDGE_CURVE('',#9060,#9068,#9070,.T.);
#9068 = VERTEX_POINT('',#9069);
#9069 = CARTESIAN_POINT('',(1.775,-2.0946,0.8396));
#9070 = LINE('',#9071,#9072);
#9071 = CARTESIAN_POINT('',(1.775,-1.6946,0.9996));
#9072 = VECTOR('',#9073,1.);
#9073 = DIRECTION('',(0.,-0.928476690885,-0.371390676354));
#9074 = ORIENTED_EDGE('',*,*,#9075,.T.);
#9075 = EDGE_CURVE('',#9068,#9051,#9076,.T.);
#9076 = LINE('',#9077,#9078);
#9077 = CARTESIAN_POINT('',(1.775,-2.0946,0.8396));
#9078 = VECTOR('',#9079,1.);
#9079 = DIRECTION('',(0.,0.,-1.));
#9080 = PLANE('',#9081);
#9081 = AXIS2_PLACEMENT_3D('',#9082,#9083,#9084);
#9082 = CARTESIAN_POINT('',(1.775,1.293108022955E-02,1.127283611688));
#9083 = DIRECTION('',(1.,-1.250603656852E-18,2.809082092746E-18));
#9084 = DIRECTION('',(-2.809082092746E-18,0.,1.));
#9085 = ADVANCED_FACE('',(#9086),#9104,.F.);
#9086 = FACE_BOUND('',#9087,.F.);
#9087 = EDGE_LOOP('',(#9088,#9089,#9097,#9103));
#9088 = ORIENTED_EDGE('',*,*,#9050,.F.);
#9089 = ORIENTED_EDGE('',*,*,#9090,.T.);
#9090 = EDGE_CURVE('',#9051,#9091,#9093,.T.);
#9091 = VERTEX_POINT('',#9092);
#9092 = CARTESIAN_POINT('',(1.975,-2.0946,0.6696));
#9093 = LINE('',#9094,#9095);
#9094 = CARTESIAN_POINT('',(1.775,-2.0946,0.6696));
#9095 = VECTOR('',#9096,1.);
#9096 = DIRECTION('',(1.,0.,0.));
#9097 = ORIENTED_EDGE('',*,*,#9098,.T.);
#9098 = EDGE_CURVE('',#9091,#8103,#9099,.T.);
#9099 = LINE('',#9100,#9101);
#9100 = CARTESIAN_POINT('',(1.975,-2.0946,0.6696));
#9101 = VECTOR('',#9102,1.);
#9102 = DIRECTION('',(0.,1.,0.));
#9103 = ORIENTED_EDGE('',*,*,#8110,.T.);
#9104 = PLANE('',#9105);
#9105 = AXIS2_PLACEMENT_3D('',#9106,#9107,#9108);
#9106 = CARTESIAN_POINT('',(1.775,-2.0946,0.6696));
#9107 = DIRECTION('',(0.,0.,1.));
#9108 = DIRECTION('',(0.,1.,0.));
#9109 = ADVANCED_FACE('',(#9110),#9136,.T.);
#9110 = FACE_BOUND('',#9111,.T.);
#9111 = EDGE_LOOP('',(#9112,#9113,#9114,#9122,#9130));
#9112 = ORIENTED_EDGE('',*,*,#9098,.T.);
#9113 = ORIENTED_EDGE('',*,*,#8102,.T.);
#9114 = ORIENTED_EDGE('',*,*,#9115,.T.);
#9115 = EDGE_CURVE('',#8095,#9116,#9118,.T.);
#9116 = VERTEX_POINT('',#9117);
#9117 = CARTESIAN_POINT('',(1.975,-1.6946,0.9996));
#9118 = LINE('',#9119,#9120);
#9119 = CARTESIAN_POINT('',(1.975,0.7054,0.9996));
#9120 = VECTOR('',#9121,1.);
#9121 = DIRECTION('',(0.,-1.,0.));
#9122 = ORIENTED_EDGE('',*,*,#9123,.T.);
#9123 = EDGE_CURVE('',#9116,#9124,#9126,.T.);
#9124 = VERTEX_POINT('',#9125);
#9125 = CARTESIAN_POINT('',(1.975,-2.0946,0.8396));
#9126 = LINE('',#9127,#9128);
#9127 = CARTESIAN_POINT('',(1.975,-1.6946,0.9996));
#9128 = VECTOR('',#9129,1.);
#9129 = DIRECTION('',(0.,-0.928476690885,-0.371390676354));
#9130 = ORIENTED_EDGE('',*,*,#9131,.T.);
#9131 = EDGE_CURVE('',#9124,#9091,#9132,.T.);
#9132 = LINE('',#9133,#9134);
#9133 = CARTESIAN_POINT('',(1.975,-2.0946,0.8396));
#9134 = VECTOR('',#9135,1.);
#9135 = DIRECTION('',(0.,0.,-1.));
#9136 = PLANE('',#9137);
#9137 = AXIS2_PLACEMENT_3D('',#9138,#9139,#9140);
#9138 = CARTESIAN_POINT('',(1.975,1.293108022955E-02,1.127283611688));
#9139 = DIRECTION('',(1.,-1.250603656852E-18,2.809082092746E-18));
#9140 = DIRECTION('',(-2.809082092746E-18,0.,1.));
#9141 = ADVANCED_FACE('',(#9142),#9153,.F.);
#9142 = FACE_BOUND('',#9143,.F.);
#9143 = EDGE_LOOP('',(#9144,#9145,#9146,#9147));
#9144 = ORIENTED_EDGE('',*,*,#9059,.F.);
#9145 = ORIENTED_EDGE('',*,*,#8094,.T.);
#9146 = ORIENTED_EDGE('',*,*,#9115,.T.);
#9147 = ORIENTED_EDGE('',*,*,#9148,.F.);
#9148 = EDGE_CURVE('',#9060,#9116,#9149,.T.);
#9149 = LINE('',#9150,#9151);
#9150 = CARTESIAN_POINT('',(1.775,-1.6946,0.9996));
#9151 = VECTOR('',#9152,1.);
#9152 = DIRECTION('',(1.,0.,0.));
#9153 = PLANE('',#9154);
#9154 = AXIS2_PLACEMENT_3D('',#9155,#9156,#9157);
#9155 = CARTESIAN_POINT('',(1.775,0.7054,0.9996));
#9156 = DIRECTION('',(0.,0.,-1.));
#9157 = DIRECTION('',(0.,-1.,0.));
#9158 = ADVANCED_FACE('',(#9159),#9192,.F.);
#9159 = FACE_BOUND('',#9160,.F.);
#9160 = EDGE_LOOP('',(#9161,#9169,#9170,#9178,#9186));
#9161 = ORIENTED_EDGE('',*,*,#9162,.T.);
#9162 = EDGE_CURVE('',#9163,#8119,#9165,.T.);
#9163 = VERTEX_POINT('',#9164);
#9164 = CARTESIAN_POINT('',(0.525,-2.0946,0.6696));
#9165 = LINE('',#9166,#9167);
#9166 = CARTESIAN_POINT('',(0.525,-2.0946,0.6696));
#9167 = VECTOR('',#9168,1.);
#9168 = DIRECTION('',(0.,1.,0.));
#9169 = ORIENTED_EDGE('',*,*,#8118,.T.);
#9170 = ORIENTED_EDGE('',*,*,#9171,.T.);
#9171 = EDGE_CURVE('',#8121,#9172,#9174,.T.);
#9172 = VERTEX_POINT('',#9173);
#9173 = CARTESIAN_POINT('',(0.525,-1.6946,0.9996));
#9174 = LINE('',#9175,#9176);
#9175 = CARTESIAN_POINT('',(0.525,0.7054,0.9996));
#9176 = VECTOR('',#9177,1.);
#9177 = DIRECTION('',(0.,-1.,0.));
#9178 = ORIENTED_EDGE('',*,*,#9179,.T.);
#9179 = EDGE_CURVE('',#9172,#9180,#9182,.T.);
#9180 = VERTEX_POINT('',#9181);
#9181 = CARTESIAN_POINT('',(0.525,-2.0946,0.8396));
#9182 = LINE('',#9183,#9184);
#9183 = CARTESIAN_POINT('',(0.525,-1.6946,0.9996));
#9184 = VECTOR('',#9185,1.);
#9185 = DIRECTION('',(0.,-0.928476690885,-0.371390676354));
#9186 = ORIENTED_EDGE('',*,*,#9187,.T.);
#9187 = EDGE_CURVE('',#9180,#9163,#9188,.T.);
#9188 = LINE('',#9189,#9190);
#9189 = CARTESIAN_POINT('',(0.525,-2.0946,0.8396));
#9190 = VECTOR('',#9191,1.);
#9191 = DIRECTION('',(0.,0.,-1.));
#9192 = PLANE('',#9193);
#9193 = AXIS2_PLACEMENT_3D('',#9194,#9195,#9196);
#9194 = CARTESIAN_POINT('',(0.525,1.293108022955E-02,1.127283611688));
#9195 = DIRECTION('',(1.,-1.250603656852E-18,2.809082092746E-18));
#9196 = DIRECTION('',(-2.809082092746E-18,0.,1.));
#9197 = ADVANCED_FACE('',(#9198),#9216,.F.);
#9198 = FACE_BOUND('',#9199,.F.);
#9199 = EDGE_LOOP('',(#9200,#9201,#9209,#9215));
#9200 = ORIENTED_EDGE('',*,*,#9162,.F.);
#9201 = ORIENTED_EDGE('',*,*,#9202,.T.);
#9202 = EDGE_CURVE('',#9163,#9203,#9205,.T.);
#9203 = VERTEX_POINT('',#9204);
#9204 = CARTESIAN_POINT('',(0.725,-2.0946,0.6696));
#9205 = LINE('',#9206,#9207);
#9206 = CARTESIAN_POINT('',(0.525,-2.0946,0.6696));
#9207 = VECTOR('',#9208,1.);
#9208 = DIRECTION('',(1.,0.,0.));
#9209 = ORIENTED_EDGE('',*,*,#9210,.T.);
#9210 = EDGE_CURVE('',#9203,#8137,#9211,.T.);
#9211 = LINE('',#9212,#9213);
#9212 = CARTESIAN_POINT('',(0.725,-2.0946,0.6696));
#9213 = VECTOR('',#9214,1.);
#9214 = DIRECTION('',(0.,1.,0.));
#9215 = ORIENTED_EDGE('',*,*,#8144,.T.);
#9216 = PLANE('',#9217);
#9217 = AXIS2_PLACEMENT_3D('',#9218,#9219,#9220);
#9218 = CARTESIAN_POINT('',(0.525,-2.0946,0.6696));
#9219 = DIRECTION('',(0.,0.,1.));
#9220 = DIRECTION('',(0.,1.,0.));
#9221 = ADVANCED_FACE('',(#9222),#9248,.T.);
#9222 = FACE_BOUND('',#9223,.T.);
#9223 = EDGE_LOOP('',(#9224,#9225,#9226,#9234,#9242));
#9224 = ORIENTED_EDGE('',*,*,#9210,.T.);
#9225 = ORIENTED_EDGE('',*,*,#8136,.T.);
#9226 = ORIENTED_EDGE('',*,*,#9227,.T.);
#9227 = EDGE_CURVE('',#8129,#9228,#9230,.T.);
#9228 = VERTEX_POINT('',#9229);
#9229 = CARTESIAN_POINT('',(0.725,-1.6946,0.9996));
#9230 = LINE('',#9231,#9232);
#9231 = CARTESIAN_POINT('',(0.725,0.7054,0.9996));
#9232 = VECTOR('',#9233,1.);
#9233 = DIRECTION('',(0.,-1.,0.));
#9234 = ORIENTED_EDGE('',*,*,#9235,.T.);
#9235 = EDGE_CURVE('',#9228,#9236,#9238,.T.);
#9236 = VERTEX_POINT('',#9237);
#9237 = CARTESIAN_POINT('',(0.725,-2.0946,0.8396));
#9238 = LINE('',#9239,#9240);
#9239 = CARTESIAN_POINT('',(0.725,-1.6946,0.9996));
#9240 = VECTOR('',#9241,1.);
#9241 = DIRECTION('',(0.,-0.928476690885,-0.371390676354));
#9242 = ORIENTED_EDGE('',*,*,#9243,.T.);
#9243 = EDGE_CURVE('',#9236,#9203,#9244,.T.);
#9244 = LINE('',#9245,#9246);
#9245 = CARTESIAN_POINT('',(0.725,-2.0946,0.8396));
#9246 = VECTOR('',#9247,1.);
#9247 = DIRECTION('',(0.,0.,-1.));
#9248 = PLANE('',#9249);
#9249 = AXIS2_PLACEMENT_3D('',#9250,#9251,#9252);
#9250 = CARTESIAN_POINT('',(0.725,1.293108022955E-02,1.127283611688));
#9251 = DIRECTION('',(1.,-1.250603656852E-18,2.809082092746E-18));
#9252 = DIRECTION('',(-2.809082092746E-18,0.,1.));
#9253 = ADVANCED_FACE('',(#9254),#9265,.F.);
#9254 = FACE_BOUND('',#9255,.F.);
#9255 = EDGE_LOOP('',(#9256,#9257,#9258,#9259));
#9256 = ORIENTED_EDGE('',*,*,#9171,.F.);
#9257 = ORIENTED_EDGE('',*,*,#8128,.T.);
#9258 = ORIENTED_EDGE('',*,*,#9227,.T.);
#9259 = ORIENTED_EDGE('',*,*,#9260,.F.);
#9260 = EDGE_CURVE('',#9172,#9228,#9261,.T.);
#9261 = LINE('',#9262,#9263);
#9262 = CARTESIAN_POINT('',(0.525,-1.6946,0.9996));
#9263 = VECTOR('',#9264,1.);
#9264 = DIRECTION('',(1.,0.,0.));
#9265 = PLANE('',#9266);
#9266 = AXIS2_PLACEMENT_3D('',#9267,#9268,#9269);
#9267 = CARTESIAN_POINT('',(0.525,0.7054,0.9996));
#9268 = DIRECTION('',(0.,0.,-1.));
#9269 = DIRECTION('',(0.,-1.,0.));
#9270 = ADVANCED_FACE('',(#9271),#9304,.F.);
#9271 = FACE_BOUND('',#9272,.F.);
#9272 = EDGE_LOOP('',(#9273,#9281,#9282,#9290,#9298));
#9273 = ORIENTED_EDGE('',*,*,#9274,.T.);
#9274 = EDGE_CURVE('',#9275,#8153,#9277,.T.);
#9275 = VERTEX_POINT('',#9276);
#9276 = CARTESIAN_POINT('',(-0.725,-2.0946,0.6696));
#9277 = LINE('',#9278,#9279);
#9278 = CARTESIAN_POINT('',(-0.725,-2.0946,0.6696));
#9279 = VECTOR('',#9280,1.);
#9280 = DIRECTION('',(0.,1.,0.));
#9281 = ORIENTED_EDGE('',*,*,#8152,.T.);
#9282 = ORIENTED_EDGE('',*,*,#9283,.T.);
#9283 = EDGE_CURVE('',#8155,#9284,#9286,.T.);
#9284 = VERTEX_POINT('',#9285);
#9285 = CARTESIAN_POINT('',(-0.725,-1.6946,0.9996));
#9286 = LINE('',#9287,#9288);
#9287 = CARTESIAN_POINT('',(-0.725,0.7054,0.9996));
#9288 = VECTOR('',#9289,1.);
#9289 = DIRECTION('',(0.,-1.,0.));
#9290 = ORIENTED_EDGE('',*,*,#9291,.T.);
#9291 = EDGE_CURVE('',#9284,#9292,#9294,.T.);
#9292 = VERTEX_POINT('',#9293);
#9293 = CARTESIAN_POINT('',(-0.725,-2.0946,0.8396));
#9294 = LINE('',#9295,#9296);
#9295 = CARTESIAN_POINT('',(-0.725,-1.6946,0.9996));
#9296 = VECTOR('',#9297,1.);
#9297 = DIRECTION('',(0.,-0.928476690885,-0.371390676354));
#9298 = ORIENTED_EDGE('',*,*,#9299,.T.);
#9299 = EDGE_CURVE('',#9292,#9275,#9300,.T.);
#9300 = LINE('',#9301,#9302);
#9301 = CARTESIAN_POINT('',(-0.725,-2.0946,0.8396));
#9302 = VECTOR('',#9303,1.);
#9303 = DIRECTION('',(0.,0.,-1.));
#9304 = PLANE('',#9305);
#9305 = AXIS2_PLACEMENT_3D('',#9306,#9307,#9308);
#9306 = CARTESIAN_POINT('',(-0.725,1.293108022955E-02,1.127283611688));
#9307 = DIRECTION('',(1.,-1.250603656852E-18,2.809082092746E-18));
#9308 = DIRECTION('',(-2.809082092746E-18,0.,1.));
#9309 = ADVANCED_FACE('',(#9310),#9328,.F.);
#9310 = FACE_BOUND('',#9311,.F.);
#9311 = EDGE_LOOP('',(#9312,#9313,#9321,#9327));
#9312 = ORIENTED_EDGE('',*,*,#9274,.F.);
#9313 = ORIENTED_EDGE('',*,*,#9314,.T.);
#9314 = EDGE_CURVE('',#9275,#9315,#9317,.T.);
#9315 = VERTEX_POINT('',#9316);
#9316 = CARTESIAN_POINT('',(-0.525,-2.0946,0.6696));
#9317 = LINE('',#9318,#9319);
#9318 = CARTESIAN_POINT('',(-0.725,-2.0946,0.6696));
#9319 = VECTOR('',#9320,1.);
#9320 = DIRECTION('',(1.,0.,0.));
#9321 = ORIENTED_EDGE('',*,*,#9322,.T.);
#9322 = EDGE_CURVE('',#9315,#8171,#9323,.T.);
#9323 = LINE('',#9324,#9325);
#9324 = CARTESIAN_POINT('',(-0.525,-2.0946,0.6696));
#9325 = VECTOR('',#9326,1.);
#9326 = DIRECTION('',(0.,1.,0.));
#9327 = ORIENTED_EDGE('',*,*,#8178,.T.);
#9328 = PLANE('',#9329);
#9329 = AXIS2_PLACEMENT_3D('',#9330,#9331,#9332);
#9330 = CARTESIAN_POINT('',(-0.725,-2.0946,0.6696));
#9331 = DIRECTION('',(0.,0.,1.));
#9332 = DIRECTION('',(0.,1.,0.));
#9333 = ADVANCED_FACE('',(#9334),#9360,.T.);
#9334 = FACE_BOUND('',#9335,.T.);
#9335 = EDGE_LOOP('',(#9336,#9337,#9338,#9346,#9354));
#9336 = ORIENTED_EDGE('',*,*,#9322,.T.);
#9337 = ORIENTED_EDGE('',*,*,#8170,.T.);
#9338 = ORIENTED_EDGE('',*,*,#9339,.T.);
#9339 = EDGE_CURVE('',#8163,#9340,#9342,.T.);
#9340 = VERTEX_POINT('',#9341);
#9341 = CARTESIAN_POINT('',(-0.525,-1.6946,0.9996));
#9342 = LINE('',#9343,#9344);
#9343 = CARTESIAN_POINT('',(-0.525,0.7054,0.9996));
#9344 = VECTOR('',#9345,1.);
#9345 = DIRECTION('',(0.,-1.,0.));
#9346 = ORIENTED_EDGE('',*,*,#9347,.T.);
#9347 = EDGE_CURVE('',#9340,#9348,#9350,.T.);
#9348 = VERTEX_POINT('',#9349);
#9349 = CARTESIAN_POINT('',(-0.525,-2.0946,0.8396));
#9350 = LINE('',#9351,#9352);
#9351 = CARTESIAN_POINT('',(-0.525,-1.6946,0.9996));
#9352 = VECTOR('',#9353,1.);
#9353 = DIRECTION('',(0.,-0.928476690885,-0.371390676354));
#9354 = ORIENTED_EDGE('',*,*,#9355,.T.);
#9355 = EDGE_CURVE('',#9348,#9315,#9356,.T.);
#9356 = LINE('',#9357,#9358);
#9357 = CARTESIAN_POINT('',(-0.525,-2.0946,0.8396));
#9358 = VECTOR('',#9359,1.);
#9359 = DIRECTION('',(0.,0.,-1.));
#9360 = PLANE('',#9361);
#9361 = AXIS2_PLACEMENT_3D('',#9362,#9363,#9364);
#9362 = CARTESIAN_POINT('',(-0.525,1.293108022955E-02,1.127283611688));
#9363 = DIRECTION('',(1.,-1.250603656852E-18,2.809082092746E-18));
#9364 = DIRECTION('',(-2.809082092746E-18,0.,1.));
#9365 = ADVANCED_FACE('',(#9366),#9377,.F.);
#9366 = FACE_BOUND('',#9367,.F.);
#9367 = EDGE_LOOP('',(#9368,#9369,#9370,#9371));
#9368 = ORIENTED_EDGE('',*,*,#9283,.F.);
#9369 = ORIENTED_EDGE('',*,*,#8162,.T.);
#9370 = ORIENTED_EDGE('',*,*,#9339,.T.);
#9371 = ORIENTED_EDGE('',*,*,#9372,.F.);
#9372 = EDGE_CURVE('',#9284,#9340,#9373,.T.);
#9373 = LINE('',#9374,#9375);
#9374 = CARTESIAN_POINT('',(-0.725,-1.6946,0.9996));
#9375 = VECTOR('',#9376,1.);
#9376 = DIRECTION('',(1.,0.,0.));
#9377 = PLANE('',#9378);
#9378 = AXIS2_PLACEMENT_3D('',#9379,#9380,#9381);
#9379 = CARTESIAN_POINT('',(-0.725,0.7054,0.9996));
#9380 = DIRECTION('',(0.,0.,-1.));
#9381 = DIRECTION('',(0.,-1.,0.));
#9382 = ADVANCED_FACE('',(#9383),#9408,.F.);
#9383 = FACE_BOUND('',#9384,.F.);
#9384 = EDGE_LOOP('',(#9385,#9393,#9401,#9407));
#9385 = ORIENTED_EDGE('',*,*,#9386,.F.);
#9386 = EDGE_CURVE('',#9387,#8189,#9389,.T.);
#9387 = VERTEX_POINT('',#9388);
#9388 = CARTESIAN_POINT('',(-1.975,-2.0946,0.6696));
#9389 = LINE('',#9390,#9391);
#9390 = CARTESIAN_POINT('',(-1.975,-2.0946,0.6696));
#9391 = VECTOR('',#9392,1.);
#9392 = DIRECTION('',(0.,1.,0.));
#9393 = ORIENTED_EDGE('',*,*,#9394,.T.);
#9394 = EDGE_CURVE('',#9387,#9395,#9397,.T.);
#9395 = VERTEX_POINT('',#9396);
#9396 = CARTESIAN_POINT('',(-1.775,-2.0946,0.6696));
#9397 = LINE('',#9398,#9399);
#9398 = CARTESIAN_POINT('',(-1.975,-2.0946,0.6696));
#9399 = VECTOR('',#9400,1.);
#9400 = DIRECTION('',(1.,0.,0.));
#9401 = ORIENTED_EDGE('',*,*,#9402,.T.);
#9402 = EDGE_CURVE('',#9395,#8187,#9403,.T.);
#9403 = LINE('',#9404,#9405);
#9404 = CARTESIAN_POINT('',(-1.775,-2.0946,0.6696));
#9405 = VECTOR('',#9406,1.);
#9406 = DIRECTION('',(0.,1.,0.));
#9407 = ORIENTED_EDGE('',*,*,#8186,.T.);
#9408 = PLANE('',#9409);
#9409 = AXIS2_PLACEMENT_3D('',#9410,#9411,#9412);
#9410 = CARTESIAN_POINT('',(-1.975,-2.0946,0.6696));
#9411 = DIRECTION('',(0.,0.,1.));
#9412 = DIRECTION('',(0.,1.,0.));
#9413 = ADVANCED_FACE('',(#9414),#9440,.T.);
#9414 = FACE_BOUND('',#9415,.T.);
#9415 = EDGE_LOOP('',(#9416,#9417,#9418,#9426,#9434));
#9416 = ORIENTED_EDGE('',*,*,#9402,.T.);
#9417 = ORIENTED_EDGE('',*,*,#8212,.T.);
#9418 = ORIENTED_EDGE('',*,*,#9419,.T.);
#9419 = EDGE_CURVE('',#8205,#9420,#9422,.T.);
#9420 = VERTEX_POINT('',#9421);
#9421 = CARTESIAN_POINT('',(-1.775,-1.6946,0.9996));
#9422 = LINE('',#9423,#9424);
#9423 = CARTESIAN_POINT('',(-1.775,0.7054,0.9996));
#9424 = VECTOR('',#9425,1.);
#9425 = DIRECTION('',(0.,-1.,0.));
#9426 = ORIENTED_EDGE('',*,*,#9427,.T.);
#9427 = EDGE_CURVE('',#9420,#9428,#9430,.T.);
#9428 = VERTEX_POINT('',#9429);
#9429 = CARTESIAN_POINT('',(-1.775,-2.0946,0.8396));
#9430 = LINE('',#9431,#9432);
#9431 = CARTESIAN_POINT('',(-1.775,-1.6946,0.9996));
#9432 = VECTOR('',#9433,1.);
#9433 = DIRECTION('',(0.,-0.928476690885,-0.371390676354));
#9434 = ORIENTED_EDGE('',*,*,#9435,.T.);
#9435 = EDGE_CURVE('',#9428,#9395,#9436,.T.);
#9436 = LINE('',#9437,#9438);
#9437 = CARTESIAN_POINT('',(-1.775,-2.0946,0.8396));
#9438 = VECTOR('',#9439,1.);
#9439 = DIRECTION('',(0.,0.,-1.));
#9440 = PLANE('',#9441);
#9441 = AXIS2_PLACEMENT_3D('',#9442,#9443,#9444);
#9442 = CARTESIAN_POINT('',(-1.775,1.293108022955E-02,1.127283611688));
#9443 = DIRECTION('',(1.,-1.250603656852E-18,2.809082092746E-18));
#9444 = DIRECTION('',(-2.809082092746E-18,0.,1.));
#9445 = ADVANCED_FACE('',(#9446),#9464,.F.);
#9446 = FACE_BOUND('',#9447,.F.);
#9447 = EDGE_LOOP('',(#9448,#9456,#9457,#9458));
#9448 = ORIENTED_EDGE('',*,*,#9449,.F.);
#9449 = EDGE_CURVE('',#8197,#9450,#9452,.T.);
#9450 = VERTEX_POINT('',#9451);
#9451 = CARTESIAN_POINT('',(-1.975,-1.6946,0.9996));
#9452 = LINE('',#9453,#9454);
#9453 = CARTESIAN_POINT('',(-1.975,0.7054,0.9996));
#9454 = VECTOR('',#9455,1.);
#9455 = DIRECTION('',(0.,-1.,0.));
#9456 = ORIENTED_EDGE('',*,*,#8204,.T.);
#9457 = ORIENTED_EDGE('',*,*,#9419,.T.);
#9458 = ORIENTED_EDGE('',*,*,#9459,.F.);
#9459 = EDGE_CURVE('',#9450,#9420,#9460,.T.);
#9460 = LINE('',#9461,#9462);
#9461 = CARTESIAN_POINT('',(-1.975,-1.6946,0.9996));
#9462 = VECTOR('',#9463,1.);
#9463 = DIRECTION('',(1.,0.,0.));
#9464 = PLANE('',#9465);
#9465 = AXIS2_PLACEMENT_3D('',#9466,#9467,#9468);
#9466 = CARTESIAN_POINT('',(-1.975,0.7054,0.9996));
#9467 = DIRECTION('',(0.,0.,-1.));
#9468 = DIRECTION('',(0.,-1.,0.));
#9469 = ADVANCED_FACE('',(#9470),#9489,.F.);
#9470 = FACE_BOUND('',#9471,.F.);
#9471 = EDGE_LOOP('',(#9472,#9473,#9474,#9475,#9483));
#9472 = ORIENTED_EDGE('',*,*,#9386,.T.);
#9473 = ORIENTED_EDGE('',*,*,#8196,.T.);
#9474 = ORIENTED_EDGE('',*,*,#9449,.T.);
#9475 = ORIENTED_EDGE('',*,*,#9476,.T.);
#9476 = EDGE_CURVE('',#9450,#9477,#9479,.T.);
#9477 = VERTEX_POINT('',#9478);
#9478 = CARTESIAN_POINT('',(-1.975,-2.0946,0.8396));
#9479 = LINE('',#9480,#9481);
#9480 = CARTESIAN_POINT('',(-1.975,-1.6946,0.9996));
#9481 = VECTOR('',#9482,1.);
#9482 = DIRECTION('',(0.,-0.928476690885,-0.371390676354));
#9483 = ORIENTED_EDGE('',*,*,#9484,.T.);
#9484 = EDGE_CURVE('',#9477,#9387,#9485,.T.);
#9485 = LINE('',#9486,#9487);
#9486 = CARTESIAN_POINT('',(-1.975,-2.0946,0.8396));
#9487 = VECTOR('',#9488,1.);
#9488 = DIRECTION('',(0.,0.,-1.));
#9489 = PLANE('',#9490);
#9490 = AXIS2_PLACEMENT_3D('',#9491,#9492,#9493);
#9491 = CARTESIAN_POINT('',(-1.975,1.293108022955E-02,1.127283611688));
#9492 = DIRECTION('',(1.,-1.250603656852E-18,2.809082092746E-18));
#9493 = DIRECTION('',(-2.809082092746E-18,0.,1.));
#9494 = ADVANCED_FACE('',(#9495),#9501,.F.);
#9495 = FACE_BOUND('',#9496,.F.);
#9496 = EDGE_LOOP('',(#9497,#9498,#9499,#9500));
#9497 = ORIENTED_EDGE('',*,*,#8295,.T.);
#9498 = ORIENTED_EDGE('',*,*,#8236,.T.);
#9499 = ORIENTED_EDGE('',*,*,#9034,.F.);
#9500 = ORIENTED_EDGE('',*,*,#8413,.F.);
#9501 = PLANE('',#9502);
#9502 = AXIS2_PLACEMENT_3D('',#9503,#9504,#9505);
#9503 = CARTESIAN_POINT('',(1.775,-1.8446,1.6696));
#9504 = DIRECTION('',(0.,-1.,0.));
#9505 = DIRECTION('',(0.,0.,1.));
#9506 = ADVANCED_FACE('',(#9507),#9513,.F.);
#9507 = FACE_BOUND('',#9508,.F.);
#9508 = EDGE_LOOP('',(#9509,#9510,#9511,#9512));
#9509 = ORIENTED_EDGE('',*,*,#8365,.T.);
#9510 = ORIENTED_EDGE('',*,*,#8438,.T.);
#9511 = ORIENTED_EDGE('',*,*,#8983,.F.);
#9512 = ORIENTED_EDGE('',*,*,#8328,.F.);
#9513 = PLANE('',#9514);
#9514 = AXIS2_PLACEMENT_3D('',#9515,#9516,#9517);
#9515 = CARTESIAN_POINT('',(-1.975,-1.8446,1.6696));
#9516 = DIRECTION('',(0.,-1.,0.));
#9517 = DIRECTION('',(0.,0.,1.));
#9518 = ADVANCED_FACE('',(#9519),#9525,.F.);
#9519 = FACE_BOUND('',#9520,.F.);
#9520 = EDGE_LOOP('',(#9521,#9522,#9523,#9524));
#9521 = ORIENTED_EDGE('',*,*,#8529,.T.);
#9522 = ORIENTED_EDGE('',*,*,#8470,.T.);
#9523 = ORIENTED_EDGE('',*,*,#9017,.F.);
#9524 = ORIENTED_EDGE('',*,*,#8647,.F.);
#9525 = PLANE('',#9526);
#9526 = AXIS2_PLACEMENT_3D('',#9527,#9528,#9529);
#9527 = CARTESIAN_POINT('',(0.525,-1.8446,1.6696));
#9528 = DIRECTION('',(0.,-1.,0.));
#9529 = DIRECTION('',(0.,0.,1.));
#9530 = ADVANCED_FACE('',(#9531),#9537,.F.);
#9531 = FACE_BOUND('',#9532,.F.);
#9532 = EDGE_LOOP('',(#9533,#9534,#9535,#9536));
#9533 = ORIENTED_EDGE('',*,*,#8599,.T.);
#9534 = ORIENTED_EDGE('',*,*,#8672,.T.);
#9535 = ORIENTED_EDGE('',*,*,#9000,.F.);
#9536 = ORIENTED_EDGE('',*,*,#8562,.F.);
#9537 = PLANE('',#9538);
#9538 = AXIS2_PLACEMENT_3D('',#9539,#9540,#9541);
#9539 = CARTESIAN_POINT('',(-0.725,-1.8446,1.6696));
#9540 = DIRECTION('',(0.,-1.,0.));
#9541 = DIRECTION('',(0.,0.,1.));
#9542 = ADVANCED_FACE('',(#9543),#9554,.F.);
#9543 = FACE_BOUND('',#9544,.F.);
#9544 = EDGE_LOOP('',(#9545,#9551,#9552,#9553));
#9545 = ORIENTED_EDGE('',*,*,#9546,.T.);
#9546 = EDGE_CURVE('',#9068,#9124,#9547,.T.);
#9547 = LINE('',#9548,#9549);
#9548 = CARTESIAN_POINT('',(1.775,-2.0946,0.8396));
#9549 = VECTOR('',#9550,1.);
#9550 = DIRECTION('',(1.,0.,0.));
#9551 = ORIENTED_EDGE('',*,*,#9131,.T.);
#9552 = ORIENTED_EDGE('',*,*,#9090,.F.);
#9553 = ORIENTED_EDGE('',*,*,#9075,.F.);
#9554 = PLANE('',#9555);
#9555 = AXIS2_PLACEMENT_3D('',#9556,#9557,#9558);
#9556 = CARTESIAN_POINT('',(1.775,-2.0946,0.8396));
#9557 = DIRECTION('',(0.,1.,0.));
#9558 = DIRECTION('',(0.,0.,-1.));
#9559 = ADVANCED_FACE('',(#9560),#9566,.F.);
#9560 = FACE_BOUND('',#9561,.F.);
#9561 = EDGE_LOOP('',(#9562,#9563,#9564,#9565));
#9562 = ORIENTED_EDGE('',*,*,#9148,.T.);
#9563 = ORIENTED_EDGE('',*,*,#9123,.T.);
#9564 = ORIENTED_EDGE('',*,*,#9546,.F.);
#9565 = ORIENTED_EDGE('',*,*,#9067,.F.);
#9566 = PLANE('',#9567);
#9567 = AXIS2_PLACEMENT_3D('',#9568,#9569,#9570);
#9568 = CARTESIAN_POINT('',(1.775,-1.6946,0.9996));
#9569 = DIRECTION('',(0.,0.371390676354,-0.928476690885));
#9570 = DIRECTION('',(0.,-0.928476690885,-0.371390676354));
#9571 = ADVANCED_FACE('',(#9572),#9583,.F.);
#9572 = FACE_BOUND('',#9573,.F.);
#9573 = EDGE_LOOP('',(#9574,#9580,#9581,#9582));
#9574 = ORIENTED_EDGE('',*,*,#9575,.T.);
#9575 = EDGE_CURVE('',#9180,#9236,#9576,.T.);
#9576 = LINE('',#9577,#9578);
#9577 = CARTESIAN_POINT('',(0.525,-2.0946,0.8396));
#9578 = VECTOR('',#9579,1.);
#9579 = DIRECTION('',(1.,0.,0.));
#9580 = ORIENTED_EDGE('',*,*,#9243,.T.);
#9581 = ORIENTED_EDGE('',*,*,#9202,.F.);
#9582 = ORIENTED_EDGE('',*,*,#9187,.F.);
#9583 = PLANE('',#9584);
#9584 = AXIS2_PLACEMENT_3D('',#9585,#9586,#9587);
#9585 = CARTESIAN_POINT('',(0.525,-2.0946,0.8396));
#9586 = DIRECTION('',(0.,1.,0.));
#9587 = DIRECTION('',(0.,0.,-1.));
#9588 = ADVANCED_FACE('',(#9589),#9595,.F.);
#9589 = FACE_BOUND('',#9590,.F.);
#9590 = EDGE_LOOP('',(#9591,#9592,#9593,#9594));
#9591 = ORIENTED_EDGE('',*,*,#9260,.T.);
#9592 = ORIENTED_EDGE('',*,*,#9235,.T.);
#9593 = ORIENTED_EDGE('',*,*,#9575,.F.);
#9594 = ORIENTED_EDGE('',*,*,#9179,.F.);
#9595 = PLANE('',#9596);
#9596 = AXIS2_PLACEMENT_3D('',#9597,#9598,#9599);
#9597 = CARTESIAN_POINT('',(0.525,-1.6946,0.9996));
#9598 = DIRECTION('',(0.,0.371390676354,-0.928476690885));
#9599 = DIRECTION('',(0.,-0.928476690885,-0.371390676354));
#9600 = ADVANCED_FACE('',(#9601),#9612,.F.);
#9601 = FACE_BOUND('',#9602,.F.);
#9602 = EDGE_LOOP('',(#9603,#9609,#9610,#9611));
#9603 = ORIENTED_EDGE('',*,*,#9604,.T.);
#9604 = EDGE_CURVE('',#9292,#9348,#9605,.T.);
#9605 = LINE('',#9606,#9607);
#9606 = CARTESIAN_POINT('',(-0.725,-2.0946,0.8396));
#9607 = VECTOR('',#9608,1.);
#9608 = DIRECTION('',(1.,0.,0.));
#9609 = ORIENTED_EDGE('',*,*,#9355,.T.);
#9610 = ORIENTED_EDGE('',*,*,#9314,.F.);
#9611 = ORIENTED_EDGE('',*,*,#9299,.F.);
#9612 = PLANE('',#9613);
#9613 = AXIS2_PLACEMENT_3D('',#9614,#9615,#9616);
#9614 = CARTESIAN_POINT('',(-0.725,-2.0946,0.8396));
#9615 = DIRECTION('',(0.,1.,0.));
#9616 = DIRECTION('',(0.,0.,-1.));
#9617 = ADVANCED_FACE('',(#9618),#9624,.F.);
#9618 = FACE_BOUND('',#9619,.F.);
#9619 = EDGE_LOOP('',(#9620,#9621,#9622,#9623));
#9620 = ORIENTED_EDGE('',*,*,#9372,.T.);
#9621 = ORIENTED_EDGE('',*,*,#9347,.T.);
#9622 = ORIENTED_EDGE('',*,*,#9604,.F.);
#9623 = ORIENTED_EDGE('',*,*,#9291,.F.);
#9624 = PLANE('',#9625);
#9625 = AXIS2_PLACEMENT_3D('',#9626,#9627,#9628);
#9626 = CARTESIAN_POINT('',(-0.725,-1.6946,0.9996));
#9627 = DIRECTION('',(0.,0.371390676354,-0.928476690885));
#9628 = DIRECTION('',(0.,-0.928476690885,-0.371390676354));
#9629 = ADVANCED_FACE('',(#9630),#9641,.F.);
#9630 = FACE_BOUND('',#9631,.F.);
#9631 = EDGE_LOOP('',(#9632,#9638,#9639,#9640));
#9632 = ORIENTED_EDGE('',*,*,#9633,.T.);
#9633 = EDGE_CURVE('',#9477,#9428,#9634,.T.);
#9634 = LINE('',#9635,#9636);
#9635 = CARTESIAN_POINT('',(-1.975,-2.0946,0.8396));
#9636 = VECTOR('',#9637,1.);
#9637 = DIRECTION('',(1.,0.,0.));
#9638 = ORIENTED_EDGE('',*,*,#9435,.T.);
#9639 = ORIENTED_EDGE('',*,*,#9394,.F.);
#9640 = ORIENTED_EDGE('',*,*,#9484,.F.);
#9641 = PLANE('',#9642);
#9642 = AXIS2_PLACEMENT_3D('',#9643,#9644,#9645);
#9643 = CARTESIAN_POINT('',(-1.975,-2.0946,0.8396));
#9644 = DIRECTION('',(0.,1.,0.));
#9645 = DIRECTION('',(0.,0.,-1.));
#9646 = ADVANCED_FACE('',(#9647),#9653,.F.);
#9647 = FACE_BOUND('',#9648,.F.);
#9648 = EDGE_LOOP('',(#9649,#9650,#9651,#9652));
#9649 = ORIENTED_EDGE('',*,*,#9459,.T.);
#9650 = ORIENTED_EDGE('',*,*,#9427,.T.);
#9651 = ORIENTED_EDGE('',*,*,#9633,.F.);
#9652 = ORIENTED_EDGE('',*,*,#9476,.F.);
#9653 = PLANE('',#9654);
#9654 = AXIS2_PLACEMENT_3D('',#9655,#9656,#9657);
#9655 = CARTESIAN_POINT('',(-1.975,-1.6946,0.9996));
#9656 = DIRECTION('',(0.,0.371390676354,-0.928476690885));
#9657 = DIRECTION('',(0.,-0.928476690885,-0.371390676354));
#9658 = ( GEOMETRIC_REPRESENTATION_CONTEXT(3) 
GLOBAL_UNCERTAINTY_ASSIGNED_CONTEXT((#9662)) 
GLOBAL_UNIT_ASSIGNED_CONTEXT((#9659,#9660,#9661)) REPRESENTATION_CONTEXT
('Context #1','3D Context with UNIT and UNCERTAINTY') );
#9659 = ( LENGTH_UNIT() NAMED_UNIT(*) SI_UNIT(.MILLI.,.METRE.) );
#9660 = ( NAMED_UNIT(*) PLANE_ANGLE_UNIT() SI_UNIT($,.RADIAN.) );
#9661 = ( NAMED_UNIT(*) SI_UNIT($,.STERADIAN.) SOLID_ANGLE_UNIT() );
#9662 = UNCERTAINTY_MEASURE_WITH_UNIT(LENGTH_MEASURE(1.E-07),#9659,
  'distance_accuracy_value','confusion accuracy');
#9663 = CONTEXT_DEPENDENT_SHAPE_REPRESENTATION(#9664,#9666);
#9664 = ( REPRESENTATION_RELATIONSHIP('','',#3258,#3235) 
REPRESENTATION_RELATIONSHIP_WITH_TRANSFORMATION(#9665) 
SHAPE_REPRESENTATION_RELATIONSHIP() );
#9665 = ITEM_DEFINED_TRANSFORMATION('','',#11,#3236);
#9666 = PRODUCT_DEFINITION_SHAPE('Placement','Placement of an item',
  #9667);
#9667 = NEXT_ASSEMBLY_USAGE_OCCURRENCE('7','=>[0:1:1:9]','',#3230,#3253,
  $);
#9668 = PRODUCT_RELATED_PRODUCT_CATEGORY('part',$,(#3255));
#9669 = CONTEXT_DEPENDENT_SHAPE_REPRESENTATION(#9670,#9672);
#9670 = ( REPRESENTATION_RELATIONSHIP('','',#1641,#10) 
REPRESENTATION_RELATIONSHIP_WITH_TRANSFORMATION(#9671) 
SHAPE_REPRESENTATION_RELATIONSHIP() );
#9671 = ITEM_DEFINED_TRANSFORMATION('','',#11,#31);
#9672 = PRODUCT_DEFINITION_SHAPE('Placement','Placement of an item',
  #9673);
#9673 = NEXT_ASSEMBLY_USAGE_OCCURRENCE('9','C5','',#5,#1636,$);
#9674 = CONTEXT_DEPENDENT_SHAPE_REPRESENTATION(#9675,#9677);
#9675 = ( REPRESENTATION_RELATIONSHIP('','',#1641,#10) 
REPRESENTATION_RELATIONSHIP_WITH_TRANSFORMATION(#9676) 
SHAPE_REPRESENTATION_RELATIONSHIP() );
#9676 = ITEM_DEFINED_TRANSFORMATION('','',#11,#35);
#9677 = PRODUCT_DEFINITION_SHAPE('Placement','Placement of an item',
  #9678);
#9678 = NEXT_ASSEMBLY_USAGE_OCCURRENCE('10','C1','',#5,#1636,$);
#9679 = SHAPE_DEFINITION_REPRESENTATION(#9680,#9686);
#9680 = PRODUCT_DEFINITION_SHAPE('','',#9681);
#9681 = PRODUCT_DEFINITION('design','',#9682,#9685);
#9682 = PRODUCT_DEFINITION_FORMATION('','',#9683);
#9683 = PRODUCT('R_0805_2012Metric','R_0805_2012Metric','',(#9684));
#9684 = PRODUCT_CONTEXT('',#2,'mechanical');
#9685 = PRODUCT_DEFINITION_CONTEXT('part definition',#2,'design');
#9686 = SHAPE_REPRESENTATION('',(#11,#9687),#9691);
#9687 = AXIS2_PLACEMENT_3D('',#9688,#9689,#9690);
#9688 = CARTESIAN_POINT('',(0.,0.,0.));
#9689 = DIRECTION('',(0.,0.,1.));
#9690 = DIRECTION('',(1.,0.,-0.));
#9691 = ( GEOMETRIC_REPRESENTATION_CONTEXT(3) 
GLOBAL_UNCERTAINTY_ASSIGNED_CONTEXT((#9695)) 
GLOBAL_UNIT_ASSIGNED_CONTEXT((#9692,#9693,#9694)) REPRESENTATION_CONTEXT
('Context #1','3D Context with UNIT and UNCERTAINTY') );
#9692 = ( LENGTH_UNIT() NAMED_UNIT(*) SI_UNIT(.MILLI.,.METRE.) );
#9693 = ( NAMED_UNIT(*) PLANE_ANGLE_UNIT() SI_UNIT($,.RADIAN.) );
#9694 = ( NAMED_UNIT(*) SI_UNIT($,.STERADIAN.) SOLID_ANGLE_UNIT() );
#9695 = UNCERTAINTY_MEASURE_WITH_UNIT(LENGTH_MEASURE(1.E-07),#9692,
  'distance_accuracy_value','confusion accuracy');
#9696 = CONTEXT_DEPENDENT_SHAPE_REPRESENTATION(#9697,#9699);
#9697 = ( REPRESENTATION_RELATIONSHIP('','',#9686,#10) 
REPRESENTATION_RELATIONSHIP_WITH_TRANSFORMATION(#9698) 
SHAPE_REPRESENTATION_RELATIONSHIP() );
#9698 = ITEM_DEFINED_TRANSFORMATION('','',#11,#39);
#9699 = PRODUCT_DEFINITION_SHAPE('Placement','Placement of an item',
  #9700);
#9700 = NEXT_ASSEMBLY_USAGE_OCCURRENCE('12','C3','',#5,#9681,$);
#9701 = PRODUCT_RELATED_PRODUCT_CATEGORY('part',$,(#9683));
#9702 = SHAPE_DEFINITION_REPRESENTATION(#9703,#9709);
#9703 = PRODUCT_DEFINITION_SHAPE('','',#9704);
#9704 = PRODUCT_DEFINITION('design','',#9705,#9708);
#9705 = PRODUCT_DEFINITION_FORMATION('','',#9706);
#9706 = PRODUCT('R_0805_2012Metric','R_0805_2012Metric','',(#9707));
#9707 = PRODUCT_CONTEXT('',#2,'mechanical');
#9708 = PRODUCT_DEFINITION_CONTEXT('part definition',#2,'design');
#9709 = ADVANCED_BREP_SHAPE_REPRESENTATION('',(#11,#9710),#10500);
#9710 = MANIFOLD_SOLID_BREP('',#9711);
#9711 = CLOSED_SHELL('',(#9712,#9752,#9835,#9860,#9885,#9952,#9969,#9986
    ,#10035,#10052,#10069,#10118,#10135,#10204,#10235,#10259,#10328,
    #10352,#10369,#10386,#10403,#10420,#10437,#10454,#10471,#10488));
#9712 = ADVANCED_FACE('',(#9713),#9747,.F.);
#9713 = FACE_BOUND('',#9714,.F.);
#9714 = EDGE_LOOP('',(#9715,#9725,#9733,#9741));
#9715 = ORIENTED_EDGE('',*,*,#9716,.F.);
#9716 = EDGE_CURVE('',#9717,#9719,#9721,.T.);
#9717 = VERTEX_POINT('',#9718);
#9718 = CARTESIAN_POINT('',(-1.,-0.6,4.5E-02));
#9719 = VERTEX_POINT('',#9720);
#9720 = CARTESIAN_POINT('',(-1.,-0.6,0.405));
#9721 = LINE('',#9722,#9723);
#9722 = CARTESIAN_POINT('',(-1.,-0.6,0.));
#9723 = VECTOR('',#9724,1.);
#9724 = DIRECTION('',(0.,0.,1.));
#9725 = ORIENTED_EDGE('',*,*,#9726,.T.);
#9726 = EDGE_CURVE('',#9717,#9727,#9729,.T.);
#9727 = VERTEX_POINT('',#9728);
#9728 = CARTESIAN_POINT('',(-1.,0.6,4.5E-02));
#9729 = LINE('',#9730,#9731);
#9730 = CARTESIAN_POINT('',(-1.,-0.6,4.5E-02));
#9731 = VECTOR('',#9732,1.);
#9732 = DIRECTION('',(0.,1.,0.));
#9733 = ORIENTED_EDGE('',*,*,#9734,.T.);
#9734 = EDGE_CURVE('',#9727,#9735,#9737,.T.);
#9735 = VERTEX_POINT('',#9736);
#9736 = CARTESIAN_POINT('',(-1.,0.6,0.405));
#9737 = LINE('',#9738,#9739);
#9738 = CARTESIAN_POINT('',(-1.,0.6,0.));
#9739 = VECTOR('',#9740,1.);
#9740 = DIRECTION('',(0.,0.,1.));
#9741 = ORIENTED_EDGE('',*,*,#9742,.F.);
#9742 = EDGE_CURVE('',#9719,#9735,#9743,.T.);
#9743 = LINE('',#9744,#9745);
#9744 = CARTESIAN_POINT('',(-1.,-0.6,0.405));
#9745 = VECTOR('',#9746,1.);
#9746 = DIRECTION('',(0.,1.,0.));
#9747 = PLANE('',#9748);
#9748 = AXIS2_PLACEMENT_3D('',#9749,#9750,#9751);
#9749 = CARTESIAN_POINT('',(-1.,-0.6,0.));
#9750 = DIRECTION('',(1.,0.,0.));
#9751 = DIRECTION('',(0.,0.,1.));
#9752 = ADVANCED_FACE('',(#9753),#9830,.F.);
#9753 = FACE_BOUND('',#9754,.F.);
#9754 = EDGE_LOOP('',(#9755,#9765,#9772,#9773,#9782,#9790,#9799,#9807,
    #9815,#9823));
#9755 = ORIENTED_EDGE('',*,*,#9756,.F.);
#9756 = EDGE_CURVE('',#9757,#9759,#9761,.T.);
#9757 = VERTEX_POINT('',#9758);
#9758 = CARTESIAN_POINT('',(-0.955,-0.6,-2.775557561563E-17));
#9759 = VERTEX_POINT('',#9760);
#9760 = CARTESIAN_POINT('',(-0.745,-0.6,-2.775557561563E-17));
#9761 = LINE('',#9762,#9763);
#9762 = CARTESIAN_POINT('',(-1.,-0.6,0.));
#9763 = VECTOR('',#9764,1.);
#9764 = DIRECTION('',(1.,0.,0.));
#9765 = ORIENTED_EDGE('',*,*,#9766,.F.);
#9766 = EDGE_CURVE('',#9717,#9757,#9767,.T.);
#9767 = CIRCLE('',#9768,4.5E-02);
#9768 = AXIS2_PLACEMENT_3D('',#9769,#9770,#9771);
#9769 = CARTESIAN_POINT('',(-0.955,-0.6,4.5E-02));
#9770 = DIRECTION('',(0.,-1.,0.));
#9771 = DIRECTION('',(0.,0.,1.));
#9772 = ORIENTED_EDGE('',*,*,#9716,.T.);
#9773 = ORIENTED_EDGE('',*,*,#9774,.T.);
#9774 = EDGE_CURVE('',#9719,#9775,#9777,.T.);
#9775 = VERTEX_POINT('',#9776);
#9776 = CARTESIAN_POINT('',(-0.955,-0.6,0.45));
#9777 = CIRCLE('',#9778,4.5E-02);
#9778 = AXIS2_PLACEMENT_3D('',#9779,#9780,#9781);
#9779 = CARTESIAN_POINT('',(-0.955,-0.6,0.405));
#9780 = DIRECTION('',(0.,1.,0.));
#9781 = DIRECTION('',(0.,-0.,1.));
#9782 = ORIENTED_EDGE('',*,*,#9783,.T.);
#9783 = EDGE_CURVE('',#9775,#9784,#9786,.T.);
#9784 = VERTEX_POINT('',#9785);
#9785 = CARTESIAN_POINT('',(-0.745,-0.6,0.45));
#9786 = LINE('',#9787,#9788);
#9787 = CARTESIAN_POINT('',(-1.,-0.6,0.45));
#9788 = VECTOR('',#9789,1.);
#9789 = DIRECTION('',(1.,0.,0.));
#9790 = ORIENTED_EDGE('',*,*,#9791,.F.);
#9791 = EDGE_CURVE('',#9792,#9784,#9794,.T.);
#9792 = VERTEX_POINT('',#9793);
#9793 = CARTESIAN_POINT('',(-0.7,-0.6,0.405));
#9794 = CIRCLE('',#9795,4.5E-02);
#9795 = AXIS2_PLACEMENT_3D('',#9796,#9797,#9798);
#9796 = CARTESIAN_POINT('',(-0.745,-0.6,0.405));
#9797 = DIRECTION('',(0.,-1.,0.));
#9798 = DIRECTION('',(0.,0.,1.));
#9799 = ORIENTED_EDGE('',*,*,#9800,.F.);
#9800 = EDGE_CURVE('',#9801,#9792,#9803,.T.);
#9801 = VERTEX_POINT('',#9802);
#9802 = CARTESIAN_POINT('',(-0.955,-0.6,0.405));
#9803 = LINE('',#9804,#9805);
#9804 = CARTESIAN_POINT('',(-0.955,-0.6,0.405));
#9805 = VECTOR('',#9806,1.);
#9806 = DIRECTION('',(1.,0.,0.));
#9807 = ORIENTED_EDGE('',*,*,#9808,.F.);
#9808 = EDGE_CURVE('',#9809,#9801,#9811,.T.);
#9809 = VERTEX_POINT('',#9810);
#9810 = CARTESIAN_POINT('',(-0.955,-0.6,4.5E-02));
#9811 = LINE('',#9812,#9813);
#9812 = CARTESIAN_POINT('',(-0.955,-0.6,4.5E-02));
#9813 = VECTOR('',#9814,1.);
#9814 = DIRECTION('',(0.,0.,1.));
#9815 = ORIENTED_EDGE('',*,*,#9816,.T.);
#9816 = EDGE_CURVE('',#9809,#9817,#9819,.T.);
#9817 = VERTEX_POINT('',#9818);
#9818 = CARTESIAN_POINT('',(-0.7,-0.6,4.5E-02));
#9819 = LINE('',#9820,#9821);
#9820 = CARTESIAN_POINT('',(-0.955,-0.6,4.5E-02));
#9821 = VECTOR('',#9822,1.);
#9822 = DIRECTION('',(1.,0.,0.));
#9823 = ORIENTED_EDGE('',*,*,#9824,.T.);
#9824 = EDGE_CURVE('',#9817,#9759,#9825,.T.);
#9825 = CIRCLE('',#9826,4.5E-02);
#9826 = AXIS2_PLACEMENT_3D('',#9827,#9828,#9829);
#9827 = CARTESIAN_POINT('',(-0.745,-0.6,4.5E-02));
#9828 = DIRECTION('',(0.,1.,0.));
#9829 = DIRECTION('',(0.,-0.,1.));
#9830 = PLANE('',#9831);
#9831 = AXIS2_PLACEMENT_3D('',#9832,#9833,#9834);
#9832 = CARTESIAN_POINT('',(-1.,-0.6,0.));
#9833 = DIRECTION('',(0.,1.,0.));
#9834 = DIRECTION('',(0.,-0.,1.));
#9835 = ADVANCED_FACE('',(#9836),#9855,.T.);
#9836 = FACE_BOUND('',#9837,.T.);
#9837 = EDGE_LOOP('',(#9838,#9839,#9848,#9854));
#9838 = ORIENTED_EDGE('',*,*,#9726,.T.);
#9839 = ORIENTED_EDGE('',*,*,#9840,.T.);
#9840 = EDGE_CURVE('',#9727,#9841,#9843,.T.);
#9841 = VERTEX_POINT('',#9842);
#9842 = CARTESIAN_POINT('',(-0.955,0.6,-2.775557561563E-17));
#9843 = CIRCLE('',#9844,4.5E-02);
#9844 = AXIS2_PLACEMENT_3D('',#9845,#9846,#9847);
#9845 = CARTESIAN_POINT('',(-0.955,0.6,4.5E-02));
#9846 = DIRECTION('',(0.,-1.,0.));
#9847 = DIRECTION('',(0.,0.,1.));
#9848 = ORIENTED_EDGE('',*,*,#9849,.F.);
#9849 = EDGE_CURVE('',#9757,#9841,#9850,.T.);
#9850 = LINE('',#9851,#9852);
#9851 = CARTESIAN_POINT('',(-0.955,-0.6,-2.775557561563E-17));
#9852 = VECTOR('',#9853,1.);
#9853 = DIRECTION('',(0.,1.,0.));
#9854 = ORIENTED_EDGE('',*,*,#9766,.F.);
#9855 = CYLINDRICAL_SURFACE('',#9856,4.5E-02);
#9856 = AXIS2_PLACEMENT_3D('',#9857,#9858,#9859);
#9857 = CARTESIAN_POINT('',(-0.955,-0.6,4.5E-02));
#9858 = DIRECTION('',(0.,1.,0.));
#9859 = DIRECTION('',(-1.,0.,0.));
#9860 = ADVANCED_FACE('',(#9861),#9880,.T.);
#9861 = FACE_BOUND('',#9862,.T.);
#9862 = EDGE_LOOP('',(#9863,#9864,#9872,#9879));
#9863 = ORIENTED_EDGE('',*,*,#9774,.T.);
#9864 = ORIENTED_EDGE('',*,*,#9865,.T.);
#9865 = EDGE_CURVE('',#9775,#9866,#9868,.T.);
#9866 = VERTEX_POINT('',#9867);
#9867 = CARTESIAN_POINT('',(-0.955,0.6,0.45));
#9868 = LINE('',#9869,#9870);
#9869 = CARTESIAN_POINT('',(-0.955,-0.6,0.45));
#9870 = VECTOR('',#9871,1.);
#9871 = DIRECTION('',(0.,1.,0.));
#9872 = ORIENTED_EDGE('',*,*,#9873,.F.);
#9873 = EDGE_CURVE('',#9735,#9866,#9874,.T.);
#9874 = CIRCLE('',#9875,4.5E-02);
#9875 = AXIS2_PLACEMENT_3D('',#9876,#9877,#9878);
#9876 = CARTESIAN_POINT('',(-0.955,0.6,0.405));
#9877 = DIRECTION('',(0.,1.,0.));
#9878 = DIRECTION('',(0.,-0.,1.));
#9879 = ORIENTED_EDGE('',*,*,#9742,.F.);
#9880 = CYLINDRICAL_SURFACE('',#9881,4.5E-02);
#9881 = AXIS2_PLACEMENT_3D('',#9882,#9883,#9884);
#9882 = CARTESIAN_POINT('',(-0.955,-0.6,0.405));
#9883 = DIRECTION('',(0.,1.,0.));
#9884 = DIRECTION('',(-1.,0.,0.));
#9885 = ADVANCED_FACE('',(#9886),#9947,.T.);
#9886 = FACE_BOUND('',#9887,.T.);
#9887 = EDGE_LOOP('',(#9888,#9896,#9897,#9898,#9899,#9907,#9916,#9924,
    #9932,#9940));
#9888 = ORIENTED_EDGE('',*,*,#9889,.F.);
#9889 = EDGE_CURVE('',#9841,#9890,#9892,.T.);
#9890 = VERTEX_POINT('',#9891);
#9891 = CARTESIAN_POINT('',(-0.745,0.6,-2.775557561563E-17));
#9892 = LINE('',#9893,#9894);
#9893 = CARTESIAN_POINT('',(-1.,0.6,0.));
#9894 = VECTOR('',#9895,1.);
#9895 = DIRECTION('',(1.,0.,0.));
#9896 = ORIENTED_EDGE('',*,*,#9840,.F.);
#9897 = ORIENTED_EDGE('',*,*,#9734,.T.);
#9898 = ORIENTED_EDGE('',*,*,#9873,.T.);
#9899 = ORIENTED_EDGE('',*,*,#9900,.T.);
#9900 = EDGE_CURVE('',#9866,#9901,#9903,.T.);
#9901 = VERTEX_POINT('',#9902);
#9902 = CARTESIAN_POINT('',(-0.745,0.6,0.45));
#9903 = LINE('',#9904,#9905);
#9904 = CARTESIAN_POINT('',(-1.,0.6,0.45));
#9905 = VECTOR('',#9906,1.);
#9906 = DIRECTION('',(1.,0.,0.));
#9907 = ORIENTED_EDGE('',*,*,#9908,.F.);
#9908 = EDGE_CURVE('',#9909,#9901,#9911,.T.);
#9909 = VERTEX_POINT('',#9910);
#9910 = CARTESIAN_POINT('',(-0.7,0.6,0.405));
#9911 = CIRCLE('',#9912,4.5E-02);
#9912 = AXIS2_PLACEMENT_3D('',#9913,#9914,#9915);
#9913 = CARTESIAN_POINT('',(-0.745,0.6,0.405));
#9914 = DIRECTION('',(0.,-1.,0.));
#9915 = DIRECTION('',(0.,0.,1.));
#9916 = ORIENTED_EDGE('',*,*,#9917,.F.);
#9917 = EDGE_CURVE('',#9918,#9909,#9920,.T.);
#9918 = VERTEX_POINT('',#9919);
#9919 = CARTESIAN_POINT('',(-0.955,0.6,0.405));
#9920 = LINE('',#9921,#9922);
#9921 = CARTESIAN_POINT('',(-0.955,0.6,0.405));
#9922 = VECTOR('',#9923,1.);
#9923 = DIRECTION('',(1.,0.,0.));
#9924 = ORIENTED_EDGE('',*,*,#9925,.F.);
#9925 = EDGE_CURVE('',#9926,#9918,#9928,.T.);
#9926 = VERTEX_POINT('',#9927);
#9927 = CARTESIAN_POINT('',(-0.955,0.6,4.5E-02));
#9928 = LINE('',#9929,#9930);
#9929 = CARTESIAN_POINT('',(-0.955,0.6,4.5E-02));
#9930 = VECTOR('',#9931,1.);
#9931 = DIRECTION('',(0.,0.,1.));
#9932 = ORIENTED_EDGE('',*,*,#9933,.T.);
#9933 = EDGE_CURVE('',#9926,#9934,#9936,.T.);
#9934 = VERTEX_POINT('',#9935);
#9935 = CARTESIAN_POINT('',(-0.7,0.6,4.5E-02));
#9936 = LINE('',#9937,#9938);
#9937 = CARTESIAN_POINT('',(-0.955,0.6,4.5E-02));
#9938 = VECTOR('',#9939,1.);
#9939 = DIRECTION('',(1.,0.,0.));
#9940 = ORIENTED_EDGE('',*,*,#9941,.T.);
#9941 = EDGE_CURVE('',#9934,#9890,#9942,.T.);
#9942 = CIRCLE('',#9943,4.5E-02);
#9943 = AXIS2_PLACEMENT_3D('',#9944,#9945,#9946);
#9944 = CARTESIAN_POINT('',(-0.745,0.6,4.5E-02));
#9945 = DIRECTION('',(0.,1.,0.));
#9946 = DIRECTION('',(0.,-0.,1.));
#9947 = PLANE('',#9948);
#9948 = AXIS2_PLACEMENT_3D('',#9949,#9950,#9951);
#9949 = CARTESIAN_POINT('',(-1.,0.6,0.));
#9950 = DIRECTION('',(0.,1.,0.));
#9951 = DIRECTION('',(0.,-0.,1.));
#9952 = ADVANCED_FACE('',(#9953),#9964,.F.);
#9953 = FACE_BOUND('',#9954,.F.);
#9954 = EDGE_LOOP('',(#9955,#9956,#9957,#9958));
#9955 = ORIENTED_EDGE('',*,*,#9889,.F.);
#9956 = ORIENTED_EDGE('',*,*,#9849,.F.);
#9957 = ORIENTED_EDGE('',*,*,#9756,.T.);
#9958 = ORIENTED_EDGE('',*,*,#9959,.T.);
#9959 = EDGE_CURVE('',#9759,#9890,#9960,.T.);
#9960 = LINE('',#9961,#9962);
#9961 = CARTESIAN_POINT('',(-0.745,-0.6,-2.775557561563E-17));
#9962 = VECTOR('',#9963,1.);
#9963 = DIRECTION('',(0.,1.,0.));
#9964 = PLANE('',#9965);
#9965 = AXIS2_PLACEMENT_3D('',#9966,#9967,#9968);
#9966 = CARTESIAN_POINT('',(-1.,-0.6,0.));
#9967 = DIRECTION('',(0.,0.,1.));
#9968 = DIRECTION('',(1.,0.,-0.));
#9969 = ADVANCED_FACE('',(#9970),#9981,.T.);
#9970 = FACE_BOUND('',#9971,.T.);
#9971 = EDGE_LOOP('',(#9972,#9973,#9974,#9975));
#9972 = ORIENTED_EDGE('',*,*,#9824,.T.);
#9973 = ORIENTED_EDGE('',*,*,#9959,.T.);
#9974 = ORIENTED_EDGE('',*,*,#9941,.F.);
#9975 = ORIENTED_EDGE('',*,*,#9976,.F.);
#9976 = EDGE_CURVE('',#9817,#9934,#9977,.T.);
#9977 = LINE('',#9978,#9979);
#9978 = CARTESIAN_POINT('',(-0.7,-0.6,4.5E-02));
#9979 = VECTOR('',#9980,1.);
#9980 = DIRECTION('',(0.,1.,0.));
#9981 = CYLINDRICAL_SURFACE('',#9982,4.5E-02);
#9982 = AXIS2_PLACEMENT_3D('',#9983,#9984,#9985);
#9983 = CARTESIAN_POINT('',(-0.745,-0.6,4.5E-02));
#9984 = DIRECTION('',(0.,1.,0.));
#9985 = DIRECTION('',(1.,0.,0.));
#9986 = ADVANCED_FACE('',(#9987),#10030,.F.);
#9987 = FACE_BOUND('',#9988,.F.);
#9988 = EDGE_LOOP('',(#9989,#9990,#9991,#9992,#10000,#10008,#10016,
    #10024));
#9989 = ORIENTED_EDGE('',*,*,#9816,.F.);
#9990 = ORIENTED_EDGE('',*,*,#9808,.T.);
#9991 = ORIENTED_EDGE('',*,*,#9800,.T.);
#9992 = ORIENTED_EDGE('',*,*,#9993,.T.);
#9993 = EDGE_CURVE('',#9792,#9994,#9996,.T.);
#9994 = VERTEX_POINT('',#9995);
#9995 = CARTESIAN_POINT('',(0.7,-0.6,0.405));
#9996 = LINE('',#9997,#9998);
#9997 = CARTESIAN_POINT('',(-0.7,-0.6,0.405));
#9998 = VECTOR('',#9999,1.);
#9999 = DIRECTION('',(1.,0.,0.));
#10000 = ORIENTED_EDGE('',*,*,#10001,.T.);
#10001 = EDGE_CURVE('',#9994,#10002,#10004,.T.);
#10002 = VERTEX_POINT('',#10003);
#10003 = CARTESIAN_POINT('',(0.955,-0.6,0.405));
#10004 = LINE('',#10005,#10006);
#10005 = CARTESIAN_POINT('',(-0.955,-0.6,0.405));
#10006 = VECTOR('',#10007,1.);
#10007 = DIRECTION('',(1.,0.,0.));
#10008 = ORIENTED_EDGE('',*,*,#10009,.F.);
#10009 = EDGE_CURVE('',#10010,#10002,#10012,.T.);
#10010 = VERTEX_POINT('',#10011);
#10011 = CARTESIAN_POINT('',(0.955,-0.6,4.5E-02));
#10012 = LINE('',#10013,#10014);
#10013 = CARTESIAN_POINT('',(0.955,-0.6,4.5E-02));
#10014 = VECTOR('',#10015,1.);
#10015 = DIRECTION('',(0.,0.,1.));
#10016 = ORIENTED_EDGE('',*,*,#10017,.F.);
#10017 = EDGE_CURVE('',#10018,#10010,#10020,.T.);
#10018 = VERTEX_POINT('',#10019);
#10019 = CARTESIAN_POINT('',(0.7,-0.6,4.5E-02));
#10020 = LINE('',#10021,#10022);
#10021 = CARTESIAN_POINT('',(-0.955,-0.6,4.5E-02));
#10022 = VECTOR('',#10023,1.);
#10023 = DIRECTION('',(1.,0.,0.));
#10024 = ORIENTED_EDGE('',*,*,#10025,.F.);
#10025 = EDGE_CURVE('',#9817,#10018,#10026,.T.);
#10026 = LINE('',#10027,#10028);
#10027 = CARTESIAN_POINT('',(-0.955,-0.6,4.5E-02));
#10028 = VECTOR('',#10029,1.);
#10029 = DIRECTION('',(1.,0.,0.));
#10030 = PLANE('',#10031);
#10031 = AXIS2_PLACEMENT_3D('',#10032,#10033,#10034);
#10032 = CARTESIAN_POINT('',(-0.955,-0.6,4.5E-02));
#10033 = DIRECTION('',(0.,1.,0.));
#10034 = DIRECTION('',(0.,-0.,1.));
#10035 = ADVANCED_FACE('',(#10036),#10047,.T.);
#10036 = FACE_BOUND('',#10037,.T.);
#10037 = EDGE_LOOP('',(#10038,#10039,#10040,#10041));
#10038 = ORIENTED_EDGE('',*,*,#9900,.F.);
#10039 = ORIENTED_EDGE('',*,*,#9865,.F.);
#10040 = ORIENTED_EDGE('',*,*,#9783,.T.);
#10041 = ORIENTED_EDGE('',*,*,#10042,.T.);
#10042 = EDGE_CURVE('',#9784,#9901,#10043,.T.);
#10043 = LINE('',#10044,#10045);
#10044 = CARTESIAN_POINT('',(-0.745,-0.6,0.45));
#10045 = VECTOR('',#10046,1.);
#10046 = DIRECTION('',(0.,1.,0.));
#10047 = PLANE('',#10048);
#10048 = AXIS2_PLACEMENT_3D('',#10049,#10050,#10051);
#10049 = CARTESIAN_POINT('',(-1.,-0.6,0.45));
#10050 = DIRECTION('',(0.,0.,1.));
#10051 = DIRECTION('',(1.,0.,-0.));
#10052 = ADVANCED_FACE('',(#10053),#10064,.T.);
#10053 = FACE_BOUND('',#10054,.T.);
#10054 = EDGE_LOOP('',(#10055,#10061,#10062,#10063));
#10055 = ORIENTED_EDGE('',*,*,#10056,.T.);
#10056 = EDGE_CURVE('',#9792,#9909,#10057,.T.);
#10057 = LINE('',#10058,#10059);
#10058 = CARTESIAN_POINT('',(-0.7,-0.6,0.405));
#10059 = VECTOR('',#10060,1.);
#10060 = DIRECTION('',(0.,1.,0.));
#10061 = ORIENTED_EDGE('',*,*,#9908,.T.);
#10062 = ORIENTED_EDGE('',*,*,#10042,.F.);
#10063 = ORIENTED_EDGE('',*,*,#9791,.F.);
#10064 = CYLINDRICAL_SURFACE('',#10065,4.5E-02);
#10065 = AXIS2_PLACEMENT_3D('',#10066,#10067,#10068);
#10066 = CARTESIAN_POINT('',(-0.745,-0.6,0.405));
#10067 = DIRECTION('',(0.,1.,0.));
#10068 = DIRECTION('',(1.,0.,0.));
#10069 = ADVANCED_FACE('',(#10070),#10113,.T.);
#10070 = FACE_BOUND('',#10071,.T.);
#10071 = EDGE_LOOP('',(#10072,#10073,#10074,#10075,#10083,#10091,#10099,
    #10107));
#10072 = ORIENTED_EDGE('',*,*,#9933,.F.);
#10073 = ORIENTED_EDGE('',*,*,#9925,.T.);
#10074 = ORIENTED_EDGE('',*,*,#9917,.T.);
#10075 = ORIENTED_EDGE('',*,*,#10076,.T.);
#10076 = EDGE_CURVE('',#9909,#10077,#10079,.T.);
#10077 = VERTEX_POINT('',#10078);
#10078 = CARTESIAN_POINT('',(0.7,0.6,0.405));
#10079 = LINE('',#10080,#10081);
#10080 = CARTESIAN_POINT('',(-0.7,0.6,0.405));
#10081 = VECTOR('',#10082,1.);
#10082 = DIRECTION('',(1.,0.,0.));
#10083 = ORIENTED_EDGE('',*,*,#10084,.T.);
#10084 = EDGE_CURVE('',#10077,#10085,#10087,.T.);
#10085 = VERTEX_POINT('',#10086);
#10086 = CARTESIAN_POINT('',(0.955,0.6,0.405));
#10087 = LINE('',#10088,#10089);
#10088 = CARTESIAN_POINT('',(-0.955,0.6,0.405));
#10089 = VECTOR('',#10090,1.);
#10090 = DIRECTION('',(1.,0.,0.));
#10091 = ORIENTED_EDGE('',*,*,#10092,.F.);
#10092 = EDGE_CURVE('',#10093,#10085,#10095,.T.);
#10093 = VERTEX_POINT('',#10094);
#10094 = CARTESIAN_POINT('',(0.955,0.6,4.5E-02));
#10095 = LINE('',#10096,#10097);
#10096 = CARTESIAN_POINT('',(0.955,0.6,4.5E-02));
#10097 = VECTOR('',#10098,1.);
#10098 = DIRECTION('',(0.,0.,1.));
#10099 = ORIENTED_EDGE('',*,*,#10100,.F.);
#10100 = EDGE_CURVE('',#10101,#10093,#10103,.T.);
#10101 = VERTEX_POINT('',#10102);
#10102 = CARTESIAN_POINT('',(0.7,0.6,4.5E-02));
#10103 = LINE('',#10104,#10105);
#10104 = CARTESIAN_POINT('',(-0.955,0.6,4.5E-02));
#10105 = VECTOR('',#10106,1.);
#10106 = DIRECTION('',(1.,0.,0.));
#10107 = ORIENTED_EDGE('',*,*,#10108,.F.);
#10108 = EDGE_CURVE('',#9934,#10101,#10109,.T.);
#10109 = LINE('',#10110,#10111);
#10110 = CARTESIAN_POINT('',(-0.955,0.6,4.5E-02));
#10111 = VECTOR('',#10112,1.);
#10112 = DIRECTION('',(1.,0.,0.));
#10113 = PLANE('',#10114);
#10114 = AXIS2_PLACEMENT_3D('',#10115,#10116,#10117);
#10115 = CARTESIAN_POINT('',(-0.955,0.6,4.5E-02));
#10116 = DIRECTION('',(0.,1.,0.));
#10117 = DIRECTION('',(0.,-0.,1.));
#10118 = ADVANCED_FACE('',(#10119),#10130,.F.);
#10119 = FACE_BOUND('',#10120,.F.);
#10120 = EDGE_LOOP('',(#10121,#10122,#10123,#10129));
#10121 = ORIENTED_EDGE('',*,*,#9976,.F.);
#10122 = ORIENTED_EDGE('',*,*,#10025,.T.);
#10123 = ORIENTED_EDGE('',*,*,#10124,.T.);
#10124 = EDGE_CURVE('',#10018,#10101,#10125,.T.);
#10125 = LINE('',#10126,#10127);
#10126 = CARTESIAN_POINT('',(0.7,-0.6,4.5E-02));
#10127 = VECTOR('',#10128,1.);
#10128 = DIRECTION('',(0.,1.,0.));
#10129 = ORIENTED_EDGE('',*,*,#10108,.F.);
#10130 = PLANE('',#10131);
#10131 = AXIS2_PLACEMENT_3D('',#10132,#10133,#10134);
#10132 = CARTESIAN_POINT('',(-0.955,-0.6,4.5E-02));
#10133 = DIRECTION('',(0.,0.,1.));
#10134 = DIRECTION('',(1.,0.,-0.));
#10135 = ADVANCED_FACE('',(#10136),#10199,.F.);
#10136 = FACE_BOUND('',#10137,.F.);
#10137 = EDGE_LOOP('',(#10138,#10148,#10155,#10156,#10157,#10158,#10167,
    #10175,#10184,#10192));
#10138 = ORIENTED_EDGE('',*,*,#10139,.F.);
#10139 = EDGE_CURVE('',#10140,#10142,#10144,.T.);
#10140 = VERTEX_POINT('',#10141);
#10141 = CARTESIAN_POINT('',(0.745,-0.6,-2.775557561563E-17));
#10142 = VERTEX_POINT('',#10143);
#10143 = CARTESIAN_POINT('',(0.955,-0.6,-2.775557561563E-17));
#10144 = LINE('',#10145,#10146);
#10145 = CARTESIAN_POINT('',(0.7,-0.6,0.));
#10146 = VECTOR('',#10147,1.);
#10147 = DIRECTION('',(1.,0.,0.));
#10148 = ORIENTED_EDGE('',*,*,#10149,.F.);
#10149 = EDGE_CURVE('',#10018,#10140,#10150,.T.);
#10150 = CIRCLE('',#10151,4.5E-02);
#10151 = AXIS2_PLACEMENT_3D('',#10152,#10153,#10154);
#10152 = CARTESIAN_POINT('',(0.745,-0.6,4.5E-02));
#10153 = DIRECTION('',(0.,-1.,0.));
#10154 = DIRECTION('',(0.,0.,1.));
#10155 = ORIENTED_EDGE('',*,*,#10017,.T.);
#10156 = ORIENTED_EDGE('',*,*,#10009,.T.);
#10157 = ORIENTED_EDGE('',*,*,#10001,.F.);
#10158 = ORIENTED_EDGE('',*,*,#10159,.T.);
#10159 = EDGE_CURVE('',#9994,#10160,#10162,.T.);
#10160 = VERTEX_POINT('',#10161);
#10161 = CARTESIAN_POINT('',(0.745,-0.6,0.45));
#10162 = CIRCLE('',#10163,4.5E-02);
#10163 = AXIS2_PLACEMENT_3D('',#10164,#10165,#10166);
#10164 = CARTESIAN_POINT('',(0.745,-0.6,0.405));
#10165 = DIRECTION('',(0.,1.,0.));
#10166 = DIRECTION('',(0.,-0.,1.));
#10167 = ORIENTED_EDGE('',*,*,#10168,.T.);
#10168 = EDGE_CURVE('',#10160,#10169,#10171,.T.);
#10169 = VERTEX_POINT('',#10170);
#10170 = CARTESIAN_POINT('',(0.955,-0.6,0.45));
#10171 = LINE('',#10172,#10173);
#10172 = CARTESIAN_POINT('',(0.7,-0.6,0.45));
#10173 = VECTOR('',#10174,1.);
#10174 = DIRECTION('',(1.,0.,0.));
#10175 = ORIENTED_EDGE('',*,*,#10176,.F.);
#10176 = EDGE_CURVE('',#10177,#10169,#10179,.T.);
#10177 = VERTEX_POINT('',#10178);
#10178 = CARTESIAN_POINT('',(1.,-0.6,0.405));
#10179 = CIRCLE('',#10180,4.5E-02);
#10180 = AXIS2_PLACEMENT_3D('',#10181,#10182,#10183);
#10181 = CARTESIAN_POINT('',(0.955,-0.6,0.405));
#10182 = DIRECTION('',(0.,-1.,0.));
#10183 = DIRECTION('',(0.,0.,1.));
#10184 = ORIENTED_EDGE('',*,*,#10185,.F.);
#10185 = EDGE_CURVE('',#10186,#10177,#10188,.T.);
#10186 = VERTEX_POINT('',#10187);
#10187 = CARTESIAN_POINT('',(1.,-0.6,4.5E-02));
#10188 = LINE('',#10189,#10190);
#10189 = CARTESIAN_POINT('',(1.,-0.6,0.));
#10190 = VECTOR('',#10191,1.);
#10191 = DIRECTION('',(0.,0.,1.));
#10192 = ORIENTED_EDGE('',*,*,#10193,.T.);
#10193 = EDGE_CURVE('',#10186,#10142,#10194,.T.);
#10194 = CIRCLE('',#10195,4.5E-02);
#10195 = AXIS2_PLACEMENT_3D('',#10196,#10197,#10198);
#10196 = CARTESIAN_POINT('',(0.955,-0.6,4.5E-02));
#10197 = DIRECTION('',(0.,1.,0.));
#10198 = DIRECTION('',(0.,-0.,1.));
#10199 = PLANE('',#10200);
#10200 = AXIS2_PLACEMENT_3D('',#10201,#10202,#10203);
#10201 = CARTESIAN_POINT('',(0.7,-0.6,0.));
#10202 = DIRECTION('',(0.,1.,0.));
#10203 = DIRECTION('',(0.,-0.,1.));
#10204 = ADVANCED_FACE('',(#10205),#10230,.F.);
#10205 = FACE_BOUND('',#10206,.F.);
#10206 = EDGE_LOOP('',(#10207,#10208,#10216,#10224));
#10207 = ORIENTED_EDGE('',*,*,#9993,.F.);
#10208 = ORIENTED_EDGE('',*,*,#10209,.T.);
#10209 = EDGE_CURVE('',#9792,#10210,#10212,.T.);
#10210 = VERTEX_POINT('',#10211);
#10211 = CARTESIAN_POINT('',(-0.7,-0.6,0.45));
#10212 = LINE('',#10213,#10214);
#10213 = CARTESIAN_POINT('',(-0.7,-0.6,0.405));
#10214 = VECTOR('',#10215,1.);
#10215 = DIRECTION('',(0.,0.,1.));
#10216 = ORIENTED_EDGE('',*,*,#10217,.T.);
#10217 = EDGE_CURVE('',#10210,#10218,#10220,.T.);
#10218 = VERTEX_POINT('',#10219);
#10219 = CARTESIAN_POINT('',(0.7,-0.6,0.45));
#10220 = LINE('',#10221,#10222);
#10221 = CARTESIAN_POINT('',(-0.7,-0.6,0.45));
#10222 = VECTOR('',#10223,1.);
#10223 = DIRECTION('',(1.,0.,0.));
#10224 = ORIENTED_EDGE('',*,*,#10225,.F.);
#10225 = EDGE_CURVE('',#9994,#10218,#10226,.T.);
#10226 = LINE('',#10227,#10228);
#10227 = CARTESIAN_POINT('',(0.7,-0.6,0.405));
#10228 = VECTOR('',#10229,1.);
#10229 = DIRECTION('',(0.,0.,1.));
#10230 = PLANE('',#10231);
#10231 = AXIS2_PLACEMENT_3D('',#10232,#10233,#10234);
#10232 = CARTESIAN_POINT('',(-0.7,-0.6,0.405));
#10233 = DIRECTION('',(0.,1.,0.));
#10234 = DIRECTION('',(0.,-0.,1.));
#10235 = ADVANCED_FACE('',(#10236),#10254,.F.);
#10236 = FACE_BOUND('',#10237,.F.);
#10237 = EDGE_LOOP('',(#10238,#10239,#10240,#10248));
#10238 = ORIENTED_EDGE('',*,*,#10209,.F.);
#10239 = ORIENTED_EDGE('',*,*,#10056,.T.);
#10240 = ORIENTED_EDGE('',*,*,#10241,.T.);
#10241 = EDGE_CURVE('',#9909,#10242,#10244,.T.);
#10242 = VERTEX_POINT('',#10243);
#10243 = CARTESIAN_POINT('',(-0.7,0.6,0.45));
#10244 = LINE('',#10245,#10246);
#10245 = CARTESIAN_POINT('',(-0.7,0.6,0.405));
#10246 = VECTOR('',#10247,1.);
#10247 = DIRECTION('',(0.,0.,1.));
#10248 = ORIENTED_EDGE('',*,*,#10249,.F.);
#10249 = EDGE_CURVE('',#10210,#10242,#10250,.T.);
#10250 = LINE('',#10251,#10252);
#10251 = CARTESIAN_POINT('',(-0.7,-0.6,0.45));
#10252 = VECTOR('',#10253,1.);
#10253 = DIRECTION('',(0.,1.,0.));
#10254 = PLANE('',#10255);
#10255 = AXIS2_PLACEMENT_3D('',#10256,#10257,#10258);
#10256 = CARTESIAN_POINT('',(-0.7,-0.6,0.405));
#10257 = DIRECTION('',(1.,0.,0.));
#10258 = DIRECTION('',(0.,0.,1.));
#10259 = ADVANCED_FACE('',(#10260),#10323,.T.);
#10260 = FACE_BOUND('',#10261,.T.);
#10261 = EDGE_LOOP('',(#10262,#10272,#10279,#10280,#10281,#10282,#10291,
    #10299,#10308,#10316));
#10262 = ORIENTED_EDGE('',*,*,#10263,.F.);
#10263 = EDGE_CURVE('',#10264,#10266,#10268,.T.);
#10264 = VERTEX_POINT('',#10265);
#10265 = CARTESIAN_POINT('',(0.745,0.6,-2.775557561563E-17));
#10266 = VERTEX_POINT('',#10267);
#10267 = CARTESIAN_POINT('',(0.955,0.6,-2.775557561563E-17));
#10268 = LINE('',#10269,#10270);
#10269 = CARTESIAN_POINT('',(0.7,0.6,0.));
#10270 = VECTOR('',#10271,1.);
#10271 = DIRECTION('',(1.,0.,0.));
#10272 = ORIENTED_EDGE('',*,*,#10273,.F.);
#10273 = EDGE_CURVE('',#10101,#10264,#10274,.T.);
#10274 = CIRCLE('',#10275,4.5E-02);
#10275 = AXIS2_PLACEMENT_3D('',#10276,#10277,#10278);
#10276 = CARTESIAN_POINT('',(0.745,0.6,4.5E-02));
#10277 = DIRECTION('',(0.,-1.,0.));
#10278 = DIRECTION('',(0.,0.,1.));
#10279 = ORIENTED_EDGE('',*,*,#10100,.T.);
#10280 = ORIENTED_EDGE('',*,*,#10092,.T.);
#10281 = ORIENTED_EDGE('',*,*,#10084,.F.);
#10282 = ORIENTED_EDGE('',*,*,#10283,.T.);
#10283 = EDGE_CURVE('',#10077,#10284,#10286,.T.);
#10284 = VERTEX_POINT('',#10285);
#10285 = CARTESIAN_POINT('',(0.745,0.6,0.45));
#10286 = CIRCLE('',#10287,4.5E-02);
#10287 = AXIS2_PLACEMENT_3D('',#10288,#10289,#10290);
#10288 = CARTESIAN_POINT('',(0.745,0.6,0.405));
#10289 = DIRECTION('',(0.,1.,0.));
#10290 = DIRECTION('',(0.,-0.,1.));
#10291 = ORIENTED_EDGE('',*,*,#10292,.T.);
#10292 = EDGE_CURVE('',#10284,#10293,#10295,.T.);
#10293 = VERTEX_POINT('',#10294);
#10294 = CARTESIAN_POINT('',(0.955,0.6,0.45));
#10295 = LINE('',#10296,#10297);
#10296 = CARTESIAN_POINT('',(0.7,0.6,0.45));
#10297 = VECTOR('',#10298,1.);
#10298 = DIRECTION('',(1.,0.,0.));
#10299 = ORIENTED_EDGE('',*,*,#10300,.F.);
#10300 = EDGE_CURVE('',#10301,#10293,#10303,.T.);
#10301 = VERTEX_POINT('',#10302);
#10302 = CARTESIAN_POINT('',(1.,0.6,0.405));
#10303 = CIRCLE('',#10304,4.5E-02);
#10304 = AXIS2_PLACEMENT_3D('',#10305,#10306,#10307);
#10305 = CARTESIAN_POINT('',(0.955,0.6,0.405));
#10306 = DIRECTION('',(0.,-1.,0.));
#10307 = DIRECTION('',(0.,0.,1.));
#10308 = ORIENTED_EDGE('',*,*,#10309,.F.);
#10309 = EDGE_CURVE('',#10310,#10301,#10312,.T.);
#10310 = VERTEX_POINT('',#10311);
#10311 = CARTESIAN_POINT('',(1.,0.6,4.5E-02));
#10312 = LINE('',#10313,#10314);
#10313 = CARTESIAN_POINT('',(1.,0.6,0.));
#10314 = VECTOR('',#10315,1.);
#10315 = DIRECTION('',(0.,0.,1.));
#10316 = ORIENTED_EDGE('',*,*,#10317,.T.);
#10317 = EDGE_CURVE('',#10310,#10266,#10318,.T.);
#10318 = CIRCLE('',#10319,4.5E-02);
#10319 = AXIS2_PLACEMENT_3D('',#10320,#10321,#10322);
#10320 = CARTESIAN_POINT('',(0.955,0.6,4.5E-02));
#10321 = DIRECTION('',(0.,1.,0.));
#10322 = DIRECTION('',(0.,-0.,1.));
#10323 = PLANE('',#10324);
#10324 = AXIS2_PLACEMENT_3D('',#10325,#10326,#10327);
#10325 = CARTESIAN_POINT('',(0.7,0.6,0.));
#10326 = DIRECTION('',(0.,1.,0.));
#10327 = DIRECTION('',(0.,-0.,1.));
#10328 = ADVANCED_FACE('',(#10329),#10347,.T.);
#10329 = FACE_BOUND('',#10330,.T.);
#10330 = EDGE_LOOP('',(#10331,#10332,#10333,#10341));
#10331 = ORIENTED_EDGE('',*,*,#10076,.F.);
#10332 = ORIENTED_EDGE('',*,*,#10241,.T.);
#10333 = ORIENTED_EDGE('',*,*,#10334,.T.);
#10334 = EDGE_CURVE('',#10242,#10335,#10337,.T.);
#10335 = VERTEX_POINT('',#10336);
#10336 = CARTESIAN_POINT('',(0.7,0.6,0.45));
#10337 = LINE('',#10338,#10339);
#10338 = CARTESIAN_POINT('',(-0.7,0.6,0.45));
#10339 = VECTOR('',#10340,1.);
#10340 = DIRECTION('',(1.,0.,0.));
#10341 = ORIENTED_EDGE('',*,*,#10342,.F.);
#10342 = EDGE_CURVE('',#10077,#10335,#10343,.T.);
#10343 = LINE('',#10344,#10345);
#10344 = CARTESIAN_POINT('',(0.7,0.6,0.405));
#10345 = VECTOR('',#10346,1.);
#10346 = DIRECTION('',(0.,0.,1.));
#10347 = PLANE('',#10348);
#10348 = AXIS2_PLACEMENT_3D('',#10349,#10350,#10351);
#10349 = CARTESIAN_POINT('',(-0.7,0.6,0.405));
#10350 = DIRECTION('',(0.,1.,0.));
#10351 = DIRECTION('',(0.,-0.,1.));
#10352 = ADVANCED_FACE('',(#10353),#10364,.T.);
#10353 = FACE_BOUND('',#10354,.T.);
#10354 = EDGE_LOOP('',(#10355,#10356,#10357,#10363));
#10355 = ORIENTED_EDGE('',*,*,#10124,.T.);
#10356 = ORIENTED_EDGE('',*,*,#10273,.T.);
#10357 = ORIENTED_EDGE('',*,*,#10358,.F.);
#10358 = EDGE_CURVE('',#10140,#10264,#10359,.T.);
#10359 = LINE('',#10360,#10361);
#10360 = CARTESIAN_POINT('',(0.745,-0.6,-2.775557561563E-17));
#10361 = VECTOR('',#10362,1.);
#10362 = DIRECTION('',(0.,1.,0.));
#10363 = ORIENTED_EDGE('',*,*,#10149,.F.);
#10364 = CYLINDRICAL_SURFACE('',#10365,4.5E-02);
#10365 = AXIS2_PLACEMENT_3D('',#10366,#10367,#10368);
#10366 = CARTESIAN_POINT('',(0.745,-0.6,4.5E-02));
#10367 = DIRECTION('',(0.,1.,0.));
#10368 = DIRECTION('',(-1.,0.,0.));
#10369 = ADVANCED_FACE('',(#10370),#10381,.F.);
#10370 = FACE_BOUND('',#10371,.F.);
#10371 = EDGE_LOOP('',(#10372,#10373,#10374,#10375));
#10372 = ORIENTED_EDGE('',*,*,#10263,.F.);
#10373 = ORIENTED_EDGE('',*,*,#10358,.F.);
#10374 = ORIENTED_EDGE('',*,*,#10139,.T.);
#10375 = ORIENTED_EDGE('',*,*,#10376,.T.);
#10376 = EDGE_CURVE('',#10142,#10266,#10377,.T.);
#10377 = LINE('',#10378,#10379);
#10378 = CARTESIAN_POINT('',(0.955,-0.6,-2.775557561563E-17));
#10379 = VECTOR('',#10380,1.);
#10380 = DIRECTION('',(0.,1.,0.));
#10381 = PLANE('',#10382);
#10382 = AXIS2_PLACEMENT_3D('',#10383,#10384,#10385);
#10383 = CARTESIAN_POINT('',(0.7,-0.6,0.));
#10384 = DIRECTION('',(0.,0.,1.));
#10385 = DIRECTION('',(1.,0.,-0.));
#10386 = ADVANCED_FACE('',(#10387),#10398,.T.);
#10387 = FACE_BOUND('',#10388,.T.);
#10388 = EDGE_LOOP('',(#10389,#10390,#10391,#10392));
#10389 = ORIENTED_EDGE('',*,*,#10193,.T.);
#10390 = ORIENTED_EDGE('',*,*,#10376,.T.);
#10391 = ORIENTED_EDGE('',*,*,#10317,.F.);
#10392 = ORIENTED_EDGE('',*,*,#10393,.F.);
#10393 = EDGE_CURVE('',#10186,#10310,#10394,.T.);
#10394 = LINE('',#10395,#10396);
#10395 = CARTESIAN_POINT('',(1.,-0.6,4.5E-02));
#10396 = VECTOR('',#10397,1.);
#10397 = DIRECTION('',(0.,1.,0.));
#10398 = CYLINDRICAL_SURFACE('',#10399,4.5E-02);
#10399 = AXIS2_PLACEMENT_3D('',#10400,#10401,#10402);
#10400 = CARTESIAN_POINT('',(0.955,-0.6,4.5E-02));
#10401 = DIRECTION('',(0.,1.,0.));
#10402 = DIRECTION('',(1.,0.,0.));
#10403 = ADVANCED_FACE('',(#10404),#10415,.T.);
#10404 = FACE_BOUND('',#10405,.T.);
#10405 = EDGE_LOOP('',(#10406,#10407,#10408,#10409));
#10406 = ORIENTED_EDGE('',*,*,#10185,.F.);
#10407 = ORIENTED_EDGE('',*,*,#10393,.T.);
#10408 = ORIENTED_EDGE('',*,*,#10309,.T.);
#10409 = ORIENTED_EDGE('',*,*,#10410,.F.);
#10410 = EDGE_CURVE('',#10177,#10301,#10411,.T.);
#10411 = LINE('',#10412,#10413);
#10412 = CARTESIAN_POINT('',(1.,-0.6,0.405));
#10413 = VECTOR('',#10414,1.);
#10414 = DIRECTION('',(0.,1.,0.));
#10415 = PLANE('',#10416);
#10416 = AXIS2_PLACEMENT_3D('',#10417,#10418,#10419);
#10417 = CARTESIAN_POINT('',(1.,-0.6,0.));
#10418 = DIRECTION('',(1.,0.,0.));
#10419 = DIRECTION('',(0.,0.,1.));
#10420 = ADVANCED_FACE('',(#10421),#10432,.T.);
#10421 = FACE_BOUND('',#10422,.T.);
#10422 = EDGE_LOOP('',(#10423,#10424,#10425,#10431));
#10423 = ORIENTED_EDGE('',*,*,#10410,.T.);
#10424 = ORIENTED_EDGE('',*,*,#10300,.T.);
#10425 = ORIENTED_EDGE('',*,*,#10426,.F.);
#10426 = EDGE_CURVE('',#10169,#10293,#10427,.T.);
#10427 = LINE('',#10428,#10429);
#10428 = CARTESIAN_POINT('',(0.955,-0.6,0.45));
#10429 = VECTOR('',#10430,1.);
#10430 = DIRECTION('',(0.,1.,0.));
#10431 = ORIENTED_EDGE('',*,*,#10176,.F.);
#10432 = CYLINDRICAL_SURFACE('',#10433,4.5E-02);
#10433 = AXIS2_PLACEMENT_3D('',#10434,#10435,#10436);
#10434 = CARTESIAN_POINT('',(0.955,-0.6,0.405));
#10435 = DIRECTION('',(0.,1.,0.));
#10436 = DIRECTION('',(1.,0.,0.));
#10437 = ADVANCED_FACE('',(#10438),#10449,.T.);
#10438 = FACE_BOUND('',#10439,.T.);
#10439 = EDGE_LOOP('',(#10440,#10441,#10447,#10448));
#10440 = ORIENTED_EDGE('',*,*,#10292,.F.);
#10441 = ORIENTED_EDGE('',*,*,#10442,.F.);
#10442 = EDGE_CURVE('',#10160,#10284,#10443,.T.);
#10443 = LINE('',#10444,#10445);
#10444 = CARTESIAN_POINT('',(0.745,-0.6,0.45));
#10445 = VECTOR('',#10446,1.);
#10446 = DIRECTION('',(0.,1.,0.));
#10447 = ORIENTED_EDGE('',*,*,#10168,.T.);
#10448 = ORIENTED_EDGE('',*,*,#10426,.T.);
#10449 = PLANE('',#10450);
#10450 = AXIS2_PLACEMENT_3D('',#10451,#10452,#10453);
#10451 = CARTESIAN_POINT('',(0.7,-0.6,0.45));
#10452 = DIRECTION('',(0.,0.,1.));
#10453 = DIRECTION('',(1.,0.,-0.));
#10454 = ADVANCED_FACE('',(#10455),#10466,.T.);
#10455 = FACE_BOUND('',#10456,.T.);
#10456 = EDGE_LOOP('',(#10457,#10458,#10459,#10460));
#10457 = ORIENTED_EDGE('',*,*,#10159,.T.);
#10458 = ORIENTED_EDGE('',*,*,#10442,.T.);
#10459 = ORIENTED_EDGE('',*,*,#10283,.F.);
#10460 = ORIENTED_EDGE('',*,*,#10461,.F.);
#10461 = EDGE_CURVE('',#9994,#10077,#10462,.T.);
#10462 = LINE('',#10463,#10464);
#10463 = CARTESIAN_POINT('',(0.7,-0.6,0.405));
#10464 = VECTOR('',#10465,1.);
#10465 = DIRECTION('',(0.,1.,0.));
#10466 = CYLINDRICAL_SURFACE('',#10467,4.5E-02);
#10467 = AXIS2_PLACEMENT_3D('',#10468,#10469,#10470);
#10468 = CARTESIAN_POINT('',(0.745,-0.6,0.405));
#10469 = DIRECTION('',(0.,1.,0.));
#10470 = DIRECTION('',(-1.,0.,0.));
#10471 = ADVANCED_FACE('',(#10472),#10483,.T.);
#10472 = FACE_BOUND('',#10473,.T.);
#10473 = EDGE_LOOP('',(#10474,#10475,#10476,#10477));
#10474 = ORIENTED_EDGE('',*,*,#10225,.F.);
#10475 = ORIENTED_EDGE('',*,*,#10461,.T.);
#10476 = ORIENTED_EDGE('',*,*,#10342,.T.);
#10477 = ORIENTED_EDGE('',*,*,#10478,.F.);
#10478 = EDGE_CURVE('',#10218,#10335,#10479,.T.);
#10479 = LINE('',#10480,#10481);
#10480 = CARTESIAN_POINT('',(0.7,-0.6,0.45));
#10481 = VECTOR('',#10482,1.);
#10482 = DIRECTION('',(0.,1.,0.));
#10483 = PLANE('',#10484);
#10484 = AXIS2_PLACEMENT_3D('',#10485,#10486,#10487);
#10485 = CARTESIAN_POINT('',(0.7,-0.6,0.405));
#10486 = DIRECTION('',(1.,0.,0.));
#10487 = DIRECTION('',(0.,0.,1.));
#10488 = ADVANCED_FACE('',(#10489),#10495,.T.);
#10489 = FACE_BOUND('',#10490,.T.);
#10490 = EDGE_LOOP('',(#10491,#10492,#10493,#10494));
#10491 = ORIENTED_EDGE('',*,*,#10249,.F.);
#10492 = ORIENTED_EDGE('',*,*,#10217,.T.);
#10493 = ORIENTED_EDGE('',*,*,#10478,.T.);
#10494 = ORIENTED_EDGE('',*,*,#10334,.F.);
#10495 = PLANE('',#10496);
#10496 = AXIS2_PLACEMENT_3D('',#10497,#10498,#10499);
#10497 = CARTESIAN_POINT('',(-0.7,-0.6,0.45));
#10498 = DIRECTION('',(0.,0.,1.));
#10499 = DIRECTION('',(1.,0.,-0.));
#10500 = ( GEOMETRIC_REPRESENTATION_CONTEXT(3) 
GLOBAL_UNCERTAINTY_ASSIGNED_CONTEXT((#10504)) 
GLOBAL_UNIT_ASSIGNED_CONTEXT((#10501,#10502,#10503)) 
REPRESENTATION_CONTEXT('Context #1',
  '3D Context with UNIT and UNCERTAINTY') );
#10501 = ( LENGTH_UNIT() NAMED_UNIT(*) SI_UNIT(.MILLI.,.METRE.) );
#10502 = ( NAMED_UNIT(*) PLANE_ANGLE_UNIT() SI_UNIT($,.RADIAN.) );
#10503 = ( NAMED_UNIT(*) SI_UNIT($,.STERADIAN.) SOLID_ANGLE_UNIT() );
#10504 = UNCERTAINTY_MEASURE_WITH_UNIT(LENGTH_MEASURE(1.E-07),#10501,
  'distance_accuracy_value','confusion accuracy');
#10505 = CONTEXT_DEPENDENT_SHAPE_REPRESENTATION(#10506,#10508);
#10506 = ( REPRESENTATION_RELATIONSHIP('','',#9709,#9686) 
REPRESENTATION_RELATIONSHIP_WITH_TRANSFORMATION(#10507) 
SHAPE_REPRESENTATION_RELATIONSHIP() );
#10507 = ITEM_DEFINED_TRANSFORMATION('','',#11,#9687);
#10508 = PRODUCT_DEFINITION_SHAPE('Placement','Placement of an item',
  #10509);
#10509 = NEXT_ASSEMBLY_USAGE_OCCURRENCE('11','=>[0:1:1:11]','',#9681,
  #9704,$);
#10510 = PRODUCT_RELATED_PRODUCT_CATEGORY('part',$,(#9706));
#10511 = SHAPE_DEFINITION_REPRESENTATION(#10512,#10518);
#10512 = PRODUCT_DEFINITION_SHAPE('','',#10513);
#10513 = PRODUCT_DEFINITION('design','',#10514,#10517);
#10514 = PRODUCT_DEFINITION_FORMATION('','',#10515);
#10515 = PRODUCT('SOT-23-5','SOT-23-5','',(#10516));
#10516 = PRODUCT_CONTEXT('',#2,'mechanical');
#10517 = PRODUCT_DEFINITION_CONTEXT('part definition',#2,'design');
#10518 = SHAPE_REPRESENTATION('',(#11,#10519),#10523);
#10519 = AXIS2_PLACEMENT_3D('',#10520,#10521,#10522);
#10520 = CARTESIAN_POINT('',(0.,0.,0.));
#10521 = DIRECTION('',(0.,0.,1.));
#10522 = DIRECTION('',(1.,0.,-0.));
#10523 = ( GEOMETRIC_REPRESENTATION_CONTEXT(3) 
GLOBAL_UNCERTAINTY_ASSIGNED_CONTEXT((#10527)) 
GLOBAL_UNIT_ASSIGNED_CONTEXT((#10524,#10525,#10526)) 
REPRESENTATION_CONTEXT('Context #1',
  '3D Context with UNIT and UNCERTAINTY') );
#10524 = ( LENGTH_UNIT() NAMED_UNIT(*) SI_UNIT(.MILLI.,.METRE.) );
#10525 = ( NAMED_UNIT(*) PLANE_ANGLE_UNIT() SI_UNIT($,.RADIAN.) );
#10526 = ( NAMED_UNIT(*) SI_UNIT($,.STERADIAN.) SOLID_ANGLE_UNIT() );
#10527 = UNCERTAINTY_MEASURE_WITH_UNIT(LENGTH_MEASURE(2.E-06),#10524,
  'distance_accuracy_value','confusion accuracy');
#10528 = CONTEXT_DEPENDENT_SHAPE_REPRESENTATION(#10529,#10531);
#10529 = ( REPRESENTATION_RELATIONSHIP('','',#10518,#10) 
REPRESENTATION_RELATIONSHIP_WITH_TRANSFORMATION(#10530) 
SHAPE_REPRESENTATION_RELATIONSHIP() );
#10530 = ITEM_DEFINED_TRANSFORMATION('','',#11,#43);
#10531 = PRODUCT_DEFINITION_SHAPE('Placement','Placement of an item',
  #10532);
#10532 = NEXT_ASSEMBLY_USAGE_OCCURRENCE('14','U3','',#5,#10513,$);
#10533 = PRODUCT_RELATED_PRODUCT_CATEGORY('part',$,(#10515));
#10534 = SHAPE_DEFINITION_REPRESENTATION(#10535,#10541);
#10535 = PRODUCT_DEFINITION_SHAPE('','',#10536);
#10536 = PRODUCT_DEFINITION('design','',#10537,#10540);
#10537 = PRODUCT_DEFINITION_FORMATION('','',#10538);
#10538 = PRODUCT('SOT_23_5','SOT_23_5','',(#10539));
#10539 = PRODUCT_CONTEXT('',#2,'mechanical');
#10540 = PRODUCT_DEFINITION_CONTEXT('part definition',#2,'design');
#10541 = ADVANCED_BREP_SHAPE_REPRESENTATION('',(#11,#10542),#13703);
#10542 = MANIFOLD_SOLID_BREP('',#10543);
#10543 = CLOSED_SHELL('',(#10544,#10582,#10645,#10668,#10697,#10720,
    #10775,#10798,#10821,#10844,#10909,#10932,#10961,#10984,#11008,
    #11038,#11069,#11100,#11131,#11154,#11177,#11200,#11224,#11248,
    #11279,#11310,#11341,#11372,#11403,#11426,#11455,#11478,#11502,
    #11594,#11686,#11716,#11741,#11825,#11917,#11934,#11965,#11988,
    #12011,#12034,#12058,#12150,#12242,#12266,#12291,#12375,#12467,
    #12484,#12515,#12607,#12699,#12730,#12747,#12770,#12826,#12842,
    #12872,#12891,#12908,#12925,#12942,#12959,#12976,#12993,#13010,
    #13022,#13041,#13058,#13075,#13092,#13109,#13126,#13143,#13160,
    #13172,#13188,#13204,#13220,#13253,#13272,#13289,#13306,#13323,
    #13340,#13357,#13374,#13391,#13403,#13422,#13439,#13456,#13473,
    #13490,#13507,#13524,#13541,#13553,#13572,#13589,#13606,#13623,
    #13640,#13657,#13674,#13691));
#10544 = ADVANCED_FACE('',(#10545),#10577,.F.);
#10545 = FACE_BOUND('',#10546,.F.);
#10546 = EDGE_LOOP('',(#10547,#10557,#10564,#10572));
#10547 = ORIENTED_EDGE('',*,*,#10548,.T.);
#10548 = EDGE_CURVE('',#10549,#10551,#10553,.T.);
#10549 = VERTEX_POINT('',#10550);
#10550 = CARTESIAN_POINT('',(-0.659324228722,1.358648457443,0.1));
#10551 = VERTEX_POINT('',#10552);
#10552 = CARTESIAN_POINT('',(0.659324228722,1.358648457443,0.1));
#10553 = LINE('',#10554,#10555);
#10554 = CARTESIAN_POINT('',(-0.659324228722,1.358648457443,0.1));
#10555 = VECTOR('',#10556,1.);
#10556 = DIRECTION('',(1.,2.22044604925E-16,0.));
#10557 = ORIENTED_EDGE('',*,*,#10558,.T.);
#10558 = EDGE_CURVE('',#10551,#10559,#10561,.T.);
#10559 = VERTEX_POINT('',#10560);
#10560 = CARTESIAN_POINT('',(0.705,1.45,0.75));
#10561 = B_SPLINE_CURVE_WITH_KNOTS('',1,(#10562,#10563),.UNSPECIFIED.,
  .F.,.F.,(2,2),(0.,1.),.PIECEWISE_BEZIER_KNOTS.);
#10562 = CARTESIAN_POINT('',(0.659324228722,1.358648457443,0.1));
#10563 = CARTESIAN_POINT('',(0.705,1.45,0.75));
#10564 = ORIENTED_EDGE('',*,*,#10565,.F.);
#10565 = EDGE_CURVE('',#10566,#10559,#10568,.T.);
#10566 = VERTEX_POINT('',#10567);
#10567 = CARTESIAN_POINT('',(-0.705,1.45,0.75));
#10568 = LINE('',#10569,#10570);
#10569 = CARTESIAN_POINT('',(-0.705,1.45,0.75));
#10570 = VECTOR('',#10571,1.);
#10571 = DIRECTION('',(1.,2.22044604925E-16,0.));
#10572 = ORIENTED_EDGE('',*,*,#10573,.F.);
#10573 = EDGE_CURVE('',#10549,#10566,#10574,.T.);
#10574 = B_SPLINE_CURVE_WITH_KNOTS('',1,(#10575,#10576),.UNSPECIFIED.,
  .F.,.F.,(2,2),(0.,1.),.PIECEWISE_BEZIER_KNOTS.);
#10575 = CARTESIAN_POINT('',(-0.659324228722,1.358648457443,0.1));
#10576 = CARTESIAN_POINT('',(-0.705,1.45,0.75));
#10577 = B_SPLINE_SURFACE_WITH_KNOTS('',1,1,(
    (#10578,#10579)
    ,(#10580,#10581
    )),.UNSPECIFIED.,.F.,.F.,.F.,(2,2),(2,2),(0.,1.41),(0.,1.),
  .PIECEWISE_BEZIER_KNOTS.);
#10578 = CARTESIAN_POINT('',(-0.659324228722,1.358648457443,0.1));
#10579 = CARTESIAN_POINT('',(-0.705,1.45,0.75));
#10580 = CARTESIAN_POINT('',(0.659324228722,1.358648457443,0.1));
#10581 = CARTESIAN_POINT('',(0.705,1.45,0.75));
#10582 = ADVANCED_FACE('',(#10583),#10640,.F.);
#10583 = FACE_BOUND('',#10584,.T.);
#10584 = EDGE_LOOP('',(#10585,#10586,#10594,#10602,#10610,#10618,#10626,
    #10634));
#10585 = ORIENTED_EDGE('',*,*,#10548,.T.);
#10586 = ORIENTED_EDGE('',*,*,#10587,.T.);
#10587 = EDGE_CURVE('',#10551,#10588,#10590,.T.);
#10588 = VERTEX_POINT('',#10589);
#10589 = CARTESIAN_POINT('',(0.708648457443,1.309324228722,0.1));
#10590 = LINE('',#10591,#10592);
#10591 = CARTESIAN_POINT('',(0.659324228722,1.358648457443,0.1));
#10592 = VECTOR('',#10593,1.);
#10593 = DIRECTION('',(0.707106781187,-0.707106781187,0.));
#10594 = ORIENTED_EDGE('',*,*,#10595,.T.);
#10595 = EDGE_CURVE('',#10588,#10596,#10598,.T.);
#10596 = VERTEX_POINT('',#10597);
#10597 = CARTESIAN_POINT('',(0.708648457443,-1.309324228722,0.1));
#10598 = LINE('',#10599,#10600);
#10599 = CARTESIAN_POINT('',(0.708648457443,1.309324228722,0.1));
#10600 = VECTOR('',#10601,1.);
#10601 = DIRECTION('',(2.22044604925E-16,-1.,0.));
#10602 = ORIENTED_EDGE('',*,*,#10603,.T.);
#10603 = EDGE_CURVE('',#10596,#10604,#10606,.T.);
#10604 = VERTEX_POINT('',#10605);
#10605 = CARTESIAN_POINT('',(0.659324228722,-1.358648457443,0.1));
#10606 = LINE('',#10607,#10608);
#10607 = CARTESIAN_POINT('',(0.708648457443,-1.309324228722,0.1));
#10608 = VECTOR('',#10609,1.);
#10609 = DIRECTION('',(-0.707106781187,-0.707106781187,0.));
#10610 = ORIENTED_EDGE('',*,*,#10611,.T.);
#10611 = EDGE_CURVE('',#10604,#10612,#10614,.T.);
#10612 = VERTEX_POINT('',#10613);
#10613 = CARTESIAN_POINT('',(-0.659324228722,-1.358648457443,0.1));
#10614 = LINE('',#10615,#10616);
#10615 = CARTESIAN_POINT('',(0.659324228722,-1.358648457443,0.1));
#10616 = VECTOR('',#10617,1.);
#10617 = DIRECTION('',(-1.,-2.22044604925E-16,0.));
#10618 = ORIENTED_EDGE('',*,*,#10619,.T.);
#10619 = EDGE_CURVE('',#10612,#10620,#10622,.T.);
#10620 = VERTEX_POINT('',#10621);
#10621 = CARTESIAN_POINT('',(-0.708648457443,-1.309324228722,0.1));
#10622 = LINE('',#10623,#10624);
#10623 = CARTESIAN_POINT('',(-0.659324228722,-1.358648457443,0.1));
#10624 = VECTOR('',#10625,1.);
#10625 = DIRECTION('',(-0.707106781187,0.707106781187,0.));
#10626 = ORIENTED_EDGE('',*,*,#10627,.T.);
#10627 = EDGE_CURVE('',#10620,#10628,#10630,.T.);
#10628 = VERTEX_POINT('',#10629);
#10629 = CARTESIAN_POINT('',(-0.708648457443,1.309324228722,0.1));
#10630 = LINE('',#10631,#10632);
#10631 = CARTESIAN_POINT('',(-0.708648457443,-1.309324228722,0.1));
#10632 = VECTOR('',#10633,1.);
#10633 = DIRECTION('',(-2.22044604925E-16,1.,0.));
#10634 = ORIENTED_EDGE('',*,*,#10635,.T.);
#10635 = EDGE_CURVE('',#10628,#10549,#10636,.T.);
#10636 = LINE('',#10637,#10638);
#10637 = CARTESIAN_POINT('',(-0.708648457443,1.309324228722,0.1));
#10638 = VECTOR('',#10639,1.);
#10639 = DIRECTION('',(0.707106781187,0.707106781187,0.));
#10640 = PLANE('',#10641);
#10641 = AXIS2_PLACEMENT_3D('',#10642,#10643,#10644);
#10642 = CARTESIAN_POINT('',(-0.659324228722,1.358648457443,0.1));
#10643 = DIRECTION('',(0.,0.,1.));
#10644 = DIRECTION('',(0.436587433964,-0.899661832304,0.));
#10645 = ADVANCED_FACE('',(#10646),#10663,.F.);
#10646 = FACE_BOUND('',#10647,.F.);
#10647 = EDGE_LOOP('',(#10648,#10649,#10656,#10662));
#10648 = ORIENTED_EDGE('',*,*,#10587,.T.);
#10649 = ORIENTED_EDGE('',*,*,#10650,.T.);
#10650 = EDGE_CURVE('',#10588,#10651,#10653,.T.);
#10651 = VERTEX_POINT('',#10652);
#10652 = CARTESIAN_POINT('',(0.8,1.355,0.75));
#10653 = B_SPLINE_CURVE_WITH_KNOTS('',1,(#10654,#10655),.UNSPECIFIED.,
  .F.,.F.,(2,2),(0.,1.),.PIECEWISE_BEZIER_KNOTS.);
#10654 = CARTESIAN_POINT('',(0.708648457443,1.309324228722,0.1));
#10655 = CARTESIAN_POINT('',(0.8,1.355,0.75));
#10656 = ORIENTED_EDGE('',*,*,#10657,.F.);
#10657 = EDGE_CURVE('',#10559,#10651,#10658,.T.);
#10658 = LINE('',#10659,#10660);
#10659 = CARTESIAN_POINT('',(0.705,1.45,0.75));
#10660 = VECTOR('',#10661,1.);
#10661 = DIRECTION('',(0.707106781187,-0.707106781187,0.));
#10662 = ORIENTED_EDGE('',*,*,#10558,.F.);
#10663 = B_SPLINE_SURFACE_WITH_KNOTS('',1,1,(
    (#10664,#10665)
    ,(#10666,#10667
    )),.UNSPECIFIED.,.F.,.F.,.F.,(2,2),(2,2),(0.,0.134350288425),(0.,1.)
  ,.PIECEWISE_BEZIER_KNOTS.);
#10664 = CARTESIAN_POINT('',(0.659324228722,1.358648457443,0.1));
#10665 = CARTESIAN_POINT('',(0.705,1.45,0.75));
#10666 = CARTESIAN_POINT('',(0.708648457443,1.309324228722,0.1));
#10667 = CARTESIAN_POINT('',(0.8,1.355,0.75));
#10668 = ADVANCED_FACE('',(#10669),#10692,.F.);
#10669 = FACE_BOUND('',#10670,.F.);
#10670 = EDGE_LOOP('',(#10671,#10672,#10679,#10687));
#10671 = ORIENTED_EDGE('',*,*,#10565,.T.);
#10672 = ORIENTED_EDGE('',*,*,#10673,.T.);
#10673 = EDGE_CURVE('',#10559,#10674,#10676,.T.);
#10674 = VERTEX_POINT('',#10675);
#10675 = CARTESIAN_POINT('',(0.705,1.45,0.9));
#10676 = B_SPLINE_CURVE_WITH_KNOTS('',1,(#10677,#10678),.UNSPECIFIED.,
  .F.,.F.,(2,2),(0.,1.),.PIECEWISE_BEZIER_KNOTS.);
#10677 = CARTESIAN_POINT('',(0.705,1.45,0.75));
#10678 = CARTESIAN_POINT('',(0.705,1.45,0.9));
#10679 = ORIENTED_EDGE('',*,*,#10680,.F.);
#10680 = EDGE_CURVE('',#10681,#10674,#10683,.T.);
#10681 = VERTEX_POINT('',#10682);
#10682 = CARTESIAN_POINT('',(-0.705,1.45,0.9));
#10683 = LINE('',#10684,#10685);
#10684 = CARTESIAN_POINT('',(-0.705,1.45,0.9));
#10685 = VECTOR('',#10686,1.);
#10686 = DIRECTION('',(1.,2.22044604925E-16,0.));
#10687 = ORIENTED_EDGE('',*,*,#10688,.F.);
#10688 = EDGE_CURVE('',#10566,#10681,#10689,.T.);
#10689 = B_SPLINE_CURVE_WITH_KNOTS('',1,(#10690,#10691),.UNSPECIFIED.,
  .F.,.F.,(2,2),(0.,1.),.PIECEWISE_BEZIER_KNOTS.);
#10690 = CARTESIAN_POINT('',(-0.705,1.45,0.75));
#10691 = CARTESIAN_POINT('',(-0.705,1.45,0.9));
#10692 = PLANE('',#10693);
#10693 = AXIS2_PLACEMENT_3D('',#10694,#10695,#10696);
#10694 = CARTESIAN_POINT('',(-0.705,1.45,0.9));
#10695 = DIRECTION('',(2.22044604925E-16,-1.,0.));
#10696 = DIRECTION('',(1.,2.22044604925E-16,0.));
#10697 = ADVANCED_FACE('',(#10698),#10715,.F.);
#10698 = FACE_BOUND('',#10699,.F.);
#10699 = EDGE_LOOP('',(#10700,#10701,#10702,#10710));
#10700 = ORIENTED_EDGE('',*,*,#10635,.T.);
#10701 = ORIENTED_EDGE('',*,*,#10573,.T.);
#10702 = ORIENTED_EDGE('',*,*,#10703,.F.);
#10703 = EDGE_CURVE('',#10704,#10566,#10706,.T.);
#10704 = VERTEX_POINT('',#10705);
#10705 = CARTESIAN_POINT('',(-0.8,1.355,0.75));
#10706 = LINE('',#10707,#10708);
#10707 = CARTESIAN_POINT('',(-0.8,1.355,0.75));
#10708 = VECTOR('',#10709,1.);
#10709 = DIRECTION('',(0.707106781187,0.707106781187,0.));
#10710 = ORIENTED_EDGE('',*,*,#10711,.F.);
#10711 = EDGE_CURVE('',#10628,#10704,#10712,.T.);
#10712 = B_SPLINE_CURVE_WITH_KNOTS('',1,(#10713,#10714),.UNSPECIFIED.,
  .F.,.F.,(2,2),(0.,1.),.PIECEWISE_BEZIER_KNOTS.);
#10713 = CARTESIAN_POINT('',(-0.708648457443,1.309324228722,0.1));
#10714 = CARTESIAN_POINT('',(-0.8,1.355,0.75));
#10715 = B_SPLINE_SURFACE_WITH_KNOTS('',1,1,(
    (#10716,#10717)
    ,(#10718,#10719
    )),.UNSPECIFIED.,.F.,.F.,.F.,(2,2),(2,2),(0.,0.134350288425),(0.,1.)
  ,.PIECEWISE_BEZIER_KNOTS.);
#10716 = CARTESIAN_POINT('',(-0.708648457443,1.309324228722,0.1));
#10717 = CARTESIAN_POINT('',(-0.8,1.355,0.75));
#10718 = CARTESIAN_POINT('',(-0.659324228722,1.358648457443,0.1));
#10719 = CARTESIAN_POINT('',(-0.705,1.45,0.75));
#10720 = ADVANCED_FACE('',(#10721),#10770,.F.);
#10721 = FACE_BOUND('',#10722,.F.);
#10722 = EDGE_LOOP('',(#10723,#10724,#10731,#10739,#10747,#10755,#10763,
    #10769));
#10723 = ORIENTED_EDGE('',*,*,#10595,.T.);
#10724 = ORIENTED_EDGE('',*,*,#10725,.T.);
#10725 = EDGE_CURVE('',#10596,#10726,#10728,.T.);
#10726 = VERTEX_POINT('',#10727);
#10727 = CARTESIAN_POINT('',(0.8,-1.355,0.75));
#10728 = B_SPLINE_CURVE_WITH_KNOTS('',1,(#10729,#10730),.UNSPECIFIED.,
  .F.,.F.,(2,2),(0.,1.),.PIECEWISE_BEZIER_KNOTS.);
#10729 = CARTESIAN_POINT('',(0.708648457443,-1.309324228722,0.1));
#10730 = CARTESIAN_POINT('',(0.8,-1.355,0.75));
#10731 = ORIENTED_EDGE('',*,*,#10732,.F.);
#10732 = EDGE_CURVE('',#10733,#10726,#10735,.T.);
#10733 = VERTEX_POINT('',#10734);
#10734 = CARTESIAN_POINT('',(0.8,-1.2,0.75));
#10735 = LINE('',#10736,#10737);
#10736 = CARTESIAN_POINT('',(0.8,1.355,0.75));
#10737 = VECTOR('',#10738,1.);
#10738 = DIRECTION('',(2.22044604925E-16,-1.,0.));
#10739 = ORIENTED_EDGE('',*,*,#10740,.F.);
#10740 = EDGE_CURVE('',#10741,#10733,#10743,.T.);
#10741 = VERTEX_POINT('',#10742);
#10742 = CARTESIAN_POINT('',(0.8,-0.7,0.75));
#10743 = LINE('',#10744,#10745);
#10744 = CARTESIAN_POINT('',(0.8,1.355,0.75));
#10745 = VECTOR('',#10746,1.);
#10746 = DIRECTION('',(2.22044604925E-16,-1.,0.));
#10747 = ORIENTED_EDGE('',*,*,#10748,.F.);
#10748 = EDGE_CURVE('',#10749,#10741,#10751,.T.);
#10749 = VERTEX_POINT('',#10750);
#10750 = CARTESIAN_POINT('',(0.8,0.7,0.75));
#10751 = LINE('',#10752,#10753);
#10752 = CARTESIAN_POINT('',(0.8,1.355,0.75));
#10753 = VECTOR('',#10754,1.);
#10754 = DIRECTION('',(2.22044604925E-16,-1.,0.));
#10755 = ORIENTED_EDGE('',*,*,#10756,.F.);
#10756 = EDGE_CURVE('',#10757,#10749,#10759,.T.);
#10757 = VERTEX_POINT('',#10758);
#10758 = CARTESIAN_POINT('',(0.8,1.2,0.75));
#10759 = LINE('',#10760,#10761);
#10760 = CARTESIAN_POINT('',(0.8,1.355,0.75));
#10761 = VECTOR('',#10762,1.);
#10762 = DIRECTION('',(2.22044604925E-16,-1.,0.));
#10763 = ORIENTED_EDGE('',*,*,#10764,.F.);
#10764 = EDGE_CURVE('',#10651,#10757,#10765,.T.);
#10765 = LINE('',#10766,#10767);
#10766 = CARTESIAN_POINT('',(0.8,1.355,0.75));
#10767 = VECTOR('',#10768,1.);
#10768 = DIRECTION('',(2.22044604925E-16,-1.,0.));
#10769 = ORIENTED_EDGE('',*,*,#10650,.F.);
#10770 = B_SPLINE_SURFACE_WITH_KNOTS('',1,1,(
    (#10771,#10772)
    ,(#10773,#10774
    )),.UNSPECIFIED.,.F.,.F.,.F.,(2,2),(2,2),(0.,2.71),(0.,1.),
  .PIECEWISE_BEZIER_KNOTS.);
#10771 = CARTESIAN_POINT('',(0.708648457443,1.309324228722,0.1));
#10772 = CARTESIAN_POINT('',(0.8,1.355,0.75));
#10773 = CARTESIAN_POINT('',(0.708648457443,-1.309324228722,0.1));
#10774 = CARTESIAN_POINT('',(0.8,-1.355,0.75));
#10775 = ADVANCED_FACE('',(#10776),#10793,.F.);
#10776 = FACE_BOUND('',#10777,.F.);
#10777 = EDGE_LOOP('',(#10778,#10779,#10786,#10792));
#10778 = ORIENTED_EDGE('',*,*,#10603,.T.);
#10779 = ORIENTED_EDGE('',*,*,#10780,.T.);
#10780 = EDGE_CURVE('',#10604,#10781,#10783,.T.);
#10781 = VERTEX_POINT('',#10782);
#10782 = CARTESIAN_POINT('',(0.705,-1.45,0.75));
#10783 = B_SPLINE_CURVE_WITH_KNOTS('',1,(#10784,#10785),.UNSPECIFIED.,
  .F.,.F.,(2,2),(0.,1.),.PIECEWISE_BEZIER_KNOTS.);
#10784 = CARTESIAN_POINT('',(0.659324228722,-1.358648457443,0.1));
#10785 = CARTESIAN_POINT('',(0.705,-1.45,0.75));
#10786 = ORIENTED_EDGE('',*,*,#10787,.F.);
#10787 = EDGE_CURVE('',#10726,#10781,#10788,.T.);
#10788 = LINE('',#10789,#10790);
#10789 = CARTESIAN_POINT('',(0.8,-1.355,0.75));
#10790 = VECTOR('',#10791,1.);
#10791 = DIRECTION('',(-0.707106781187,-0.707106781187,0.));
#10792 = ORIENTED_EDGE('',*,*,#10725,.F.);
#10793 = B_SPLINE_SURFACE_WITH_KNOTS('',1,1,(
    (#10794,#10795)
    ,(#10796,#10797
    )),.UNSPECIFIED.,.F.,.F.,.F.,(2,2),(2,2),(0.,0.134350288425),(0.,1.)
  ,.PIECEWISE_BEZIER_KNOTS.);
#10794 = CARTESIAN_POINT('',(0.708648457443,-1.309324228722,0.1));
#10795 = CARTESIAN_POINT('',(0.8,-1.355,0.75));
#10796 = CARTESIAN_POINT('',(0.659324228722,-1.358648457443,0.1));
#10797 = CARTESIAN_POINT('',(0.705,-1.45,0.75));
#10798 = ADVANCED_FACE('',(#10799),#10816,.F.);
#10799 = FACE_BOUND('',#10800,.F.);
#10800 = EDGE_LOOP('',(#10801,#10802,#10809,#10815));
#10801 = ORIENTED_EDGE('',*,*,#10611,.T.);
#10802 = ORIENTED_EDGE('',*,*,#10803,.T.);
#10803 = EDGE_CURVE('',#10612,#10804,#10806,.T.);
#10804 = VERTEX_POINT('',#10805);
#10805 = CARTESIAN_POINT('',(-0.705,-1.45,0.75));
#10806 = B_SPLINE_CURVE_WITH_KNOTS('',1,(#10807,#10808),.UNSPECIFIED.,
  .F.,.F.,(2,2),(0.,1.),.PIECEWISE_BEZIER_KNOTS.);
#10807 = CARTESIAN_POINT('',(-0.659324228722,-1.358648457443,0.1));
#10808 = CARTESIAN_POINT('',(-0.705,-1.45,0.75));
#10809 = ORIENTED_EDGE('',*,*,#10810,.F.);
#10810 = EDGE_CURVE('',#10781,#10804,#10811,.T.);
#10811 = LINE('',#10812,#10813);
#10812 = CARTESIAN_POINT('',(0.705,-1.45,0.75));
#10813 = VECTOR('',#10814,1.);
#10814 = DIRECTION('',(-1.,-2.22044604925E-16,0.));
#10815 = ORIENTED_EDGE('',*,*,#10780,.F.);
#10816 = B_SPLINE_SURFACE_WITH_KNOTS('',1,1,(
    (#10817,#10818)
    ,(#10819,#10820
    )),.UNSPECIFIED.,.F.,.F.,.F.,(2,2),(2,2),(0.,1.41),(0.,1.),
  .PIECEWISE_BEZIER_KNOTS.);
#10817 = CARTESIAN_POINT('',(0.659324228722,-1.358648457443,0.1));
#10818 = CARTESIAN_POINT('',(0.705,-1.45,0.75));
#10819 = CARTESIAN_POINT('',(-0.659324228722,-1.358648457443,0.1));
#10820 = CARTESIAN_POINT('',(-0.705,-1.45,0.75));
#10821 = ADVANCED_FACE('',(#10822),#10839,.F.);
#10822 = FACE_BOUND('',#10823,.F.);
#10823 = EDGE_LOOP('',(#10824,#10825,#10832,#10838));
#10824 = ORIENTED_EDGE('',*,*,#10619,.T.);
#10825 = ORIENTED_EDGE('',*,*,#10826,.T.);
#10826 = EDGE_CURVE('',#10620,#10827,#10829,.T.);
#10827 = VERTEX_POINT('',#10828);
#10828 = CARTESIAN_POINT('',(-0.8,-1.355,0.75));
#10829 = B_SPLINE_CURVE_WITH_KNOTS('',1,(#10830,#10831),.UNSPECIFIED.,
  .F.,.F.,(2,2),(0.,1.),.PIECEWISE_BEZIER_KNOTS.);
#10830 = CARTESIAN_POINT('',(-0.708648457443,-1.309324228722,0.1));
#10831 = CARTESIAN_POINT('',(-0.8,-1.355,0.75));
#10832 = ORIENTED_EDGE('',*,*,#10833,.F.);
#10833 = EDGE_CURVE('',#10804,#10827,#10834,.T.);
#10834 = LINE('',#10835,#10836);
#10835 = CARTESIAN_POINT('',(-0.705,-1.45,0.75));
#10836 = VECTOR('',#10837,1.);
#10837 = DIRECTION('',(-0.707106781187,0.707106781187,0.));
#10838 = ORIENTED_EDGE('',*,*,#10803,.F.);
#10839 = B_SPLINE_SURFACE_WITH_KNOTS('',1,1,(
    (#10840,#10841)
    ,(#10842,#10843
    )),.UNSPECIFIED.,.F.,.F.,.F.,(2,2),(2,2),(0.,0.134350288425),(0.,1.)
  ,.PIECEWISE_BEZIER_KNOTS.);
#10840 = CARTESIAN_POINT('',(-0.659324228722,-1.358648457443,0.1));
#10841 = CARTESIAN_POINT('',(-0.705,-1.45,0.75));
#10842 = CARTESIAN_POINT('',(-0.708648457443,-1.309324228722,0.1));
#10843 = CARTESIAN_POINT('',(-0.8,-1.355,0.75));
#10844 = ADVANCED_FACE('',(#10845),#10904,.F.);
#10845 = FACE_BOUND('',#10846,.F.);
#10846 = EDGE_LOOP('',(#10847,#10848,#10849,#10857,#10865,#10873,#10881,
    #10889,#10897,#10903));
#10847 = ORIENTED_EDGE('',*,*,#10627,.T.);
#10848 = ORIENTED_EDGE('',*,*,#10711,.T.);
#10849 = ORIENTED_EDGE('',*,*,#10850,.F.);
#10850 = EDGE_CURVE('',#10851,#10704,#10853,.T.);
#10851 = VERTEX_POINT('',#10852);
#10852 = CARTESIAN_POINT('',(-0.8,1.2,0.75));
#10853 = LINE('',#10854,#10855);
#10854 = CARTESIAN_POINT('',(-0.8,-1.355,0.75));
#10855 = VECTOR('',#10856,1.);
#10856 = DIRECTION('',(-2.22044604925E-16,1.,0.));
#10857 = ORIENTED_EDGE('',*,*,#10858,.F.);
#10858 = EDGE_CURVE('',#10859,#10851,#10861,.T.);
#10859 = VERTEX_POINT('',#10860);
#10860 = CARTESIAN_POINT('',(-0.8,0.7,0.75));
#10861 = LINE('',#10862,#10863);
#10862 = CARTESIAN_POINT('',(-0.8,-1.355,0.75));
#10863 = VECTOR('',#10864,1.);
#10864 = DIRECTION('',(-2.22044604925E-16,1.,0.));
#10865 = ORIENTED_EDGE('',*,*,#10866,.F.);
#10866 = EDGE_CURVE('',#10867,#10859,#10869,.T.);
#10867 = VERTEX_POINT('',#10868);
#10868 = CARTESIAN_POINT('',(-0.8,0.25,0.75));
#10869 = LINE('',#10870,#10871);
#10870 = CARTESIAN_POINT('',(-0.8,-1.355,0.75));
#10871 = VECTOR('',#10872,1.);
#10872 = DIRECTION('',(-2.22044604925E-16,1.,0.));
#10873 = ORIENTED_EDGE('',*,*,#10874,.F.);
#10874 = EDGE_CURVE('',#10875,#10867,#10877,.T.);
#10875 = VERTEX_POINT('',#10876);
#10876 = CARTESIAN_POINT('',(-0.8,-0.25,0.75));
#10877 = LINE('',#10878,#10879);
#10878 = CARTESIAN_POINT('',(-0.8,-1.355,0.75));
#10879 = VECTOR('',#10880,1.);
#10880 = DIRECTION('',(-2.22044604925E-16,1.,0.));
#10881 = ORIENTED_EDGE('',*,*,#10882,.F.);
#10882 = EDGE_CURVE('',#10883,#10875,#10885,.T.);
#10883 = VERTEX_POINT('',#10884);
#10884 = CARTESIAN_POINT('',(-0.8,-0.7,0.75));
#10885 = LINE('',#10886,#10887);
#10886 = CARTESIAN_POINT('',(-0.8,-1.355,0.75));
#10887 = VECTOR('',#10888,1.);
#10888 = DIRECTION('',(-2.22044604925E-16,1.,0.));
#10889 = ORIENTED_EDGE('',*,*,#10890,.F.);
#10890 = EDGE_CURVE('',#10891,#10883,#10893,.T.);
#10891 = VERTEX_POINT('',#10892);
#10892 = CARTESIAN_POINT('',(-0.8,-1.2,0.75));
#10893 = LINE('',#10894,#10895);
#10894 = CARTESIAN_POINT('',(-0.8,-1.355,0.75));
#10895 = VECTOR('',#10896,1.);
#10896 = DIRECTION('',(-2.22044604925E-16,1.,0.));
#10897 = ORIENTED_EDGE('',*,*,#10898,.F.);
#10898 = EDGE_CURVE('',#10827,#10891,#10899,.T.);
#10899 = LINE('',#10900,#10901);
#10900 = CARTESIAN_POINT('',(-0.8,-1.355,0.75));
#10901 = VECTOR('',#10902,1.);
#10902 = DIRECTION('',(-2.22044604925E-16,1.,0.));
#10903 = ORIENTED_EDGE('',*,*,#10826,.F.);
#10904 = B_SPLINE_SURFACE_WITH_KNOTS('',1,1,(
    (#10905,#10906)
    ,(#10907,#10908
    )),.UNSPECIFIED.,.F.,.F.,.F.,(2,2),(2,2),(0.,2.71),(0.,1.),
  .PIECEWISE_BEZIER_KNOTS.);
#10905 = CARTESIAN_POINT('',(-0.708648457443,-1.309324228722,0.1));
#10906 = CARTESIAN_POINT('',(-0.8,-1.355,0.75));
#10907 = CARTESIAN_POINT('',(-0.708648457443,1.309324228722,0.1));
#10908 = CARTESIAN_POINT('',(-0.8,1.355,0.75));
#10909 = ADVANCED_FACE('',(#10910),#10927,.F.);
#10910 = FACE_BOUND('',#10911,.F.);
#10911 = EDGE_LOOP('',(#10912,#10913,#10920,#10926));
#10912 = ORIENTED_EDGE('',*,*,#10657,.T.);
#10913 = ORIENTED_EDGE('',*,*,#10914,.T.);
#10914 = EDGE_CURVE('',#10651,#10915,#10917,.T.);
#10915 = VERTEX_POINT('',#10916);
#10916 = CARTESIAN_POINT('',(0.8,1.355,0.9));
#10917 = B_SPLINE_CURVE_WITH_KNOTS('',1,(#10918,#10919),.UNSPECIFIED.,
  .F.,.F.,(2,2),(0.,1.),.PIECEWISE_BEZIER_KNOTS.);
#10918 = CARTESIAN_POINT('',(0.8,1.355,0.75));
#10919 = CARTESIAN_POINT('',(0.8,1.355,0.9));
#10920 = ORIENTED_EDGE('',*,*,#10921,.F.);
#10921 = EDGE_CURVE('',#10674,#10915,#10922,.T.);
#10922 = LINE('',#10923,#10924);
#10923 = CARTESIAN_POINT('',(0.705,1.45,0.9));
#10924 = VECTOR('',#10925,1.);
#10925 = DIRECTION('',(0.707106781187,-0.707106781187,0.));
#10926 = ORIENTED_EDGE('',*,*,#10673,.F.);
#10927 = PLANE('',#10928);
#10928 = AXIS2_PLACEMENT_3D('',#10929,#10930,#10931);
#10929 = CARTESIAN_POINT('',(0.705,1.45,0.9));
#10930 = DIRECTION('',(-0.707106781187,-0.707106781187,0.));
#10931 = DIRECTION('',(0.707106781187,-0.707106781187,0.));
#10932 = ADVANCED_FACE('',(#10933),#10956,.F.);
#10933 = FACE_BOUND('',#10934,.F.);
#10934 = EDGE_LOOP('',(#10935,#10936,#10943,#10951));
#10935 = ORIENTED_EDGE('',*,*,#10680,.T.);
#10936 = ORIENTED_EDGE('',*,*,#10937,.T.);
#10937 = EDGE_CURVE('',#10674,#10938,#10940,.T.);
#10938 = VERTEX_POINT('',#10939);
#10939 = CARTESIAN_POINT('',(0.6925,1.425,0.9));
#10940 = B_SPLINE_CURVE_WITH_KNOTS('',1,(#10941,#10942),.UNSPECIFIED.,
  .F.,.F.,(2,2),(0.,1.),.PIECEWISE_BEZIER_KNOTS.);
#10941 = CARTESIAN_POINT('',(0.705,1.45,0.9));
#10942 = CARTESIAN_POINT('',(0.6925,1.425,0.9));
#10943 = ORIENTED_EDGE('',*,*,#10944,.F.);
#10944 = EDGE_CURVE('',#10945,#10938,#10947,.T.);
#10945 = VERTEX_POINT('',#10946);
#10946 = CARTESIAN_POINT('',(-0.6925,1.425,0.9));
#10947 = LINE('',#10948,#10949);
#10948 = CARTESIAN_POINT('',(-0.6925,1.425,0.9));
#10949 = VECTOR('',#10950,1.);
#10950 = DIRECTION('',(1.,2.22044604925E-16,0.));
#10951 = ORIENTED_EDGE('',*,*,#10952,.F.);
#10952 = EDGE_CURVE('',#10681,#10945,#10953,.T.);
#10953 = B_SPLINE_CURVE_WITH_KNOTS('',1,(#10954,#10955),.UNSPECIFIED.,
  .F.,.F.,(2,2),(0.,1.),.PIECEWISE_BEZIER_KNOTS.);
#10954 = CARTESIAN_POINT('',(-0.705,1.45,0.9));
#10955 = CARTESIAN_POINT('',(-0.6925,1.425,0.9));
#10956 = B_SPLINE_SURFACE_WITH_KNOTS('',1,1,(
    (#10957,#10958)
    ,(#10959,#10960
    )),.UNSPECIFIED.,.F.,.F.,.F.,(2,2),(2,2),(0.,1.41),(0.,1.),
  .PIECEWISE_BEZIER_KNOTS.);
#10957 = CARTESIAN_POINT('',(-0.705,1.45,0.9));
#10958 = CARTESIAN_POINT('',(-0.6925,1.425,0.9));
#10959 = CARTESIAN_POINT('',(0.705,1.45,0.9));
#10960 = CARTESIAN_POINT('',(0.6925,1.425,0.9));
#10961 = ADVANCED_FACE('',(#10962),#10979,.F.);
#10962 = FACE_BOUND('',#10963,.F.);
#10963 = EDGE_LOOP('',(#10964,#10965,#10966,#10974));
#10964 = ORIENTED_EDGE('',*,*,#10703,.T.);
#10965 = ORIENTED_EDGE('',*,*,#10688,.T.);
#10966 = ORIENTED_EDGE('',*,*,#10967,.F.);
#10967 = EDGE_CURVE('',#10968,#10681,#10970,.T.);
#10968 = VERTEX_POINT('',#10969);
#10969 = CARTESIAN_POINT('',(-0.8,1.355,0.9));
#10970 = LINE('',#10971,#10972);
#10971 = CARTESIAN_POINT('',(-0.8,1.355,0.9));
#10972 = VECTOR('',#10973,1.);
#10973 = DIRECTION('',(0.707106781187,0.707106781187,0.));
#10974 = ORIENTED_EDGE('',*,*,#10975,.F.);
#10975 = EDGE_CURVE('',#10704,#10968,#10976,.T.);
#10976 = B_SPLINE_CURVE_WITH_KNOTS('',1,(#10977,#10978),.UNSPECIFIED.,
  .F.,.F.,(2,2),(0.,1.),.PIECEWISE_BEZIER_KNOTS.);
#10977 = CARTESIAN_POINT('',(-0.8,1.355,0.75));
#10978 = CARTESIAN_POINT('',(-0.8,1.355,0.9));
#10979 = PLANE('',#10980);
#10980 = AXIS2_PLACEMENT_3D('',#10981,#10982,#10983);
#10981 = CARTESIAN_POINT('',(-0.8,1.355,0.9));
#10982 = DIRECTION('',(0.707106781187,-0.707106781187,0.));
#10983 = DIRECTION('',(0.707106781187,0.707106781187,0.));
#10984 = ADVANCED_FACE('',(#10985),#11003,.F.);
#10985 = FACE_BOUND('',#10986,.F.);
#10986 = EDGE_LOOP('',(#10987,#10988,#10989,#10997));
#10987 = ORIENTED_EDGE('',*,*,#10914,.F.);
#10988 = ORIENTED_EDGE('',*,*,#10764,.T.);
#10989 = ORIENTED_EDGE('',*,*,#10990,.T.);
#10990 = EDGE_CURVE('',#10757,#10991,#10993,.T.);
#10991 = VERTEX_POINT('',#10992);
#10992 = CARTESIAN_POINT('',(0.8,1.2,0.9));
#10993 = LINE('',#10994,#10995);
#10994 = CARTESIAN_POINT('',(0.8,1.2,0.661544864752));
#10995 = VECTOR('',#10996,1.);
#10996 = DIRECTION('',(0.,0.,1.));
#10997 = ORIENTED_EDGE('',*,*,#10998,.F.);
#10998 = EDGE_CURVE('',#10915,#10991,#10999,.T.);
#10999 = LINE('',#11000,#11001);
#11000 = CARTESIAN_POINT('',(0.8,1.355,0.9));
#11001 = VECTOR('',#11002,1.);
#11002 = DIRECTION('',(2.22044604925E-16,-1.,0.));
#11003 = PLANE('',#11004);
#11004 = AXIS2_PLACEMENT_3D('',#11005,#11006,#11007);
#11005 = CARTESIAN_POINT('',(0.8,1.355,0.9));
#11006 = DIRECTION('',(-1.,-2.22044604925E-16,0.));
#11007 = DIRECTION('',(2.22044604925E-16,-1.,0.));
#11008 = ADVANCED_FACE('',(#11009),#11033,.F.);
#11009 = FACE_BOUND('',#11010,.F.);
#11010 = EDGE_LOOP('',(#11011,#11019,#11020,#11027));
#11011 = ORIENTED_EDGE('',*,*,#11012,.F.);
#11012 = EDGE_CURVE('',#10733,#11013,#11015,.T.);
#11013 = VERTEX_POINT('',#11014);
#11014 = CARTESIAN_POINT('',(0.8,-1.2,0.9));
#11015 = LINE('',#11016,#11017);
#11016 = CARTESIAN_POINT('',(0.8,-1.2,0.661544864752));
#11017 = VECTOR('',#11018,1.);
#11018 = DIRECTION('',(0.,0.,1.));
#11019 = ORIENTED_EDGE('',*,*,#10732,.T.);
#11020 = ORIENTED_EDGE('',*,*,#11021,.T.);
#11021 = EDGE_CURVE('',#10726,#11022,#11024,.T.);
#11022 = VERTEX_POINT('',#11023);
#11023 = CARTESIAN_POINT('',(0.8,-1.355,0.9));
#11024 = B_SPLINE_CURVE_WITH_KNOTS('',1,(#11025,#11026),.UNSPECIFIED.,
  .F.,.F.,(2,2),(0.,1.),.PIECEWISE_BEZIER_KNOTS.);
#11025 = CARTESIAN_POINT('',(0.8,-1.355,0.75));
#11026 = CARTESIAN_POINT('',(0.8,-1.355,0.9));
#11027 = ORIENTED_EDGE('',*,*,#11028,.F.);
#11028 = EDGE_CURVE('',#11013,#11022,#11029,.T.);
#11029 = LINE('',#11030,#11031);
#11030 = CARTESIAN_POINT('',(0.8,1.355,0.9));
#11031 = VECTOR('',#11032,1.);
#11032 = DIRECTION('',(2.22044604925E-16,-1.,0.));
#11033 = PLANE('',#11034);
#11034 = AXIS2_PLACEMENT_3D('',#11035,#11036,#11037);
#11035 = CARTESIAN_POINT('',(0.8,1.355,0.9));
#11036 = DIRECTION('',(-1.,-2.22044604925E-16,0.));
#11037 = DIRECTION('',(2.22044604925E-16,-1.,0.));
#11038 = ADVANCED_FACE('',(#11039),#11064,.F.);
#11039 = FACE_BOUND('',#11040,.F.);
#11040 = EDGE_LOOP('',(#11041,#11049,#11050,#11058));
#11041 = ORIENTED_EDGE('',*,*,#11042,.F.);
#11042 = EDGE_CURVE('',#10757,#11043,#11045,.T.);
#11043 = VERTEX_POINT('',#11044);
#11044 = CARTESIAN_POINT('',(0.85,1.2,0.75));
#11045 = LINE('',#11046,#11047);
#11046 = CARTESIAN_POINT('',(0.75,1.2,0.75));
#11047 = VECTOR('',#11048,1.);
#11048 = DIRECTION('',(1.,2.22044604925E-16,0.));
#11049 = ORIENTED_EDGE('',*,*,#10756,.T.);
#11050 = ORIENTED_EDGE('',*,*,#11051,.T.);
#11051 = EDGE_CURVE('',#10749,#11052,#11054,.T.);
#11052 = VERTEX_POINT('',#11053);
#11053 = CARTESIAN_POINT('',(0.85,0.7,0.75));
#11054 = LINE('',#11055,#11056);
#11055 = CARTESIAN_POINT('',(0.75,0.7,0.75));
#11056 = VECTOR('',#11057,1.);
#11057 = DIRECTION('',(1.,2.22044604925E-16,0.));
#11058 = ORIENTED_EDGE('',*,*,#11059,.F.);
#11059 = EDGE_CURVE('',#11043,#11052,#11060,.T.);
#11060 = LINE('',#11061,#11062);
#11061 = CARTESIAN_POINT('',(0.85,1.2,0.75));
#11062 = VECTOR('',#11063,1.);
#11063 = DIRECTION('',(2.22044604925E-16,-1.,0.));
#11064 = PLANE('',#11065);
#11065 = AXIS2_PLACEMENT_3D('',#11066,#11067,#11068);
#11066 = CARTESIAN_POINT('',(0.75,1.2,0.75));
#11067 = DIRECTION('',(0.,0.,1.));
#11068 = DIRECTION('',(1.,2.22044604925E-16,-0.));
#11069 = ADVANCED_FACE('',(#11070),#11095,.F.);
#11070 = FACE_BOUND('',#11071,.F.);
#11071 = EDGE_LOOP('',(#11072,#11080,#11081,#11089));
#11072 = ORIENTED_EDGE('',*,*,#11073,.F.);
#11073 = EDGE_CURVE('',#10741,#11074,#11076,.T.);
#11074 = VERTEX_POINT('',#11075);
#11075 = CARTESIAN_POINT('',(0.85,-0.7,0.75));
#11076 = LINE('',#11077,#11078);
#11077 = CARTESIAN_POINT('',(0.75,-0.7,0.75));
#11078 = VECTOR('',#11079,1.);
#11079 = DIRECTION('',(1.,2.22044604925E-16,0.));
#11080 = ORIENTED_EDGE('',*,*,#10740,.T.);
#11081 = ORIENTED_EDGE('',*,*,#11082,.T.);
#11082 = EDGE_CURVE('',#10733,#11083,#11085,.T.);
#11083 = VERTEX_POINT('',#11084);
#11084 = CARTESIAN_POINT('',(0.85,-1.2,0.75));
#11085 = LINE('',#11086,#11087);
#11086 = CARTESIAN_POINT('',(0.75,-1.2,0.75));
#11087 = VECTOR('',#11088,1.);
#11088 = DIRECTION('',(1.,2.22044604925E-16,0.));
#11089 = ORIENTED_EDGE('',*,*,#11090,.F.);
#11090 = EDGE_CURVE('',#11074,#11083,#11091,.T.);
#11091 = LINE('',#11092,#11093);
#11092 = CARTESIAN_POINT('',(0.85,-0.7,0.75));
#11093 = VECTOR('',#11094,1.);
#11094 = DIRECTION('',(2.22044604925E-16,-1.,0.));
#11095 = PLANE('',#11096);
#11096 = AXIS2_PLACEMENT_3D('',#11097,#11098,#11099);
#11097 = CARTESIAN_POINT('',(0.75,-0.7,0.75));
#11098 = DIRECTION('',(0.,0.,1.));
#11099 = DIRECTION('',(1.,2.22044604925E-16,-0.));
#11100 = ADVANCED_FACE('',(#11101),#11126,.F.);
#11101 = FACE_BOUND('',#11102,.F.);
#11102 = EDGE_LOOP('',(#11103,#11111,#11112,#11120));
#11103 = ORIENTED_EDGE('',*,*,#11104,.F.);
#11104 = EDGE_CURVE('',#10749,#11105,#11107,.T.);
#11105 = VERTEX_POINT('',#11106);
#11106 = CARTESIAN_POINT('',(0.8,0.7,0.9));
#11107 = LINE('',#11108,#11109);
#11108 = CARTESIAN_POINT('',(0.8,0.7,0.661544864752));
#11109 = VECTOR('',#11110,1.);
#11110 = DIRECTION('',(0.,0.,1.));
#11111 = ORIENTED_EDGE('',*,*,#10748,.T.);
#11112 = ORIENTED_EDGE('',*,*,#11113,.T.);
#11113 = EDGE_CURVE('',#10741,#11114,#11116,.T.);
#11114 = VERTEX_POINT('',#11115);
#11115 = CARTESIAN_POINT('',(0.8,-0.7,0.9));
#11116 = LINE('',#11117,#11118);
#11117 = CARTESIAN_POINT('',(0.8,-0.7,0.661544864752));
#11118 = VECTOR('',#11119,1.);
#11119 = DIRECTION('',(0.,0.,1.));
#11120 = ORIENTED_EDGE('',*,*,#11121,.F.);
#11121 = EDGE_CURVE('',#11105,#11114,#11122,.T.);
#11122 = LINE('',#11123,#11124);
#11123 = CARTESIAN_POINT('',(0.8,1.355,0.9));
#11124 = VECTOR('',#11125,1.);
#11125 = DIRECTION('',(2.22044604925E-16,-1.,0.));
#11126 = PLANE('',#11127);
#11127 = AXIS2_PLACEMENT_3D('',#11128,#11129,#11130);
#11128 = CARTESIAN_POINT('',(0.8,1.355,0.9));
#11129 = DIRECTION('',(-1.,-2.22044604925E-16,0.));
#11130 = DIRECTION('',(2.22044604925E-16,-1.,0.));
#11131 = ADVANCED_FACE('',(#11132),#11149,.F.);
#11132 = FACE_BOUND('',#11133,.F.);
#11133 = EDGE_LOOP('',(#11134,#11135,#11142,#11148));
#11134 = ORIENTED_EDGE('',*,*,#10787,.T.);
#11135 = ORIENTED_EDGE('',*,*,#11136,.T.);
#11136 = EDGE_CURVE('',#10781,#11137,#11139,.T.);
#11137 = VERTEX_POINT('',#11138);
#11138 = CARTESIAN_POINT('',(0.705,-1.45,0.9));
#11139 = B_SPLINE_CURVE_WITH_KNOTS('',1,(#11140,#11141),.UNSPECIFIED.,
  .F.,.F.,(2,2),(0.,1.),.PIECEWISE_BEZIER_KNOTS.);
#11140 = CARTESIAN_POINT('',(0.705,-1.45,0.75));
#11141 = CARTESIAN_POINT('',(0.705,-1.45,0.9));
#11142 = ORIENTED_EDGE('',*,*,#11143,.F.);
#11143 = EDGE_CURVE('',#11022,#11137,#11144,.T.);
#11144 = LINE('',#11145,#11146);
#11145 = CARTESIAN_POINT('',(0.8,-1.355,0.9));
#11146 = VECTOR('',#11147,1.);
#11147 = DIRECTION('',(-0.707106781187,-0.707106781187,0.));
#11148 = ORIENTED_EDGE('',*,*,#11021,.F.);
#11149 = PLANE('',#11150);
#11150 = AXIS2_PLACEMENT_3D('',#11151,#11152,#11153);
#11151 = CARTESIAN_POINT('',(0.8,-1.355,0.9));
#11152 = DIRECTION('',(-0.707106781187,0.707106781187,0.));
#11153 = DIRECTION('',(-0.707106781187,-0.707106781187,0.));
#11154 = ADVANCED_FACE('',(#11155),#11172,.F.);
#11155 = FACE_BOUND('',#11156,.F.);
#11156 = EDGE_LOOP('',(#11157,#11158,#11165,#11171));
#11157 = ORIENTED_EDGE('',*,*,#10810,.T.);
#11158 = ORIENTED_EDGE('',*,*,#11159,.T.);
#11159 = EDGE_CURVE('',#10804,#11160,#11162,.T.);
#11160 = VERTEX_POINT('',#11161);
#11161 = CARTESIAN_POINT('',(-0.705,-1.45,0.9));
#11162 = B_SPLINE_CURVE_WITH_KNOTS('',1,(#11163,#11164),.UNSPECIFIED.,
  .F.,.F.,(2,2),(0.,1.),.PIECEWISE_BEZIER_KNOTS.);
#11163 = CARTESIAN_POINT('',(-0.705,-1.45,0.75));
#11164 = CARTESIAN_POINT('',(-0.705,-1.45,0.9));
#11165 = ORIENTED_EDGE('',*,*,#11166,.F.);
#11166 = EDGE_CURVE('',#11137,#11160,#11167,.T.);
#11167 = LINE('',#11168,#11169);
#11168 = CARTESIAN_POINT('',(0.705,-1.45,0.9));
#11169 = VECTOR('',#11170,1.);
#11170 = DIRECTION('',(-1.,-2.22044604925E-16,0.));
#11171 = ORIENTED_EDGE('',*,*,#11136,.F.);
#11172 = PLANE('',#11173);
#11173 = AXIS2_PLACEMENT_3D('',#11174,#11175,#11176);
#11174 = CARTESIAN_POINT('',(0.705,-1.45,0.9));
#11175 = DIRECTION('',(-2.22044604925E-16,1.,0.));
#11176 = DIRECTION('',(-1.,-2.22044604925E-16,0.));
#11177 = ADVANCED_FACE('',(#11178),#11195,.F.);
#11178 = FACE_BOUND('',#11179,.F.);
#11179 = EDGE_LOOP('',(#11180,#11181,#11188,#11194));
#11180 = ORIENTED_EDGE('',*,*,#10833,.T.);
#11181 = ORIENTED_EDGE('',*,*,#11182,.T.);
#11182 = EDGE_CURVE('',#10827,#11183,#11185,.T.);
#11183 = VERTEX_POINT('',#11184);
#11184 = CARTESIAN_POINT('',(-0.8,-1.355,0.9));
#11185 = B_SPLINE_CURVE_WITH_KNOTS('',1,(#11186,#11187),.UNSPECIFIED.,
  .F.,.F.,(2,2),(0.,1.),.PIECEWISE_BEZIER_KNOTS.);
#11186 = CARTESIAN_POINT('',(-0.8,-1.355,0.75));
#11187 = CARTESIAN_POINT('',(-0.8,-1.355,0.9));
#11188 = ORIENTED_EDGE('',*,*,#11189,.F.);
#11189 = EDGE_CURVE('',#11160,#11183,#11190,.T.);
#11190 = LINE('',#11191,#11192);
#11191 = CARTESIAN_POINT('',(-0.705,-1.45,0.9));
#11192 = VECTOR('',#11193,1.);
#11193 = DIRECTION('',(-0.707106781187,0.707106781187,0.));
#11194 = ORIENTED_EDGE('',*,*,#11159,.F.);
#11195 = PLANE('',#11196);
#11196 = AXIS2_PLACEMENT_3D('',#11197,#11198,#11199);
#11197 = CARTESIAN_POINT('',(-0.705,-1.45,0.9));
#11198 = DIRECTION('',(0.707106781187,0.707106781187,0.));
#11199 = DIRECTION('',(-0.707106781187,0.707106781187,0.));
#11200 = ADVANCED_FACE('',(#11201),#11219,.F.);
#11201 = FACE_BOUND('',#11202,.F.);
#11202 = EDGE_LOOP('',(#11203,#11204,#11205,#11213));
#11203 = ORIENTED_EDGE('',*,*,#11182,.F.);
#11204 = ORIENTED_EDGE('',*,*,#10898,.T.);
#11205 = ORIENTED_EDGE('',*,*,#11206,.T.);
#11206 = EDGE_CURVE('',#10891,#11207,#11209,.T.);
#11207 = VERTEX_POINT('',#11208);
#11208 = CARTESIAN_POINT('',(-0.8,-1.2,0.9));
#11209 = LINE('',#11210,#11211);
#11210 = CARTESIAN_POINT('',(-0.8,-1.2,0.661544864752));
#11211 = VECTOR('',#11212,1.);
#11212 = DIRECTION('',(0.,0.,1.));
#11213 = ORIENTED_EDGE('',*,*,#11214,.F.);
#11214 = EDGE_CURVE('',#11183,#11207,#11215,.T.);
#11215 = LINE('',#11216,#11217);
#11216 = CARTESIAN_POINT('',(-0.8,-1.355,0.9));
#11217 = VECTOR('',#11218,1.);
#11218 = DIRECTION('',(-2.22044604925E-16,1.,0.));
#11219 = PLANE('',#11220);
#11220 = AXIS2_PLACEMENT_3D('',#11221,#11222,#11223);
#11221 = CARTESIAN_POINT('',(-0.8,-1.355,0.9));
#11222 = DIRECTION('',(1.,2.22044604925E-16,0.));
#11223 = DIRECTION('',(-2.22044604925E-16,1.,0.));
#11224 = ADVANCED_FACE('',(#11225),#11243,.F.);
#11225 = FACE_BOUND('',#11226,.F.);
#11226 = EDGE_LOOP('',(#11227,#11235,#11236,#11237));
#11227 = ORIENTED_EDGE('',*,*,#11228,.F.);
#11228 = EDGE_CURVE('',#10851,#11229,#11231,.T.);
#11229 = VERTEX_POINT('',#11230);
#11230 = CARTESIAN_POINT('',(-0.8,1.2,0.9));
#11231 = LINE('',#11232,#11233);
#11232 = CARTESIAN_POINT('',(-0.8,1.2,0.661544864752));
#11233 = VECTOR('',#11234,1.);
#11234 = DIRECTION('',(0.,0.,1.));
#11235 = ORIENTED_EDGE('',*,*,#10850,.T.);
#11236 = ORIENTED_EDGE('',*,*,#10975,.T.);
#11237 = ORIENTED_EDGE('',*,*,#11238,.F.);
#11238 = EDGE_CURVE('',#11229,#10968,#11239,.T.);
#11239 = LINE('',#11240,#11241);
#11240 = CARTESIAN_POINT('',(-0.8,-1.355,0.9));
#11241 = VECTOR('',#11242,1.);
#11242 = DIRECTION('',(-2.22044604925E-16,1.,0.));
#11243 = PLANE('',#11244);
#11244 = AXIS2_PLACEMENT_3D('',#11245,#11246,#11247);
#11245 = CARTESIAN_POINT('',(-0.8,-1.355,0.9));
#11246 = DIRECTION('',(1.,2.22044604925E-16,0.));
#11247 = DIRECTION('',(-2.22044604925E-16,1.,0.));
#11248 = ADVANCED_FACE('',(#11249),#11274,.F.);
#11249 = FACE_BOUND('',#11250,.F.);
#11250 = EDGE_LOOP('',(#11251,#11259,#11260,#11268));
#11251 = ORIENTED_EDGE('',*,*,#11252,.F.);
#11252 = EDGE_CURVE('',#10891,#11253,#11255,.T.);
#11253 = VERTEX_POINT('',#11254);
#11254 = CARTESIAN_POINT('',(-0.85,-1.2,0.75));
#11255 = LINE('',#11256,#11257);
#11256 = CARTESIAN_POINT('',(-0.75,-1.2,0.75));
#11257 = VECTOR('',#11258,1.);
#11258 = DIRECTION('',(-1.,-9.95799250103E-17,0.));
#11259 = ORIENTED_EDGE('',*,*,#10890,.T.);
#11260 = ORIENTED_EDGE('',*,*,#11261,.T.);
#11261 = EDGE_CURVE('',#10883,#11262,#11264,.T.);
#11262 = VERTEX_POINT('',#11263);
#11263 = CARTESIAN_POINT('',(-0.85,-0.7,0.75));
#11264 = LINE('',#11265,#11266);
#11265 = CARTESIAN_POINT('',(-0.75,-0.7,0.75));
#11266 = VECTOR('',#11267,1.);
#11267 = DIRECTION('',(-1.,-9.95799250103E-17,0.));
#11268 = ORIENTED_EDGE('',*,*,#11269,.F.);
#11269 = EDGE_CURVE('',#11253,#11262,#11270,.T.);
#11270 = LINE('',#11271,#11272);
#11271 = CARTESIAN_POINT('',(-0.85,-1.2,0.75));
#11272 = VECTOR('',#11273,1.);
#11273 = DIRECTION('',(-9.95799250103E-17,1.,0.));
#11274 = PLANE('',#11275);
#11275 = AXIS2_PLACEMENT_3D('',#11276,#11277,#11278);
#11276 = CARTESIAN_POINT('',(-0.75,-1.2,0.75));
#11277 = DIRECTION('',(0.,0.,1.));
#11278 = DIRECTION('',(-1.,-9.95799250103E-17,0.));
#11279 = ADVANCED_FACE('',(#11280),#11305,.F.);
#11280 = FACE_BOUND('',#11281,.F.);
#11281 = EDGE_LOOP('',(#11282,#11290,#11291,#11299));
#11282 = ORIENTED_EDGE('',*,*,#11283,.F.);
#11283 = EDGE_CURVE('',#10859,#11284,#11286,.T.);
#11284 = VERTEX_POINT('',#11285);
#11285 = CARTESIAN_POINT('',(-0.85,0.7,0.75));
#11286 = LINE('',#11287,#11288);
#11287 = CARTESIAN_POINT('',(-0.75,0.7,0.75));
#11288 = VECTOR('',#11289,1.);
#11289 = DIRECTION('',(-1.,-9.95799250103E-17,0.));
#11290 = ORIENTED_EDGE('',*,*,#10858,.T.);
#11291 = ORIENTED_EDGE('',*,*,#11292,.T.);
#11292 = EDGE_CURVE('',#10851,#11293,#11295,.T.);
#11293 = VERTEX_POINT('',#11294);
#11294 = CARTESIAN_POINT('',(-0.85,1.2,0.75));
#11295 = LINE('',#11296,#11297);
#11296 = CARTESIAN_POINT('',(-0.75,1.2,0.75));
#11297 = VECTOR('',#11298,1.);
#11298 = DIRECTION('',(-1.,-9.95799250103E-17,0.));
#11299 = ORIENTED_EDGE('',*,*,#11300,.F.);
#11300 = EDGE_CURVE('',#11284,#11293,#11301,.T.);
#11301 = LINE('',#11302,#11303);
#11302 = CARTESIAN_POINT('',(-0.85,0.7,0.75));
#11303 = VECTOR('',#11304,1.);
#11304 = DIRECTION('',(-9.95799250103E-17,1.,0.));
#11305 = PLANE('',#11306);
#11306 = AXIS2_PLACEMENT_3D('',#11307,#11308,#11309);
#11307 = CARTESIAN_POINT('',(-0.75,0.7,0.75));
#11308 = DIRECTION('',(0.,0.,1.));
#11309 = DIRECTION('',(-1.,-9.95799250103E-17,0.));
#11310 = ADVANCED_FACE('',(#11311),#11336,.F.);
#11311 = FACE_BOUND('',#11312,.F.);
#11312 = EDGE_LOOP('',(#11313,#11321,#11322,#11330));
#11313 = ORIENTED_EDGE('',*,*,#11314,.F.);
#11314 = EDGE_CURVE('',#10883,#11315,#11317,.T.);
#11315 = VERTEX_POINT('',#11316);
#11316 = CARTESIAN_POINT('',(-0.8,-0.7,0.9));
#11317 = LINE('',#11318,#11319);
#11318 = CARTESIAN_POINT('',(-0.8,-0.7,0.661544864752));
#11319 = VECTOR('',#11320,1.);
#11320 = DIRECTION('',(0.,0.,1.));
#11321 = ORIENTED_EDGE('',*,*,#10882,.T.);
#11322 = ORIENTED_EDGE('',*,*,#11323,.T.);
#11323 = EDGE_CURVE('',#10875,#11324,#11326,.T.);
#11324 = VERTEX_POINT('',#11325);
#11325 = CARTESIAN_POINT('',(-0.8,-0.25,0.9));
#11326 = LINE('',#11327,#11328);
#11327 = CARTESIAN_POINT('',(-0.8,-0.25,0.661544864752));
#11328 = VECTOR('',#11329,1.);
#11329 = DIRECTION('',(0.,0.,1.));
#11330 = ORIENTED_EDGE('',*,*,#11331,.F.);
#11331 = EDGE_CURVE('',#11315,#11324,#11332,.T.);
#11332 = LINE('',#11333,#11334);
#11333 = CARTESIAN_POINT('',(-0.8,-1.355,0.9));
#11334 = VECTOR('',#11335,1.);
#11335 = DIRECTION('',(-2.22044604925E-16,1.,0.));
#11336 = PLANE('',#11337);
#11337 = AXIS2_PLACEMENT_3D('',#11338,#11339,#11340);
#11338 = CARTESIAN_POINT('',(-0.8,-1.355,0.9));
#11339 = DIRECTION('',(1.,2.22044604925E-16,0.));
#11340 = DIRECTION('',(-2.22044604925E-16,1.,0.));
#11341 = ADVANCED_FACE('',(#11342),#11367,.F.);
#11342 = FACE_BOUND('',#11343,.F.);
#11343 = EDGE_LOOP('',(#11344,#11352,#11353,#11361));
#11344 = ORIENTED_EDGE('',*,*,#11345,.F.);
#11345 = EDGE_CURVE('',#10867,#11346,#11348,.T.);
#11346 = VERTEX_POINT('',#11347);
#11347 = CARTESIAN_POINT('',(-0.8,0.25,0.9));
#11348 = LINE('',#11349,#11350);
#11349 = CARTESIAN_POINT('',(-0.8,0.25,0.661544864752));
#11350 = VECTOR('',#11351,1.);
#11351 = DIRECTION('',(0.,0.,1.));
#11352 = ORIENTED_EDGE('',*,*,#10866,.T.);
#11353 = ORIENTED_EDGE('',*,*,#11354,.T.);
#11354 = EDGE_CURVE('',#10859,#11355,#11357,.T.);
#11355 = VERTEX_POINT('',#11356);
#11356 = CARTESIAN_POINT('',(-0.8,0.7,0.9));
#11357 = LINE('',#11358,#11359);
#11358 = CARTESIAN_POINT('',(-0.8,0.7,0.661544864752));
#11359 = VECTOR('',#11360,1.);
#11360 = DIRECTION('',(0.,0.,1.));
#11361 = ORIENTED_EDGE('',*,*,#11362,.F.);
#11362 = EDGE_CURVE('',#11346,#11355,#11363,.T.);
#11363 = LINE('',#11364,#11365);
#11364 = CARTESIAN_POINT('',(-0.8,-1.355,0.9));
#11365 = VECTOR('',#11366,1.);
#11366 = DIRECTION('',(-2.22044604925E-16,1.,0.));
#11367 = PLANE('',#11368);
#11368 = AXIS2_PLACEMENT_3D('',#11369,#11370,#11371);
#11369 = CARTESIAN_POINT('',(-0.8,-1.355,0.9));
#11370 = DIRECTION('',(1.,2.22044604925E-16,0.));
#11371 = DIRECTION('',(-2.22044604925E-16,1.,0.));
#11372 = ADVANCED_FACE('',(#11373),#11398,.F.);
#11373 = FACE_BOUND('',#11374,.F.);
#11374 = EDGE_LOOP('',(#11375,#11383,#11384,#11392));
#11375 = ORIENTED_EDGE('',*,*,#11376,.F.);
#11376 = EDGE_CURVE('',#10875,#11377,#11379,.T.);
#11377 = VERTEX_POINT('',#11378);
#11378 = CARTESIAN_POINT('',(-0.85,-0.25,0.75));
#11379 = LINE('',#11380,#11381);
#11380 = CARTESIAN_POINT('',(-0.75,-0.25,0.75));
#11381 = VECTOR('',#11382,1.);
#11382 = DIRECTION('',(-1.,-9.95799250103E-17,0.));
#11383 = ORIENTED_EDGE('',*,*,#10874,.T.);
#11384 = ORIENTED_EDGE('',*,*,#11385,.T.);
#11385 = EDGE_CURVE('',#10867,#11386,#11388,.T.);
#11386 = VERTEX_POINT('',#11387);
#11387 = CARTESIAN_POINT('',(-0.85,0.25,0.75));
#11388 = LINE('',#11389,#11390);
#11389 = CARTESIAN_POINT('',(-0.75,0.25,0.75));
#11390 = VECTOR('',#11391,1.);
#11391 = DIRECTION('',(-1.,-9.95799250103E-17,0.));
#11392 = ORIENTED_EDGE('',*,*,#11393,.F.);
#11393 = EDGE_CURVE('',#11377,#11386,#11394,.T.);
#11394 = LINE('',#11395,#11396);
#11395 = CARTESIAN_POINT('',(-0.85,-0.25,0.75));
#11396 = VECTOR('',#11397,1.);
#11397 = DIRECTION('',(-9.95799250103E-17,1.,0.));
#11398 = PLANE('',#11399);
#11399 = AXIS2_PLACEMENT_3D('',#11400,#11401,#11402);
#11400 = CARTESIAN_POINT('',(-0.75,-0.25,0.75));
#11401 = DIRECTION('',(0.,0.,1.));
#11402 = DIRECTION('',(-1.,-9.95799250103E-17,0.));
#11403 = ADVANCED_FACE('',(#11404),#11421,.F.);
#11404 = FACE_BOUND('',#11405,.F.);
#11405 = EDGE_LOOP('',(#11406,#11407,#11414,#11420));
#11406 = ORIENTED_EDGE('',*,*,#10921,.T.);
#11407 = ORIENTED_EDGE('',*,*,#11408,.T.);
#11408 = EDGE_CURVE('',#10915,#11409,#11411,.T.);
#11409 = VERTEX_POINT('',#11410);
#11410 = CARTESIAN_POINT('',(0.775,1.3425,0.9));
#11411 = B_SPLINE_CURVE_WITH_KNOTS('',1,(#11412,#11413),.UNSPECIFIED.,
  .F.,.F.,(2,2),(0.,1.),.PIECEWISE_BEZIER_KNOTS.);
#11412 = CARTESIAN_POINT('',(0.8,1.355,0.9));
#11413 = CARTESIAN_POINT('',(0.775,1.3425,0.9));
#11414 = ORIENTED_EDGE('',*,*,#11415,.F.);
#11415 = EDGE_CURVE('',#10938,#11409,#11416,.T.);
#11416 = LINE('',#11417,#11418);
#11417 = CARTESIAN_POINT('',(0.6925,1.425,0.9));
#11418 = VECTOR('',#11419,1.);
#11419 = DIRECTION('',(0.707106781187,-0.707106781187,0.));
#11420 = ORIENTED_EDGE('',*,*,#10937,.F.);
#11421 = B_SPLINE_SURFACE_WITH_KNOTS('',1,1,(
    (#11422,#11423)
    ,(#11424,#11425
    )),.UNSPECIFIED.,.F.,.F.,.F.,(2,2),(2,2),(0.,0.134350288425),(0.,1.)
  ,.PIECEWISE_BEZIER_KNOTS.);
#11422 = CARTESIAN_POINT('',(0.705,1.45,0.9));
#11423 = CARTESIAN_POINT('',(0.6925,1.425,0.9));
#11424 = CARTESIAN_POINT('',(0.8,1.355,0.9));
#11425 = CARTESIAN_POINT('',(0.775,1.3425,0.9));
#11426 = ADVANCED_FACE('',(#11427),#11450,.F.);
#11427 = FACE_BOUND('',#11428,.F.);
#11428 = EDGE_LOOP('',(#11429,#11430,#11437,#11445));
#11429 = ORIENTED_EDGE('',*,*,#10944,.T.);
#11430 = ORIENTED_EDGE('',*,*,#11431,.T.);
#11431 = EDGE_CURVE('',#10938,#11432,#11434,.T.);
#11432 = VERTEX_POINT('',#11433);
#11433 = CARTESIAN_POINT('',(0.646824228722,1.333648457443,1.55));
#11434 = B_SPLINE_CURVE_WITH_KNOTS('',1,(#11435,#11436),.UNSPECIFIED.,
  .F.,.F.,(2,2),(0.,1.),.PIECEWISE_BEZIER_KNOTS.);
#11435 = CARTESIAN_POINT('',(0.6925,1.425,0.9));
#11436 = CARTESIAN_POINT('',(0.646824228722,1.333648457443,1.55));
#11437 = ORIENTED_EDGE('',*,*,#11438,.F.);
#11438 = EDGE_CURVE('',#11439,#11432,#11441,.T.);
#11439 = VERTEX_POINT('',#11440);
#11440 = CARTESIAN_POINT('',(-0.646824228722,1.333648457443,1.55));
#11441 = LINE('',#11442,#11443);
#11442 = CARTESIAN_POINT('',(-0.646824228722,1.333648457443,1.55));
#11443 = VECTOR('',#11444,1.);
#11444 = DIRECTION('',(1.,2.22044604925E-16,0.));
#11445 = ORIENTED_EDGE('',*,*,#11446,.F.);
#11446 = EDGE_CURVE('',#10945,#11439,#11447,.T.);
#11447 = B_SPLINE_CURVE_WITH_KNOTS('',1,(#11448,#11449),.UNSPECIFIED.,
  .F.,.F.,(2,2),(0.,1.),.PIECEWISE_BEZIER_KNOTS.);
#11448 = CARTESIAN_POINT('',(-0.6925,1.425,0.9));
#11449 = CARTESIAN_POINT('',(-0.646824228722,1.333648457443,1.55));
#11450 = B_SPLINE_SURFACE_WITH_KNOTS('',1,1,(
    (#11451,#11452)
    ,(#11453,#11454
    )),.UNSPECIFIED.,.F.,.F.,.F.,(2,2),(2,2),(0.,1.385),(0.,1.),
  .PIECEWISE_BEZIER_KNOTS.);
#11451 = CARTESIAN_POINT('',(-0.6925,1.425,0.9));
#11452 = CARTESIAN_POINT('',(-0.646824228722,1.333648457443,1.55));
#11453 = CARTESIAN_POINT('',(0.6925,1.425,0.9));
#11454 = CARTESIAN_POINT('',(0.646824228722,1.333648457443,1.55));
#11455 = ADVANCED_FACE('',(#11456),#11473,.F.);
#11456 = FACE_BOUND('',#11457,.F.);
#11457 = EDGE_LOOP('',(#11458,#11459,#11460,#11468));
#11458 = ORIENTED_EDGE('',*,*,#10967,.T.);
#11459 = ORIENTED_EDGE('',*,*,#10952,.T.);
#11460 = ORIENTED_EDGE('',*,*,#11461,.F.);
#11461 = EDGE_CURVE('',#11462,#10945,#11464,.T.);
#11462 = VERTEX_POINT('',#11463);
#11463 = CARTESIAN_POINT('',(-0.775,1.3425,0.9));
#11464 = LINE('',#11465,#11466);
#11465 = CARTESIAN_POINT('',(-0.775,1.3425,0.9));
#11466 = VECTOR('',#11467,1.);
#11467 = DIRECTION('',(0.707106781187,0.707106781187,0.));
#11468 = ORIENTED_EDGE('',*,*,#11469,.F.);
#11469 = EDGE_CURVE('',#10968,#11462,#11470,.T.);
#11470 = B_SPLINE_CURVE_WITH_KNOTS('',1,(#11471,#11472),.UNSPECIFIED.,
  .F.,.F.,(2,2),(0.,1.),.PIECEWISE_BEZIER_KNOTS.);
#11471 = CARTESIAN_POINT('',(-0.8,1.355,0.9));
#11472 = CARTESIAN_POINT('',(-0.775,1.3425,0.9));
#11473 = B_SPLINE_SURFACE_WITH_KNOTS('',1,1,(
    (#11474,#11475)
    ,(#11476,#11477
    )),.UNSPECIFIED.,.F.,.F.,.F.,(2,2),(2,2),(0.,0.134350288425),(0.,1.)
  ,.PIECEWISE_BEZIER_KNOTS.);
#11474 = CARTESIAN_POINT('',(-0.8,1.355,0.9));
#11475 = CARTESIAN_POINT('',(-0.775,1.3425,0.9));
#11476 = CARTESIAN_POINT('',(-0.705,1.45,0.9));
#11477 = CARTESIAN_POINT('',(-0.6925,1.425,0.9));
#11478 = ADVANCED_FACE('',(#11479),#11497,.F.);
#11479 = FACE_BOUND('',#11480,.F.);
#11480 = EDGE_LOOP('',(#11481,#11482,#11483,#11491));
#11481 = ORIENTED_EDGE('',*,*,#11408,.F.);
#11482 = ORIENTED_EDGE('',*,*,#10998,.T.);
#11483 = ORIENTED_EDGE('',*,*,#11484,.T.);
#11484 = EDGE_CURVE('',#10991,#11485,#11487,.T.);
#11485 = VERTEX_POINT('',#11486);
#11486 = CARTESIAN_POINT('',(0.775,1.2,0.9));
#11487 = LINE('',#11488,#11489);
#11488 = CARTESIAN_POINT('',(0.85,1.2,0.9));
#11489 = VECTOR('',#11490,1.);
#11490 = DIRECTION('',(-1.,-2.22044604925E-16,0.));
#11491 = ORIENTED_EDGE('',*,*,#11492,.F.);
#11492 = EDGE_CURVE('',#11409,#11485,#11493,.T.);
#11493 = LINE('',#11494,#11495);
#11494 = CARTESIAN_POINT('',(0.775,1.3425,0.9));
#11495 = VECTOR('',#11496,1.);
#11496 = DIRECTION('',(2.22044604925E-16,-1.,0.));
#11497 = B_SPLINE_SURFACE_WITH_KNOTS('',1,1,(
    (#11498,#11499)
    ,(#11500,#11501
    )),.UNSPECIFIED.,.F.,.F.,.F.,(2,2),(2,2),(0.,2.71),(0.,1.),
  .PIECEWISE_BEZIER_KNOTS.);
#11498 = CARTESIAN_POINT('',(0.8,1.355,0.9));
#11499 = CARTESIAN_POINT('',(0.775,1.3425,0.9));
#11500 = CARTESIAN_POINT('',(0.8,-1.355,0.9));
#11501 = CARTESIAN_POINT('',(0.775,-1.3425,0.9));
#11502 = ADVANCED_FACE('',(#11503),#11589,.F.);
#11503 = FACE_BOUND('',#11504,.F.);
#11504 = EDGE_LOOP('',(#11505,#11506,#11507,#11516,#11524,#11533,#11541,
    #11549,#11557,#11566,#11574,#11583));
#11505 = ORIENTED_EDGE('',*,*,#10990,.F.);
#11506 = ORIENTED_EDGE('',*,*,#11042,.T.);
#11507 = ORIENTED_EDGE('',*,*,#11508,.T.);
#11508 = EDGE_CURVE('',#11043,#11509,#11511,.T.);
#11509 = VERTEX_POINT('',#11510);
#11510 = CARTESIAN_POINT('',(0.95,1.2,0.65));
#11511 = CIRCLE('',#11512,0.1);
#11512 = AXIS2_PLACEMENT_3D('',#11513,#11514,#11515);
#11513 = CARTESIAN_POINT('',(0.85,1.2,0.65));
#11514 = DIRECTION('',(-2.22044604925E-16,1.,0.));
#11515 = DIRECTION('',(-1.110223024625E-15,-2.465190328815E-31,1.));
#11516 = ORIENTED_EDGE('',*,*,#11517,.T.);
#11517 = EDGE_CURVE('',#11509,#11518,#11520,.T.);
#11518 = VERTEX_POINT('',#11519);
#11519 = CARTESIAN_POINT('',(0.95,1.2,0.25));
#11520 = LINE('',#11521,#11522);
#11521 = CARTESIAN_POINT('',(0.95,1.2,0.65));
#11522 = VECTOR('',#11523,1.);
#11523 = DIRECTION('',(0.,0.,-1.));
#11524 = ORIENTED_EDGE('',*,*,#11525,.T.);
#11525 = EDGE_CURVE('',#11518,#11526,#11528,.T.);
#11526 = VERTEX_POINT('',#11527);
#11527 = CARTESIAN_POINT('',(1.2,1.2,0.));
#11528 = CIRCLE('',#11529,0.25);
#11529 = AXIS2_PLACEMENT_3D('',#11530,#11531,#11532);
#11530 = CARTESIAN_POINT('',(1.2,1.2,0.25));
#11531 = DIRECTION('',(2.22044604925E-16,-1.,0.));
#11532 = DIRECTION('',(-1.,-2.22044604925E-16,-4.440892098501E-16));
#11533 = ORIENTED_EDGE('',*,*,#11534,.T.);
#11534 = EDGE_CURVE('',#11526,#11535,#11537,.T.);
#11535 = VERTEX_POINT('',#11536);
#11536 = CARTESIAN_POINT('',(1.4,1.2,0.));
#11537 = LINE('',#11538,#11539);
#11538 = CARTESIAN_POINT('',(1.2,1.2,0.));
#11539 = VECTOR('',#11540,1.);
#11540 = DIRECTION('',(1.,2.22044604925E-16,0.));
#11541 = ORIENTED_EDGE('',*,*,#11542,.T.);
#11542 = EDGE_CURVE('',#11535,#11543,#11545,.T.);
#11543 = VERTEX_POINT('',#11544);
#11544 = CARTESIAN_POINT('',(1.4,1.2,0.15));
#11545 = LINE('',#11546,#11547);
#11546 = CARTESIAN_POINT('',(1.4,1.2,0.));
#11547 = VECTOR('',#11548,1.);
#11548 = DIRECTION('',(0.,0.,1.));
#11549 = ORIENTED_EDGE('',*,*,#11550,.T.);
#11550 = EDGE_CURVE('',#11543,#11551,#11553,.T.);
#11551 = VERTEX_POINT('',#11552);
#11552 = CARTESIAN_POINT('',(1.2,1.2,0.15));
#11553 = LINE('',#11554,#11555);
#11554 = CARTESIAN_POINT('',(1.4,1.2,0.15));
#11555 = VECTOR('',#11556,1.);
#11556 = DIRECTION('',(-1.,-2.22044604925E-16,0.));
#11557 = ORIENTED_EDGE('',*,*,#11558,.T.);
#11558 = EDGE_CURVE('',#11551,#11559,#11561,.T.);
#11559 = VERTEX_POINT('',#11560);
#11560 = CARTESIAN_POINT('',(1.1,1.2,0.25));
#11561 = CIRCLE('',#11562,0.1);
#11562 = AXIS2_PLACEMENT_3D('',#11563,#11564,#11565);
#11563 = CARTESIAN_POINT('',(1.2,1.2,0.25));
#11564 = DIRECTION('',(-2.22044604925E-16,1.,0.));
#11565 = DIRECTION('',(0.,0.,-1.));
#11566 = ORIENTED_EDGE('',*,*,#11567,.T.);
#11567 = EDGE_CURVE('',#11559,#11568,#11570,.T.);
#11568 = VERTEX_POINT('',#11569);
#11569 = CARTESIAN_POINT('',(1.1,1.2,0.65));
#11570 = LINE('',#11571,#11572);
#11571 = CARTESIAN_POINT('',(1.1,1.2,0.25));
#11572 = VECTOR('',#11573,1.);
#11573 = DIRECTION('',(0.,0.,1.));
#11574 = ORIENTED_EDGE('',*,*,#11575,.T.);
#11575 = EDGE_CURVE('',#11568,#11576,#11578,.T.);
#11576 = VERTEX_POINT('',#11577);
#11577 = CARTESIAN_POINT('',(0.85,1.2,0.9));
#11578 = CIRCLE('',#11579,0.25);
#11579 = AXIS2_PLACEMENT_3D('',#11580,#11581,#11582);
#11580 = CARTESIAN_POINT('',(0.85,1.2,0.65));
#11581 = DIRECTION('',(2.22044604925E-16,-1.,0.));
#11582 = DIRECTION('',(1.,2.22044604925E-16,1.33226762955E-15));
#11583 = ORIENTED_EDGE('',*,*,#11584,.T.);
#11584 = EDGE_CURVE('',#11576,#10991,#11585,.T.);
#11585 = LINE('',#11586,#11587);
#11586 = CARTESIAN_POINT('',(0.85,1.2,0.9));
#11587 = VECTOR('',#11588,1.);
#11588 = DIRECTION('',(-1.,-2.22044604925E-16,0.));
#11589 = PLANE('',#11590);
#11590 = AXIS2_PLACEMENT_3D('',#11591,#11592,#11593);
#11591 = CARTESIAN_POINT('',(1.05370428853,1.2,0.423089729504));
#11592 = DIRECTION('',(2.22044604925E-16,-1.,0.));
#11593 = DIRECTION('',(0.,0.,1.));
#11594 = ADVANCED_FACE('',(#11595),#11681,.T.);
#11595 = FACE_BOUND('',#11596,.T.);
#11596 = EDGE_LOOP('',(#11597,#11598,#11599,#11608,#11616,#11625,#11633,
    #11641,#11649,#11658,#11666,#11675));
#11597 = ORIENTED_EDGE('',*,*,#11012,.F.);
#11598 = ORIENTED_EDGE('',*,*,#11082,.T.);
#11599 = ORIENTED_EDGE('',*,*,#11600,.T.);
#11600 = EDGE_CURVE('',#11083,#11601,#11603,.T.);
#11601 = VERTEX_POINT('',#11602);
#11602 = CARTESIAN_POINT('',(0.95,-1.2,0.65));
#11603 = CIRCLE('',#11604,0.1);
#11604 = AXIS2_PLACEMENT_3D('',#11605,#11606,#11607);
#11605 = CARTESIAN_POINT('',(0.85,-1.2,0.65));
#11606 = DIRECTION('',(-2.22044604925E-16,1.,0.));
#11607 = DIRECTION('',(-1.110223024625E-15,-2.465190328815E-31,1.));
#11608 = ORIENTED_EDGE('',*,*,#11609,.T.);
#11609 = EDGE_CURVE('',#11601,#11610,#11612,.T.);
#11610 = VERTEX_POINT('',#11611);
#11611 = CARTESIAN_POINT('',(0.95,-1.2,0.25));
#11612 = LINE('',#11613,#11614);
#11613 = CARTESIAN_POINT('',(0.95,-1.2,0.65));
#11614 = VECTOR('',#11615,1.);
#11615 = DIRECTION('',(0.,0.,-1.));
#11616 = ORIENTED_EDGE('',*,*,#11617,.T.);
#11617 = EDGE_CURVE('',#11610,#11618,#11620,.T.);
#11618 = VERTEX_POINT('',#11619);
#11619 = CARTESIAN_POINT('',(1.2,-1.2,0.));
#11620 = CIRCLE('',#11621,0.25);
#11621 = AXIS2_PLACEMENT_3D('',#11622,#11623,#11624);
#11622 = CARTESIAN_POINT('',(1.2,-1.2,0.25));
#11623 = DIRECTION('',(2.22044604925E-16,-1.,0.));
#11624 = DIRECTION('',(-1.,-2.22044604925E-16,-4.440892098501E-16));
#11625 = ORIENTED_EDGE('',*,*,#11626,.T.);
#11626 = EDGE_CURVE('',#11618,#11627,#11629,.T.);
#11627 = VERTEX_POINT('',#11628);
#11628 = CARTESIAN_POINT('',(1.4,-1.2,0.));
#11629 = LINE('',#11630,#11631);
#11630 = CARTESIAN_POINT('',(1.2,-1.2,0.));
#11631 = VECTOR('',#11632,1.);
#11632 = DIRECTION('',(1.,2.22044604925E-16,0.));
#11633 = ORIENTED_EDGE('',*,*,#11634,.T.);
#11634 = EDGE_CURVE('',#11627,#11635,#11637,.T.);
#11635 = VERTEX_POINT('',#11636);
#11636 = CARTESIAN_POINT('',(1.4,-1.2,0.15));
#11637 = LINE('',#11638,#11639);
#11638 = CARTESIAN_POINT('',(1.4,-1.2,0.));
#11639 = VECTOR('',#11640,1.);
#11640 = DIRECTION('',(0.,0.,1.));
#11641 = ORIENTED_EDGE('',*,*,#11642,.T.);
#11642 = EDGE_CURVE('',#11635,#11643,#11645,.T.);
#11643 = VERTEX_POINT('',#11644);
#11644 = CARTESIAN_POINT('',(1.2,-1.2,0.15));
#11645 = LINE('',#11646,#11647);
#11646 = CARTESIAN_POINT('',(1.4,-1.2,0.15));
#11647 = VECTOR('',#11648,1.);
#11648 = DIRECTION('',(-1.,-2.22044604925E-16,0.));
#11649 = ORIENTED_EDGE('',*,*,#11650,.T.);
#11650 = EDGE_CURVE('',#11643,#11651,#11653,.T.);
#11651 = VERTEX_POINT('',#11652);
#11652 = CARTESIAN_POINT('',(1.1,-1.2,0.25));
#11653 = CIRCLE('',#11654,0.1);
#11654 = AXIS2_PLACEMENT_3D('',#11655,#11656,#11657);
#11655 = CARTESIAN_POINT('',(1.2,-1.2,0.25));
#11656 = DIRECTION('',(-2.22044604925E-16,1.,0.));
#11657 = DIRECTION('',(0.,0.,-1.));
#11658 = ORIENTED_EDGE('',*,*,#11659,.T.);
#11659 = EDGE_CURVE('',#11651,#11660,#11662,.T.);
#11660 = VERTEX_POINT('',#11661);
#11661 = CARTESIAN_POINT('',(1.1,-1.2,0.65));
#11662 = LINE('',#11663,#11664);
#11663 = CARTESIAN_POINT('',(1.1,-1.2,0.25));
#11664 = VECTOR('',#11665,1.);
#11665 = DIRECTION('',(0.,0.,1.));
#11666 = ORIENTED_EDGE('',*,*,#11667,.T.);
#11667 = EDGE_CURVE('',#11660,#11668,#11670,.T.);
#11668 = VERTEX_POINT('',#11669);
#11669 = CARTESIAN_POINT('',(0.85,-1.2,0.9));
#11670 = CIRCLE('',#11671,0.25);
#11671 = AXIS2_PLACEMENT_3D('',#11672,#11673,#11674);
#11672 = CARTESIAN_POINT('',(0.85,-1.2,0.65));
#11673 = DIRECTION('',(2.22044604925E-16,-1.,0.));
#11674 = DIRECTION('',(1.,2.22044604925E-16,1.33226762955E-15));
#11675 = ORIENTED_EDGE('',*,*,#11676,.T.);
#11676 = EDGE_CURVE('',#11668,#11013,#11677,.T.);
#11677 = LINE('',#11678,#11679);
#11678 = CARTESIAN_POINT('',(0.85,-1.2,0.9));
#11679 = VECTOR('',#11680,1.);
#11680 = DIRECTION('',(-1.,-2.22044604925E-16,0.));
#11681 = PLANE('',#11682);
#11682 = AXIS2_PLACEMENT_3D('',#11683,#11684,#11685);
#11683 = CARTESIAN_POINT('',(1.05370428853,-1.2,0.423089729504));
#11684 = DIRECTION('',(2.22044604925E-16,-1.,0.));
#11685 = DIRECTION('',(0.,0.,1.));
#11686 = ADVANCED_FACE('',(#11687),#11711,.F.);
#11687 = FACE_BOUND('',#11688,.F.);
#11688 = EDGE_LOOP('',(#11689,#11697,#11698,#11705));
#11689 = ORIENTED_EDGE('',*,*,#11690,.F.);
#11690 = EDGE_CURVE('',#11013,#11691,#11693,.T.);
#11691 = VERTEX_POINT('',#11692);
#11692 = CARTESIAN_POINT('',(0.775,-1.2,0.9));
#11693 = LINE('',#11694,#11695);
#11694 = CARTESIAN_POINT('',(0.85,-1.2,0.9));
#11695 = VECTOR('',#11696,1.);
#11696 = DIRECTION('',(-1.,-2.22044604925E-16,0.));
#11697 = ORIENTED_EDGE('',*,*,#11028,.T.);
#11698 = ORIENTED_EDGE('',*,*,#11699,.T.);
#11699 = EDGE_CURVE('',#11022,#11700,#11702,.T.);
#11700 = VERTEX_POINT('',#11701);
#11701 = CARTESIAN_POINT('',(0.775,-1.3425,0.9));
#11702 = B_SPLINE_CURVE_WITH_KNOTS('',1,(#11703,#11704),.UNSPECIFIED.,
  .F.,.F.,(2,2),(0.,1.),.PIECEWISE_BEZIER_KNOTS.);
#11703 = CARTESIAN_POINT('',(0.8,-1.355,0.9));
#11704 = CARTESIAN_POINT('',(0.775,-1.3425,0.9));
#11705 = ORIENTED_EDGE('',*,*,#11706,.F.);
#11706 = EDGE_CURVE('',#11691,#11700,#11707,.T.);
#11707 = LINE('',#11708,#11709);
#11708 = CARTESIAN_POINT('',(0.775,1.3425,0.9));
#11709 = VECTOR('',#11710,1.);
#11710 = DIRECTION('',(2.22044604925E-16,-1.,0.));
#11711 = B_SPLINE_SURFACE_WITH_KNOTS('',1,1,(
    (#11712,#11713)
    ,(#11714,#11715
    )),.UNSPECIFIED.,.F.,.F.,.F.,(2,2),(2,2),(0.,2.71),(0.,1.),
  .PIECEWISE_BEZIER_KNOTS.);
#11712 = CARTESIAN_POINT('',(0.8,1.355,0.9));
#11713 = CARTESIAN_POINT('',(0.775,1.3425,0.9));
#11714 = CARTESIAN_POINT('',(0.8,-1.355,0.9));
#11715 = CARTESIAN_POINT('',(0.775,-1.3425,0.9));
#11716 = ADVANCED_FACE('',(#11717),#11736,.F.);
#11717 = FACE_BOUND('',#11718,.F.);
#11718 = EDGE_LOOP('',(#11719,#11720,#11729,#11735));
#11719 = ORIENTED_EDGE('',*,*,#11059,.T.);
#11720 = ORIENTED_EDGE('',*,*,#11721,.T.);
#11721 = EDGE_CURVE('',#11052,#11722,#11724,.T.);
#11722 = VERTEX_POINT('',#11723);
#11723 = CARTESIAN_POINT('',(0.95,0.7,0.65));
#11724 = CIRCLE('',#11725,0.1);
#11725 = AXIS2_PLACEMENT_3D('',#11726,#11727,#11728);
#11726 = CARTESIAN_POINT('',(0.85,0.7,0.65));
#11727 = DIRECTION('',(-2.22044604925E-16,1.,0.));
#11728 = DIRECTION('',(-1.110223024625E-15,-2.465190328815E-31,1.));
#11729 = ORIENTED_EDGE('',*,*,#11730,.F.);
#11730 = EDGE_CURVE('',#11509,#11722,#11731,.T.);
#11731 = LINE('',#11732,#11733);
#11732 = CARTESIAN_POINT('',(0.95,1.2,0.65));
#11733 = VECTOR('',#11734,1.);
#11734 = DIRECTION('',(2.22044604925E-16,-1.,0.));
#11735 = ORIENTED_EDGE('',*,*,#11508,.F.);
#11736 = CYLINDRICAL_SURFACE('',#11737,0.1);
#11737 = AXIS2_PLACEMENT_3D('',#11738,#11739,#11740);
#11738 = CARTESIAN_POINT('',(0.85,1.2,0.65));
#11739 = DIRECTION('',(-2.22044604925E-16,1.,0.));
#11740 = DIRECTION('',(-1.110223024625E-15,-2.465190328815E-31,1.));
#11741 = ADVANCED_FACE('',(#11742),#11820,.T.);
#11742 = FACE_BOUND('',#11743,.T.);
#11743 = EDGE_LOOP('',(#11744,#11745,#11746,#11747,#11755,#11764,#11772,
    #11780,#11788,#11797,#11805,#11814));
#11744 = ORIENTED_EDGE('',*,*,#11104,.F.);
#11745 = ORIENTED_EDGE('',*,*,#11051,.T.);
#11746 = ORIENTED_EDGE('',*,*,#11721,.T.);
#11747 = ORIENTED_EDGE('',*,*,#11748,.T.);
#11748 = EDGE_CURVE('',#11722,#11749,#11751,.T.);
#11749 = VERTEX_POINT('',#11750);
#11750 = CARTESIAN_POINT('',(0.95,0.7,0.25));
#11751 = LINE('',#11752,#11753);
#11752 = CARTESIAN_POINT('',(0.95,0.7,0.65));
#11753 = VECTOR('',#11754,1.);
#11754 = DIRECTION('',(0.,0.,-1.));
#11755 = ORIENTED_EDGE('',*,*,#11756,.T.);
#11756 = EDGE_CURVE('',#11749,#11757,#11759,.T.);
#11757 = VERTEX_POINT('',#11758);
#11758 = CARTESIAN_POINT('',(1.2,0.7,0.));
#11759 = CIRCLE('',#11760,0.25);
#11760 = AXIS2_PLACEMENT_3D('',#11761,#11762,#11763);
#11761 = CARTESIAN_POINT('',(1.2,0.7,0.25));
#11762 = DIRECTION('',(2.22044604925E-16,-1.,0.));
#11763 = DIRECTION('',(-1.,-2.22044604925E-16,-4.440892098501E-16));
#11764 = ORIENTED_EDGE('',*,*,#11765,.T.);
#11765 = EDGE_CURVE('',#11757,#11766,#11768,.T.);
#11766 = VERTEX_POINT('',#11767);
#11767 = CARTESIAN_POINT('',(1.4,0.7,0.));
#11768 = LINE('',#11769,#11770);
#11769 = CARTESIAN_POINT('',(1.2,0.7,0.));
#11770 = VECTOR('',#11771,1.);
#11771 = DIRECTION('',(1.,2.22044604925E-16,0.));
#11772 = ORIENTED_EDGE('',*,*,#11773,.T.);
#11773 = EDGE_CURVE('',#11766,#11774,#11776,.T.);
#11774 = VERTEX_POINT('',#11775);
#11775 = CARTESIAN_POINT('',(1.4,0.7,0.15));
#11776 = LINE('',#11777,#11778);
#11777 = CARTESIAN_POINT('',(1.4,0.7,0.));
#11778 = VECTOR('',#11779,1.);
#11779 = DIRECTION('',(0.,0.,1.));
#11780 = ORIENTED_EDGE('',*,*,#11781,.T.);
#11781 = EDGE_CURVE('',#11774,#11782,#11784,.T.);
#11782 = VERTEX_POINT('',#11783);
#11783 = CARTESIAN_POINT('',(1.2,0.7,0.15));
#11784 = LINE('',#11785,#11786);
#11785 = CARTESIAN_POINT('',(1.4,0.7,0.15));
#11786 = VECTOR('',#11787,1.);
#11787 = DIRECTION('',(-1.,-2.22044604925E-16,0.));
#11788 = ORIENTED_EDGE('',*,*,#11789,.T.);
#11789 = EDGE_CURVE('',#11782,#11790,#11792,.T.);
#11790 = VERTEX_POINT('',#11791);
#11791 = CARTESIAN_POINT('',(1.1,0.7,0.25));
#11792 = CIRCLE('',#11793,0.1);
#11793 = AXIS2_PLACEMENT_3D('',#11794,#11795,#11796);
#11794 = CARTESIAN_POINT('',(1.2,0.7,0.25));
#11795 = DIRECTION('',(-2.22044604925E-16,1.,0.));
#11796 = DIRECTION('',(0.,0.,-1.));
#11797 = ORIENTED_EDGE('',*,*,#11798,.T.);
#11798 = EDGE_CURVE('',#11790,#11799,#11801,.T.);
#11799 = VERTEX_POINT('',#11800);
#11800 = CARTESIAN_POINT('',(1.1,0.7,0.65));
#11801 = LINE('',#11802,#11803);
#11802 = CARTESIAN_POINT('',(1.1,0.7,0.25));
#11803 = VECTOR('',#11804,1.);
#11804 = DIRECTION('',(0.,0.,1.));
#11805 = ORIENTED_EDGE('',*,*,#11806,.T.);
#11806 = EDGE_CURVE('',#11799,#11807,#11809,.T.);
#11807 = VERTEX_POINT('',#11808);
#11808 = CARTESIAN_POINT('',(0.85,0.7,0.9));
#11809 = CIRCLE('',#11810,0.25);
#11810 = AXIS2_PLACEMENT_3D('',#11811,#11812,#11813);
#11811 = CARTESIAN_POINT('',(0.85,0.7,0.65));
#11812 = DIRECTION('',(2.22044604925E-16,-1.,0.));
#11813 = DIRECTION('',(1.,2.22044604925E-16,1.33226762955E-15));
#11814 = ORIENTED_EDGE('',*,*,#11815,.T.);
#11815 = EDGE_CURVE('',#11807,#11105,#11816,.T.);
#11816 = LINE('',#11817,#11818);
#11817 = CARTESIAN_POINT('',(0.85,0.7,0.9));
#11818 = VECTOR('',#11819,1.);
#11819 = DIRECTION('',(-1.,-2.22044604925E-16,0.));
#11820 = PLANE('',#11821);
#11821 = AXIS2_PLACEMENT_3D('',#11822,#11823,#11824);
#11822 = CARTESIAN_POINT('',(1.05370428853,0.7,0.423089729504));
#11823 = DIRECTION('',(2.22044604925E-16,-1.,0.));
#11824 = DIRECTION('',(0.,0.,1.));
#11825 = ADVANCED_FACE('',(#11826),#11912,.F.);
#11826 = FACE_BOUND('',#11827,.F.);
#11827 = EDGE_LOOP('',(#11828,#11829,#11830,#11839,#11847,#11856,#11864,
    #11872,#11880,#11889,#11897,#11906));
#11828 = ORIENTED_EDGE('',*,*,#11113,.F.);
#11829 = ORIENTED_EDGE('',*,*,#11073,.T.);
#11830 = ORIENTED_EDGE('',*,*,#11831,.T.);
#11831 = EDGE_CURVE('',#11074,#11832,#11834,.T.);
#11832 = VERTEX_POINT('',#11833);
#11833 = CARTESIAN_POINT('',(0.95,-0.7,0.65));
#11834 = CIRCLE('',#11835,0.1);
#11835 = AXIS2_PLACEMENT_3D('',#11836,#11837,#11838);
#11836 = CARTESIAN_POINT('',(0.85,-0.7,0.65));
#11837 = DIRECTION('',(-2.22044604925E-16,1.,0.));
#11838 = DIRECTION('',(-1.110223024625E-15,-2.465190328815E-31,1.));
#11839 = ORIENTED_EDGE('',*,*,#11840,.T.);
#11840 = EDGE_CURVE('',#11832,#11841,#11843,.T.);
#11841 = VERTEX_POINT('',#11842);
#11842 = CARTESIAN_POINT('',(0.95,-0.7,0.25));
#11843 = LINE('',#11844,#11845);
#11844 = CARTESIAN_POINT('',(0.95,-0.7,0.65));
#11845 = VECTOR('',#11846,1.);
#11846 = DIRECTION('',(0.,0.,-1.));
#11847 = ORIENTED_EDGE('',*,*,#11848,.T.);
#11848 = EDGE_CURVE('',#11841,#11849,#11851,.T.);
#11849 = VERTEX_POINT('',#11850);
#11850 = CARTESIAN_POINT('',(1.2,-0.7,0.));
#11851 = CIRCLE('',#11852,0.25);
#11852 = AXIS2_PLACEMENT_3D('',#11853,#11854,#11855);
#11853 = CARTESIAN_POINT('',(1.2,-0.7,0.25));
#11854 = DIRECTION('',(2.22044604925E-16,-1.,0.));
#11855 = DIRECTION('',(-1.,-2.22044604925E-16,-4.440892098501E-16));
#11856 = ORIENTED_EDGE('',*,*,#11857,.T.);
#11857 = EDGE_CURVE('',#11849,#11858,#11860,.T.);
#11858 = VERTEX_POINT('',#11859);
#11859 = CARTESIAN_POINT('',(1.4,-0.7,0.));
#11860 = LINE('',#11861,#11862);
#11861 = CARTESIAN_POINT('',(1.2,-0.7,0.));
#11862 = VECTOR('',#11863,1.);
#11863 = DIRECTION('',(1.,2.22044604925E-16,0.));
#11864 = ORIENTED_EDGE('',*,*,#11865,.T.);
#11865 = EDGE_CURVE('',#11858,#11866,#11868,.T.);
#11866 = VERTEX_POINT('',#11867);
#11867 = CARTESIAN_POINT('',(1.4,-0.7,0.15));
#11868 = LINE('',#11869,#11870);
#11869 = CARTESIAN_POINT('',(1.4,-0.7,0.));
#11870 = VECTOR('',#11871,1.);
#11871 = DIRECTION('',(0.,0.,1.));
#11872 = ORIENTED_EDGE('',*,*,#11873,.T.);
#11873 = EDGE_CURVE('',#11866,#11874,#11876,.T.);
#11874 = VERTEX_POINT('',#11875);
#11875 = CARTESIAN_POINT('',(1.2,-0.7,0.15));
#11876 = LINE('',#11877,#11878);
#11877 = CARTESIAN_POINT('',(1.4,-0.7,0.15));
#11878 = VECTOR('',#11879,1.);
#11879 = DIRECTION('',(-1.,-2.22044604925E-16,0.));
#11880 = ORIENTED_EDGE('',*,*,#11881,.T.);
#11881 = EDGE_CURVE('',#11874,#11882,#11884,.T.);
#11882 = VERTEX_POINT('',#11883);
#11883 = CARTESIAN_POINT('',(1.1,-0.7,0.25));
#11884 = CIRCLE('',#11885,0.1);
#11885 = AXIS2_PLACEMENT_3D('',#11886,#11887,#11888);
#11886 = CARTESIAN_POINT('',(1.2,-0.7,0.25));
#11887 = DIRECTION('',(-2.22044604925E-16,1.,0.));
#11888 = DIRECTION('',(0.,0.,-1.));
#11889 = ORIENTED_EDGE('',*,*,#11890,.T.);
#11890 = EDGE_CURVE('',#11882,#11891,#11893,.T.);
#11891 = VERTEX_POINT('',#11892);
#11892 = CARTESIAN_POINT('',(1.1,-0.7,0.65));
#11893 = LINE('',#11894,#11895);
#11894 = CARTESIAN_POINT('',(1.1,-0.7,0.25));
#11895 = VECTOR('',#11896,1.);
#11896 = DIRECTION('',(0.,0.,1.));
#11897 = ORIENTED_EDGE('',*,*,#11898,.T.);
#11898 = EDGE_CURVE('',#11891,#11899,#11901,.T.);
#11899 = VERTEX_POINT('',#11900);
#11900 = CARTESIAN_POINT('',(0.85,-0.7,0.9));
#11901 = CIRCLE('',#11902,0.25);
#11902 = AXIS2_PLACEMENT_3D('',#11903,#11904,#11905);
#11903 = CARTESIAN_POINT('',(0.85,-0.7,0.65));
#11904 = DIRECTION('',(2.22044604925E-16,-1.,0.));
#11905 = DIRECTION('',(1.,2.22044604925E-16,1.33226762955E-15));
#11906 = ORIENTED_EDGE('',*,*,#11907,.T.);
#11907 = EDGE_CURVE('',#11899,#11114,#11908,.T.);
#11908 = LINE('',#11909,#11910);
#11909 = CARTESIAN_POINT('',(0.85,-0.7,0.9));
#11910 = VECTOR('',#11911,1.);
#11911 = DIRECTION('',(-1.,-2.22044604925E-16,0.));
#11912 = PLANE('',#11913);
#11913 = AXIS2_PLACEMENT_3D('',#11914,#11915,#11916);
#11914 = CARTESIAN_POINT('',(1.05370428853,-0.7,0.423089729504));
#11915 = DIRECTION('',(2.22044604925E-16,-1.,0.));
#11916 = DIRECTION('',(0.,0.,1.));
#11917 = ADVANCED_FACE('',(#11918),#11929,.F.);
#11918 = FACE_BOUND('',#11919,.F.);
#11919 = EDGE_LOOP('',(#11920,#11921,#11922,#11928));
#11920 = ORIENTED_EDGE('',*,*,#11090,.T.);
#11921 = ORIENTED_EDGE('',*,*,#11600,.T.);
#11922 = ORIENTED_EDGE('',*,*,#11923,.F.);
#11923 = EDGE_CURVE('',#11832,#11601,#11924,.T.);
#11924 = LINE('',#11925,#11926);
#11925 = CARTESIAN_POINT('',(0.95,-0.7,0.65));
#11926 = VECTOR('',#11927,1.);
#11927 = DIRECTION('',(2.22044604925E-16,-1.,0.));
#11928 = ORIENTED_EDGE('',*,*,#11831,.F.);
#11929 = CYLINDRICAL_SURFACE('',#11930,0.1);
#11930 = AXIS2_PLACEMENT_3D('',#11931,#11932,#11933);
#11931 = CARTESIAN_POINT('',(0.85,-0.7,0.65));
#11932 = DIRECTION('',(-2.22044604925E-16,1.,0.));
#11933 = DIRECTION('',(-1.110223024625E-15,-2.465190328815E-31,1.));
#11934 = ADVANCED_FACE('',(#11935),#11960,.F.);
#11935 = FACE_BOUND('',#11936,.F.);
#11936 = EDGE_LOOP('',(#11937,#11945,#11946,#11954));
#11937 = ORIENTED_EDGE('',*,*,#11938,.F.);
#11938 = EDGE_CURVE('',#11105,#11939,#11941,.T.);
#11939 = VERTEX_POINT('',#11940);
#11940 = CARTESIAN_POINT('',(0.775,0.7,0.9));
#11941 = LINE('',#11942,#11943);
#11942 = CARTESIAN_POINT('',(0.85,0.7,0.9));
#11943 = VECTOR('',#11944,1.);
#11944 = DIRECTION('',(-1.,-2.22044604925E-16,0.));
#11945 = ORIENTED_EDGE('',*,*,#11121,.T.);
#11946 = ORIENTED_EDGE('',*,*,#11947,.T.);
#11947 = EDGE_CURVE('',#11114,#11948,#11950,.T.);
#11948 = VERTEX_POINT('',#11949);
#11949 = CARTESIAN_POINT('',(0.775,-0.7,0.9));
#11950 = LINE('',#11951,#11952);
#11951 = CARTESIAN_POINT('',(0.85,-0.7,0.9));
#11952 = VECTOR('',#11953,1.);
#11953 = DIRECTION('',(-1.,-2.22044604925E-16,0.));
#11954 = ORIENTED_EDGE('',*,*,#11955,.F.);
#11955 = EDGE_CURVE('',#11939,#11948,#11956,.T.);
#11956 = LINE('',#11957,#11958);
#11957 = CARTESIAN_POINT('',(0.775,1.3425,0.9));
#11958 = VECTOR('',#11959,1.);
#11959 = DIRECTION('',(2.22044604925E-16,-1.,0.));
#11960 = B_SPLINE_SURFACE_WITH_KNOTS('',1,1,(
    (#11961,#11962)
    ,(#11963,#11964
    )),.UNSPECIFIED.,.F.,.F.,.F.,(2,2),(2,2),(0.,2.71),(0.,1.),
  .PIECEWISE_BEZIER_KNOTS.);
#11961 = CARTESIAN_POINT('',(0.8,1.355,0.9));
#11962 = CARTESIAN_POINT('',(0.775,1.3425,0.9));
#11963 = CARTESIAN_POINT('',(0.8,-1.355,0.9));
#11964 = CARTESIAN_POINT('',(0.775,-1.3425,0.9));
#11965 = ADVANCED_FACE('',(#11966),#11983,.F.);
#11966 = FACE_BOUND('',#11967,.F.);
#11967 = EDGE_LOOP('',(#11968,#11969,#11976,#11982));
#11968 = ORIENTED_EDGE('',*,*,#11143,.T.);
#11969 = ORIENTED_EDGE('',*,*,#11970,.T.);
#11970 = EDGE_CURVE('',#11137,#11971,#11973,.T.);
#11971 = VERTEX_POINT('',#11972);
#11972 = CARTESIAN_POINT('',(0.6925,-1.425,0.9));
#11973 = B_SPLINE_CURVE_WITH_KNOTS('',1,(#11974,#11975),.UNSPECIFIED.,
  .F.,.F.,(2,2),(0.,1.),.PIECEWISE_BEZIER_KNOTS.);
#11974 = CARTESIAN_POINT('',(0.705,-1.45,0.9));
#11975 = CARTESIAN_POINT('',(0.6925,-1.425,0.9));
#11976 = ORIENTED_EDGE('',*,*,#11977,.F.);
#11977 = EDGE_CURVE('',#11700,#11971,#11978,.T.);
#11978 = LINE('',#11979,#11980);
#11979 = CARTESIAN_POINT('',(0.775,-1.3425,0.9));
#11980 = VECTOR('',#11981,1.);
#11981 = DIRECTION('',(-0.707106781187,-0.707106781187,0.));
#11982 = ORIENTED_EDGE('',*,*,#11699,.F.);
#11983 = B_SPLINE_SURFACE_WITH_KNOTS('',1,1,(
    (#11984,#11985)
    ,(#11986,#11987
    )),.UNSPECIFIED.,.F.,.F.,.F.,(2,2),(2,2),(0.,0.134350288425),(0.,1.)
  ,.PIECEWISE_BEZIER_KNOTS.);
#11984 = CARTESIAN_POINT('',(0.8,-1.355,0.9));
#11985 = CARTESIAN_POINT('',(0.775,-1.3425,0.9));
#11986 = CARTESIAN_POINT('',(0.705,-1.45,0.9));
#11987 = CARTESIAN_POINT('',(0.6925,-1.425,0.9));
#11988 = ADVANCED_FACE('',(#11989),#12006,.F.);
#11989 = FACE_BOUND('',#11990,.F.);
#11990 = EDGE_LOOP('',(#11991,#11992,#11999,#12005));
#11991 = ORIENTED_EDGE('',*,*,#11166,.T.);
#11992 = ORIENTED_EDGE('',*,*,#11993,.T.);
#11993 = EDGE_CURVE('',#11160,#11994,#11996,.T.);
#11994 = VERTEX_POINT('',#11995);
#11995 = CARTESIAN_POINT('',(-0.6925,-1.425,0.9));
#11996 = B_SPLINE_CURVE_WITH_KNOTS('',1,(#11997,#11998),.UNSPECIFIED.,
  .F.,.F.,(2,2),(0.,1.),.PIECEWISE_BEZIER_KNOTS.);
#11997 = CARTESIAN_POINT('',(-0.705,-1.45,0.9));
#11998 = CARTESIAN_POINT('',(-0.6925,-1.425,0.9));
#11999 = ORIENTED_EDGE('',*,*,#12000,.F.);
#12000 = EDGE_CURVE('',#11971,#11994,#12001,.T.);
#12001 = LINE('',#12002,#12003);
#12002 = CARTESIAN_POINT('',(0.6925,-1.425,0.9));
#12003 = VECTOR('',#12004,1.);
#12004 = DIRECTION('',(-1.,-2.22044604925E-16,0.));
#12005 = ORIENTED_EDGE('',*,*,#11970,.F.);
#12006 = B_SPLINE_SURFACE_WITH_KNOTS('',1,1,(
    (#12007,#12008)
    ,(#12009,#12010
    )),.UNSPECIFIED.,.F.,.F.,.F.,(2,2),(2,2),(0.,1.41),(0.,1.),
  .PIECEWISE_BEZIER_KNOTS.);
#12007 = CARTESIAN_POINT('',(0.705,-1.45,0.9));
#12008 = CARTESIAN_POINT('',(0.6925,-1.425,0.9));
#12009 = CARTESIAN_POINT('',(-0.705,-1.45,0.9));
#12010 = CARTESIAN_POINT('',(-0.6925,-1.425,0.9));
#12011 = ADVANCED_FACE('',(#12012),#12029,.F.);
#12012 = FACE_BOUND('',#12013,.F.);
#12013 = EDGE_LOOP('',(#12014,#12015,#12022,#12028));
#12014 = ORIENTED_EDGE('',*,*,#11189,.T.);
#12015 = ORIENTED_EDGE('',*,*,#12016,.T.);
#12016 = EDGE_CURVE('',#11183,#12017,#12019,.T.);
#12017 = VERTEX_POINT('',#12018);
#12018 = CARTESIAN_POINT('',(-0.775,-1.3425,0.9));
#12019 = B_SPLINE_CURVE_WITH_KNOTS('',1,(#12020,#12021),.UNSPECIFIED.,
  .F.,.F.,(2,2),(0.,1.),.PIECEWISE_BEZIER_KNOTS.);
#12020 = CARTESIAN_POINT('',(-0.8,-1.355,0.9));
#12021 = CARTESIAN_POINT('',(-0.775,-1.3425,0.9));
#12022 = ORIENTED_EDGE('',*,*,#12023,.F.);
#12023 = EDGE_CURVE('',#11994,#12017,#12024,.T.);
#12024 = LINE('',#12025,#12026);
#12025 = CARTESIAN_POINT('',(-0.6925,-1.425,0.9));
#12026 = VECTOR('',#12027,1.);
#12027 = DIRECTION('',(-0.707106781187,0.707106781187,0.));
#12028 = ORIENTED_EDGE('',*,*,#11993,.F.);
#12029 = B_SPLINE_SURFACE_WITH_KNOTS('',1,1,(
    (#12030,#12031)
    ,(#12032,#12033
    )),.UNSPECIFIED.,.F.,.F.,.F.,(2,2),(2,2),(0.,0.134350288425),(0.,1.)
  ,.PIECEWISE_BEZIER_KNOTS.);
#12030 = CARTESIAN_POINT('',(-0.705,-1.45,0.9));
#12031 = CARTESIAN_POINT('',(-0.6925,-1.425,0.9));
#12032 = CARTESIAN_POINT('',(-0.8,-1.355,0.9));
#12033 = CARTESIAN_POINT('',(-0.775,-1.3425,0.9));
#12034 = ADVANCED_FACE('',(#12035),#12053,.F.);
#12035 = FACE_BOUND('',#12036,.F.);
#12036 = EDGE_LOOP('',(#12037,#12038,#12039,#12047));
#12037 = ORIENTED_EDGE('',*,*,#12016,.F.);
#12038 = ORIENTED_EDGE('',*,*,#11214,.T.);
#12039 = ORIENTED_EDGE('',*,*,#12040,.T.);
#12040 = EDGE_CURVE('',#11207,#12041,#12043,.T.);
#12041 = VERTEX_POINT('',#12042);
#12042 = CARTESIAN_POINT('',(-0.775,-1.2,0.9));
#12043 = LINE('',#12044,#12045);
#12044 = CARTESIAN_POINT('',(-0.85,-1.2,0.9));
#12045 = VECTOR('',#12046,1.);
#12046 = DIRECTION('',(1.,9.95799250103E-17,0.));
#12047 = ORIENTED_EDGE('',*,*,#12048,.F.);
#12048 = EDGE_CURVE('',#12017,#12041,#12049,.T.);
#12049 = LINE('',#12050,#12051);
#12050 = CARTESIAN_POINT('',(-0.775,-1.3425,0.9));
#12051 = VECTOR('',#12052,1.);
#12052 = DIRECTION('',(-2.22044604925E-16,1.,0.));
#12053 = B_SPLINE_SURFACE_WITH_KNOTS('',1,1,(
    (#12054,#12055)
    ,(#12056,#12057
    )),.UNSPECIFIED.,.F.,.F.,.F.,(2,2),(2,2),(0.,2.71),(0.,1.),
  .PIECEWISE_BEZIER_KNOTS.);
#12054 = CARTESIAN_POINT('',(-0.8,-1.355,0.9));
#12055 = CARTESIAN_POINT('',(-0.775,-1.3425,0.9));
#12056 = CARTESIAN_POINT('',(-0.8,1.355,0.9));
#12057 = CARTESIAN_POINT('',(-0.775,1.3425,0.9));
#12058 = ADVANCED_FACE('',(#12059),#12145,.F.);
#12059 = FACE_BOUND('',#12060,.F.);
#12060 = EDGE_LOOP('',(#12061,#12062,#12063,#12072,#12080,#12089,#12097,
    #12105,#12113,#12122,#12130,#12139));
#12061 = ORIENTED_EDGE('',*,*,#11206,.F.);
#12062 = ORIENTED_EDGE('',*,*,#11252,.T.);
#12063 = ORIENTED_EDGE('',*,*,#12064,.T.);
#12064 = EDGE_CURVE('',#11253,#12065,#12067,.T.);
#12065 = VERTEX_POINT('',#12066);
#12066 = CARTESIAN_POINT('',(-0.95,-1.2,0.65));
#12067 = CIRCLE('',#12068,0.1);
#12068 = AXIS2_PLACEMENT_3D('',#12069,#12070,#12071);
#12069 = CARTESIAN_POINT('',(-0.85,-1.2,0.65));
#12070 = DIRECTION('',(9.95799250103E-17,-1.,0.));
#12071 = DIRECTION('',(1.110223024625E-15,1.105559255369E-31,1.));
#12072 = ORIENTED_EDGE('',*,*,#12073,.T.);
#12073 = EDGE_CURVE('',#12065,#12074,#12076,.T.);
#12074 = VERTEX_POINT('',#12075);
#12075 = CARTESIAN_POINT('',(-0.95,-1.2,0.25));
#12076 = LINE('',#12077,#12078);
#12077 = CARTESIAN_POINT('',(-0.95,-1.2,0.65));
#12078 = VECTOR('',#12079,1.);
#12079 = DIRECTION('',(-0.,0.,-1.));
#12080 = ORIENTED_EDGE('',*,*,#12081,.T.);
#12081 = EDGE_CURVE('',#12074,#12082,#12084,.T.);
#12082 = VERTEX_POINT('',#12083);
#12083 = CARTESIAN_POINT('',(-1.2,-1.2,0.));
#12084 = CIRCLE('',#12085,0.25);
#12085 = AXIS2_PLACEMENT_3D('',#12086,#12087,#12088);
#12086 = CARTESIAN_POINT('',(-1.2,-1.2,0.25));
#12087 = DIRECTION('',(-9.95799250103E-17,1.,0.));
#12088 = DIRECTION('',(1.,9.95799250103E-17,-4.440892098501E-16));
#12089 = ORIENTED_EDGE('',*,*,#12090,.T.);
#12090 = EDGE_CURVE('',#12082,#12091,#12093,.T.);
#12091 = VERTEX_POINT('',#12092);
#12092 = CARTESIAN_POINT('',(-1.4,-1.2,0.));
#12093 = LINE('',#12094,#12095);
#12094 = CARTESIAN_POINT('',(-1.2,-1.2,0.));
#12095 = VECTOR('',#12096,1.);
#12096 = DIRECTION('',(-1.,-9.95799250103E-17,0.));
#12097 = ORIENTED_EDGE('',*,*,#12098,.T.);
#12098 = EDGE_CURVE('',#12091,#12099,#12101,.T.);
#12099 = VERTEX_POINT('',#12100);
#12100 = CARTESIAN_POINT('',(-1.4,-1.2,0.15));
#12101 = LINE('',#12102,#12103);
#12102 = CARTESIAN_POINT('',(-1.4,-1.2,0.));
#12103 = VECTOR('',#12104,1.);
#12104 = DIRECTION('',(0.,0.,1.));
#12105 = ORIENTED_EDGE('',*,*,#12106,.T.);
#12106 = EDGE_CURVE('',#12099,#12107,#12109,.T.);
#12107 = VERTEX_POINT('',#12108);
#12108 = CARTESIAN_POINT('',(-1.2,-1.2,0.15));
#12109 = LINE('',#12110,#12111);
#12110 = CARTESIAN_POINT('',(-1.4,-1.2,0.15));
#12111 = VECTOR('',#12112,1.);
#12112 = DIRECTION('',(1.,9.95799250103E-17,0.));
#12113 = ORIENTED_EDGE('',*,*,#12114,.T.);
#12114 = EDGE_CURVE('',#12107,#12115,#12117,.T.);
#12115 = VERTEX_POINT('',#12116);
#12116 = CARTESIAN_POINT('',(-1.1,-1.2,0.25));
#12117 = CIRCLE('',#12118,0.1);
#12118 = AXIS2_PLACEMENT_3D('',#12119,#12120,#12121);
#12119 = CARTESIAN_POINT('',(-1.2,-1.2,0.25));
#12120 = DIRECTION('',(9.95799250103E-17,-1.,-0.));
#12121 = DIRECTION('',(-0.,0.,-1.));
#12122 = ORIENTED_EDGE('',*,*,#12123,.T.);
#12123 = EDGE_CURVE('',#12115,#12124,#12126,.T.);
#12124 = VERTEX_POINT('',#12125);
#12125 = CARTESIAN_POINT('',(-1.1,-1.2,0.65));
#12126 = LINE('',#12127,#12128);
#12127 = CARTESIAN_POINT('',(-1.1,-1.2,0.25));
#12128 = VECTOR('',#12129,1.);
#12129 = DIRECTION('',(0.,0.,1.));
#12130 = ORIENTED_EDGE('',*,*,#12131,.T.);
#12131 = EDGE_CURVE('',#12124,#12132,#12134,.T.);
#12132 = VERTEX_POINT('',#12133);
#12133 = CARTESIAN_POINT('',(-0.85,-1.2,0.9));
#12134 = CIRCLE('',#12135,0.25);
#12135 = AXIS2_PLACEMENT_3D('',#12136,#12137,#12138);
#12136 = CARTESIAN_POINT('',(-0.85,-1.2,0.65));
#12137 = DIRECTION('',(-9.95799250103E-17,1.,0.));
#12138 = DIRECTION('',(-1.,-9.95799250103E-17,1.33226762955E-15));
#12139 = ORIENTED_EDGE('',*,*,#12140,.T.);
#12140 = EDGE_CURVE('',#12132,#11207,#12141,.T.);
#12141 = LINE('',#12142,#12143);
#12142 = CARTESIAN_POINT('',(-0.85,-1.2,0.9));
#12143 = VECTOR('',#12144,1.);
#12144 = DIRECTION('',(1.,9.95799250103E-17,0.));
#12145 = PLANE('',#12146);
#12146 = AXIS2_PLACEMENT_3D('',#12147,#12148,#12149);
#12147 = CARTESIAN_POINT('',(-1.05370428853,-1.2,0.423089729504));
#12148 = DIRECTION('',(-9.95799250103E-17,1.,0.));
#12149 = DIRECTION('',(0.,0.,1.));
#12150 = ADVANCED_FACE('',(#12151),#12237,.T.);
#12151 = FACE_BOUND('',#12152,.T.);
#12152 = EDGE_LOOP('',(#12153,#12154,#12155,#12164,#12172,#12181,#12189,
    #12197,#12205,#12214,#12222,#12231));
#12153 = ORIENTED_EDGE('',*,*,#11228,.F.);
#12154 = ORIENTED_EDGE('',*,*,#11292,.T.);
#12155 = ORIENTED_EDGE('',*,*,#12156,.T.);
#12156 = EDGE_CURVE('',#11293,#12157,#12159,.T.);
#12157 = VERTEX_POINT('',#12158);
#12158 = CARTESIAN_POINT('',(-0.95,1.2,0.65));
#12159 = CIRCLE('',#12160,0.1);
#12160 = AXIS2_PLACEMENT_3D('',#12161,#12162,#12163);
#12161 = CARTESIAN_POINT('',(-0.85,1.2,0.65));
#12162 = DIRECTION('',(9.95799250103E-17,-1.,0.));
#12163 = DIRECTION('',(1.110223024625E-15,1.105559255369E-31,1.));
#12164 = ORIENTED_EDGE('',*,*,#12165,.T.);
#12165 = EDGE_CURVE('',#12157,#12166,#12168,.T.);
#12166 = VERTEX_POINT('',#12167);
#12167 = CARTESIAN_POINT('',(-0.95,1.2,0.25));
#12168 = LINE('',#12169,#12170);
#12169 = CARTESIAN_POINT('',(-0.95,1.2,0.65));
#12170 = VECTOR('',#12171,1.);
#12171 = DIRECTION('',(-0.,0.,-1.));
#12172 = ORIENTED_EDGE('',*,*,#12173,.T.);
#12173 = EDGE_CURVE('',#12166,#12174,#12176,.T.);
#12174 = VERTEX_POINT('',#12175);
#12175 = CARTESIAN_POINT('',(-1.2,1.2,0.));
#12176 = CIRCLE('',#12177,0.25);
#12177 = AXIS2_PLACEMENT_3D('',#12178,#12179,#12180);
#12178 = CARTESIAN_POINT('',(-1.2,1.2,0.25));
#12179 = DIRECTION('',(-9.95799250103E-17,1.,0.));
#12180 = DIRECTION('',(1.,9.95799250103E-17,-4.440892098501E-16));
#12181 = ORIENTED_EDGE('',*,*,#12182,.T.);
#12182 = EDGE_CURVE('',#12174,#12183,#12185,.T.);
#12183 = VERTEX_POINT('',#12184);
#12184 = CARTESIAN_POINT('',(-1.4,1.2,0.));
#12185 = LINE('',#12186,#12187);
#12186 = CARTESIAN_POINT('',(-1.2,1.2,0.));
#12187 = VECTOR('',#12188,1.);
#12188 = DIRECTION('',(-1.,-9.95799250103E-17,0.));
#12189 = ORIENTED_EDGE('',*,*,#12190,.T.);
#12190 = EDGE_CURVE('',#12183,#12191,#12193,.T.);
#12191 = VERTEX_POINT('',#12192);
#12192 = CARTESIAN_POINT('',(-1.4,1.2,0.15));
#12193 = LINE('',#12194,#12195);
#12194 = CARTESIAN_POINT('',(-1.4,1.2,0.));
#12195 = VECTOR('',#12196,1.);
#12196 = DIRECTION('',(0.,0.,1.));
#12197 = ORIENTED_EDGE('',*,*,#12198,.T.);
#12198 = EDGE_CURVE('',#12191,#12199,#12201,.T.);
#12199 = VERTEX_POINT('',#12200);
#12200 = CARTESIAN_POINT('',(-1.2,1.2,0.15));
#12201 = LINE('',#12202,#12203);
#12202 = CARTESIAN_POINT('',(-1.4,1.2,0.15));
#12203 = VECTOR('',#12204,1.);
#12204 = DIRECTION('',(1.,9.95799250103E-17,0.));
#12205 = ORIENTED_EDGE('',*,*,#12206,.T.);
#12206 = EDGE_CURVE('',#12199,#12207,#12209,.T.);
#12207 = VERTEX_POINT('',#12208);
#12208 = CARTESIAN_POINT('',(-1.1,1.2,0.25));
#12209 = CIRCLE('',#12210,0.1);
#12210 = AXIS2_PLACEMENT_3D('',#12211,#12212,#12213);
#12211 = CARTESIAN_POINT('',(-1.2,1.2,0.25));
#12212 = DIRECTION('',(9.95799250103E-17,-1.,-0.));
#12213 = DIRECTION('',(-0.,0.,-1.));
#12214 = ORIENTED_EDGE('',*,*,#12215,.T.);
#12215 = EDGE_CURVE('',#12207,#12216,#12218,.T.);
#12216 = VERTEX_POINT('',#12217);
#12217 = CARTESIAN_POINT('',(-1.1,1.2,0.65));
#12218 = LINE('',#12219,#12220);
#12219 = CARTESIAN_POINT('',(-1.1,1.2,0.25));
#12220 = VECTOR('',#12221,1.);
#12221 = DIRECTION('',(0.,0.,1.));
#12222 = ORIENTED_EDGE('',*,*,#12223,.T.);
#12223 = EDGE_CURVE('',#12216,#12224,#12226,.T.);
#12224 = VERTEX_POINT('',#12225);
#12225 = CARTESIAN_POINT('',(-0.85,1.2,0.9));
#12226 = CIRCLE('',#12227,0.25);
#12227 = AXIS2_PLACEMENT_3D('',#12228,#12229,#12230);
#12228 = CARTESIAN_POINT('',(-0.85,1.2,0.65));
#12229 = DIRECTION('',(-9.95799250103E-17,1.,0.));
#12230 = DIRECTION('',(-1.,-9.95799250103E-17,1.33226762955E-15));
#12231 = ORIENTED_EDGE('',*,*,#12232,.T.);
#12232 = EDGE_CURVE('',#12224,#11229,#12233,.T.);
#12233 = LINE('',#12234,#12235);
#12234 = CARTESIAN_POINT('',(-0.85,1.2,0.9));
#12235 = VECTOR('',#12236,1.);
#12236 = DIRECTION('',(1.,9.95799250103E-17,0.));
#12237 = PLANE('',#12238);
#12238 = AXIS2_PLACEMENT_3D('',#12239,#12240,#12241);
#12239 = CARTESIAN_POINT('',(-1.05370428853,1.2,0.423089729504));
#12240 = DIRECTION('',(-9.95799250103E-17,1.,0.));
#12241 = DIRECTION('',(0.,0.,1.));
#12242 = ADVANCED_FACE('',(#12243),#12261,.F.);
#12243 = FACE_BOUND('',#12244,.F.);
#12244 = EDGE_LOOP('',(#12245,#12253,#12254,#12255));
#12245 = ORIENTED_EDGE('',*,*,#12246,.F.);
#12246 = EDGE_CURVE('',#11229,#12247,#12249,.T.);
#12247 = VERTEX_POINT('',#12248);
#12248 = CARTESIAN_POINT('',(-0.775,1.2,0.9));
#12249 = LINE('',#12250,#12251);
#12250 = CARTESIAN_POINT('',(-0.85,1.2,0.9));
#12251 = VECTOR('',#12252,1.);
#12252 = DIRECTION('',(1.,9.95799250103E-17,0.));
#12253 = ORIENTED_EDGE('',*,*,#11238,.T.);
#12254 = ORIENTED_EDGE('',*,*,#11469,.T.);
#12255 = ORIENTED_EDGE('',*,*,#12256,.F.);
#12256 = EDGE_CURVE('',#12247,#11462,#12257,.T.);
#12257 = LINE('',#12258,#12259);
#12258 = CARTESIAN_POINT('',(-0.775,-1.3425,0.9));
#12259 = VECTOR('',#12260,1.);
#12260 = DIRECTION('',(-2.22044604925E-16,1.,0.));
#12261 = B_SPLINE_SURFACE_WITH_KNOTS('',1,1,(
    (#12262,#12263)
    ,(#12264,#12265
    )),.UNSPECIFIED.,.F.,.F.,.F.,(2,2),(2,2),(0.,2.71),(0.,1.),
  .PIECEWISE_BEZIER_KNOTS.);
#12262 = CARTESIAN_POINT('',(-0.8,-1.355,0.9));
#12263 = CARTESIAN_POINT('',(-0.775,-1.3425,0.9));
#12264 = CARTESIAN_POINT('',(-0.8,1.355,0.9));
#12265 = CARTESIAN_POINT('',(-0.775,1.3425,0.9));
#12266 = ADVANCED_FACE('',(#12267),#12286,.F.);
#12267 = FACE_BOUND('',#12268,.F.);
#12268 = EDGE_LOOP('',(#12269,#12270,#12279,#12285));
#12269 = ORIENTED_EDGE('',*,*,#11269,.T.);
#12270 = ORIENTED_EDGE('',*,*,#12271,.T.);
#12271 = EDGE_CURVE('',#11262,#12272,#12274,.T.);
#12272 = VERTEX_POINT('',#12273);
#12273 = CARTESIAN_POINT('',(-0.95,-0.7,0.65));
#12274 = CIRCLE('',#12275,0.1);
#12275 = AXIS2_PLACEMENT_3D('',#12276,#12277,#12278);
#12276 = CARTESIAN_POINT('',(-0.85,-0.7,0.65));
#12277 = DIRECTION('',(9.95799250103E-17,-1.,0.));
#12278 = DIRECTION('',(1.110223024625E-15,1.105559255369E-31,1.));
#12279 = ORIENTED_EDGE('',*,*,#12280,.F.);
#12280 = EDGE_CURVE('',#12065,#12272,#12281,.T.);
#12281 = LINE('',#12282,#12283);
#12282 = CARTESIAN_POINT('',(-0.95,-1.2,0.65));
#12283 = VECTOR('',#12284,1.);
#12284 = DIRECTION('',(-9.95799250103E-17,1.,0.));
#12285 = ORIENTED_EDGE('',*,*,#12064,.F.);
#12286 = CYLINDRICAL_SURFACE('',#12287,0.1);
#12287 = AXIS2_PLACEMENT_3D('',#12288,#12289,#12290);
#12288 = CARTESIAN_POINT('',(-0.85,-1.2,0.65));
#12289 = DIRECTION('',(9.95799250103E-17,-1.,0.));
#12290 = DIRECTION('',(1.110223024625E-15,1.105559255369E-31,1.));
#12291 = ADVANCED_FACE('',(#12292),#12370,.T.);
#12292 = FACE_BOUND('',#12293,.T.);
#12293 = EDGE_LOOP('',(#12294,#12295,#12296,#12297,#12305,#12314,#12322,
    #12330,#12338,#12347,#12355,#12364));
#12294 = ORIENTED_EDGE('',*,*,#11314,.F.);
#12295 = ORIENTED_EDGE('',*,*,#11261,.T.);
#12296 = ORIENTED_EDGE('',*,*,#12271,.T.);
#12297 = ORIENTED_EDGE('',*,*,#12298,.T.);
#12298 = EDGE_CURVE('',#12272,#12299,#12301,.T.);
#12299 = VERTEX_POINT('',#12300);
#12300 = CARTESIAN_POINT('',(-0.95,-0.7,0.25));
#12301 = LINE('',#12302,#12303);
#12302 = CARTESIAN_POINT('',(-0.95,-0.7,0.65));
#12303 = VECTOR('',#12304,1.);
#12304 = DIRECTION('',(-0.,0.,-1.));
#12305 = ORIENTED_EDGE('',*,*,#12306,.T.);
#12306 = EDGE_CURVE('',#12299,#12307,#12309,.T.);
#12307 = VERTEX_POINT('',#12308);
#12308 = CARTESIAN_POINT('',(-1.2,-0.7,0.));
#12309 = CIRCLE('',#12310,0.25);
#12310 = AXIS2_PLACEMENT_3D('',#12311,#12312,#12313);
#12311 = CARTESIAN_POINT('',(-1.2,-0.7,0.25));
#12312 = DIRECTION('',(-9.95799250103E-17,1.,0.));
#12313 = DIRECTION('',(1.,9.95799250103E-17,-4.440892098501E-16));
#12314 = ORIENTED_EDGE('',*,*,#12315,.T.);
#12315 = EDGE_CURVE('',#12307,#12316,#12318,.T.);
#12316 = VERTEX_POINT('',#12317);
#12317 = CARTESIAN_POINT('',(-1.4,-0.7,0.));
#12318 = LINE('',#12319,#12320);
#12319 = CARTESIAN_POINT('',(-1.2,-0.7,0.));
#12320 = VECTOR('',#12321,1.);
#12321 = DIRECTION('',(-1.,-9.95799250103E-17,0.));
#12322 = ORIENTED_EDGE('',*,*,#12323,.T.);
#12323 = EDGE_CURVE('',#12316,#12324,#12326,.T.);
#12324 = VERTEX_POINT('',#12325);
#12325 = CARTESIAN_POINT('',(-1.4,-0.7,0.15));
#12326 = LINE('',#12327,#12328);
#12327 = CARTESIAN_POINT('',(-1.4,-0.7,0.));
#12328 = VECTOR('',#12329,1.);
#12329 = DIRECTION('',(0.,0.,1.));
#12330 = ORIENTED_EDGE('',*,*,#12331,.T.);
#12331 = EDGE_CURVE('',#12324,#12332,#12334,.T.);
#12332 = VERTEX_POINT('',#12333);
#12333 = CARTESIAN_POINT('',(-1.2,-0.7,0.15));
#12334 = LINE('',#12335,#12336);
#12335 = CARTESIAN_POINT('',(-1.4,-0.7,0.15));
#12336 = VECTOR('',#12337,1.);
#12337 = DIRECTION('',(1.,9.95799250103E-17,0.));
#12338 = ORIENTED_EDGE('',*,*,#12339,.T.);
#12339 = EDGE_CURVE('',#12332,#12340,#12342,.T.);
#12340 = VERTEX_POINT('',#12341);
#12341 = CARTESIAN_POINT('',(-1.1,-0.7,0.25));
#12342 = CIRCLE('',#12343,0.1);
#12343 = AXIS2_PLACEMENT_3D('',#12344,#12345,#12346);
#12344 = CARTESIAN_POINT('',(-1.2,-0.7,0.25));
#12345 = DIRECTION('',(9.95799250103E-17,-1.,-0.));
#12346 = DIRECTION('',(-0.,0.,-1.));
#12347 = ORIENTED_EDGE('',*,*,#12348,.T.);
#12348 = EDGE_CURVE('',#12340,#12349,#12351,.T.);
#12349 = VERTEX_POINT('',#12350);
#12350 = CARTESIAN_POINT('',(-1.1,-0.7,0.65));
#12351 = LINE('',#12352,#12353);
#12352 = CARTESIAN_POINT('',(-1.1,-0.7,0.25));
#12353 = VECTOR('',#12354,1.);
#12354 = DIRECTION('',(0.,0.,1.));
#12355 = ORIENTED_EDGE('',*,*,#12356,.T.);
#12356 = EDGE_CURVE('',#12349,#12357,#12359,.T.);
#12357 = VERTEX_POINT('',#12358);
#12358 = CARTESIAN_POINT('',(-0.85,-0.7,0.9));
#12359 = CIRCLE('',#12360,0.25);
#12360 = AXIS2_PLACEMENT_3D('',#12361,#12362,#12363);
#12361 = CARTESIAN_POINT('',(-0.85,-0.7,0.65));
#12362 = DIRECTION('',(-9.95799250103E-17,1.,0.));
#12363 = DIRECTION('',(-1.,-9.95799250103E-17,1.33226762955E-15));
#12364 = ORIENTED_EDGE('',*,*,#12365,.T.);
#12365 = EDGE_CURVE('',#12357,#11315,#12366,.T.);
#12366 = LINE('',#12367,#12368);
#12367 = CARTESIAN_POINT('',(-0.85,-0.7,0.9));
#12368 = VECTOR('',#12369,1.);
#12369 = DIRECTION('',(1.,9.95799250103E-17,0.));
#12370 = PLANE('',#12371);
#12371 = AXIS2_PLACEMENT_3D('',#12372,#12373,#12374);
#12372 = CARTESIAN_POINT('',(-1.05370428853,-0.7,0.423089729504));
#12373 = DIRECTION('',(-9.95799250103E-17,1.,0.));
#12374 = DIRECTION('',(0.,0.,1.));
#12375 = ADVANCED_FACE('',(#12376),#12462,.F.);
#12376 = FACE_BOUND('',#12377,.F.);
#12377 = EDGE_LOOP('',(#12378,#12379,#12380,#12389,#12397,#12406,#12414,
    #12422,#12430,#12439,#12447,#12456));
#12378 = ORIENTED_EDGE('',*,*,#11354,.F.);
#12379 = ORIENTED_EDGE('',*,*,#11283,.T.);
#12380 = ORIENTED_EDGE('',*,*,#12381,.T.);
#12381 = EDGE_CURVE('',#11284,#12382,#12384,.T.);
#12382 = VERTEX_POINT('',#12383);
#12383 = CARTESIAN_POINT('',(-0.95,0.7,0.65));
#12384 = CIRCLE('',#12385,0.1);
#12385 = AXIS2_PLACEMENT_3D('',#12386,#12387,#12388);
#12386 = CARTESIAN_POINT('',(-0.85,0.7,0.65));
#12387 = DIRECTION('',(9.95799250103E-17,-1.,0.));
#12388 = DIRECTION('',(1.110223024625E-15,1.105559255369E-31,1.));
#12389 = ORIENTED_EDGE('',*,*,#12390,.T.);
#12390 = EDGE_CURVE('',#12382,#12391,#12393,.T.);
#12391 = VERTEX_POINT('',#12392);
#12392 = CARTESIAN_POINT('',(-0.95,0.7,0.25));
#12393 = LINE('',#12394,#12395);
#12394 = CARTESIAN_POINT('',(-0.95,0.7,0.65));
#12395 = VECTOR('',#12396,1.);
#12396 = DIRECTION('',(-0.,0.,-1.));
#12397 = ORIENTED_EDGE('',*,*,#12398,.T.);
#12398 = EDGE_CURVE('',#12391,#12399,#12401,.T.);
#12399 = VERTEX_POINT('',#12400);
#12400 = CARTESIAN_POINT('',(-1.2,0.7,0.));
#12401 = CIRCLE('',#12402,0.25);
#12402 = AXIS2_PLACEMENT_3D('',#12403,#12404,#12405);
#12403 = CARTESIAN_POINT('',(-1.2,0.7,0.25));
#12404 = DIRECTION('',(-9.95799250103E-17,1.,0.));
#12405 = DIRECTION('',(1.,9.95799250103E-17,-4.440892098501E-16));
#12406 = ORIENTED_EDGE('',*,*,#12407,.T.);
#12407 = EDGE_CURVE('',#12399,#12408,#12410,.T.);
#12408 = VERTEX_POINT('',#12409);
#12409 = CARTESIAN_POINT('',(-1.4,0.7,0.));
#12410 = LINE('',#12411,#12412);
#12411 = CARTESIAN_POINT('',(-1.2,0.7,0.));
#12412 = VECTOR('',#12413,1.);
#12413 = DIRECTION('',(-1.,-9.95799250103E-17,0.));
#12414 = ORIENTED_EDGE('',*,*,#12415,.T.);
#12415 = EDGE_CURVE('',#12408,#12416,#12418,.T.);
#12416 = VERTEX_POINT('',#12417);
#12417 = CARTESIAN_POINT('',(-1.4,0.7,0.15));
#12418 = LINE('',#12419,#12420);
#12419 = CARTESIAN_POINT('',(-1.4,0.7,0.));
#12420 = VECTOR('',#12421,1.);
#12421 = DIRECTION('',(0.,0.,1.));
#12422 = ORIENTED_EDGE('',*,*,#12423,.T.);
#12423 = EDGE_CURVE('',#12416,#12424,#12426,.T.);
#12424 = VERTEX_POINT('',#12425);
#12425 = CARTESIAN_POINT('',(-1.2,0.7,0.15));
#12426 = LINE('',#12427,#12428);
#12427 = CARTESIAN_POINT('',(-1.4,0.7,0.15));
#12428 = VECTOR('',#12429,1.);
#12429 = DIRECTION('',(1.,9.95799250103E-17,0.));
#12430 = ORIENTED_EDGE('',*,*,#12431,.T.);
#12431 = EDGE_CURVE('',#12424,#12432,#12434,.T.);
#12432 = VERTEX_POINT('',#12433);
#12433 = CARTESIAN_POINT('',(-1.1,0.7,0.25));
#12434 = CIRCLE('',#12435,0.1);
#12435 = AXIS2_PLACEMENT_3D('',#12436,#12437,#12438);
#12436 = CARTESIAN_POINT('',(-1.2,0.7,0.25));
#12437 = DIRECTION('',(9.95799250103E-17,-1.,-0.));
#12438 = DIRECTION('',(-0.,0.,-1.));
#12439 = ORIENTED_EDGE('',*,*,#12440,.T.);
#12440 = EDGE_CURVE('',#12432,#12441,#12443,.T.);
#12441 = VERTEX_POINT('',#12442);
#12442 = CARTESIAN_POINT('',(-1.1,0.7,0.65));
#12443 = LINE('',#12444,#12445);
#12444 = CARTESIAN_POINT('',(-1.1,0.7,0.25));
#12445 = VECTOR('',#12446,1.);
#12446 = DIRECTION('',(0.,0.,1.));
#12447 = ORIENTED_EDGE('',*,*,#12448,.T.);
#12448 = EDGE_CURVE('',#12441,#12449,#12451,.T.);
#12449 = VERTEX_POINT('',#12450);
#12450 = CARTESIAN_POINT('',(-0.85,0.7,0.9));
#12451 = CIRCLE('',#12452,0.25);
#12452 = AXIS2_PLACEMENT_3D('',#12453,#12454,#12455);
#12453 = CARTESIAN_POINT('',(-0.85,0.7,0.65));
#12454 = DIRECTION('',(-9.95799250103E-17,1.,0.));
#12455 = DIRECTION('',(-1.,-9.95799250103E-17,1.33226762955E-15));
#12456 = ORIENTED_EDGE('',*,*,#12457,.T.);
#12457 = EDGE_CURVE('',#12449,#11355,#12458,.T.);
#12458 = LINE('',#12459,#12460);
#12459 = CARTESIAN_POINT('',(-0.85,0.7,0.9));
#12460 = VECTOR('',#12461,1.);
#12461 = DIRECTION('',(1.,9.95799250103E-17,0.));
#12462 = PLANE('',#12463);
#12463 = AXIS2_PLACEMENT_3D('',#12464,#12465,#12466);
#12464 = CARTESIAN_POINT('',(-1.05370428853,0.7,0.423089729504));
#12465 = DIRECTION('',(-9.95799250103E-17,1.,0.));
#12466 = DIRECTION('',(0.,0.,1.));
#12467 = ADVANCED_FACE('',(#12468),#12479,.F.);
#12468 = FACE_BOUND('',#12469,.F.);
#12469 = EDGE_LOOP('',(#12470,#12471,#12472,#12478));
#12470 = ORIENTED_EDGE('',*,*,#11300,.T.);
#12471 = ORIENTED_EDGE('',*,*,#12156,.T.);
#12472 = ORIENTED_EDGE('',*,*,#12473,.F.);
#12473 = EDGE_CURVE('',#12382,#12157,#12474,.T.);
#12474 = LINE('',#12475,#12476);
#12475 = CARTESIAN_POINT('',(-0.95,0.7,0.65));
#12476 = VECTOR('',#12477,1.);
#12477 = DIRECTION('',(-9.95799250103E-17,1.,0.));
#12478 = ORIENTED_EDGE('',*,*,#12381,.F.);
#12479 = CYLINDRICAL_SURFACE('',#12480,0.1);
#12480 = AXIS2_PLACEMENT_3D('',#12481,#12482,#12483);
#12481 = CARTESIAN_POINT('',(-0.85,0.7,0.65));
#12482 = DIRECTION('',(9.95799250103E-17,-1.,0.));
#12483 = DIRECTION('',(1.110223024625E-15,1.105559255369E-31,1.));
#12484 = ADVANCED_FACE('',(#12485),#12510,.F.);
#12485 = FACE_BOUND('',#12486,.F.);
#12486 = EDGE_LOOP('',(#12487,#12495,#12496,#12504));
#12487 = ORIENTED_EDGE('',*,*,#12488,.F.);
#12488 = EDGE_CURVE('',#11315,#12489,#12491,.T.);
#12489 = VERTEX_POINT('',#12490);
#12490 = CARTESIAN_POINT('',(-0.775,-0.7,0.9));
#12491 = LINE('',#12492,#12493);
#12492 = CARTESIAN_POINT('',(-0.85,-0.7,0.9));
#12493 = VECTOR('',#12494,1.);
#12494 = DIRECTION('',(1.,9.95799250103E-17,0.));
#12495 = ORIENTED_EDGE('',*,*,#11331,.T.);
#12496 = ORIENTED_EDGE('',*,*,#12497,.T.);
#12497 = EDGE_CURVE('',#11324,#12498,#12500,.T.);
#12498 = VERTEX_POINT('',#12499);
#12499 = CARTESIAN_POINT('',(-0.775,-0.25,0.9));
#12500 = LINE('',#12501,#12502);
#12501 = CARTESIAN_POINT('',(-0.85,-0.25,0.9));
#12502 = VECTOR('',#12503,1.);
#12503 = DIRECTION('',(1.,9.95799250103E-17,0.));
#12504 = ORIENTED_EDGE('',*,*,#12505,.F.);
#12505 = EDGE_CURVE('',#12489,#12498,#12506,.T.);
#12506 = LINE('',#12507,#12508);
#12507 = CARTESIAN_POINT('',(-0.775,-1.3425,0.9));
#12508 = VECTOR('',#12509,1.);
#12509 = DIRECTION('',(-2.22044604925E-16,1.,0.));
#12510 = B_SPLINE_SURFACE_WITH_KNOTS('',1,1,(
    (#12511,#12512)
    ,(#12513,#12514
    )),.UNSPECIFIED.,.F.,.F.,.F.,(2,2),(2,2),(0.,2.71),(0.,1.),
  .PIECEWISE_BEZIER_KNOTS.);
#12511 = CARTESIAN_POINT('',(-0.8,-1.355,0.9));
#12512 = CARTESIAN_POINT('',(-0.775,-1.3425,0.9));
#12513 = CARTESIAN_POINT('',(-0.8,1.355,0.9));
#12514 = CARTESIAN_POINT('',(-0.775,1.3425,0.9));
#12515 = ADVANCED_FACE('',(#12516),#12602,.F.);
#12516 = FACE_BOUND('',#12517,.F.);
#12517 = EDGE_LOOP('',(#12518,#12519,#12520,#12529,#12537,#12546,#12554,
    #12562,#12570,#12579,#12587,#12596));
#12518 = ORIENTED_EDGE('',*,*,#11323,.F.);
#12519 = ORIENTED_EDGE('',*,*,#11376,.T.);
#12520 = ORIENTED_EDGE('',*,*,#12521,.T.);
#12521 = EDGE_CURVE('',#11377,#12522,#12524,.T.);
#12522 = VERTEX_POINT('',#12523);
#12523 = CARTESIAN_POINT('',(-0.95,-0.25,0.65));
#12524 = CIRCLE('',#12525,0.1);
#12525 = AXIS2_PLACEMENT_3D('',#12526,#12527,#12528);
#12526 = CARTESIAN_POINT('',(-0.85,-0.25,0.65));
#12527 = DIRECTION('',(9.95799250103E-17,-1.,0.));
#12528 = DIRECTION('',(1.110223024625E-15,1.105559255369E-31,1.));
#12529 = ORIENTED_EDGE('',*,*,#12530,.T.);
#12530 = EDGE_CURVE('',#12522,#12531,#12533,.T.);
#12531 = VERTEX_POINT('',#12532);
#12532 = CARTESIAN_POINT('',(-0.95,-0.25,0.25));
#12533 = LINE('',#12534,#12535);
#12534 = CARTESIAN_POINT('',(-0.95,-0.25,0.65));
#12535 = VECTOR('',#12536,1.);
#12536 = DIRECTION('',(-0.,0.,-1.));
#12537 = ORIENTED_EDGE('',*,*,#12538,.T.);
#12538 = EDGE_CURVE('',#12531,#12539,#12541,.T.);
#12539 = VERTEX_POINT('',#12540);
#12540 = CARTESIAN_POINT('',(-1.2,-0.25,0.));
#12541 = CIRCLE('',#12542,0.25);
#12542 = AXIS2_PLACEMENT_3D('',#12543,#12544,#12545);
#12543 = CARTESIAN_POINT('',(-1.2,-0.25,0.25));
#12544 = DIRECTION('',(-9.95799250103E-17,1.,0.));
#12545 = DIRECTION('',(1.,9.95799250103E-17,-4.440892098501E-16));
#12546 = ORIENTED_EDGE('',*,*,#12547,.T.);
#12547 = EDGE_CURVE('',#12539,#12548,#12550,.T.);
#12548 = VERTEX_POINT('',#12549);
#12549 = CARTESIAN_POINT('',(-1.4,-0.25,0.));
#12550 = LINE('',#12551,#12552);
#12551 = CARTESIAN_POINT('',(-1.2,-0.25,0.));
#12552 = VECTOR('',#12553,1.);
#12553 = DIRECTION('',(-1.,-9.95799250103E-17,0.));
#12554 = ORIENTED_EDGE('',*,*,#12555,.T.);
#12555 = EDGE_CURVE('',#12548,#12556,#12558,.T.);
#12556 = VERTEX_POINT('',#12557);
#12557 = CARTESIAN_POINT('',(-1.4,-0.25,0.15));
#12558 = LINE('',#12559,#12560);
#12559 = CARTESIAN_POINT('',(-1.4,-0.25,0.));
#12560 = VECTOR('',#12561,1.);
#12561 = DIRECTION('',(0.,0.,1.));
#12562 = ORIENTED_EDGE('',*,*,#12563,.T.);
#12563 = EDGE_CURVE('',#12556,#12564,#12566,.T.);
#12564 = VERTEX_POINT('',#12565);
#12565 = CARTESIAN_POINT('',(-1.2,-0.25,0.15));
#12566 = LINE('',#12567,#12568);
#12567 = CARTESIAN_POINT('',(-1.4,-0.25,0.15));
#12568 = VECTOR('',#12569,1.);
#12569 = DIRECTION('',(1.,9.95799250103E-17,0.));
#12570 = ORIENTED_EDGE('',*,*,#12571,.T.);
#12571 = EDGE_CURVE('',#12564,#12572,#12574,.T.);
#12572 = VERTEX_POINT('',#12573);
#12573 = CARTESIAN_POINT('',(-1.1,-0.25,0.25));
#12574 = CIRCLE('',#12575,0.1);
#12575 = AXIS2_PLACEMENT_3D('',#12576,#12577,#12578);
#12576 = CARTESIAN_POINT('',(-1.2,-0.25,0.25));
#12577 = DIRECTION('',(9.95799250103E-17,-1.,-0.));
#12578 = DIRECTION('',(-0.,0.,-1.));
#12579 = ORIENTED_EDGE('',*,*,#12580,.T.);
#12580 = EDGE_CURVE('',#12572,#12581,#12583,.T.);
#12581 = VERTEX_POINT('',#12582);
#12582 = CARTESIAN_POINT('',(-1.1,-0.25,0.65));
#12583 = LINE('',#12584,#12585);
#12584 = CARTESIAN_POINT('',(-1.1,-0.25,0.25));
#12585 = VECTOR('',#12586,1.);
#12586 = DIRECTION('',(0.,0.,1.));
#12587 = ORIENTED_EDGE('',*,*,#12588,.T.);
#12588 = EDGE_CURVE('',#12581,#12589,#12591,.T.);
#12589 = VERTEX_POINT('',#12590);
#12590 = CARTESIAN_POINT('',(-0.85,-0.25,0.9));
#12591 = CIRCLE('',#12592,0.25);
#12592 = AXIS2_PLACEMENT_3D('',#12593,#12594,#12595);
#12593 = CARTESIAN_POINT('',(-0.85,-0.25,0.65));
#12594 = DIRECTION('',(-9.95799250103E-17,1.,0.));
#12595 = DIRECTION('',(-1.,-9.95799250103E-17,1.33226762955E-15));
#12596 = ORIENTED_EDGE('',*,*,#12597,.T.);
#12597 = EDGE_CURVE('',#12589,#11324,#12598,.T.);
#12598 = LINE('',#12599,#12600);
#12599 = CARTESIAN_POINT('',(-0.85,-0.25,0.9));
#12600 = VECTOR('',#12601,1.);
#12601 = DIRECTION('',(1.,9.95799250103E-17,0.));
#12602 = PLANE('',#12603);
#12603 = AXIS2_PLACEMENT_3D('',#12604,#12605,#12606);
#12604 = CARTESIAN_POINT('',(-1.05370428853,-0.25,0.423089729504));
#12605 = DIRECTION('',(-9.95799250103E-17,1.,0.));
#12606 = DIRECTION('',(0.,0.,1.));
#12607 = ADVANCED_FACE('',(#12608),#12694,.T.);
#12608 = FACE_BOUND('',#12609,.T.);
#12609 = EDGE_LOOP('',(#12610,#12611,#12612,#12621,#12629,#12638,#12646,
    #12654,#12662,#12671,#12679,#12688));
#12610 = ORIENTED_EDGE('',*,*,#11345,.F.);
#12611 = ORIENTED_EDGE('',*,*,#11385,.T.);
#12612 = ORIENTED_EDGE('',*,*,#12613,.T.);
#12613 = EDGE_CURVE('',#11386,#12614,#12616,.T.);
#12614 = VERTEX_POINT('',#12615);
#12615 = CARTESIAN_POINT('',(-0.95,0.25,0.65));
#12616 = CIRCLE('',#12617,0.1);
#12617 = AXIS2_PLACEMENT_3D('',#12618,#12619,#12620);
#12618 = CARTESIAN_POINT('',(-0.85,0.25,0.65));
#12619 = DIRECTION('',(9.95799250103E-17,-1.,0.));
#12620 = DIRECTION('',(1.110223024625E-15,1.105559255369E-31,1.));
#12621 = ORIENTED_EDGE('',*,*,#12622,.T.);
#12622 = EDGE_CURVE('',#12614,#12623,#12625,.T.);
#12623 = VERTEX_POINT('',#12624);
#12624 = CARTESIAN_POINT('',(-0.95,0.25,0.25));
#12625 = LINE('',#12626,#12627);
#12626 = CARTESIAN_POINT('',(-0.95,0.25,0.65));
#12627 = VECTOR('',#12628,1.);
#12628 = DIRECTION('',(-0.,0.,-1.));
#12629 = ORIENTED_EDGE('',*,*,#12630,.T.);
#12630 = EDGE_CURVE('',#12623,#12631,#12633,.T.);
#12631 = VERTEX_POINT('',#12632);
#12632 = CARTESIAN_POINT('',(-1.2,0.25,0.));
#12633 = CIRCLE('',#12634,0.25);
#12634 = AXIS2_PLACEMENT_3D('',#12635,#12636,#12637);
#12635 = CARTESIAN_POINT('',(-1.2,0.25,0.25));
#12636 = DIRECTION('',(-9.95799250103E-17,1.,0.));
#12637 = DIRECTION('',(1.,9.95799250103E-17,-4.440892098501E-16));
#12638 = ORIENTED_EDGE('',*,*,#12639,.T.);
#12639 = EDGE_CURVE('',#12631,#12640,#12642,.T.);
#12640 = VERTEX_POINT('',#12641);
#12641 = CARTESIAN_POINT('',(-1.4,0.25,0.));
#12642 = LINE('',#12643,#12644);
#12643 = CARTESIAN_POINT('',(-1.2,0.25,0.));
#12644 = VECTOR('',#12645,1.);
#12645 = DIRECTION('',(-1.,-9.95799250103E-17,0.));
#12646 = ORIENTED_EDGE('',*,*,#12647,.T.);
#12647 = EDGE_CURVE('',#12640,#12648,#12650,.T.);
#12648 = VERTEX_POINT('',#12649);
#12649 = CARTESIAN_POINT('',(-1.4,0.25,0.15));
#12650 = LINE('',#12651,#12652);
#12651 = CARTESIAN_POINT('',(-1.4,0.25,0.));
#12652 = VECTOR('',#12653,1.);
#12653 = DIRECTION('',(0.,0.,1.));
#12654 = ORIENTED_EDGE('',*,*,#12655,.T.);
#12655 = EDGE_CURVE('',#12648,#12656,#12658,.T.);
#12656 = VERTEX_POINT('',#12657);
#12657 = CARTESIAN_POINT('',(-1.2,0.25,0.15));
#12658 = LINE('',#12659,#12660);
#12659 = CARTESIAN_POINT('',(-1.4,0.25,0.15));
#12660 = VECTOR('',#12661,1.);
#12661 = DIRECTION('',(1.,9.95799250103E-17,0.));
#12662 = ORIENTED_EDGE('',*,*,#12663,.T.);
#12663 = EDGE_CURVE('',#12656,#12664,#12666,.T.);
#12664 = VERTEX_POINT('',#12665);
#12665 = CARTESIAN_POINT('',(-1.1,0.25,0.25));
#12666 = CIRCLE('',#12667,0.1);
#12667 = AXIS2_PLACEMENT_3D('',#12668,#12669,#12670);
#12668 = CARTESIAN_POINT('',(-1.2,0.25,0.25));
#12669 = DIRECTION('',(9.95799250103E-17,-1.,-0.));
#12670 = DIRECTION('',(-0.,0.,-1.));
#12671 = ORIENTED_EDGE('',*,*,#12672,.T.);
#12672 = EDGE_CURVE('',#12664,#12673,#12675,.T.);
#12673 = VERTEX_POINT('',#12674);
#12674 = CARTESIAN_POINT('',(-1.1,0.25,0.65));
#12675 = LINE('',#12676,#12677);
#12676 = CARTESIAN_POINT('',(-1.1,0.25,0.25));
#12677 = VECTOR('',#12678,1.);
#12678 = DIRECTION('',(0.,0.,1.));
#12679 = ORIENTED_EDGE('',*,*,#12680,.T.);
#12680 = EDGE_CURVE('',#12673,#12681,#12683,.T.);
#12681 = VERTEX_POINT('',#12682);
#12682 = CARTESIAN_POINT('',(-0.85,0.25,0.9));
#12683 = CIRCLE('',#12684,0.25);
#12684 = AXIS2_PLACEMENT_3D('',#12685,#12686,#12687);
#12685 = CARTESIAN_POINT('',(-0.85,0.25,0.65));
#12686 = DIRECTION('',(-9.95799250103E-17,1.,0.));
#12687 = DIRECTION('',(-1.,-9.95799250103E-17,1.33226762955E-15));
#12688 = ORIENTED_EDGE('',*,*,#12689,.T.);
#12689 = EDGE_CURVE('',#12681,#11346,#12690,.T.);
#12690 = LINE('',#12691,#12692);
#12691 = CARTESIAN_POINT('',(-0.85,0.25,0.9));
#12692 = VECTOR('',#12693,1.);
#12693 = DIRECTION('',(1.,9.95799250103E-17,0.));
#12694 = PLANE('',#12695);
#12695 = AXIS2_PLACEMENT_3D('',#12696,#12697,#12698);
#12696 = CARTESIAN_POINT('',(-1.05370428853,0.25,0.423089729504));
#12697 = DIRECTION('',(-9.95799250103E-17,1.,0.));
#12698 = DIRECTION('',(0.,0.,1.));
#12699 = ADVANCED_FACE('',(#12700),#12725,.F.);
#12700 = FACE_BOUND('',#12701,.F.);
#12701 = EDGE_LOOP('',(#12702,#12710,#12711,#12719));
#12702 = ORIENTED_EDGE('',*,*,#12703,.F.);
#12703 = EDGE_CURVE('',#11346,#12704,#12706,.T.);
#12704 = VERTEX_POINT('',#12705);
#12705 = CARTESIAN_POINT('',(-0.775,0.25,0.9));
#12706 = LINE('',#12707,#12708);
#12707 = CARTESIAN_POINT('',(-0.85,0.25,0.9));
#12708 = VECTOR('',#12709,1.);
#12709 = DIRECTION('',(1.,9.95799250103E-17,0.));
#12710 = ORIENTED_EDGE('',*,*,#11362,.T.);
#12711 = ORIENTED_EDGE('',*,*,#12712,.T.);
#12712 = EDGE_CURVE('',#11355,#12713,#12715,.T.);
#12713 = VERTEX_POINT('',#12714);
#12714 = CARTESIAN_POINT('',(-0.775,0.7,0.9));
#12715 = LINE('',#12716,#12717);
#12716 = CARTESIAN_POINT('',(-0.85,0.7,0.9));
#12717 = VECTOR('',#12718,1.);
#12718 = DIRECTION('',(1.,9.95799250103E-17,0.));
#12719 = ORIENTED_EDGE('',*,*,#12720,.F.);
#12720 = EDGE_CURVE('',#12704,#12713,#12721,.T.);
#12721 = LINE('',#12722,#12723);
#12722 = CARTESIAN_POINT('',(-0.775,-1.3425,0.9));
#12723 = VECTOR('',#12724,1.);
#12724 = DIRECTION('',(-2.22044604925E-16,1.,0.));
#12725 = B_SPLINE_SURFACE_WITH_KNOTS('',1,1,(
    (#12726,#12727)
    ,(#12728,#12729
    )),.UNSPECIFIED.,.F.,.F.,.F.,(2,2),(2,2),(0.,2.71),(0.,1.),
  .PIECEWISE_BEZIER_KNOTS.);
#12726 = CARTESIAN_POINT('',(-0.8,-1.355,0.9));
#12727 = CARTESIAN_POINT('',(-0.775,-1.3425,0.9));
#12728 = CARTESIAN_POINT('',(-0.8,1.355,0.9));
#12729 = CARTESIAN_POINT('',(-0.775,1.3425,0.9));
#12730 = ADVANCED_FACE('',(#12731),#12742,.F.);
#12731 = FACE_BOUND('',#12732,.F.);
#12732 = EDGE_LOOP('',(#12733,#12734,#12735,#12741));
#12733 = ORIENTED_EDGE('',*,*,#11393,.T.);
#12734 = ORIENTED_EDGE('',*,*,#12613,.T.);
#12735 = ORIENTED_EDGE('',*,*,#12736,.F.);
#12736 = EDGE_CURVE('',#12522,#12614,#12737,.T.);
#12737 = LINE('',#12738,#12739);
#12738 = CARTESIAN_POINT('',(-0.95,-0.25,0.65));
#12739 = VECTOR('',#12740,1.);
#12740 = DIRECTION('',(-9.95799250103E-17,1.,0.));
#12741 = ORIENTED_EDGE('',*,*,#12521,.F.);
#12742 = CYLINDRICAL_SURFACE('',#12743,0.1);
#12743 = AXIS2_PLACEMENT_3D('',#12744,#12745,#12746);
#12744 = CARTESIAN_POINT('',(-0.85,-0.25,0.65));
#12745 = DIRECTION('',(9.95799250103E-17,-1.,0.));
#12746 = DIRECTION('',(1.110223024625E-15,1.105559255369E-31,1.));
#12747 = ADVANCED_FACE('',(#12748),#12765,.F.);
#12748 = FACE_BOUND('',#12749,.F.);
#12749 = EDGE_LOOP('',(#12750,#12751,#12758,#12764));
#12750 = ORIENTED_EDGE('',*,*,#11415,.T.);
#12751 = ORIENTED_EDGE('',*,*,#12752,.T.);
#12752 = EDGE_CURVE('',#11409,#12753,#12755,.T.);
#12753 = VERTEX_POINT('',#12754);
#12754 = CARTESIAN_POINT('',(0.683648457443,1.296824228722,1.55));
#12755 = B_SPLINE_CURVE_WITH_KNOTS('',1,(#12756,#12757),.UNSPECIFIED.,
  .F.,.F.,(2,2),(0.,1.),.PIECEWISE_BEZIER_KNOTS.);
#12756 = CARTESIAN_POINT('',(0.775,1.3425,0.9));
#12757 = CARTESIAN_POINT('',(0.683648457443,1.296824228722,1.55));
#12758 = ORIENTED_EDGE('',*,*,#12759,.F.);
#12759 = EDGE_CURVE('',#11432,#12753,#12760,.T.);
#12760 = LINE('',#12761,#12762);
#12761 = CARTESIAN_POINT('',(0.646824228722,1.333648457443,1.55));
#12762 = VECTOR('',#12763,1.);
#12763 = DIRECTION('',(0.707106781187,-0.707106781187,0.));
#12764 = ORIENTED_EDGE('',*,*,#11431,.F.);
#12765 = B_SPLINE_SURFACE_WITH_KNOTS('',1,1,(
    (#12766,#12767)
    ,(#12768,#12769
    )),.UNSPECIFIED.,.F.,.F.,.F.,(2,2),(2,2),(0.,0.116672618896),(0.,1.)
  ,.PIECEWISE_BEZIER_KNOTS.);
#12766 = CARTESIAN_POINT('',(0.6925,1.425,0.9));
#12767 = CARTESIAN_POINT('',(0.646824228722,1.333648457443,1.55));
#12768 = CARTESIAN_POINT('',(0.775,1.3425,0.9));
#12769 = CARTESIAN_POINT('',(0.683648457443,1.296824228722,1.55));
#12770 = ADVANCED_FACE('',(#12771),#12821,.T.);
#12771 = FACE_BOUND('',#12772,.F.);
#12772 = EDGE_LOOP('',(#12773,#12774,#12775,#12783,#12791,#12799,#12807,
    #12815));
#12773 = ORIENTED_EDGE('',*,*,#11438,.T.);
#12774 = ORIENTED_EDGE('',*,*,#12759,.T.);
#12775 = ORIENTED_EDGE('',*,*,#12776,.T.);
#12776 = EDGE_CURVE('',#12753,#12777,#12779,.T.);
#12777 = VERTEX_POINT('',#12778);
#12778 = CARTESIAN_POINT('',(0.683648457443,-1.296824228722,1.55));
#12779 = LINE('',#12780,#12781);
#12780 = CARTESIAN_POINT('',(0.683648457443,1.296824228722,1.55));
#12781 = VECTOR('',#12782,1.);
#12782 = DIRECTION('',(2.22044604925E-16,-1.,0.));
#12783 = ORIENTED_EDGE('',*,*,#12784,.T.);
#12784 = EDGE_CURVE('',#12777,#12785,#12787,.T.);
#12785 = VERTEX_POINT('',#12786);
#12786 = CARTESIAN_POINT('',(0.646824228722,-1.333648457443,1.55));
#12787 = LINE('',#12788,#12789);
#12788 = CARTESIAN_POINT('',(0.683648457443,-1.296824228722,1.55));
#12789 = VECTOR('',#12790,1.);
#12790 = DIRECTION('',(-0.707106781187,-0.707106781187,0.));
#12791 = ORIENTED_EDGE('',*,*,#12792,.T.);
#12792 = EDGE_CURVE('',#12785,#12793,#12795,.T.);
#12793 = VERTEX_POINT('',#12794);
#12794 = CARTESIAN_POINT('',(-0.646824228722,-1.333648457443,1.55));
#12795 = LINE('',#12796,#12797);
#12796 = CARTESIAN_POINT('',(0.646824228722,-1.333648457443,1.55));
#12797 = VECTOR('',#12798,1.);
#12798 = DIRECTION('',(-1.,-2.22044604925E-16,0.));
#12799 = ORIENTED_EDGE('',*,*,#12800,.T.);
#12800 = EDGE_CURVE('',#12793,#12801,#12803,.T.);
#12801 = VERTEX_POINT('',#12802);
#12802 = CARTESIAN_POINT('',(-0.683648457443,-1.296824228722,1.55));
#12803 = LINE('',#12804,#12805);
#12804 = CARTESIAN_POINT('',(-0.646824228722,-1.333648457443,1.55));
#12805 = VECTOR('',#12806,1.);
#12806 = DIRECTION('',(-0.707106781187,0.707106781187,0.));
#12807 = ORIENTED_EDGE('',*,*,#12808,.T.);
#12808 = EDGE_CURVE('',#12801,#12809,#12811,.T.);
#12809 = VERTEX_POINT('',#12810);
#12810 = CARTESIAN_POINT('',(-0.683648457443,1.296824228722,1.55));
#12811 = LINE('',#12812,#12813);
#12812 = CARTESIAN_POINT('',(-0.683648457443,-1.296824228722,1.55));
#12813 = VECTOR('',#12814,1.);
#12814 = DIRECTION('',(-2.22044604925E-16,1.,0.));
#12815 = ORIENTED_EDGE('',*,*,#12816,.T.);
#12816 = EDGE_CURVE('',#12809,#11439,#12817,.T.);
#12817 = LINE('',#12818,#12819);
#12818 = CARTESIAN_POINT('',(-0.683648457443,1.296824228722,1.55));
#12819 = VECTOR('',#12820,1.);
#12820 = DIRECTION('',(0.707106781187,0.707106781187,0.));
#12821 = PLANE('',#12822);
#12822 = AXIS2_PLACEMENT_3D('',#12823,#12824,#12825);
#12823 = CARTESIAN_POINT('',(-0.646824228722,1.333648457443,1.55));
#12824 = DIRECTION('',(0.,0.,1.));
#12825 = DIRECTION('',(0.436386464522,-0.899759330922,0.));
#12826 = ADVANCED_FACE('',(#12827),#12837,.F.);
#12827 = FACE_BOUND('',#12828,.F.);
#12828 = EDGE_LOOP('',(#12829,#12830,#12831,#12832));
#12829 = ORIENTED_EDGE('',*,*,#11461,.T.);
#12830 = ORIENTED_EDGE('',*,*,#11446,.T.);
#12831 = ORIENTED_EDGE('',*,*,#12816,.F.);
#12832 = ORIENTED_EDGE('',*,*,#12833,.F.);
#12833 = EDGE_CURVE('',#11462,#12809,#12834,.T.);
#12834 = B_SPLINE_CURVE_WITH_KNOTS('',1,(#12835,#12836),.UNSPECIFIED.,
  .F.,.F.,(2,2),(0.,1.),.PIECEWISE_BEZIER_KNOTS.);
#12835 = CARTESIAN_POINT('',(-0.775,1.3425,0.9));
#12836 = CARTESIAN_POINT('',(-0.683648457443,1.296824228722,1.55));
#12837 = B_SPLINE_SURFACE_WITH_KNOTS('',1,1,(
    (#12838,#12839)
    ,(#12840,#12841
    )),.UNSPECIFIED.,.F.,.F.,.F.,(2,2),(2,2),(0.,0.116672618896),(0.,1.)
  ,.PIECEWISE_BEZIER_KNOTS.);
#12838 = CARTESIAN_POINT('',(-0.775,1.3425,0.9));
#12839 = CARTESIAN_POINT('',(-0.683648457443,1.296824228722,1.55));
#12840 = CARTESIAN_POINT('',(-0.6925,1.425,0.9));
#12841 = CARTESIAN_POINT('',(-0.646824228722,1.333648457443,1.55));
#12842 = ADVANCED_FACE('',(#12843),#12867,.F.);
#12843 = FACE_BOUND('',#12844,.F.);
#12844 = EDGE_LOOP('',(#12845,#12846,#12852,#12853,#12859,#12860,#12865,
    #12866));
#12845 = ORIENTED_EDGE('',*,*,#11492,.T.);
#12846 = ORIENTED_EDGE('',*,*,#12847,.T.);
#12847 = EDGE_CURVE('',#11485,#11939,#12848,.T.);
#12848 = LINE('',#12849,#12850);
#12849 = CARTESIAN_POINT('',(0.775,1.3425,0.9));
#12850 = VECTOR('',#12851,1.);
#12851 = DIRECTION('',(2.22044604925E-16,-1.,0.));
#12852 = ORIENTED_EDGE('',*,*,#11955,.T.);
#12853 = ORIENTED_EDGE('',*,*,#12854,.T.);
#12854 = EDGE_CURVE('',#11948,#11691,#12855,.T.);
#12855 = LINE('',#12856,#12857);
#12856 = CARTESIAN_POINT('',(0.775,1.3425,0.9));
#12857 = VECTOR('',#12858,1.);
#12858 = DIRECTION('',(2.22044604925E-16,-1.,0.));
#12859 = ORIENTED_EDGE('',*,*,#11706,.T.);
#12860 = ORIENTED_EDGE('',*,*,#12861,.T.);
#12861 = EDGE_CURVE('',#11700,#12777,#12862,.T.);
#12862 = B_SPLINE_CURVE_WITH_KNOTS('',1,(#12863,#12864),.UNSPECIFIED.,
  .F.,.F.,(2,2),(0.,1.),.PIECEWISE_BEZIER_KNOTS.);
#12863 = CARTESIAN_POINT('',(0.775,-1.3425,0.9));
#12864 = CARTESIAN_POINT('',(0.683648457443,-1.296824228722,1.55));
#12865 = ORIENTED_EDGE('',*,*,#12776,.F.);
#12866 = ORIENTED_EDGE('',*,*,#12752,.F.);
#12867 = B_SPLINE_SURFACE_WITH_KNOTS('',1,1,(
    (#12868,#12869)
    ,(#12870,#12871
    )),.UNSPECIFIED.,.F.,.F.,.F.,(2,2),(2,2),(0.,2.685),(0.,1.),
  .PIECEWISE_BEZIER_KNOTS.);
#12868 = CARTESIAN_POINT('',(0.775,1.3425,0.9));
#12869 = CARTESIAN_POINT('',(0.683648457443,1.296824228722,1.55));
#12870 = CARTESIAN_POINT('',(0.775,-1.3425,0.9));
#12871 = CARTESIAN_POINT('',(0.683648457443,-1.296824228722,1.55));
#12872 = ADVANCED_FACE('',(#12873),#12886,.F.);
#12873 = FACE_BOUND('',#12874,.F.);
#12874 = EDGE_LOOP('',(#12875,#12876,#12882,#12883,#12884,#12885));
#12875 = ORIENTED_EDGE('',*,*,#11584,.F.);
#12876 = ORIENTED_EDGE('',*,*,#12877,.T.);
#12877 = EDGE_CURVE('',#11576,#11807,#12878,.T.);
#12878 = LINE('',#12879,#12880);
#12879 = CARTESIAN_POINT('',(0.85,1.2,0.9));
#12880 = VECTOR('',#12881,1.);
#12881 = DIRECTION('',(2.22044604925E-16,-1.,0.));
#12882 = ORIENTED_EDGE('',*,*,#11815,.T.);
#12883 = ORIENTED_EDGE('',*,*,#11938,.T.);
#12884 = ORIENTED_EDGE('',*,*,#12847,.F.);
#12885 = ORIENTED_EDGE('',*,*,#11484,.F.);
#12886 = PLANE('',#12887);
#12887 = AXIS2_PLACEMENT_3D('',#12888,#12889,#12890);
#12888 = CARTESIAN_POINT('',(0.85,1.2,0.9));
#12889 = DIRECTION('',(0.,0.,-1.));
#12890 = DIRECTION('',(-1.,-2.22044604925E-16,-0.));
#12891 = ADVANCED_FACE('',(#12892),#12903,.T.);
#12892 = FACE_BOUND('',#12893,.T.);
#12893 = EDGE_LOOP('',(#12894,#12895,#12896,#12897));
#12894 = ORIENTED_EDGE('',*,*,#11575,.T.);
#12895 = ORIENTED_EDGE('',*,*,#12877,.T.);
#12896 = ORIENTED_EDGE('',*,*,#11806,.F.);
#12897 = ORIENTED_EDGE('',*,*,#12898,.F.);
#12898 = EDGE_CURVE('',#11568,#11799,#12899,.T.);
#12899 = LINE('',#12900,#12901);
#12900 = CARTESIAN_POINT('',(1.1,1.2,0.65));
#12901 = VECTOR('',#12902,1.);
#12902 = DIRECTION('',(2.22044604925E-16,-1.,0.));
#12903 = CYLINDRICAL_SURFACE('',#12904,0.25);
#12904 = AXIS2_PLACEMENT_3D('',#12905,#12906,#12907);
#12905 = CARTESIAN_POINT('',(0.85,1.2,0.65));
#12906 = DIRECTION('',(-2.22044604925E-16,1.,-0.));
#12907 = DIRECTION('',(1.,2.22044604925E-16,1.33226762955E-15));
#12908 = ADVANCED_FACE('',(#12909),#12920,.F.);
#12909 = FACE_BOUND('',#12910,.F.);
#12910 = EDGE_LOOP('',(#12911,#12917,#12918,#12919));
#12911 = ORIENTED_EDGE('',*,*,#12912,.T.);
#12912 = EDGE_CURVE('',#11559,#11790,#12913,.T.);
#12913 = LINE('',#12914,#12915);
#12914 = CARTESIAN_POINT('',(1.1,1.2,0.25));
#12915 = VECTOR('',#12916,1.);
#12916 = DIRECTION('',(2.22044604925E-16,-1.,0.));
#12917 = ORIENTED_EDGE('',*,*,#11798,.T.);
#12918 = ORIENTED_EDGE('',*,*,#12898,.F.);
#12919 = ORIENTED_EDGE('',*,*,#11567,.F.);
#12920 = PLANE('',#12921);
#12921 = AXIS2_PLACEMENT_3D('',#12922,#12923,#12924);
#12922 = CARTESIAN_POINT('',(1.1,1.2,0.25));
#12923 = DIRECTION('',(-1.,-2.22044604925E-16,0.));
#12924 = DIRECTION('',(0.,0.,1.));
#12925 = ADVANCED_FACE('',(#12926),#12937,.F.);
#12926 = FACE_BOUND('',#12927,.F.);
#12927 = EDGE_LOOP('',(#12928,#12934,#12935,#12936));
#12928 = ORIENTED_EDGE('',*,*,#12929,.T.);
#12929 = EDGE_CURVE('',#11551,#11782,#12930,.T.);
#12930 = LINE('',#12931,#12932);
#12931 = CARTESIAN_POINT('',(1.2,1.2,0.15));
#12932 = VECTOR('',#12933,1.);
#12933 = DIRECTION('',(2.22044604925E-16,-1.,0.));
#12934 = ORIENTED_EDGE('',*,*,#11789,.T.);
#12935 = ORIENTED_EDGE('',*,*,#12912,.F.);
#12936 = ORIENTED_EDGE('',*,*,#11558,.F.);
#12937 = CYLINDRICAL_SURFACE('',#12938,0.1);
#12938 = AXIS2_PLACEMENT_3D('',#12939,#12940,#12941);
#12939 = CARTESIAN_POINT('',(1.2,1.2,0.25));
#12940 = DIRECTION('',(-2.22044604925E-16,1.,0.));
#12941 = DIRECTION('',(0.,0.,-1.));
#12942 = ADVANCED_FACE('',(#12943),#12954,.F.);
#12943 = FACE_BOUND('',#12944,.F.);
#12944 = EDGE_LOOP('',(#12945,#12951,#12952,#12953));
#12945 = ORIENTED_EDGE('',*,*,#12946,.T.);
#12946 = EDGE_CURVE('',#11543,#11774,#12947,.T.);
#12947 = LINE('',#12948,#12949);
#12948 = CARTESIAN_POINT('',(1.4,1.2,0.15));
#12949 = VECTOR('',#12950,1.);
#12950 = DIRECTION('',(2.22044604925E-16,-1.,0.));
#12951 = ORIENTED_EDGE('',*,*,#11781,.T.);
#12952 = ORIENTED_EDGE('',*,*,#12929,.F.);
#12953 = ORIENTED_EDGE('',*,*,#11550,.F.);
#12954 = PLANE('',#12955);
#12955 = AXIS2_PLACEMENT_3D('',#12956,#12957,#12958);
#12956 = CARTESIAN_POINT('',(1.4,1.2,0.15));
#12957 = DIRECTION('',(0.,0.,-1.));
#12958 = DIRECTION('',(-1.,-2.22044604925E-16,-0.));
#12959 = ADVANCED_FACE('',(#12960),#12971,.F.);
#12960 = FACE_BOUND('',#12961,.F.);
#12961 = EDGE_LOOP('',(#12962,#12968,#12969,#12970));
#12962 = ORIENTED_EDGE('',*,*,#12963,.T.);
#12963 = EDGE_CURVE('',#11535,#11766,#12964,.T.);
#12964 = LINE('',#12965,#12966);
#12965 = CARTESIAN_POINT('',(1.4,1.2,0.));
#12966 = VECTOR('',#12967,1.);
#12967 = DIRECTION('',(2.22044604925E-16,-1.,0.));
#12968 = ORIENTED_EDGE('',*,*,#11773,.T.);
#12969 = ORIENTED_EDGE('',*,*,#12946,.F.);
#12970 = ORIENTED_EDGE('',*,*,#11542,.F.);
#12971 = PLANE('',#12972);
#12972 = AXIS2_PLACEMENT_3D('',#12973,#12974,#12975);
#12973 = CARTESIAN_POINT('',(1.4,1.2,0.));
#12974 = DIRECTION('',(-1.,-2.22044604925E-16,0.));
#12975 = DIRECTION('',(0.,0.,1.));
#12976 = ADVANCED_FACE('',(#12977),#12988,.F.);
#12977 = FACE_BOUND('',#12978,.F.);
#12978 = EDGE_LOOP('',(#12979,#12985,#12986,#12987));
#12979 = ORIENTED_EDGE('',*,*,#12980,.T.);
#12980 = EDGE_CURVE('',#11526,#11757,#12981,.T.);
#12981 = LINE('',#12982,#12983);
#12982 = CARTESIAN_POINT('',(1.2,1.2,0.));
#12983 = VECTOR('',#12984,1.);
#12984 = DIRECTION('',(2.22044604925E-16,-1.,0.));
#12985 = ORIENTED_EDGE('',*,*,#11765,.T.);
#12986 = ORIENTED_EDGE('',*,*,#12963,.F.);
#12987 = ORIENTED_EDGE('',*,*,#11534,.F.);
#12988 = PLANE('',#12989);
#12989 = AXIS2_PLACEMENT_3D('',#12990,#12991,#12992);
#12990 = CARTESIAN_POINT('',(1.2,1.2,0.));
#12991 = DIRECTION('',(0.,0.,1.));
#12992 = DIRECTION('',(1.,2.22044604925E-16,-0.));
#12993 = ADVANCED_FACE('',(#12994),#13005,.T.);
#12994 = FACE_BOUND('',#12995,.T.);
#12995 = EDGE_LOOP('',(#12996,#12997,#12998,#12999));
#12996 = ORIENTED_EDGE('',*,*,#11525,.T.);
#12997 = ORIENTED_EDGE('',*,*,#12980,.T.);
#12998 = ORIENTED_EDGE('',*,*,#11756,.F.);
#12999 = ORIENTED_EDGE('',*,*,#13000,.F.);
#13000 = EDGE_CURVE('',#11518,#11749,#13001,.T.);
#13001 = LINE('',#13002,#13003);
#13002 = CARTESIAN_POINT('',(0.95,1.2,0.25));
#13003 = VECTOR('',#13004,1.);
#13004 = DIRECTION('',(2.22044604925E-16,-1.,0.));
#13005 = CYLINDRICAL_SURFACE('',#13006,0.25);
#13006 = AXIS2_PLACEMENT_3D('',#13007,#13008,#13009);
#13007 = CARTESIAN_POINT('',(1.2,1.2,0.25));
#13008 = DIRECTION('',(-2.22044604925E-16,1.,-0.));
#13009 = DIRECTION('',(-1.,-2.22044604925E-16,-4.440892098501E-16));
#13010 = ADVANCED_FACE('',(#13011),#13017,.F.);
#13011 = FACE_BOUND('',#13012,.F.);
#13012 = EDGE_LOOP('',(#13013,#13014,#13015,#13016));
#13013 = ORIENTED_EDGE('',*,*,#11730,.T.);
#13014 = ORIENTED_EDGE('',*,*,#11748,.T.);
#13015 = ORIENTED_EDGE('',*,*,#13000,.F.);
#13016 = ORIENTED_EDGE('',*,*,#11517,.F.);
#13017 = PLANE('',#13018);
#13018 = AXIS2_PLACEMENT_3D('',#13019,#13020,#13021);
#13019 = CARTESIAN_POINT('',(0.95,1.2,0.65));
#13020 = DIRECTION('',(1.,2.22044604925E-16,0.));
#13021 = DIRECTION('',(0.,0.,-1.));
#13022 = ADVANCED_FACE('',(#13023),#13036,.F.);
#13023 = FACE_BOUND('',#13024,.F.);
#13024 = EDGE_LOOP('',(#13025,#13026,#13032,#13033,#13034,#13035));
#13025 = ORIENTED_EDGE('',*,*,#11907,.F.);
#13026 = ORIENTED_EDGE('',*,*,#13027,.T.);
#13027 = EDGE_CURVE('',#11899,#11668,#13028,.T.);
#13028 = LINE('',#13029,#13030);
#13029 = CARTESIAN_POINT('',(0.85,-0.7,0.9));
#13030 = VECTOR('',#13031,1.);
#13031 = DIRECTION('',(2.22044604925E-16,-1.,0.));
#13032 = ORIENTED_EDGE('',*,*,#11676,.T.);
#13033 = ORIENTED_EDGE('',*,*,#11690,.T.);
#13034 = ORIENTED_EDGE('',*,*,#12854,.F.);
#13035 = ORIENTED_EDGE('',*,*,#11947,.F.);
#13036 = PLANE('',#13037);
#13037 = AXIS2_PLACEMENT_3D('',#13038,#13039,#13040);
#13038 = CARTESIAN_POINT('',(0.85,-0.7,0.9));
#13039 = DIRECTION('',(0.,0.,-1.));
#13040 = DIRECTION('',(-1.,-2.22044604925E-16,-0.));
#13041 = ADVANCED_FACE('',(#13042),#13053,.T.);
#13042 = FACE_BOUND('',#13043,.T.);
#13043 = EDGE_LOOP('',(#13044,#13045,#13046,#13047));
#13044 = ORIENTED_EDGE('',*,*,#11898,.T.);
#13045 = ORIENTED_EDGE('',*,*,#13027,.T.);
#13046 = ORIENTED_EDGE('',*,*,#11667,.F.);
#13047 = ORIENTED_EDGE('',*,*,#13048,.F.);
#13048 = EDGE_CURVE('',#11891,#11660,#13049,.T.);
#13049 = LINE('',#13050,#13051);
#13050 = CARTESIAN_POINT('',(1.1,-0.7,0.65));
#13051 = VECTOR('',#13052,1.);
#13052 = DIRECTION('',(2.22044604925E-16,-1.,0.));
#13053 = CYLINDRICAL_SURFACE('',#13054,0.25);
#13054 = AXIS2_PLACEMENT_3D('',#13055,#13056,#13057);
#13055 = CARTESIAN_POINT('',(0.85,-0.7,0.65));
#13056 = DIRECTION('',(-2.22044604925E-16,1.,-0.));
#13057 = DIRECTION('',(1.,2.22044604925E-16,1.33226762955E-15));
#13058 = ADVANCED_FACE('',(#13059),#13070,.F.);
#13059 = FACE_BOUND('',#13060,.F.);
#13060 = EDGE_LOOP('',(#13061,#13067,#13068,#13069));
#13061 = ORIENTED_EDGE('',*,*,#13062,.T.);
#13062 = EDGE_CURVE('',#11882,#11651,#13063,.T.);
#13063 = LINE('',#13064,#13065);
#13064 = CARTESIAN_POINT('',(1.1,-0.7,0.25));
#13065 = VECTOR('',#13066,1.);
#13066 = DIRECTION('',(2.22044604925E-16,-1.,0.));
#13067 = ORIENTED_EDGE('',*,*,#11659,.T.);
#13068 = ORIENTED_EDGE('',*,*,#13048,.F.);
#13069 = ORIENTED_EDGE('',*,*,#11890,.F.);
#13070 = PLANE('',#13071);
#13071 = AXIS2_PLACEMENT_3D('',#13072,#13073,#13074);
#13072 = CARTESIAN_POINT('',(1.1,-0.7,0.25));
#13073 = DIRECTION('',(-1.,-2.22044604925E-16,0.));
#13074 = DIRECTION('',(0.,0.,1.));
#13075 = ADVANCED_FACE('',(#13076),#13087,.F.);
#13076 = FACE_BOUND('',#13077,.F.);
#13077 = EDGE_LOOP('',(#13078,#13084,#13085,#13086));
#13078 = ORIENTED_EDGE('',*,*,#13079,.T.);
#13079 = EDGE_CURVE('',#11874,#11643,#13080,.T.);
#13080 = LINE('',#13081,#13082);
#13081 = CARTESIAN_POINT('',(1.2,-0.7,0.15));
#13082 = VECTOR('',#13083,1.);
#13083 = DIRECTION('',(2.22044604925E-16,-1.,0.));
#13084 = ORIENTED_EDGE('',*,*,#11650,.T.);
#13085 = ORIENTED_EDGE('',*,*,#13062,.F.);
#13086 = ORIENTED_EDGE('',*,*,#11881,.F.);
#13087 = CYLINDRICAL_SURFACE('',#13088,0.1);
#13088 = AXIS2_PLACEMENT_3D('',#13089,#13090,#13091);
#13089 = CARTESIAN_POINT('',(1.2,-0.7,0.25));
#13090 = DIRECTION('',(-2.22044604925E-16,1.,0.));
#13091 = DIRECTION('',(0.,0.,-1.));
#13092 = ADVANCED_FACE('',(#13093),#13104,.F.);
#13093 = FACE_BOUND('',#13094,.F.);
#13094 = EDGE_LOOP('',(#13095,#13101,#13102,#13103));
#13095 = ORIENTED_EDGE('',*,*,#13096,.T.);
#13096 = EDGE_CURVE('',#11866,#11635,#13097,.T.);
#13097 = LINE('',#13098,#13099);
#13098 = CARTESIAN_POINT('',(1.4,-0.7,0.15));
#13099 = VECTOR('',#13100,1.);
#13100 = DIRECTION('',(2.22044604925E-16,-1.,0.));
#13101 = ORIENTED_EDGE('',*,*,#11642,.T.);
#13102 = ORIENTED_EDGE('',*,*,#13079,.F.);
#13103 = ORIENTED_EDGE('',*,*,#11873,.F.);
#13104 = PLANE('',#13105);
#13105 = AXIS2_PLACEMENT_3D('',#13106,#13107,#13108);
#13106 = CARTESIAN_POINT('',(1.4,-0.7,0.15));
#13107 = DIRECTION('',(0.,0.,-1.));
#13108 = DIRECTION('',(-1.,-2.22044604925E-16,-0.));
#13109 = ADVANCED_FACE('',(#13110),#13121,.F.);
#13110 = FACE_BOUND('',#13111,.F.);
#13111 = EDGE_LOOP('',(#13112,#13118,#13119,#13120));
#13112 = ORIENTED_EDGE('',*,*,#13113,.T.);
#13113 = EDGE_CURVE('',#11858,#11627,#13114,.T.);
#13114 = LINE('',#13115,#13116);
#13115 = CARTESIAN_POINT('',(1.4,-0.7,0.));
#13116 = VECTOR('',#13117,1.);
#13117 = DIRECTION('',(2.22044604925E-16,-1.,0.));
#13118 = ORIENTED_EDGE('',*,*,#11634,.T.);
#13119 = ORIENTED_EDGE('',*,*,#13096,.F.);
#13120 = ORIENTED_EDGE('',*,*,#11865,.F.);
#13121 = PLANE('',#13122);
#13122 = AXIS2_PLACEMENT_3D('',#13123,#13124,#13125);
#13123 = CARTESIAN_POINT('',(1.4,-0.7,0.));
#13124 = DIRECTION('',(-1.,-2.22044604925E-16,0.));
#13125 = DIRECTION('',(0.,0.,1.));
#13126 = ADVANCED_FACE('',(#13127),#13138,.F.);
#13127 = FACE_BOUND('',#13128,.F.);
#13128 = EDGE_LOOP('',(#13129,#13135,#13136,#13137));
#13129 = ORIENTED_EDGE('',*,*,#13130,.T.);
#13130 = EDGE_CURVE('',#11849,#11618,#13131,.T.);
#13131 = LINE('',#13132,#13133);
#13132 = CARTESIAN_POINT('',(1.2,-0.7,0.));
#13133 = VECTOR('',#13134,1.);
#13134 = DIRECTION('',(2.22044604925E-16,-1.,0.));
#13135 = ORIENTED_EDGE('',*,*,#11626,.T.);
#13136 = ORIENTED_EDGE('',*,*,#13113,.F.);
#13137 = ORIENTED_EDGE('',*,*,#11857,.F.);
#13138 = PLANE('',#13139);
#13139 = AXIS2_PLACEMENT_3D('',#13140,#13141,#13142);
#13140 = CARTESIAN_POINT('',(1.2,-0.7,0.));
#13141 = DIRECTION('',(0.,0.,1.));
#13142 = DIRECTION('',(1.,2.22044604925E-16,-0.));
#13143 = ADVANCED_FACE('',(#13144),#13155,.T.);
#13144 = FACE_BOUND('',#13145,.T.);
#13145 = EDGE_LOOP('',(#13146,#13147,#13148,#13149));
#13146 = ORIENTED_EDGE('',*,*,#11848,.T.);
#13147 = ORIENTED_EDGE('',*,*,#13130,.T.);
#13148 = ORIENTED_EDGE('',*,*,#11617,.F.);
#13149 = ORIENTED_EDGE('',*,*,#13150,.F.);
#13150 = EDGE_CURVE('',#11841,#11610,#13151,.T.);
#13151 = LINE('',#13152,#13153);
#13152 = CARTESIAN_POINT('',(0.95,-0.7,0.25));
#13153 = VECTOR('',#13154,1.);
#13154 = DIRECTION('',(2.22044604925E-16,-1.,0.));
#13155 = CYLINDRICAL_SURFACE('',#13156,0.25);
#13156 = AXIS2_PLACEMENT_3D('',#13157,#13158,#13159);
#13157 = CARTESIAN_POINT('',(1.2,-0.7,0.25));
#13158 = DIRECTION('',(-2.22044604925E-16,1.,-0.));
#13159 = DIRECTION('',(-1.,-2.22044604925E-16,-4.440892098501E-16));
#13160 = ADVANCED_FACE('',(#13161),#13167,.F.);
#13161 = FACE_BOUND('',#13162,.F.);
#13162 = EDGE_LOOP('',(#13163,#13164,#13165,#13166));
#13163 = ORIENTED_EDGE('',*,*,#11923,.T.);
#13164 = ORIENTED_EDGE('',*,*,#11609,.T.);
#13165 = ORIENTED_EDGE('',*,*,#13150,.F.);
#13166 = ORIENTED_EDGE('',*,*,#11840,.F.);
#13167 = PLANE('',#13168);
#13168 = AXIS2_PLACEMENT_3D('',#13169,#13170,#13171);
#13169 = CARTESIAN_POINT('',(0.95,-0.7,0.65));
#13170 = DIRECTION('',(1.,2.22044604925E-16,0.));
#13171 = DIRECTION('',(0.,0.,-1.));
#13172 = ADVANCED_FACE('',(#13173),#13183,.F.);
#13173 = FACE_BOUND('',#13174,.F.);
#13174 = EDGE_LOOP('',(#13175,#13176,#13181,#13182));
#13175 = ORIENTED_EDGE('',*,*,#11977,.T.);
#13176 = ORIENTED_EDGE('',*,*,#13177,.T.);
#13177 = EDGE_CURVE('',#11971,#12785,#13178,.T.);
#13178 = B_SPLINE_CURVE_WITH_KNOTS('',1,(#13179,#13180),.UNSPECIFIED.,
  .F.,.F.,(2,2),(0.,1.),.PIECEWISE_BEZIER_KNOTS.);
#13179 = CARTESIAN_POINT('',(0.6925,-1.425,0.9));
#13180 = CARTESIAN_POINT('',(0.646824228722,-1.333648457443,1.55));
#13181 = ORIENTED_EDGE('',*,*,#12784,.F.);
#13182 = ORIENTED_EDGE('',*,*,#12861,.F.);
#13183 = B_SPLINE_SURFACE_WITH_KNOTS('',1,1,(
    (#13184,#13185)
    ,(#13186,#13187
    )),.UNSPECIFIED.,.F.,.F.,.F.,(2,2),(2,2),(0.,0.116672618896),(0.,1.)
  ,.PIECEWISE_BEZIER_KNOTS.);
#13184 = CARTESIAN_POINT('',(0.775,-1.3425,0.9));
#13185 = CARTESIAN_POINT('',(0.683648457443,-1.296824228722,1.55));
#13186 = CARTESIAN_POINT('',(0.6925,-1.425,0.9));
#13187 = CARTESIAN_POINT('',(0.646824228722,-1.333648457443,1.55));
#13188 = ADVANCED_FACE('',(#13189),#13199,.F.);
#13189 = FACE_BOUND('',#13190,.F.);
#13190 = EDGE_LOOP('',(#13191,#13192,#13197,#13198));
#13191 = ORIENTED_EDGE('',*,*,#12000,.T.);
#13192 = ORIENTED_EDGE('',*,*,#13193,.T.);
#13193 = EDGE_CURVE('',#11994,#12793,#13194,.T.);
#13194 = B_SPLINE_CURVE_WITH_KNOTS('',1,(#13195,#13196),.UNSPECIFIED.,
  .F.,.F.,(2,2),(0.,1.),.PIECEWISE_BEZIER_KNOTS.);
#13195 = CARTESIAN_POINT('',(-0.6925,-1.425,0.9));
#13196 = CARTESIAN_POINT('',(-0.646824228722,-1.333648457443,1.55));
#13197 = ORIENTED_EDGE('',*,*,#12792,.F.);
#13198 = ORIENTED_EDGE('',*,*,#13177,.F.);
#13199 = B_SPLINE_SURFACE_WITH_KNOTS('',1,1,(
    (#13200,#13201)
    ,(#13202,#13203
    )),.UNSPECIFIED.,.F.,.F.,.F.,(2,2),(2,2),(0.,1.385),(0.,1.),
  .PIECEWISE_BEZIER_KNOTS.);
#13200 = CARTESIAN_POINT('',(0.6925,-1.425,0.9));
#13201 = CARTESIAN_POINT('',(0.646824228722,-1.333648457443,1.55));
#13202 = CARTESIAN_POINT('',(-0.6925,-1.425,0.9));
#13203 = CARTESIAN_POINT('',(-0.646824228722,-1.333648457443,1.55));
#13204 = ADVANCED_FACE('',(#13205),#13215,.F.);
#13205 = FACE_BOUND('',#13206,.F.);
#13206 = EDGE_LOOP('',(#13207,#13208,#13213,#13214));
#13207 = ORIENTED_EDGE('',*,*,#12023,.T.);
#13208 = ORIENTED_EDGE('',*,*,#13209,.T.);
#13209 = EDGE_CURVE('',#12017,#12801,#13210,.T.);
#13210 = B_SPLINE_CURVE_WITH_KNOTS('',1,(#13211,#13212),.UNSPECIFIED.,
  .F.,.F.,(2,2),(0.,1.),.PIECEWISE_BEZIER_KNOTS.);
#13211 = CARTESIAN_POINT('',(-0.775,-1.3425,0.9));
#13212 = CARTESIAN_POINT('',(-0.683648457443,-1.296824228722,1.55));
#13213 = ORIENTED_EDGE('',*,*,#12800,.F.);
#13214 = ORIENTED_EDGE('',*,*,#13193,.F.);
#13215 = B_SPLINE_SURFACE_WITH_KNOTS('',1,1,(
    (#13216,#13217)
    ,(#13218,#13219
    )),.UNSPECIFIED.,.F.,.F.,.F.,(2,2),(2,2),(0.,0.116672618896),(0.,1.)
  ,.PIECEWISE_BEZIER_KNOTS.);
#13216 = CARTESIAN_POINT('',(-0.6925,-1.425,0.9));
#13217 = CARTESIAN_POINT('',(-0.646824228722,-1.333648457443,1.55));
#13218 = CARTESIAN_POINT('',(-0.775,-1.3425,0.9));
#13219 = CARTESIAN_POINT('',(-0.683648457443,-1.296824228722,1.55));
#13220 = ADVANCED_FACE('',(#13221),#13248,.F.);
#13221 = FACE_BOUND('',#13222,.F.);
#13222 = EDGE_LOOP('',(#13223,#13224,#13230,#13231,#13237,#13238,#13244,
    #13245,#13246,#13247));
#13223 = ORIENTED_EDGE('',*,*,#12048,.T.);
#13224 = ORIENTED_EDGE('',*,*,#13225,.T.);
#13225 = EDGE_CURVE('',#12041,#12489,#13226,.T.);
#13226 = LINE('',#13227,#13228);
#13227 = CARTESIAN_POINT('',(-0.775,-1.3425,0.9));
#13228 = VECTOR('',#13229,1.);
#13229 = DIRECTION('',(-2.22044604925E-16,1.,0.));
#13230 = ORIENTED_EDGE('',*,*,#12505,.T.);
#13231 = ORIENTED_EDGE('',*,*,#13232,.T.);
#13232 = EDGE_CURVE('',#12498,#12704,#13233,.T.);
#13233 = LINE('',#13234,#13235);
#13234 = CARTESIAN_POINT('',(-0.775,-1.3425,0.9));
#13235 = VECTOR('',#13236,1.);
#13236 = DIRECTION('',(-2.22044604925E-16,1.,0.));
#13237 = ORIENTED_EDGE('',*,*,#12720,.T.);
#13238 = ORIENTED_EDGE('',*,*,#13239,.T.);
#13239 = EDGE_CURVE('',#12713,#12247,#13240,.T.);
#13240 = LINE('',#13241,#13242);
#13241 = CARTESIAN_POINT('',(-0.775,-1.3425,0.9));
#13242 = VECTOR('',#13243,1.);
#13243 = DIRECTION('',(-2.22044604925E-16,1.,0.));
#13244 = ORIENTED_EDGE('',*,*,#12256,.T.);
#13245 = ORIENTED_EDGE('',*,*,#12833,.T.);
#13246 = ORIENTED_EDGE('',*,*,#12808,.F.);
#13247 = ORIENTED_EDGE('',*,*,#13209,.F.);
#13248 = B_SPLINE_SURFACE_WITH_KNOTS('',1,1,(
    (#13249,#13250)
    ,(#13251,#13252
    )),.UNSPECIFIED.,.F.,.F.,.F.,(2,2),(2,2),(0.,2.685),(0.,1.),
  .PIECEWISE_BEZIER_KNOTS.);
#13249 = CARTESIAN_POINT('',(-0.775,-1.3425,0.9));
#13250 = CARTESIAN_POINT('',(-0.683648457443,-1.296824228722,1.55));
#13251 = CARTESIAN_POINT('',(-0.775,1.3425,0.9));
#13252 = CARTESIAN_POINT('',(-0.683648457443,1.296824228722,1.55));
#13253 = ADVANCED_FACE('',(#13254),#13267,.F.);
#13254 = FACE_BOUND('',#13255,.F.);
#13255 = EDGE_LOOP('',(#13256,#13257,#13263,#13264,#13265,#13266));
#13256 = ORIENTED_EDGE('',*,*,#12140,.F.);
#13257 = ORIENTED_EDGE('',*,*,#13258,.T.);
#13258 = EDGE_CURVE('',#12132,#12357,#13259,.T.);
#13259 = LINE('',#13260,#13261);
#13260 = CARTESIAN_POINT('',(-0.85,-1.2,0.9));
#13261 = VECTOR('',#13262,1.);
#13262 = DIRECTION('',(-9.95799250103E-17,1.,0.));
#13263 = ORIENTED_EDGE('',*,*,#12365,.T.);
#13264 = ORIENTED_EDGE('',*,*,#12488,.T.);
#13265 = ORIENTED_EDGE('',*,*,#13225,.F.);
#13266 = ORIENTED_EDGE('',*,*,#12040,.F.);
#13267 = PLANE('',#13268);
#13268 = AXIS2_PLACEMENT_3D('',#13269,#13270,#13271);
#13269 = CARTESIAN_POINT('',(-0.85,-1.2,0.9));
#13270 = DIRECTION('',(-0.,0.,-1.));
#13271 = DIRECTION('',(1.,9.95799250103E-17,0.));
#13272 = ADVANCED_FACE('',(#13273),#13284,.T.);
#13273 = FACE_BOUND('',#13274,.T.);
#13274 = EDGE_LOOP('',(#13275,#13276,#13277,#13278));
#13275 = ORIENTED_EDGE('',*,*,#12131,.T.);
#13276 = ORIENTED_EDGE('',*,*,#13258,.T.);
#13277 = ORIENTED_EDGE('',*,*,#12356,.F.);
#13278 = ORIENTED_EDGE('',*,*,#13279,.F.);
#13279 = EDGE_CURVE('',#12124,#12349,#13280,.T.);
#13280 = LINE('',#13281,#13282);
#13281 = CARTESIAN_POINT('',(-1.1,-1.2,0.65));
#13282 = VECTOR('',#13283,1.);
#13283 = DIRECTION('',(-9.95799250103E-17,1.,0.));
#13284 = CYLINDRICAL_SURFACE('',#13285,0.25);
#13285 = AXIS2_PLACEMENT_3D('',#13286,#13287,#13288);
#13286 = CARTESIAN_POINT('',(-0.85,-1.2,0.65));
#13287 = DIRECTION('',(9.95799250103E-17,-1.,-0.));
#13288 = DIRECTION('',(-1.,-9.95799250103E-17,1.33226762955E-15));
#13289 = ADVANCED_FACE('',(#13290),#13301,.F.);
#13290 = FACE_BOUND('',#13291,.F.);
#13291 = EDGE_LOOP('',(#13292,#13298,#13299,#13300));
#13292 = ORIENTED_EDGE('',*,*,#13293,.T.);
#13293 = EDGE_CURVE('',#12115,#12340,#13294,.T.);
#13294 = LINE('',#13295,#13296);
#13295 = CARTESIAN_POINT('',(-1.1,-1.2,0.25));
#13296 = VECTOR('',#13297,1.);
#13297 = DIRECTION('',(-9.95799250103E-17,1.,0.));
#13298 = ORIENTED_EDGE('',*,*,#12348,.T.);
#13299 = ORIENTED_EDGE('',*,*,#13279,.F.);
#13300 = ORIENTED_EDGE('',*,*,#12123,.F.);
#13301 = PLANE('',#13302);
#13302 = AXIS2_PLACEMENT_3D('',#13303,#13304,#13305);
#13303 = CARTESIAN_POINT('',(-1.1,-1.2,0.25));
#13304 = DIRECTION('',(1.,9.95799250103E-17,0.));
#13305 = DIRECTION('',(0.,-0.,1.));
#13306 = ADVANCED_FACE('',(#13307),#13318,.F.);
#13307 = FACE_BOUND('',#13308,.F.);
#13308 = EDGE_LOOP('',(#13309,#13315,#13316,#13317));
#13309 = ORIENTED_EDGE('',*,*,#13310,.T.);
#13310 = EDGE_CURVE('',#12107,#12332,#13311,.T.);
#13311 = LINE('',#13312,#13313);
#13312 = CARTESIAN_POINT('',(-1.2,-1.2,0.15));
#13313 = VECTOR('',#13314,1.);
#13314 = DIRECTION('',(-9.95799250103E-17,1.,0.));
#13315 = ORIENTED_EDGE('',*,*,#12339,.T.);
#13316 = ORIENTED_EDGE('',*,*,#13293,.F.);
#13317 = ORIENTED_EDGE('',*,*,#12114,.F.);
#13318 = CYLINDRICAL_SURFACE('',#13319,0.1);
#13319 = AXIS2_PLACEMENT_3D('',#13320,#13321,#13322);
#13320 = CARTESIAN_POINT('',(-1.2,-1.2,0.25));
#13321 = DIRECTION('',(9.95799250103E-17,-1.,0.));
#13322 = DIRECTION('',(0.,-0.,-1.));
#13323 = ADVANCED_FACE('',(#13324),#13335,.F.);
#13324 = FACE_BOUND('',#13325,.F.);
#13325 = EDGE_LOOP('',(#13326,#13332,#13333,#13334));
#13326 = ORIENTED_EDGE('',*,*,#13327,.T.);
#13327 = EDGE_CURVE('',#12099,#12324,#13328,.T.);
#13328 = LINE('',#13329,#13330);
#13329 = CARTESIAN_POINT('',(-1.4,-1.2,0.15));
#13330 = VECTOR('',#13331,1.);
#13331 = DIRECTION('',(-9.95799250103E-17,1.,0.));
#13332 = ORIENTED_EDGE('',*,*,#12331,.T.);
#13333 = ORIENTED_EDGE('',*,*,#13310,.F.);
#13334 = ORIENTED_EDGE('',*,*,#12106,.F.);
#13335 = PLANE('',#13336);
#13336 = AXIS2_PLACEMENT_3D('',#13337,#13338,#13339);
#13337 = CARTESIAN_POINT('',(-1.4,-1.2,0.15));
#13338 = DIRECTION('',(-0.,0.,-1.));
#13339 = DIRECTION('',(1.,9.95799250103E-17,0.));
#13340 = ADVANCED_FACE('',(#13341),#13352,.F.);
#13341 = FACE_BOUND('',#13342,.F.);
#13342 = EDGE_LOOP('',(#13343,#13349,#13350,#13351));
#13343 = ORIENTED_EDGE('',*,*,#13344,.T.);
#13344 = EDGE_CURVE('',#12091,#12316,#13345,.T.);
#13345 = LINE('',#13346,#13347);
#13346 = CARTESIAN_POINT('',(-1.4,-1.2,0.));
#13347 = VECTOR('',#13348,1.);
#13348 = DIRECTION('',(-9.95799250103E-17,1.,0.));
#13349 = ORIENTED_EDGE('',*,*,#12323,.T.);
#13350 = ORIENTED_EDGE('',*,*,#13327,.F.);
#13351 = ORIENTED_EDGE('',*,*,#12098,.F.);
#13352 = PLANE('',#13353);
#13353 = AXIS2_PLACEMENT_3D('',#13354,#13355,#13356);
#13354 = CARTESIAN_POINT('',(-1.4,-1.2,0.));
#13355 = DIRECTION('',(1.,9.95799250103E-17,0.));
#13356 = DIRECTION('',(0.,-0.,1.));
#13357 = ADVANCED_FACE('',(#13358),#13369,.F.);
#13358 = FACE_BOUND('',#13359,.F.);
#13359 = EDGE_LOOP('',(#13360,#13366,#13367,#13368));
#13360 = ORIENTED_EDGE('',*,*,#13361,.T.);
#13361 = EDGE_CURVE('',#12082,#12307,#13362,.T.);
#13362 = LINE('',#13363,#13364);
#13363 = CARTESIAN_POINT('',(-1.2,-1.2,0.));
#13364 = VECTOR('',#13365,1.);
#13365 = DIRECTION('',(-9.95799250103E-17,1.,0.));
#13366 = ORIENTED_EDGE('',*,*,#12315,.T.);
#13367 = ORIENTED_EDGE('',*,*,#13344,.F.);
#13368 = ORIENTED_EDGE('',*,*,#12090,.F.);
#13369 = PLANE('',#13370);
#13370 = AXIS2_PLACEMENT_3D('',#13371,#13372,#13373);
#13371 = CARTESIAN_POINT('',(-1.2,-1.2,0.));
#13372 = DIRECTION('',(0.,0.,1.));
#13373 = DIRECTION('',(-1.,-9.95799250103E-17,0.));
#13374 = ADVANCED_FACE('',(#13375),#13386,.T.);
#13375 = FACE_BOUND('',#13376,.T.);
#13376 = EDGE_LOOP('',(#13377,#13378,#13379,#13380));
#13377 = ORIENTED_EDGE('',*,*,#12081,.T.);
#13378 = ORIENTED_EDGE('',*,*,#13361,.T.);
#13379 = ORIENTED_EDGE('',*,*,#12306,.F.);
#13380 = ORIENTED_EDGE('',*,*,#13381,.F.);
#13381 = EDGE_CURVE('',#12074,#12299,#13382,.T.);
#13382 = LINE('',#13383,#13384);
#13383 = CARTESIAN_POINT('',(-0.95,-1.2,0.25));
#13384 = VECTOR('',#13385,1.);
#13385 = DIRECTION('',(-9.95799250103E-17,1.,0.));
#13386 = CYLINDRICAL_SURFACE('',#13387,0.25);
#13387 = AXIS2_PLACEMENT_3D('',#13388,#13389,#13390);
#13388 = CARTESIAN_POINT('',(-1.2,-1.2,0.25));
#13389 = DIRECTION('',(9.95799250103E-17,-1.,-0.));
#13390 = DIRECTION('',(1.,9.95799250103E-17,-4.440892098501E-16));
#13391 = ADVANCED_FACE('',(#13392),#13398,.F.);
#13392 = FACE_BOUND('',#13393,.F.);
#13393 = EDGE_LOOP('',(#13394,#13395,#13396,#13397));
#13394 = ORIENTED_EDGE('',*,*,#12280,.T.);
#13395 = ORIENTED_EDGE('',*,*,#12298,.T.);
#13396 = ORIENTED_EDGE('',*,*,#13381,.F.);
#13397 = ORIENTED_EDGE('',*,*,#12073,.F.);
#13398 = PLANE('',#13399);
#13399 = AXIS2_PLACEMENT_3D('',#13400,#13401,#13402);
#13400 = CARTESIAN_POINT('',(-0.95,-1.2,0.65));
#13401 = DIRECTION('',(-1.,-9.95799250103E-17,0.));
#13402 = DIRECTION('',(-0.,0.,-1.));
#13403 = ADVANCED_FACE('',(#13404),#13417,.F.);
#13404 = FACE_BOUND('',#13405,.F.);
#13405 = EDGE_LOOP('',(#13406,#13407,#13413,#13414,#13415,#13416));
#13406 = ORIENTED_EDGE('',*,*,#12457,.F.);
#13407 = ORIENTED_EDGE('',*,*,#13408,.T.);
#13408 = EDGE_CURVE('',#12449,#12224,#13409,.T.);
#13409 = LINE('',#13410,#13411);
#13410 = CARTESIAN_POINT('',(-0.85,0.7,0.9));
#13411 = VECTOR('',#13412,1.);
#13412 = DIRECTION('',(-9.95799250103E-17,1.,0.));
#13413 = ORIENTED_EDGE('',*,*,#12232,.T.);
#13414 = ORIENTED_EDGE('',*,*,#12246,.T.);
#13415 = ORIENTED_EDGE('',*,*,#13239,.F.);
#13416 = ORIENTED_EDGE('',*,*,#12712,.F.);
#13417 = PLANE('',#13418);
#13418 = AXIS2_PLACEMENT_3D('',#13419,#13420,#13421);
#13419 = CARTESIAN_POINT('',(-0.85,0.7,0.9));
#13420 = DIRECTION('',(-0.,0.,-1.));
#13421 = DIRECTION('',(1.,9.95799250103E-17,0.));
#13422 = ADVANCED_FACE('',(#13423),#13434,.T.);
#13423 = FACE_BOUND('',#13424,.T.);
#13424 = EDGE_LOOP('',(#13425,#13426,#13427,#13428));
#13425 = ORIENTED_EDGE('',*,*,#12448,.T.);
#13426 = ORIENTED_EDGE('',*,*,#13408,.T.);
#13427 = ORIENTED_EDGE('',*,*,#12223,.F.);
#13428 = ORIENTED_EDGE('',*,*,#13429,.F.);
#13429 = EDGE_CURVE('',#12441,#12216,#13430,.T.);
#13430 = LINE('',#13431,#13432);
#13431 = CARTESIAN_POINT('',(-1.1,0.7,0.65));
#13432 = VECTOR('',#13433,1.);
#13433 = DIRECTION('',(-9.95799250103E-17,1.,0.));
#13434 = CYLINDRICAL_SURFACE('',#13435,0.25);
#13435 = AXIS2_PLACEMENT_3D('',#13436,#13437,#13438);
#13436 = CARTESIAN_POINT('',(-0.85,0.7,0.65));
#13437 = DIRECTION('',(9.95799250103E-17,-1.,-0.));
#13438 = DIRECTION('',(-1.,-9.95799250103E-17,1.33226762955E-15));
#13439 = ADVANCED_FACE('',(#13440),#13451,.F.);
#13440 = FACE_BOUND('',#13441,.F.);
#13441 = EDGE_LOOP('',(#13442,#13448,#13449,#13450));
#13442 = ORIENTED_EDGE('',*,*,#13443,.T.);
#13443 = EDGE_CURVE('',#12432,#12207,#13444,.T.);
#13444 = LINE('',#13445,#13446);
#13445 = CARTESIAN_POINT('',(-1.1,0.7,0.25));
#13446 = VECTOR('',#13447,1.);
#13447 = DIRECTION('',(-9.95799250103E-17,1.,0.));
#13448 = ORIENTED_EDGE('',*,*,#12215,.T.);
#13449 = ORIENTED_EDGE('',*,*,#13429,.F.);
#13450 = ORIENTED_EDGE('',*,*,#12440,.F.);
#13451 = PLANE('',#13452);
#13452 = AXIS2_PLACEMENT_3D('',#13453,#13454,#13455);
#13453 = CARTESIAN_POINT('',(-1.1,0.7,0.25));
#13454 = DIRECTION('',(1.,9.95799250103E-17,0.));
#13455 = DIRECTION('',(0.,-0.,1.));
#13456 = ADVANCED_FACE('',(#13457),#13468,.F.);
#13457 = FACE_BOUND('',#13458,.F.);
#13458 = EDGE_LOOP('',(#13459,#13465,#13466,#13467));
#13459 = ORIENTED_EDGE('',*,*,#13460,.T.);
#13460 = EDGE_CURVE('',#12424,#12199,#13461,.T.);
#13461 = LINE('',#13462,#13463);
#13462 = CARTESIAN_POINT('',(-1.2,0.7,0.15));
#13463 = VECTOR('',#13464,1.);
#13464 = DIRECTION('',(-9.95799250103E-17,1.,0.));
#13465 = ORIENTED_EDGE('',*,*,#12206,.T.);
#13466 = ORIENTED_EDGE('',*,*,#13443,.F.);
#13467 = ORIENTED_EDGE('',*,*,#12431,.F.);
#13468 = CYLINDRICAL_SURFACE('',#13469,0.1);
#13469 = AXIS2_PLACEMENT_3D('',#13470,#13471,#13472);
#13470 = CARTESIAN_POINT('',(-1.2,0.7,0.25));
#13471 = DIRECTION('',(9.95799250103E-17,-1.,0.));
#13472 = DIRECTION('',(0.,-0.,-1.));
#13473 = ADVANCED_FACE('',(#13474),#13485,.F.);
#13474 = FACE_BOUND('',#13475,.F.);
#13475 = EDGE_LOOP('',(#13476,#13482,#13483,#13484));
#13476 = ORIENTED_EDGE('',*,*,#13477,.T.);
#13477 = EDGE_CURVE('',#12416,#12191,#13478,.T.);
#13478 = LINE('',#13479,#13480);
#13479 = CARTESIAN_POINT('',(-1.4,0.7,0.15));
#13480 = VECTOR('',#13481,1.);
#13481 = DIRECTION('',(-9.95799250103E-17,1.,0.));
#13482 = ORIENTED_EDGE('',*,*,#12198,.T.);
#13483 = ORIENTED_EDGE('',*,*,#13460,.F.);
#13484 = ORIENTED_EDGE('',*,*,#12423,.F.);
#13485 = PLANE('',#13486);
#13486 = AXIS2_PLACEMENT_3D('',#13487,#13488,#13489);
#13487 = CARTESIAN_POINT('',(-1.4,0.7,0.15));
#13488 = DIRECTION('',(-0.,0.,-1.));
#13489 = DIRECTION('',(1.,9.95799250103E-17,0.));
#13490 = ADVANCED_FACE('',(#13491),#13502,.F.);
#13491 = FACE_BOUND('',#13492,.F.);
#13492 = EDGE_LOOP('',(#13493,#13499,#13500,#13501));
#13493 = ORIENTED_EDGE('',*,*,#13494,.T.);
#13494 = EDGE_CURVE('',#12408,#12183,#13495,.T.);
#13495 = LINE('',#13496,#13497);
#13496 = CARTESIAN_POINT('',(-1.4,0.7,0.));
#13497 = VECTOR('',#13498,1.);
#13498 = DIRECTION('',(-9.95799250103E-17,1.,0.));
#13499 = ORIENTED_EDGE('',*,*,#12190,.T.);
#13500 = ORIENTED_EDGE('',*,*,#13477,.F.);
#13501 = ORIENTED_EDGE('',*,*,#12415,.F.);
#13502 = PLANE('',#13503);
#13503 = AXIS2_PLACEMENT_3D('',#13504,#13505,#13506);
#13504 = CARTESIAN_POINT('',(-1.4,0.7,0.));
#13505 = DIRECTION('',(1.,9.95799250103E-17,0.));
#13506 = DIRECTION('',(0.,-0.,1.));
#13507 = ADVANCED_FACE('',(#13508),#13519,.F.);
#13508 = FACE_BOUND('',#13509,.F.);
#13509 = EDGE_LOOP('',(#13510,#13516,#13517,#13518));
#13510 = ORIENTED_EDGE('',*,*,#13511,.T.);
#13511 = EDGE_CURVE('',#12399,#12174,#13512,.T.);
#13512 = LINE('',#13513,#13514);
#13513 = CARTESIAN_POINT('',(-1.2,0.7,0.));
#13514 = VECTOR('',#13515,1.);
#13515 = DIRECTION('',(-9.95799250103E-17,1.,0.));
#13516 = ORIENTED_EDGE('',*,*,#12182,.T.);
#13517 = ORIENTED_EDGE('',*,*,#13494,.F.);
#13518 = ORIENTED_EDGE('',*,*,#12407,.F.);
#13519 = PLANE('',#13520);
#13520 = AXIS2_PLACEMENT_3D('',#13521,#13522,#13523);
#13521 = CARTESIAN_POINT('',(-1.2,0.7,0.));
#13522 = DIRECTION('',(0.,0.,1.));
#13523 = DIRECTION('',(-1.,-9.95799250103E-17,0.));
#13524 = ADVANCED_FACE('',(#13525),#13536,.T.);
#13525 = FACE_BOUND('',#13526,.T.);
#13526 = EDGE_LOOP('',(#13527,#13528,#13529,#13530));
#13527 = ORIENTED_EDGE('',*,*,#12398,.T.);
#13528 = ORIENTED_EDGE('',*,*,#13511,.T.);
#13529 = ORIENTED_EDGE('',*,*,#12173,.F.);
#13530 = ORIENTED_EDGE('',*,*,#13531,.F.);
#13531 = EDGE_CURVE('',#12391,#12166,#13532,.T.);
#13532 = LINE('',#13533,#13534);
#13533 = CARTESIAN_POINT('',(-0.95,0.7,0.25));
#13534 = VECTOR('',#13535,1.);
#13535 = DIRECTION('',(-9.95799250103E-17,1.,0.));
#13536 = CYLINDRICAL_SURFACE('',#13537,0.25);
#13537 = AXIS2_PLACEMENT_3D('',#13538,#13539,#13540);
#13538 = CARTESIAN_POINT('',(-1.2,0.7,0.25));
#13539 = DIRECTION('',(9.95799250103E-17,-1.,-0.));
#13540 = DIRECTION('',(1.,9.95799250103E-17,-4.440892098501E-16));
#13541 = ADVANCED_FACE('',(#13542),#13548,.F.);
#13542 = FACE_BOUND('',#13543,.F.);
#13543 = EDGE_LOOP('',(#13544,#13545,#13546,#13547));
#13544 = ORIENTED_EDGE('',*,*,#12473,.T.);
#13545 = ORIENTED_EDGE('',*,*,#12165,.T.);
#13546 = ORIENTED_EDGE('',*,*,#13531,.F.);
#13547 = ORIENTED_EDGE('',*,*,#12390,.F.);
#13548 = PLANE('',#13549);
#13549 = AXIS2_PLACEMENT_3D('',#13550,#13551,#13552);
#13550 = CARTESIAN_POINT('',(-0.95,0.7,0.65));
#13551 = DIRECTION('',(-1.,-9.95799250103E-17,0.));
#13552 = DIRECTION('',(-0.,0.,-1.));
#13553 = ADVANCED_FACE('',(#13554),#13567,.F.);
#13554 = FACE_BOUND('',#13555,.F.);
#13555 = EDGE_LOOP('',(#13556,#13557,#13563,#13564,#13565,#13566));
#13556 = ORIENTED_EDGE('',*,*,#12597,.F.);
#13557 = ORIENTED_EDGE('',*,*,#13558,.T.);
#13558 = EDGE_CURVE('',#12589,#12681,#13559,.T.);
#13559 = LINE('',#13560,#13561);
#13560 = CARTESIAN_POINT('',(-0.85,-0.25,0.9));
#13561 = VECTOR('',#13562,1.);
#13562 = DIRECTION('',(-9.95799250103E-17,1.,0.));
#13563 = ORIENTED_EDGE('',*,*,#12689,.T.);
#13564 = ORIENTED_EDGE('',*,*,#12703,.T.);
#13565 = ORIENTED_EDGE('',*,*,#13232,.F.);
#13566 = ORIENTED_EDGE('',*,*,#12497,.F.);
#13567 = PLANE('',#13568);
#13568 = AXIS2_PLACEMENT_3D('',#13569,#13570,#13571);
#13569 = CARTESIAN_POINT('',(-0.85,-0.25,0.9));
#13570 = DIRECTION('',(-0.,0.,-1.));
#13571 = DIRECTION('',(1.,9.95799250103E-17,0.));
#13572 = ADVANCED_FACE('',(#13573),#13584,.T.);
#13573 = FACE_BOUND('',#13574,.T.);
#13574 = EDGE_LOOP('',(#13575,#13576,#13577,#13578));
#13575 = ORIENTED_EDGE('',*,*,#12588,.T.);
#13576 = ORIENTED_EDGE('',*,*,#13558,.T.);
#13577 = ORIENTED_EDGE('',*,*,#12680,.F.);
#13578 = ORIENTED_EDGE('',*,*,#13579,.F.);
#13579 = EDGE_CURVE('',#12581,#12673,#13580,.T.);
#13580 = LINE('',#13581,#13582);
#13581 = CARTESIAN_POINT('',(-1.1,-0.25,0.65));
#13582 = VECTOR('',#13583,1.);
#13583 = DIRECTION('',(-9.95799250103E-17,1.,0.));
#13584 = CYLINDRICAL_SURFACE('',#13585,0.25);
#13585 = AXIS2_PLACEMENT_3D('',#13586,#13587,#13588);
#13586 = CARTESIAN_POINT('',(-0.85,-0.25,0.65));
#13587 = DIRECTION('',(9.95799250103E-17,-1.,-0.));
#13588 = DIRECTION('',(-1.,-9.95799250103E-17,1.33226762955E-15));
#13589 = ADVANCED_FACE('',(#13590),#13601,.F.);
#13590 = FACE_BOUND('',#13591,.F.);
#13591 = EDGE_LOOP('',(#13592,#13598,#13599,#13600));
#13592 = ORIENTED_EDGE('',*,*,#13593,.T.);
#13593 = EDGE_CURVE('',#12572,#12664,#13594,.T.);
#13594 = LINE('',#13595,#13596);
#13595 = CARTESIAN_POINT('',(-1.1,-0.25,0.25));
#13596 = VECTOR('',#13597,1.);
#13597 = DIRECTION('',(-9.95799250103E-17,1.,0.));
#13598 = ORIENTED_EDGE('',*,*,#12672,.T.);
#13599 = ORIENTED_EDGE('',*,*,#13579,.F.);
#13600 = ORIENTED_EDGE('',*,*,#12580,.F.);
#13601 = PLANE('',#13602);
#13602 = AXIS2_PLACEMENT_3D('',#13603,#13604,#13605);
#13603 = CARTESIAN_POINT('',(-1.1,-0.25,0.25));
#13604 = DIRECTION('',(1.,9.95799250103E-17,0.));
#13605 = DIRECTION('',(0.,-0.,1.));
#13606 = ADVANCED_FACE('',(#13607),#13618,.F.);
#13607 = FACE_BOUND('',#13608,.F.);
#13608 = EDGE_LOOP('',(#13609,#13615,#13616,#13617));
#13609 = ORIENTED_EDGE('',*,*,#13610,.T.);
#13610 = EDGE_CURVE('',#12564,#12656,#13611,.T.);
#13611 = LINE('',#13612,#13613);
#13612 = CARTESIAN_POINT('',(-1.2,-0.25,0.15));
#13613 = VECTOR('',#13614,1.);
#13614 = DIRECTION('',(-9.95799250103E-17,1.,0.));
#13615 = ORIENTED_EDGE('',*,*,#12663,.T.);
#13616 = ORIENTED_EDGE('',*,*,#13593,.F.);
#13617 = ORIENTED_EDGE('',*,*,#12571,.F.);
#13618 = CYLINDRICAL_SURFACE('',#13619,0.1);
#13619 = AXIS2_PLACEMENT_3D('',#13620,#13621,#13622);
#13620 = CARTESIAN_POINT('',(-1.2,-0.25,0.25));
#13621 = DIRECTION('',(9.95799250103E-17,-1.,0.));
#13622 = DIRECTION('',(0.,-0.,-1.));
#13623 = ADVANCED_FACE('',(#13624),#13635,.F.);
#13624 = FACE_BOUND('',#13625,.F.);
#13625 = EDGE_LOOP('',(#13626,#13632,#13633,#13634));
#13626 = ORIENTED_EDGE('',*,*,#13627,.T.);
#13627 = EDGE_CURVE('',#12556,#12648,#13628,.T.);
#13628 = LINE('',#13629,#13630);
#13629 = CARTESIAN_POINT('',(-1.4,-0.25,0.15));
#13630 = VECTOR('',#13631,1.);
#13631 = DIRECTION('',(-9.95799250103E-17,1.,0.));
#13632 = ORIENTED_EDGE('',*,*,#12655,.T.);
#13633 = ORIENTED_EDGE('',*,*,#13610,.F.);
#13634 = ORIENTED_EDGE('',*,*,#12563,.F.);
#13635 = PLANE('',#13636);
#13636 = AXIS2_PLACEMENT_3D('',#13637,#13638,#13639);
#13637 = CARTESIAN_POINT('',(-1.4,-0.25,0.15));
#13638 = DIRECTION('',(-0.,0.,-1.));
#13639 = DIRECTION('',(1.,9.95799250103E-17,0.));
#13640 = ADVANCED_FACE('',(#13641),#13652,.F.);
#13641 = FACE_BOUND('',#13642,.F.);
#13642 = EDGE_LOOP('',(#13643,#13649,#13650,#13651));
#13643 = ORIENTED_EDGE('',*,*,#13644,.T.);
#13644 = EDGE_CURVE('',#12548,#12640,#13645,.T.);
#13645 = LINE('',#13646,#13647);
#13646 = CARTESIAN_POINT('',(-1.4,-0.25,0.));
#13647 = VECTOR('',#13648,1.);
#13648 = DIRECTION('',(-9.95799250103E-17,1.,0.));
#13649 = ORIENTED_EDGE('',*,*,#12647,.T.);
#13650 = ORIENTED_EDGE('',*,*,#13627,.F.);
#13651 = ORIENTED_EDGE('',*,*,#12555,.F.);
#13652 = PLANE('',#13653);
#13653 = AXIS2_PLACEMENT_3D('',#13654,#13655,#13656);
#13654 = CARTESIAN_POINT('',(-1.4,-0.25,0.));
#13655 = DIRECTION('',(1.,9.95799250103E-17,0.));
#13656 = DIRECTION('',(0.,-0.,1.));
#13657 = ADVANCED_FACE('',(#13658),#13669,.F.);
#13658 = FACE_BOUND('',#13659,.F.);
#13659 = EDGE_LOOP('',(#13660,#13666,#13667,#13668));
#13660 = ORIENTED_EDGE('',*,*,#13661,.T.);
#13661 = EDGE_CURVE('',#12539,#12631,#13662,.T.);
#13662 = LINE('',#13663,#13664);
#13663 = CARTESIAN_POINT('',(-1.2,-0.25,0.));
#13664 = VECTOR('',#13665,1.);
#13665 = DIRECTION('',(-9.95799250103E-17,1.,0.));
#13666 = ORIENTED_EDGE('',*,*,#12639,.T.);
#13667 = ORIENTED_EDGE('',*,*,#13644,.F.);
#13668 = ORIENTED_EDGE('',*,*,#12547,.F.);
#13669 = PLANE('',#13670);
#13670 = AXIS2_PLACEMENT_3D('',#13671,#13672,#13673);
#13671 = CARTESIAN_POINT('',(-1.2,-0.25,0.));
#13672 = DIRECTION('',(0.,0.,1.));
#13673 = DIRECTION('',(-1.,-9.95799250103E-17,0.));
#13674 = ADVANCED_FACE('',(#13675),#13686,.T.);
#13675 = FACE_BOUND('',#13676,.T.);
#13676 = EDGE_LOOP('',(#13677,#13678,#13679,#13680));
#13677 = ORIENTED_EDGE('',*,*,#12538,.T.);
#13678 = ORIENTED_EDGE('',*,*,#13661,.T.);
#13679 = ORIENTED_EDGE('',*,*,#12630,.F.);
#13680 = ORIENTED_EDGE('',*,*,#13681,.F.);
#13681 = EDGE_CURVE('',#12531,#12623,#13682,.T.);
#13682 = LINE('',#13683,#13684);
#13683 = CARTESIAN_POINT('',(-0.95,-0.25,0.25));
#13684 = VECTOR('',#13685,1.);
#13685 = DIRECTION('',(-9.95799250103E-17,1.,0.));
#13686 = CYLINDRICAL_SURFACE('',#13687,0.25);
#13687 = AXIS2_PLACEMENT_3D('',#13688,#13689,#13690);
#13688 = CARTESIAN_POINT('',(-1.2,-0.25,0.25));
#13689 = DIRECTION('',(9.95799250103E-17,-1.,-0.));
#13690 = DIRECTION('',(1.,9.95799250103E-17,-4.440892098501E-16));
#13691 = ADVANCED_FACE('',(#13692),#13698,.F.);
#13692 = FACE_BOUND('',#13693,.F.);
#13693 = EDGE_LOOP('',(#13694,#13695,#13696,#13697));
#13694 = ORIENTED_EDGE('',*,*,#12736,.T.);
#13695 = ORIENTED_EDGE('',*,*,#12622,.T.);
#13696 = ORIENTED_EDGE('',*,*,#13681,.F.);
#13697 = ORIENTED_EDGE('',*,*,#12530,.F.);
#13698 = PLANE('',#13699);
#13699 = AXIS2_PLACEMENT_3D('',#13700,#13701,#13702);
#13700 = CARTESIAN_POINT('',(-0.95,-0.25,0.65));
#13701 = DIRECTION('',(-1.,-9.95799250103E-17,0.));
#13702 = DIRECTION('',(-0.,0.,-1.));
#13703 = ( GEOMETRIC_REPRESENTATION_CONTEXT(3) 
GLOBAL_UNCERTAINTY_ASSIGNED_CONTEXT((#13707)) 
GLOBAL_UNIT_ASSIGNED_CONTEXT((#13704,#13705,#13706)) 
REPRESENTATION_CONTEXT('Context #1',
  '3D Context with UNIT and UNCERTAINTY') );
#13704 = ( LENGTH_UNIT() NAMED_UNIT(*) SI_UNIT(.MILLI.,.METRE.) );
#13705 = ( NAMED_UNIT(*) PLANE_ANGLE_UNIT() SI_UNIT($,.RADIAN.) );
#13706 = ( NAMED_UNIT(*) SI_UNIT($,.STERADIAN.) SOLID_ANGLE_UNIT() );
#13707 = UNCERTAINTY_MEASURE_WITH_UNIT(LENGTH_MEASURE(2.E-06),#13704,
  'distance_accuracy_value','confusion accuracy');
#13708 = CONTEXT_DEPENDENT_SHAPE_REPRESENTATION(#13709,#13711);
#13709 = ( REPRESENTATION_RELATIONSHIP('','',#10541,#10518) 
REPRESENTATION_RELATIONSHIP_WITH_TRANSFORMATION(#13710) 
SHAPE_REPRESENTATION_RELATIONSHIP() );
#13710 = ITEM_DEFINED_TRANSFORMATION('','',#11,#10519);
#13711 = PRODUCT_DEFINITION_SHAPE('Placement','Placement of an item',
  #13712);
#13712 = NEXT_ASSEMBLY_USAGE_OCCURRENCE('13','=>[0:1:1:13]','',#10513,
  #10536,$);
#13713 = PRODUCT_RELATED_PRODUCT_CATEGORY('part',$,(#10538));
#13714 = CONTEXT_DEPENDENT_SHAPE_REPRESENTATION(#13715,#13717);
#13715 = ( REPRESENTATION_RELATIONSHIP('','',#1641,#10) 
REPRESENTATION_RELATIONSHIP_WITH_TRANSFORMATION(#13716) 
SHAPE_REPRESENTATION_RELATIONSHIP() );
#13716 = ITEM_DEFINED_TRANSFORMATION('','',#11,#47);
#13717 = PRODUCT_DEFINITION_SHAPE('Placement','Placement of an item',
  #13718);
#13718 = NEXT_ASSEMBLY_USAGE_OCCURRENCE('15','R3','',#5,#1636,$);
#13719 = CONTEXT_DEPENDENT_SHAPE_REPRESENTATION(#13720,#13722);
#13720 = ( REPRESENTATION_RELATIONSHIP('','',#1641,#10) 
REPRESENTATION_RELATIONSHIP_WITH_TRANSFORMATION(#13721) 
SHAPE_REPRESENTATION_RELATIONSHIP() );
#13721 = ITEM_DEFINED_TRANSFORMATION('','',#11,#51);
#13722 = PRODUCT_DEFINITION_SHAPE('Placement','Placement of an item',
  #13723);
#13723 = NEXT_ASSEMBLY_USAGE_OCCURRENCE('16','R10','',#5,#1636,$);
#13724 = CONTEXT_DEPENDENT_SHAPE_REPRESENTATION(#13725,#13727);
#13725 = ( REPRESENTATION_RELATIONSHIP('','',#1641,#10) 
REPRESENTATION_RELATIONSHIP_WITH_TRANSFORMATION(#13726) 
SHAPE_REPRESENTATION_RELATIONSHIP() );
#13726 = ITEM_DEFINED_TRANSFORMATION('','',#11,#55);
#13727 = PRODUCT_DEFINITION_SHAPE('Placement','Placement of an item',
  #13728);
#13728 = NEXT_ASSEMBLY_USAGE_OCCURRENCE('17','R1','',#5,#1636,$);
#13729 = SHAPE_DEFINITION_REPRESENTATION(#13730,#13736);
#13730 = PRODUCT_DEFINITION_SHAPE('','',#13731);
#13731 = PRODUCT_DEFINITION('design','',#13732,#13735);
#13732 = PRODUCT_DEFINITION_FORMATION('','',#13733);
#13733 = PRODUCT('kibot_szv15d0n_PCB','kibot_szv15d0n_PCB','',(#13734));
#13734 = PRODUCT_CONTEXT('',#2,'mechanical');
#13735 = PRODUCT_DEFINITION_CONTEXT('part definition',#2,'design');
#13736 = ADVANCED_BREP_SHAPE_REPRESENTATION('',(#11,#13737),#14676);
#13737 = MANIFOLD_SOLID_BREP('',#13738);
#13738 = CLOSED_SHELL('',(#13739,#13779,#14009,#14034,#14256,#14273,
    #14290,#14307,#14324,#14341,#14358,#14375,#14392,#14409,#14426,
    #14443,#14460,#14477,#14494,#14511,#14528,#14540,#14562,#14579,
    #14596,#14613,#14630,#14647,#14664));
#13739 = ADVANCED_FACE('',(#13740),#13774,.T.);
#13740 = FACE_BOUND('',#13741,.T.);
#13741 = EDGE_LOOP('',(#13742,#13752,#13760,#13768));
#13742 = ORIENTED_EDGE('',*,*,#13743,.F.);
#13743 = EDGE_CURVE('',#13744,#13746,#13748,.T.);
#13744 = VERTEX_POINT('',#13745);
#13745 = CARTESIAN_POINT('',(30.,-0.,0.));
#13746 = VERTEX_POINT('',#13747);
#13747 = CARTESIAN_POINT('',(24.,0.,0.));
#13748 = LINE('',#13749,#13750);
#13749 = CARTESIAN_POINT('',(30.,-0.,0.));
#13750 = VECTOR('',#13751,1.);
#13751 = DIRECTION('',(-1.,0.,0.));
#13752 = ORIENTED_EDGE('',*,*,#13753,.T.);
#13753 = EDGE_CURVE('',#13744,#13754,#13756,.T.);
#13754 = VERTEX_POINT('',#13755);
#13755 = CARTESIAN_POINT('',(30.,0.,0.89));
#13756 = LINE('',#13757,#13758);
#13757 = CARTESIAN_POINT('',(30.,-0.,0.));
#13758 = VECTOR('',#13759,1.);
#13759 = DIRECTION('',(0.,0.,1.));
#13760 = ORIENTED_EDGE('',*,*,#13761,.T.);
#13761 = EDGE_CURVE('',#13754,#13762,#13764,.T.);
#13762 = VERTEX_POINT('',#13763);
#13763 = CARTESIAN_POINT('',(24.,0.,0.89));
#13764 = LINE('',#13765,#13766);
#13765 = CARTESIAN_POINT('',(30.,0.,0.89));
#13766 = VECTOR('',#13767,1.);
#13767 = DIRECTION('',(-1.,0.,0.));
#13768 = ORIENTED_EDGE('',*,*,#13769,.T.);
#13769 = EDGE_CURVE('',#13762,#13746,#13770,.T.);
#13770 = LINE('',#13771,#13772);
#13771 = CARTESIAN_POINT('',(24.,0.,-4.5E-02));
#13772 = VECTOR('',#13773,1.);
#13773 = DIRECTION('',(-0.,-0.,-1.));
#13774 = PLANE('',#13775);
#13775 = AXIS2_PLACEMENT_3D('',#13776,#13777,#13778);
#13776 = CARTESIAN_POINT('',(30.,0.,0.));
#13777 = DIRECTION('',(0.,-1.,0.));
#13778 = DIRECTION('',(-1.,0.,0.));
#13779 = ADVANCED_FACE('',(#13780,#13934),#14004,.F.);
#13780 = FACE_BOUND('',#13781,.F.);
#13781 = EDGE_LOOP('',(#13782,#13783,#13791,#13799,#13808,#13817,#13825,
    #13834,#13843,#13851,#13860,#13869,#13877,#13885,#13893,#13902,
    #13910,#13919,#13927));
#13782 = ORIENTED_EDGE('',*,*,#13743,.F.);
#13783 = ORIENTED_EDGE('',*,*,#13784,.F.);
#13784 = EDGE_CURVE('',#13785,#13744,#13787,.T.);
#13785 = VERTEX_POINT('',#13786);
#13786 = CARTESIAN_POINT('',(30.,15.,0.));
#13787 = LINE('',#13788,#13789);
#13788 = CARTESIAN_POINT('',(30.,15.,0.));
#13789 = VECTOR('',#13790,1.);
#13790 = DIRECTION('',(0.,-1.,0.));
#13791 = ORIENTED_EDGE('',*,*,#13792,.F.);
#13792 = EDGE_CURVE('',#13793,#13785,#13795,.T.);
#13793 = VERTEX_POINT('',#13794);
#13794 = CARTESIAN_POINT('',(24.,15.,0.));
#13795 = LINE('',#13796,#13797);
#13796 = CARTESIAN_POINT('',(0.,15.,0.));
#13797 = VECTOR('',#13798,1.);
#13798 = DIRECTION('',(1.,0.,0.));
#13799 = ORIENTED_EDGE('',*,*,#13800,.T.);
#13800 = EDGE_CURVE('',#13793,#13801,#13803,.T.);
#13801 = VERTEX_POINT('',#13802);
#13802 = CARTESIAN_POINT('',(22.5,13.5,0.));
#13803 = CIRCLE('',#13804,1.5);
#13804 = AXIS2_PLACEMENT_3D('',#13805,#13806,#13807);
#13805 = CARTESIAN_POINT('',(22.5,15.,0.));
#13806 = DIRECTION('',(-0.,0.,-1.));
#13807 = DIRECTION('',(-0.,-1.,0.));
#13808 = ORIENTED_EDGE('',*,*,#13809,.T.);
#13809 = EDGE_CURVE('',#13801,#13810,#13812,.T.);
#13810 = VERTEX_POINT('',#13811);
#13811 = CARTESIAN_POINT('',(21.,15.,0.));
#13812 = CIRCLE('',#13813,1.5);
#13813 = AXIS2_PLACEMENT_3D('',#13814,#13815,#13816);
#13814 = CARTESIAN_POINT('',(22.5,15.,0.));
#13815 = DIRECTION('',(-0.,0.,-1.));
#13816 = DIRECTION('',(-0.,-1.,0.));
#13817 = ORIENTED_EDGE('',*,*,#13818,.F.);
#13818 = EDGE_CURVE('',#13819,#13810,#13821,.T.);
#13819 = VERTEX_POINT('',#13820);
#13820 = CARTESIAN_POINT('',(14.,15.,0.));
#13821 = LINE('',#13822,#13823);
#13822 = CARTESIAN_POINT('',(0.,15.,0.));
#13823 = VECTOR('',#13824,1.);
#13824 = DIRECTION('',(1.,0.,0.));
#13825 = ORIENTED_EDGE('',*,*,#13826,.T.);
#13826 = EDGE_CURVE('',#13819,#13827,#13829,.T.);
#13827 = VERTEX_POINT('',#13828);
#13828 = CARTESIAN_POINT('',(12.5,13.5,0.));
#13829 = CIRCLE('',#13830,1.5);
#13830 = AXIS2_PLACEMENT_3D('',#13831,#13832,#13833);
#13831 = CARTESIAN_POINT('',(12.5,15.,0.));
#13832 = DIRECTION('',(-0.,0.,-1.));
#13833 = DIRECTION('',(-0.,-1.,0.));
#13834 = ORIENTED_EDGE('',*,*,#13835,.T.);
#13835 = EDGE_CURVE('',#13827,#13836,#13838,.T.);
#13836 = VERTEX_POINT('',#13837);
#13837 = CARTESIAN_POINT('',(11.,15.,0.));
#13838 = CIRCLE('',#13839,1.5);
#13839 = AXIS2_PLACEMENT_3D('',#13840,#13841,#13842);
#13840 = CARTESIAN_POINT('',(12.5,15.,0.));
#13841 = DIRECTION('',(-0.,0.,-1.));
#13842 = DIRECTION('',(-0.,-1.,0.));
#13843 = ORIENTED_EDGE('',*,*,#13844,.F.);
#13844 = EDGE_CURVE('',#13845,#13836,#13847,.T.);
#13845 = VERTEX_POINT('',#13846);
#13846 = CARTESIAN_POINT('',(4.,15.,0.));
#13847 = LINE('',#13848,#13849);
#13848 = CARTESIAN_POINT('',(0.,15.,0.));
#13849 = VECTOR('',#13850,1.);
#13850 = DIRECTION('',(1.,0.,0.));
#13851 = ORIENTED_EDGE('',*,*,#13852,.T.);
#13852 = EDGE_CURVE('',#13845,#13853,#13855,.T.);
#13853 = VERTEX_POINT('',#13854);
#13854 = CARTESIAN_POINT('',(2.5,13.5,0.));
#13855 = CIRCLE('',#13856,1.5);
#13856 = AXIS2_PLACEMENT_3D('',#13857,#13858,#13859);
#13857 = CARTESIAN_POINT('',(2.5,15.,0.));
#13858 = DIRECTION('',(-0.,0.,-1.));
#13859 = DIRECTION('',(-0.,-1.,0.));
#13860 = ORIENTED_EDGE('',*,*,#13861,.T.);
#13861 = EDGE_CURVE('',#13853,#13862,#13864,.T.);
#13862 = VERTEX_POINT('',#13863);
#13863 = CARTESIAN_POINT('',(1.,15.,0.));
#13864 = CIRCLE('',#13865,1.5);
#13865 = AXIS2_PLACEMENT_3D('',#13866,#13867,#13868);
#13866 = CARTESIAN_POINT('',(2.5,15.,0.));
#13867 = DIRECTION('',(-0.,0.,-1.));
#13868 = DIRECTION('',(-0.,-1.,0.));
#13869 = ORIENTED_EDGE('',*,*,#13870,.F.);
#13870 = EDGE_CURVE('',#13871,#13862,#13873,.T.);
#13871 = VERTEX_POINT('',#13872);
#13872 = CARTESIAN_POINT('',(0.,15.,0.));
#13873 = LINE('',#13874,#13875);
#13874 = CARTESIAN_POINT('',(0.,15.,0.));
#13875 = VECTOR('',#13876,1.);
#13876 = DIRECTION('',(1.,0.,0.));
#13877 = ORIENTED_EDGE('',*,*,#13878,.F.);
#13878 = EDGE_CURVE('',#13879,#13871,#13881,.T.);
#13879 = VERTEX_POINT('',#13880);
#13880 = CARTESIAN_POINT('',(0.,-0.,0.));
#13881 = LINE('',#13882,#13883);
#13882 = CARTESIAN_POINT('',(0.,-0.,0.));
#13883 = VECTOR('',#13884,1.);
#13884 = DIRECTION('',(0.,1.,0.));
#13885 = ORIENTED_EDGE('',*,*,#13886,.F.);
#13886 = EDGE_CURVE('',#13887,#13879,#13889,.T.);
#13887 = VERTEX_POINT('',#13888);
#13888 = CARTESIAN_POINT('',(1.,0.,0.));
#13889 = LINE('',#13890,#13891);
#13890 = CARTESIAN_POINT('',(30.,-0.,0.));
#13891 = VECTOR('',#13892,1.);
#13892 = DIRECTION('',(-1.,0.,0.));
#13893 = ORIENTED_EDGE('',*,*,#13894,.T.);
#13894 = EDGE_CURVE('',#13887,#13895,#13897,.T.);
#13895 = VERTEX_POINT('',#13896);
#13896 = CARTESIAN_POINT('',(4.,0.,0.));
#13897 = CIRCLE('',#13898,1.5);
#13898 = AXIS2_PLACEMENT_3D('',#13899,#13900,#13901);
#13899 = CARTESIAN_POINT('',(2.5,2.775557561563E-16,0.));
#13900 = DIRECTION('',(-0.,0.,-1.));
#13901 = DIRECTION('',(-0.,-1.,0.));
#13902 = ORIENTED_EDGE('',*,*,#13903,.F.);
#13903 = EDGE_CURVE('',#13904,#13895,#13906,.T.);
#13904 = VERTEX_POINT('',#13905);
#13905 = CARTESIAN_POINT('',(11.,0.,0.));
#13906 = LINE('',#13907,#13908);
#13907 = CARTESIAN_POINT('',(30.,-0.,0.));
#13908 = VECTOR('',#13909,1.);
#13909 = DIRECTION('',(-1.,0.,0.));
#13910 = ORIENTED_EDGE('',*,*,#13911,.T.);
#13911 = EDGE_CURVE('',#13904,#13912,#13914,.T.);
#13912 = VERTEX_POINT('',#13913);
#13913 = CARTESIAN_POINT('',(14.,0.,0.));
#13914 = CIRCLE('',#13915,1.5);
#13915 = AXIS2_PLACEMENT_3D('',#13916,#13917,#13918);
#13916 = CARTESIAN_POINT('',(12.5,2.775557561563E-16,0.));
#13917 = DIRECTION('',(-0.,0.,-1.));
#13918 = DIRECTION('',(-0.,-1.,0.));
#13919 = ORIENTED_EDGE('',*,*,#13920,.F.);
#13920 = EDGE_CURVE('',#13921,#13912,#13923,.T.);
#13921 = VERTEX_POINT('',#13922);
#13922 = CARTESIAN_POINT('',(21.,0.,0.));
#13923 = LINE('',#13924,#13925);
#13924 = CARTESIAN_POINT('',(30.,-0.,0.));
#13925 = VECTOR('',#13926,1.);
#13926 = DIRECTION('',(-1.,0.,0.));
#13927 = ORIENTED_EDGE('',*,*,#13928,.T.);
#13928 = EDGE_CURVE('',#13921,#13746,#13929,.T.);
#13929 = CIRCLE('',#13930,1.5);
#13930 = AXIS2_PLACEMENT_3D('',#13931,#13932,#13933);
#13931 = CARTESIAN_POINT('',(22.5,2.775557561563E-16,0.));
#13932 = DIRECTION('',(-0.,0.,-1.));
#13933 = DIRECTION('',(-0.,-1.,0.));
#13934 = FACE_BOUND('',#13935,.F.);
#13935 = EDGE_LOOP('',(#13936,#13947,#13955,#13964,#13972,#13981,#13989,
    #13998));
#13936 = ORIENTED_EDGE('',*,*,#13937,.F.);
#13937 = EDGE_CURVE('',#13938,#13940,#13942,.T.);
#13938 = VERTEX_POINT('',#13939);
#13939 = CARTESIAN_POINT('',(7.7,14.,0.));
#13940 = VERTEX_POINT('',#13941);
#13941 = CARTESIAN_POINT('',(7.4,13.7,0.));
#13942 = CIRCLE('',#13943,0.300000117299);
#13943 = AXIS2_PLACEMENT_3D('',#13944,#13945,#13946);
#13944 = CARTESIAN_POINT('',(7.700000117299,13.699999882701,0.));
#13945 = DIRECTION('',(0.,0.,1.));
#13946 = DIRECTION('',(-3.909953616065E-07,1.,0.));
#13947 = ORIENTED_EDGE('',*,*,#13948,.F.);
#13948 = EDGE_CURVE('',#13949,#13938,#13951,.T.);
#13949 = VERTEX_POINT('',#13950);
#13950 = CARTESIAN_POINT('',(9.3,14.,0.));
#13951 = LINE('',#13952,#13953);
#13952 = CARTESIAN_POINT('',(9.3,14.,0.));
#13953 = VECTOR('',#13954,1.);
#13954 = DIRECTION('',(-1.,0.,0.));
#13955 = ORIENTED_EDGE('',*,*,#13956,.F.);
#13956 = EDGE_CURVE('',#13957,#13949,#13959,.T.);
#13957 = VERTEX_POINT('',#13958);
#13958 = CARTESIAN_POINT('',(9.6,13.7,0.));
#13959 = CIRCLE('',#13960,0.300000117299);
#13960 = AXIS2_PLACEMENT_3D('',#13961,#13962,#13963);
#13961 = CARTESIAN_POINT('',(9.299999882701,13.699999882701,0.));
#13962 = DIRECTION('',(0.,0.,1.));
#13963 = DIRECTION('',(1.,3.909953616065E-07,-0.));
#13964 = ORIENTED_EDGE('',*,*,#13965,.F.);
#13965 = EDGE_CURVE('',#13966,#13957,#13968,.T.);
#13966 = VERTEX_POINT('',#13967);
#13967 = CARTESIAN_POINT('',(9.6,12.3,0.));
#13968 = LINE('',#13969,#13970);
#13969 = CARTESIAN_POINT('',(9.6,12.3,0.));
#13970 = VECTOR('',#13971,1.);
#13971 = DIRECTION('',(0.,1.,0.));
#13972 = ORIENTED_EDGE('',*,*,#13973,.F.);
#13973 = EDGE_CURVE('',#13974,#13966,#13976,.T.);
#13974 = VERTEX_POINT('',#13975);
#13975 = CARTESIAN_POINT('',(9.3,12.,0.));
#13976 = CIRCLE('',#13977,0.300000117299);
#13977 = AXIS2_PLACEMENT_3D('',#13978,#13979,#13980);
#13978 = CARTESIAN_POINT('',(9.299999882701,12.300000117299,0.));
#13979 = DIRECTION('',(0.,0.,1.));
#13980 = DIRECTION('',(3.909953734488E-07,-1.,0.));
#13981 = ORIENTED_EDGE('',*,*,#13982,.F.);
#13982 = EDGE_CURVE('',#13983,#13974,#13985,.T.);
#13983 = VERTEX_POINT('',#13984);
#13984 = CARTESIAN_POINT('',(7.7,12.,0.));
#13985 = LINE('',#13986,#13987);
#13986 = CARTESIAN_POINT('',(7.7,12.,0.));
#13987 = VECTOR('',#13988,1.);
#13988 = DIRECTION('',(1.,0.,0.));
#13989 = ORIENTED_EDGE('',*,*,#13990,.F.);
#13990 = EDGE_CURVE('',#13991,#13983,#13993,.T.);
#13991 = VERTEX_POINT('',#13992);
#13992 = CARTESIAN_POINT('',(7.4,12.3,0.));
#13993 = CIRCLE('',#13994,0.300000117299);
#13994 = AXIS2_PLACEMENT_3D('',#13995,#13996,#13997);
#13995 = CARTESIAN_POINT('',(7.700000117299,12.300000117299,0.));
#13996 = DIRECTION('',(0.,0.,1.));
#13997 = DIRECTION('',(-1.,-3.909953556853E-07,0.));
#13998 = ORIENTED_EDGE('',*,*,#13999,.F.);
#13999 = EDGE_CURVE('',#13940,#13991,#14000,.T.);
#14000 = LINE('',#14001,#14002);
#14001 = CARTESIAN_POINT('',(7.4,13.7,0.));
#14002 = VECTOR('',#14003,1.);
#14003 = DIRECTION('',(0.,-1.,0.));
#14004 = PLANE('',#14005);
#14005 = AXIS2_PLACEMENT_3D('',#14006,#14007,#14008);
#14006 = CARTESIAN_POINT('',(0.,0.,0.));
#14007 = DIRECTION('',(0.,0.,1.));
#14008 = DIRECTION('',(1.,0.,-0.));
#14009 = ADVANCED_FACE('',(#14010),#14029,.F.);
#14010 = FACE_BOUND('',#14011,.T.);
#14011 = EDGE_LOOP('',(#14012,#14013,#14022,#14028));
#14012 = ORIENTED_EDGE('',*,*,#13769,.F.);
#14013 = ORIENTED_EDGE('',*,*,#14014,.F.);
#14014 = EDGE_CURVE('',#14015,#13762,#14017,.T.);
#14015 = VERTEX_POINT('',#14016);
#14016 = CARTESIAN_POINT('',(21.,0.,0.89));
#14017 = CIRCLE('',#14018,1.5);
#14018 = AXIS2_PLACEMENT_3D('',#14019,#14020,#14021);
#14019 = CARTESIAN_POINT('',(22.5,2.775557561563E-16,0.89));
#14020 = DIRECTION('',(-0.,0.,-1.));
#14021 = DIRECTION('',(-0.,-1.,0.));
#14022 = ORIENTED_EDGE('',*,*,#14023,.T.);
#14023 = EDGE_CURVE('',#14015,#13921,#14024,.T.);
#14024 = LINE('',#14025,#14026);
#14025 = CARTESIAN_POINT('',(21.,0.,-4.5E-02));
#14026 = VECTOR('',#14027,1.);
#14027 = DIRECTION('',(-0.,-0.,-1.));
#14028 = ORIENTED_EDGE('',*,*,#13928,.T.);
#14029 = CYLINDRICAL_SURFACE('',#14030,1.5);
#14030 = AXIS2_PLACEMENT_3D('',#14031,#14032,#14033);
#14031 = CARTESIAN_POINT('',(22.5,2.775557561563E-16,-4.5E-02));
#14032 = DIRECTION('',(-0.,-0.,-1.));
#14033 = DIRECTION('',(-0.,-1.,0.));
#14034 = ADVANCED_FACE('',(#14035,#14181),#14251,.T.);
#14035 = FACE_BOUND('',#14036,.T.);
#14036 = EDGE_LOOP('',(#14037,#14038,#14046,#14054,#14063,#14072,#14080,
    #14089,#14098,#14106,#14115,#14124,#14132,#14140,#14148,#14157,
    #14165,#14174,#14180));
#14037 = ORIENTED_EDGE('',*,*,#13761,.F.);
#14038 = ORIENTED_EDGE('',*,*,#14039,.F.);
#14039 = EDGE_CURVE('',#14040,#13754,#14042,.T.);
#14040 = VERTEX_POINT('',#14041);
#14041 = CARTESIAN_POINT('',(30.,15.,0.89));
#14042 = LINE('',#14043,#14044);
#14043 = CARTESIAN_POINT('',(30.,15.,0.89));
#14044 = VECTOR('',#14045,1.);
#14045 = DIRECTION('',(0.,-1.,0.));
#14046 = ORIENTED_EDGE('',*,*,#14047,.F.);
#14047 = EDGE_CURVE('',#14048,#14040,#14050,.T.);
#14048 = VERTEX_POINT('',#14049);
#14049 = CARTESIAN_POINT('',(24.,15.,0.89));
#14050 = LINE('',#14051,#14052);
#14051 = CARTESIAN_POINT('',(0.,15.,0.89));
#14052 = VECTOR('',#14053,1.);
#14053 = DIRECTION('',(1.,0.,0.));
#14054 = ORIENTED_EDGE('',*,*,#14055,.T.);
#14055 = EDGE_CURVE('',#14048,#14056,#14058,.T.);
#14056 = VERTEX_POINT('',#14057);
#14057 = CARTESIAN_POINT('',(22.5,13.5,0.89));
#14058 = CIRCLE('',#14059,1.5);
#14059 = AXIS2_PLACEMENT_3D('',#14060,#14061,#14062);
#14060 = CARTESIAN_POINT('',(22.5,15.,0.89));
#14061 = DIRECTION('',(-0.,0.,-1.));
#14062 = DIRECTION('',(-0.,-1.,0.));
#14063 = ORIENTED_EDGE('',*,*,#14064,.T.);
#14064 = EDGE_CURVE('',#14056,#14065,#14067,.T.);
#14065 = VERTEX_POINT('',#14066);
#14066 = CARTESIAN_POINT('',(21.,15.,0.89));
#14067 = CIRCLE('',#14068,1.5);
#14068 = AXIS2_PLACEMENT_3D('',#14069,#14070,#14071);
#14069 = CARTESIAN_POINT('',(22.5,15.,0.89));
#14070 = DIRECTION('',(-0.,0.,-1.));
#14071 = DIRECTION('',(-0.,-1.,0.));
#14072 = ORIENTED_EDGE('',*,*,#14073,.F.);
#14073 = EDGE_CURVE('',#14074,#14065,#14076,.T.);
#14074 = VERTEX_POINT('',#14075);
#14075 = CARTESIAN_POINT('',(14.,15.,0.89));
#14076 = LINE('',#14077,#14078);
#14077 = CARTESIAN_POINT('',(0.,15.,0.89));
#14078 = VECTOR('',#14079,1.);
#14079 = DIRECTION('',(1.,0.,0.));
#14080 = ORIENTED_EDGE('',*,*,#14081,.T.);
#14081 = EDGE_CURVE('',#14074,#14082,#14084,.T.);
#14082 = VERTEX_POINT('',#14083);
#14083 = CARTESIAN_POINT('',(12.5,13.5,0.89));
#14084 = CIRCLE('',#14085,1.5);
#14085 = AXIS2_PLACEMENT_3D('',#14086,#14087,#14088);
#14086 = CARTESIAN_POINT('',(12.5,15.,0.89));
#14087 = DIRECTION('',(-0.,0.,-1.));
#14088 = DIRECTION('',(-0.,-1.,0.));
#14089 = ORIENTED_EDGE('',*,*,#14090,.T.);
#14090 = EDGE_CURVE('',#14082,#14091,#14093,.T.);
#14091 = VERTEX_POINT('',#14092);
#14092 = CARTESIAN_POINT('',(11.,15.,0.89));
#14093 = CIRCLE('',#14094,1.5);
#14094 = AXIS2_PLACEMENT_3D('',#14095,#14096,#14097);
#14095 = CARTESIAN_POINT('',(12.5,15.,0.89));
#14096 = DIRECTION('',(-0.,0.,-1.));
#14097 = DIRECTION('',(-0.,-1.,0.));
#14098 = ORIENTED_EDGE('',*,*,#14099,.F.);
#14099 = EDGE_CURVE('',#14100,#14091,#14102,.T.);
#14100 = VERTEX_POINT('',#14101);
#14101 = CARTESIAN_POINT('',(4.,15.,0.89));
#14102 = LINE('',#14103,#14104);
#14103 = CARTESIAN_POINT('',(0.,15.,0.89));
#14104 = VECTOR('',#14105,1.);
#14105 = DIRECTION('',(1.,0.,0.));
#14106 = ORIENTED_EDGE('',*,*,#14107,.T.);
#14107 = EDGE_CURVE('',#14100,#14108,#14110,.T.);
#14108 = VERTEX_POINT('',#14109);
#14109 = CARTESIAN_POINT('',(2.5,13.5,0.89));
#14110 = CIRCLE('',#14111,1.5);
#14111 = AXIS2_PLACEMENT_3D('',#14112,#14113,#14114);
#14112 = CARTESIAN_POINT('',(2.5,15.,0.89));
#14113 = DIRECTION('',(-0.,0.,-1.));
#14114 = DIRECTION('',(-0.,-1.,0.));
#14115 = ORIENTED_EDGE('',*,*,#14116,.T.);
#14116 = EDGE_CURVE('',#14108,#14117,#14119,.T.);
#14117 = VERTEX_POINT('',#14118);
#14118 = CARTESIAN_POINT('',(1.,15.,0.89));
#14119 = CIRCLE('',#14120,1.5);
#14120 = AXIS2_PLACEMENT_3D('',#14121,#14122,#14123);
#14121 = CARTESIAN_POINT('',(2.5,15.,0.89));
#14122 = DIRECTION('',(-0.,0.,-1.));
#14123 = DIRECTION('',(-0.,-1.,0.));
#14124 = ORIENTED_EDGE('',*,*,#14125,.F.);
#14125 = EDGE_CURVE('',#14126,#14117,#14128,.T.);
#14126 = VERTEX_POINT('',#14127);
#14127 = CARTESIAN_POINT('',(0.,15.,0.89));
#14128 = LINE('',#14129,#14130);
#14129 = CARTESIAN_POINT('',(0.,15.,0.89));
#14130 = VECTOR('',#14131,1.);
#14131 = DIRECTION('',(1.,0.,0.));
#14132 = ORIENTED_EDGE('',*,*,#14133,.F.);
#14133 = EDGE_CURVE('',#14134,#14126,#14136,.T.);
#14134 = VERTEX_POINT('',#14135);
#14135 = CARTESIAN_POINT('',(0.,0.,0.89));
#14136 = LINE('',#14137,#14138);
#14137 = CARTESIAN_POINT('',(0.,0.,0.89));
#14138 = VECTOR('',#14139,1.);
#14139 = DIRECTION('',(0.,1.,0.));
#14140 = ORIENTED_EDGE('',*,*,#14141,.F.);
#14141 = EDGE_CURVE('',#14142,#14134,#14144,.T.);
#14142 = VERTEX_POINT('',#14143);
#14143 = CARTESIAN_POINT('',(1.,0.,0.89));
#14144 = LINE('',#14145,#14146);
#14145 = CARTESIAN_POINT('',(30.,0.,0.89));
#14146 = VECTOR('',#14147,1.);
#14147 = DIRECTION('',(-1.,0.,0.));
#14148 = ORIENTED_EDGE('',*,*,#14149,.T.);
#14149 = EDGE_CURVE('',#14142,#14150,#14152,.T.);
#14150 = VERTEX_POINT('',#14151);
#14151 = CARTESIAN_POINT('',(4.,0.,0.89));
#14152 = CIRCLE('',#14153,1.5);
#14153 = AXIS2_PLACEMENT_3D('',#14154,#14155,#14156);
#14154 = CARTESIAN_POINT('',(2.5,2.775557561563E-16,0.89));
#14155 = DIRECTION('',(-0.,0.,-1.));
#14156 = DIRECTION('',(-0.,-1.,0.));
#14157 = ORIENTED_EDGE('',*,*,#14158,.F.);
#14158 = EDGE_CURVE('',#14159,#14150,#14161,.T.);
#14159 = VERTEX_POINT('',#14160);
#14160 = CARTESIAN_POINT('',(11.,0.,0.89));
#14161 = LINE('',#14162,#14163);
#14162 = CARTESIAN_POINT('',(30.,0.,0.89));
#14163 = VECTOR('',#14164,1.);
#14164 = DIRECTION('',(-1.,0.,0.));
#14165 = ORIENTED_EDGE('',*,*,#14166,.T.);
#14166 = EDGE_CURVE('',#14159,#14167,#14169,.T.);
#14167 = VERTEX_POINT('',#14168);
#14168 = CARTESIAN_POINT('',(14.,0.,0.89));
#14169 = CIRCLE('',#14170,1.5);
#14170 = AXIS2_PLACEMENT_3D('',#14171,#14172,#14173);
#14171 = CARTESIAN_POINT('',(12.5,2.775557561563E-16,0.89));
#14172 = DIRECTION('',(-0.,0.,-1.));
#14173 = DIRECTION('',(-0.,-1.,0.));
#14174 = ORIENTED_EDGE('',*,*,#14175,.F.);
#14175 = EDGE_CURVE('',#14015,#14167,#14176,.T.);
#14176 = LINE('',#14177,#14178);
#14177 = CARTESIAN_POINT('',(30.,0.,0.89));
#14178 = VECTOR('',#14179,1.);
#14179 = DIRECTION('',(-1.,0.,0.));
#14180 = ORIENTED_EDGE('',*,*,#14014,.T.);
#14181 = FACE_BOUND('',#14182,.T.);
#14182 = EDGE_LOOP('',(#14183,#14194,#14202,#14211,#14219,#14228,#14236,
    #14245));
#14183 = ORIENTED_EDGE('',*,*,#14184,.F.);
#14184 = EDGE_CURVE('',#14185,#14187,#14189,.T.);
#14185 = VERTEX_POINT('',#14186);
#14186 = CARTESIAN_POINT('',(7.7,14.,0.89));
#14187 = VERTEX_POINT('',#14188);
#14188 = CARTESIAN_POINT('',(7.4,13.7,0.89));
#14189 = CIRCLE('',#14190,0.300000117299);
#14190 = AXIS2_PLACEMENT_3D('',#14191,#14192,#14193);
#14191 = CARTESIAN_POINT('',(7.700000117299,13.699999882701,0.89));
#14192 = DIRECTION('',(0.,0.,1.));
#14193 = DIRECTION('',(-3.909953616065E-07,1.,0.));
#14194 = ORIENTED_EDGE('',*,*,#14195,.F.);
#14195 = EDGE_CURVE('',#14196,#14185,#14198,.T.);
#14196 = VERTEX_POINT('',#14197);
#14197 = CARTESIAN_POINT('',(9.3,14.,0.89));
#14198 = LINE('',#14199,#14200);
#14199 = CARTESIAN_POINT('',(9.3,14.,0.89));
#14200 = VECTOR('',#14201,1.);
#14201 = DIRECTION('',(-1.,0.,0.));
#14202 = ORIENTED_EDGE('',*,*,#14203,.F.);
#14203 = EDGE_CURVE('',#14204,#14196,#14206,.T.);
#14204 = VERTEX_POINT('',#14205);
#14205 = CARTESIAN_POINT('',(9.6,13.7,0.89));
#14206 = CIRCLE('',#14207,0.300000117299);
#14207 = AXIS2_PLACEMENT_3D('',#14208,#14209,#14210);
#14208 = CARTESIAN_POINT('',(9.299999882701,13.699999882701,0.89));
#14209 = DIRECTION('',(0.,0.,1.));
#14210 = DIRECTION('',(1.,3.909953616065E-07,-0.));
#14211 = ORIENTED_EDGE('',*,*,#14212,.F.);
#14212 = EDGE_CURVE('',#14213,#14204,#14215,.T.);
#14213 = VERTEX_POINT('',#14214);
#14214 = CARTESIAN_POINT('',(9.6,12.3,0.89));
#14215 = LINE('',#14216,#14217);
#14216 = CARTESIAN_POINT('',(9.6,12.3,0.89));
#14217 = VECTOR('',#14218,1.);
#14218 = DIRECTION('',(0.,1.,0.));
#14219 = ORIENTED_EDGE('',*,*,#14220,.F.);
#14220 = EDGE_CURVE('',#14221,#14213,#14223,.T.);
#14221 = VERTEX_POINT('',#14222);
#14222 = CARTESIAN_POINT('',(9.3,12.,0.89));
#14223 = CIRCLE('',#14224,0.300000117299);
#14224 = AXIS2_PLACEMENT_3D('',#14225,#14226,#14227);
#14225 = CARTESIAN_POINT('',(9.299999882701,12.300000117299,0.89));
#14226 = DIRECTION('',(0.,0.,1.));
#14227 = DIRECTION('',(3.909953734488E-07,-1.,0.));
#14228 = ORIENTED_EDGE('',*,*,#14229,.F.);
#14229 = EDGE_CURVE('',#14230,#14221,#14232,.T.);
#14230 = VERTEX_POINT('',#14231);
#14231 = CARTESIAN_POINT('',(7.7,12.,0.89));
#14232 = LINE('',#14233,#14234);
#14233 = CARTESIAN_POINT('',(7.7,12.,0.89));
#14234 = VECTOR('',#14235,1.);
#14235 = DIRECTION('',(1.,0.,0.));
#14236 = ORIENTED_EDGE('',*,*,#14237,.F.);
#14237 = EDGE_CURVE('',#14238,#14230,#14240,.T.);
#14238 = VERTEX_POINT('',#14239);
#14239 = CARTESIAN_POINT('',(7.4,12.3,0.89));
#14240 = CIRCLE('',#14241,0.300000117299);
#14241 = AXIS2_PLACEMENT_3D('',#14242,#14243,#14244);
#14242 = CARTESIAN_POINT('',(7.700000117299,12.300000117299,0.89));
#14243 = DIRECTION('',(0.,0.,1.));
#14244 = DIRECTION('',(-1.,-3.909953556853E-07,0.));
#14245 = ORIENTED_EDGE('',*,*,#14246,.F.);
#14246 = EDGE_CURVE('',#14187,#14238,#14247,.T.);
#14247 = LINE('',#14248,#14249);
#14248 = CARTESIAN_POINT('',(7.4,13.7,0.89));
#14249 = VECTOR('',#14250,1.);
#14250 = DIRECTION('',(0.,-1.,0.));
#14251 = PLANE('',#14252);
#14252 = AXIS2_PLACEMENT_3D('',#14253,#14254,#14255);
#14253 = CARTESIAN_POINT('',(0.,0.,0.89));
#14254 = DIRECTION('',(0.,0.,1.));
#14255 = DIRECTION('',(1.,0.,-0.));
#14256 = ADVANCED_FACE('',(#14257),#14268,.T.);
#14257 = FACE_BOUND('',#14258,.T.);
#14258 = EDGE_LOOP('',(#14259,#14265,#14266,#14267));
#14259 = ORIENTED_EDGE('',*,*,#14260,.T.);
#14260 = EDGE_CURVE('',#13785,#14040,#14261,.T.);
#14261 = LINE('',#14262,#14263);
#14262 = CARTESIAN_POINT('',(30.,15.,0.));
#14263 = VECTOR('',#14264,1.);
#14264 = DIRECTION('',(0.,0.,1.));
#14265 = ORIENTED_EDGE('',*,*,#14039,.T.);
#14266 = ORIENTED_EDGE('',*,*,#13753,.F.);
#14267 = ORIENTED_EDGE('',*,*,#13784,.F.);
#14268 = PLANE('',#14269);
#14269 = AXIS2_PLACEMENT_3D('',#14270,#14271,#14272);
#14270 = CARTESIAN_POINT('',(30.,15.,0.));
#14271 = DIRECTION('',(1.,0.,-0.));
#14272 = DIRECTION('',(0.,-1.,0.));
#14273 = ADVANCED_FACE('',(#14274),#14285,.T.);
#14274 = FACE_BOUND('',#14275,.T.);
#14275 = EDGE_LOOP('',(#14276,#14277,#14278,#14279));
#14276 = ORIENTED_EDGE('',*,*,#13920,.F.);
#14277 = ORIENTED_EDGE('',*,*,#14023,.F.);
#14278 = ORIENTED_EDGE('',*,*,#14175,.T.);
#14279 = ORIENTED_EDGE('',*,*,#14280,.T.);
#14280 = EDGE_CURVE('',#14167,#13912,#14281,.T.);
#14281 = LINE('',#14282,#14283);
#14282 = CARTESIAN_POINT('',(14.,0.,-4.5E-02));
#14283 = VECTOR('',#14284,1.);
#14284 = DIRECTION('',(-0.,-0.,-1.));
#14285 = PLANE('',#14286);
#14286 = AXIS2_PLACEMENT_3D('',#14287,#14288,#14289);
#14287 = CARTESIAN_POINT('',(30.,0.,0.));
#14288 = DIRECTION('',(0.,-1.,0.));
#14289 = DIRECTION('',(-1.,0.,0.));
#14290 = ADVANCED_FACE('',(#14291),#14302,.F.);
#14291 = FACE_BOUND('',#14292,.T.);
#14292 = EDGE_LOOP('',(#14293,#14294,#14295,#14301));
#14293 = ORIENTED_EDGE('',*,*,#14280,.F.);
#14294 = ORIENTED_EDGE('',*,*,#14166,.F.);
#14295 = ORIENTED_EDGE('',*,*,#14296,.T.);
#14296 = EDGE_CURVE('',#14159,#13904,#14297,.T.);
#14297 = LINE('',#14298,#14299);
#14298 = CARTESIAN_POINT('',(11.,0.,-4.5E-02));
#14299 = VECTOR('',#14300,1.);
#14300 = DIRECTION('',(-0.,-0.,-1.));
#14301 = ORIENTED_EDGE('',*,*,#13911,.T.);
#14302 = CYLINDRICAL_SURFACE('',#14303,1.5);
#14303 = AXIS2_PLACEMENT_3D('',#14304,#14305,#14306);
#14304 = CARTESIAN_POINT('',(12.5,2.775557561563E-16,-4.5E-02));
#14305 = DIRECTION('',(-0.,-0.,-1.));
#14306 = DIRECTION('',(-0.,-1.,0.));
#14307 = ADVANCED_FACE('',(#14308),#14319,.T.);
#14308 = FACE_BOUND('',#14309,.T.);
#14309 = EDGE_LOOP('',(#14310,#14311,#14312,#14313));
#14310 = ORIENTED_EDGE('',*,*,#13903,.F.);
#14311 = ORIENTED_EDGE('',*,*,#14296,.F.);
#14312 = ORIENTED_EDGE('',*,*,#14158,.T.);
#14313 = ORIENTED_EDGE('',*,*,#14314,.T.);
#14314 = EDGE_CURVE('',#14150,#13895,#14315,.T.);
#14315 = LINE('',#14316,#14317);
#14316 = CARTESIAN_POINT('',(4.,0.,-4.5E-02));
#14317 = VECTOR('',#14318,1.);
#14318 = DIRECTION('',(-0.,-0.,-1.));
#14319 = PLANE('',#14320);
#14320 = AXIS2_PLACEMENT_3D('',#14321,#14322,#14323);
#14321 = CARTESIAN_POINT('',(30.,0.,0.));
#14322 = DIRECTION('',(0.,-1.,0.));
#14323 = DIRECTION('',(-1.,0.,0.));
#14324 = ADVANCED_FACE('',(#14325),#14336,.F.);
#14325 = FACE_BOUND('',#14326,.T.);
#14326 = EDGE_LOOP('',(#14327,#14328,#14329,#14335));
#14327 = ORIENTED_EDGE('',*,*,#14314,.F.);
#14328 = ORIENTED_EDGE('',*,*,#14149,.F.);
#14329 = ORIENTED_EDGE('',*,*,#14330,.T.);
#14330 = EDGE_CURVE('',#14142,#13887,#14331,.T.);
#14331 = LINE('',#14332,#14333);
#14332 = CARTESIAN_POINT('',(1.,0.,-4.5E-02));
#14333 = VECTOR('',#14334,1.);
#14334 = DIRECTION('',(-0.,-0.,-1.));
#14335 = ORIENTED_EDGE('',*,*,#13894,.T.);
#14336 = CYLINDRICAL_SURFACE('',#14337,1.5);
#14337 = AXIS2_PLACEMENT_3D('',#14338,#14339,#14340);
#14338 = CARTESIAN_POINT('',(2.5,2.775557561563E-16,-4.5E-02));
#14339 = DIRECTION('',(-0.,-0.,-1.));
#14340 = DIRECTION('',(-0.,-1.,0.));
#14341 = ADVANCED_FACE('',(#14342),#14353,.T.);
#14342 = FACE_BOUND('',#14343,.T.);
#14343 = EDGE_LOOP('',(#14344,#14345,#14346,#14347));
#14344 = ORIENTED_EDGE('',*,*,#13886,.F.);
#14345 = ORIENTED_EDGE('',*,*,#14330,.F.);
#14346 = ORIENTED_EDGE('',*,*,#14141,.T.);
#14347 = ORIENTED_EDGE('',*,*,#14348,.F.);
#14348 = EDGE_CURVE('',#13879,#14134,#14349,.T.);
#14349 = LINE('',#14350,#14351);
#14350 = CARTESIAN_POINT('',(0.,-0.,0.));
#14351 = VECTOR('',#14352,1.);
#14352 = DIRECTION('',(0.,0.,1.));
#14353 = PLANE('',#14354);
#14354 = AXIS2_PLACEMENT_3D('',#14355,#14356,#14357);
#14355 = CARTESIAN_POINT('',(30.,0.,0.));
#14356 = DIRECTION('',(0.,-1.,0.));
#14357 = DIRECTION('',(-1.,0.,0.));
#14358 = ADVANCED_FACE('',(#14359),#14370,.T.);
#14359 = FACE_BOUND('',#14360,.T.);
#14360 = EDGE_LOOP('',(#14361,#14362,#14363,#14369));
#14361 = ORIENTED_EDGE('',*,*,#14348,.T.);
#14362 = ORIENTED_EDGE('',*,*,#14133,.T.);
#14363 = ORIENTED_EDGE('',*,*,#14364,.F.);
#14364 = EDGE_CURVE('',#13871,#14126,#14365,.T.);
#14365 = LINE('',#14366,#14367);
#14366 = CARTESIAN_POINT('',(0.,15.,0.));
#14367 = VECTOR('',#14368,1.);
#14368 = DIRECTION('',(0.,0.,1.));
#14369 = ORIENTED_EDGE('',*,*,#13878,.F.);
#14370 = PLANE('',#14371);
#14371 = AXIS2_PLACEMENT_3D('',#14372,#14373,#14374);
#14372 = CARTESIAN_POINT('',(0.,0.,0.));
#14373 = DIRECTION('',(-1.,0.,0.));
#14374 = DIRECTION('',(0.,1.,0.));
#14375 = ADVANCED_FACE('',(#14376),#14387,.T.);
#14376 = FACE_BOUND('',#14377,.T.);
#14377 = EDGE_LOOP('',(#14378,#14379,#14380,#14381));
#14378 = ORIENTED_EDGE('',*,*,#13870,.F.);
#14379 = ORIENTED_EDGE('',*,*,#14364,.T.);
#14380 = ORIENTED_EDGE('',*,*,#14125,.T.);
#14381 = ORIENTED_EDGE('',*,*,#14382,.T.);
#14382 = EDGE_CURVE('',#14117,#13862,#14383,.T.);
#14383 = LINE('',#14384,#14385);
#14384 = CARTESIAN_POINT('',(1.,15.,-4.5E-02));
#14385 = VECTOR('',#14386,1.);
#14386 = DIRECTION('',(-0.,-0.,-1.));
#14387 = PLANE('',#14388);
#14388 = AXIS2_PLACEMENT_3D('',#14389,#14390,#14391);
#14389 = CARTESIAN_POINT('',(0.,15.,0.));
#14390 = DIRECTION('',(0.,1.,0.));
#14391 = DIRECTION('',(1.,0.,0.));
#14392 = ADVANCED_FACE('',(#14393),#14404,.F.);
#14393 = FACE_BOUND('',#14394,.T.);
#14394 = EDGE_LOOP('',(#14395,#14401,#14402,#14403));
#14395 = ORIENTED_EDGE('',*,*,#14396,.F.);
#14396 = EDGE_CURVE('',#13853,#14108,#14397,.T.);
#14397 = LINE('',#14398,#14399);
#14398 = CARTESIAN_POINT('',(2.5,13.5,-4.5E-02));
#14399 = VECTOR('',#14400,1.);
#14400 = DIRECTION('',(0.,0.,1.));
#14401 = ORIENTED_EDGE('',*,*,#13861,.T.);
#14402 = ORIENTED_EDGE('',*,*,#14382,.F.);
#14403 = ORIENTED_EDGE('',*,*,#14116,.F.);
#14404 = CYLINDRICAL_SURFACE('',#14405,1.5);
#14405 = AXIS2_PLACEMENT_3D('',#14406,#14407,#14408);
#14406 = CARTESIAN_POINT('',(2.5,15.,-4.5E-02));
#14407 = DIRECTION('',(-0.,-0.,-1.));
#14408 = DIRECTION('',(-0.,-1.,0.));
#14409 = ADVANCED_FACE('',(#14410),#14421,.F.);
#14410 = FACE_BOUND('',#14411,.T.);
#14411 = EDGE_LOOP('',(#14412,#14413,#14414,#14415));
#14412 = ORIENTED_EDGE('',*,*,#13852,.T.);
#14413 = ORIENTED_EDGE('',*,*,#14396,.T.);
#14414 = ORIENTED_EDGE('',*,*,#14107,.F.);
#14415 = ORIENTED_EDGE('',*,*,#14416,.T.);
#14416 = EDGE_CURVE('',#14100,#13845,#14417,.T.);
#14417 = LINE('',#14418,#14419);
#14418 = CARTESIAN_POINT('',(4.,15.,-4.5E-02));
#14419 = VECTOR('',#14420,1.);
#14420 = DIRECTION('',(-0.,-0.,-1.));
#14421 = CYLINDRICAL_SURFACE('',#14422,1.5);
#14422 = AXIS2_PLACEMENT_3D('',#14423,#14424,#14425);
#14423 = CARTESIAN_POINT('',(2.5,15.,-4.5E-02));
#14424 = DIRECTION('',(-0.,-0.,-1.));
#14425 = DIRECTION('',(-0.,-1.,0.));
#14426 = ADVANCED_FACE('',(#14427),#14438,.T.);
#14427 = FACE_BOUND('',#14428,.T.);
#14428 = EDGE_LOOP('',(#14429,#14430,#14431,#14432));
#14429 = ORIENTED_EDGE('',*,*,#13844,.F.);
#14430 = ORIENTED_EDGE('',*,*,#14416,.F.);
#14431 = ORIENTED_EDGE('',*,*,#14099,.T.);
#14432 = ORIENTED_EDGE('',*,*,#14433,.T.);
#14433 = EDGE_CURVE('',#14091,#13836,#14434,.T.);
#14434 = LINE('',#14435,#14436);
#14435 = CARTESIAN_POINT('',(11.,15.,-4.5E-02));
#14436 = VECTOR('',#14437,1.);
#14437 = DIRECTION('',(-0.,-0.,-1.));
#14438 = PLANE('',#14439);
#14439 = AXIS2_PLACEMENT_3D('',#14440,#14441,#14442);
#14440 = CARTESIAN_POINT('',(0.,15.,0.));
#14441 = DIRECTION('',(0.,1.,0.));
#14442 = DIRECTION('',(1.,0.,0.));
#14443 = ADVANCED_FACE('',(#14444),#14455,.F.);
#14444 = FACE_BOUND('',#14445,.T.);
#14445 = EDGE_LOOP('',(#14446,#14452,#14453,#14454));
#14446 = ORIENTED_EDGE('',*,*,#14447,.F.);
#14447 = EDGE_CURVE('',#13827,#14082,#14448,.T.);
#14448 = LINE('',#14449,#14450);
#14449 = CARTESIAN_POINT('',(12.5,13.5,-4.5E-02));
#14450 = VECTOR('',#14451,1.);
#14451 = DIRECTION('',(0.,0.,1.));
#14452 = ORIENTED_EDGE('',*,*,#13835,.T.);
#14453 = ORIENTED_EDGE('',*,*,#14433,.F.);
#14454 = ORIENTED_EDGE('',*,*,#14090,.F.);
#14455 = CYLINDRICAL_SURFACE('',#14456,1.5);
#14456 = AXIS2_PLACEMENT_3D('',#14457,#14458,#14459);
#14457 = CARTESIAN_POINT('',(12.5,15.,-4.5E-02));
#14458 = DIRECTION('',(-0.,-0.,-1.));
#14459 = DIRECTION('',(-0.,-1.,0.));
#14460 = ADVANCED_FACE('',(#14461),#14472,.F.);
#14461 = FACE_BOUND('',#14462,.T.);
#14462 = EDGE_LOOP('',(#14463,#14464,#14465,#14466));
#14463 = ORIENTED_EDGE('',*,*,#13826,.T.);
#14464 = ORIENTED_EDGE('',*,*,#14447,.T.);
#14465 = ORIENTED_EDGE('',*,*,#14081,.F.);
#14466 = ORIENTED_EDGE('',*,*,#14467,.T.);
#14467 = EDGE_CURVE('',#14074,#13819,#14468,.T.);
#14468 = LINE('',#14469,#14470);
#14469 = CARTESIAN_POINT('',(14.,15.,-4.5E-02));
#14470 = VECTOR('',#14471,1.);
#14471 = DIRECTION('',(-0.,-0.,-1.));
#14472 = CYLINDRICAL_SURFACE('',#14473,1.5);
#14473 = AXIS2_PLACEMENT_3D('',#14474,#14475,#14476);
#14474 = CARTESIAN_POINT('',(12.5,15.,-4.5E-02));
#14475 = DIRECTION('',(-0.,-0.,-1.));
#14476 = DIRECTION('',(-0.,-1.,0.));
#14477 = ADVANCED_FACE('',(#14478),#14489,.T.);
#14478 = FACE_BOUND('',#14479,.T.);
#14479 = EDGE_LOOP('',(#14480,#14481,#14482,#14483));
#14480 = ORIENTED_EDGE('',*,*,#13818,.F.);
#14481 = ORIENTED_EDGE('',*,*,#14467,.F.);
#14482 = ORIENTED_EDGE('',*,*,#14073,.T.);
#14483 = ORIENTED_EDGE('',*,*,#14484,.T.);
#14484 = EDGE_CURVE('',#14065,#13810,#14485,.T.);
#14485 = LINE('',#14486,#14487);
#14486 = CARTESIAN_POINT('',(21.,15.,-4.5E-02));
#14487 = VECTOR('',#14488,1.);
#14488 = DIRECTION('',(-0.,-0.,-1.));
#14489 = PLANE('',#14490);
#14490 = AXIS2_PLACEMENT_3D('',#14491,#14492,#14493);
#14491 = CARTESIAN_POINT('',(0.,15.,0.));
#14492 = DIRECTION('',(0.,1.,0.));
#14493 = DIRECTION('',(1.,0.,0.));
#14494 = ADVANCED_FACE('',(#14495),#14506,.F.);
#14495 = FACE_BOUND('',#14496,.T.);
#14496 = EDGE_LOOP('',(#14497,#14503,#14504,#14505));
#14497 = ORIENTED_EDGE('',*,*,#14498,.F.);
#14498 = EDGE_CURVE('',#13801,#14056,#14499,.T.);
#14499 = LINE('',#14500,#14501);
#14500 = CARTESIAN_POINT('',(22.5,13.5,-4.5E-02));
#14501 = VECTOR('',#14502,1.);
#14502 = DIRECTION('',(0.,0.,1.));
#14503 = ORIENTED_EDGE('',*,*,#13809,.T.);
#14504 = ORIENTED_EDGE('',*,*,#14484,.F.);
#14505 = ORIENTED_EDGE('',*,*,#14064,.F.);
#14506 = CYLINDRICAL_SURFACE('',#14507,1.5);
#14507 = AXIS2_PLACEMENT_3D('',#14508,#14509,#14510);
#14508 = CARTESIAN_POINT('',(22.5,15.,-4.5E-02));
#14509 = DIRECTION('',(-0.,-0.,-1.));
#14510 = DIRECTION('',(-0.,-1.,0.));
#14511 = ADVANCED_FACE('',(#14512),#14523,.F.);
#14512 = FACE_BOUND('',#14513,.T.);
#14513 = EDGE_LOOP('',(#14514,#14515,#14516,#14517));
#14514 = ORIENTED_EDGE('',*,*,#13800,.T.);
#14515 = ORIENTED_EDGE('',*,*,#14498,.T.);
#14516 = ORIENTED_EDGE('',*,*,#14055,.F.);
#14517 = ORIENTED_EDGE('',*,*,#14518,.T.);
#14518 = EDGE_CURVE('',#14048,#13793,#14519,.T.);
#14519 = LINE('',#14520,#14521);
#14520 = CARTESIAN_POINT('',(24.,15.,-4.5E-02));
#14521 = VECTOR('',#14522,1.);
#14522 = DIRECTION('',(-0.,-0.,-1.));
#14523 = CYLINDRICAL_SURFACE('',#14524,1.5);
#14524 = AXIS2_PLACEMENT_3D('',#14525,#14526,#14527);
#14525 = CARTESIAN_POINT('',(22.5,15.,-4.5E-02));
#14526 = DIRECTION('',(-0.,-0.,-1.));
#14527 = DIRECTION('',(-0.,-1.,0.));
#14528 = ADVANCED_FACE('',(#14529),#14535,.T.);
#14529 = FACE_BOUND('',#14530,.T.);
#14530 = EDGE_LOOP('',(#14531,#14532,#14533,#14534));
#14531 = ORIENTED_EDGE('',*,*,#13792,.F.);
#14532 = ORIENTED_EDGE('',*,*,#14518,.F.);
#14533 = ORIENTED_EDGE('',*,*,#14047,.T.);
#14534 = ORIENTED_EDGE('',*,*,#14260,.F.);
#14535 = PLANE('',#14536);
#14536 = AXIS2_PLACEMENT_3D('',#14537,#14538,#14539);
#14537 = CARTESIAN_POINT('',(0.,15.,0.));
#14538 = DIRECTION('',(0.,1.,0.));
#14539 = DIRECTION('',(1.,0.,0.));
#14540 = ADVANCED_FACE('',(#14541),#14557,.F.);
#14541 = FACE_BOUND('',#14542,.T.);
#14542 = EDGE_LOOP('',(#14543,#14549,#14550,#14556));
#14543 = ORIENTED_EDGE('',*,*,#14544,.T.);
#14544 = EDGE_CURVE('',#13938,#14185,#14545,.T.);
#14545 = LINE('',#14546,#14547);
#14546 = CARTESIAN_POINT('',(7.7,14.,0.));
#14547 = VECTOR('',#14548,1.);
#14548 = DIRECTION('',(0.,0.,1.));
#14549 = ORIENTED_EDGE('',*,*,#14184,.T.);
#14550 = ORIENTED_EDGE('',*,*,#14551,.F.);
#14551 = EDGE_CURVE('',#13940,#14187,#14552,.T.);
#14552 = LINE('',#14553,#14554);
#14553 = CARTESIAN_POINT('',(7.4,13.7,0.));
#14554 = VECTOR('',#14555,1.);
#14555 = DIRECTION('',(0.,0.,1.));
#14556 = ORIENTED_EDGE('',*,*,#13937,.F.);
#14557 = CYLINDRICAL_SURFACE('',#14558,0.300000117299);
#14558 = AXIS2_PLACEMENT_3D('',#14559,#14560,#14561);
#14559 = CARTESIAN_POINT('',(7.700000117299,13.699999882701,0.));
#14560 = DIRECTION('',(-0.,-0.,-1.));
#14561 = DIRECTION('',(-3.909953616065E-07,1.,0.));
#14562 = ADVANCED_FACE('',(#14563),#14574,.T.);
#14563 = FACE_BOUND('',#14564,.T.);
#14564 = EDGE_LOOP('',(#14565,#14571,#14572,#14573));
#14565 = ORIENTED_EDGE('',*,*,#14566,.T.);
#14566 = EDGE_CURVE('',#13949,#14196,#14567,.T.);
#14567 = LINE('',#14568,#14569);
#14568 = CARTESIAN_POINT('',(9.3,14.,0.));
#14569 = VECTOR('',#14570,1.);
#14570 = DIRECTION('',(0.,0.,1.));
#14571 = ORIENTED_EDGE('',*,*,#14195,.T.);
#14572 = ORIENTED_EDGE('',*,*,#14544,.F.);
#14573 = ORIENTED_EDGE('',*,*,#13948,.F.);
#14574 = PLANE('',#14575);
#14575 = AXIS2_PLACEMENT_3D('',#14576,#14577,#14578);
#14576 = CARTESIAN_POINT('',(9.3,14.,0.));
#14577 = DIRECTION('',(0.,-1.,0.));
#14578 = DIRECTION('',(-1.,0.,0.));
#14579 = ADVANCED_FACE('',(#14580),#14591,.T.);
#14580 = FACE_BOUND('',#14581,.T.);
#14581 = EDGE_LOOP('',(#14582,#14583,#14584,#14590));
#14582 = ORIENTED_EDGE('',*,*,#14551,.T.);
#14583 = ORIENTED_EDGE('',*,*,#14246,.T.);
#14584 = ORIENTED_EDGE('',*,*,#14585,.F.);
#14585 = EDGE_CURVE('',#13991,#14238,#14586,.T.);
#14586 = LINE('',#14587,#14588);
#14587 = CARTESIAN_POINT('',(7.4,12.3,0.));
#14588 = VECTOR('',#14589,1.);
#14589 = DIRECTION('',(0.,0.,1.));
#14590 = ORIENTED_EDGE('',*,*,#13999,.F.);
#14591 = PLANE('',#14592);
#14592 = AXIS2_PLACEMENT_3D('',#14593,#14594,#14595);
#14593 = CARTESIAN_POINT('',(7.4,13.7,0.));
#14594 = DIRECTION('',(1.,0.,-0.));
#14595 = DIRECTION('',(0.,-1.,0.));
#14596 = ADVANCED_FACE('',(#14597),#14608,.F.);
#14597 = FACE_BOUND('',#14598,.T.);
#14598 = EDGE_LOOP('',(#14599,#14605,#14606,#14607));
#14599 = ORIENTED_EDGE('',*,*,#14600,.T.);
#14600 = EDGE_CURVE('',#13957,#14204,#14601,.T.);
#14601 = LINE('',#14602,#14603);
#14602 = CARTESIAN_POINT('',(9.6,13.7,0.));
#14603 = VECTOR('',#14604,1.);
#14604 = DIRECTION('',(0.,0.,1.));
#14605 = ORIENTED_EDGE('',*,*,#14203,.T.);
#14606 = ORIENTED_EDGE('',*,*,#14566,.F.);
#14607 = ORIENTED_EDGE('',*,*,#13956,.F.);
#14608 = CYLINDRICAL_SURFACE('',#14609,0.300000117299);
#14609 = AXIS2_PLACEMENT_3D('',#14610,#14611,#14612);
#14610 = CARTESIAN_POINT('',(9.299999882701,13.699999882701,0.));
#14611 = DIRECTION('',(-0.,-0.,-1.));
#14612 = DIRECTION('',(1.,3.909953616065E-07,-0.));
#14613 = ADVANCED_FACE('',(#14614),#14625,.F.);
#14614 = FACE_BOUND('',#14615,.T.);
#14615 = EDGE_LOOP('',(#14616,#14617,#14618,#14624));
#14616 = ORIENTED_EDGE('',*,*,#14585,.T.);
#14617 = ORIENTED_EDGE('',*,*,#14237,.T.);
#14618 = ORIENTED_EDGE('',*,*,#14619,.F.);
#14619 = EDGE_CURVE('',#13983,#14230,#14620,.T.);
#14620 = LINE('',#14621,#14622);
#14621 = CARTESIAN_POINT('',(7.7,12.,0.));
#14622 = VECTOR('',#14623,1.);
#14623 = DIRECTION('',(0.,0.,1.));
#14624 = ORIENTED_EDGE('',*,*,#13990,.F.);
#14625 = CYLINDRICAL_SURFACE('',#14626,0.300000117299);
#14626 = AXIS2_PLACEMENT_3D('',#14627,#14628,#14629);
#14627 = CARTESIAN_POINT('',(7.700000117299,12.300000117299,0.));
#14628 = DIRECTION('',(-0.,-0.,-1.));
#14629 = DIRECTION('',(-1.,-3.909953556853E-07,0.));
#14630 = ADVANCED_FACE('',(#14631),#14642,.T.);
#14631 = FACE_BOUND('',#14632,.T.);
#14632 = EDGE_LOOP('',(#14633,#14639,#14640,#14641));
#14633 = ORIENTED_EDGE('',*,*,#14634,.T.);
#14634 = EDGE_CURVE('',#13966,#14213,#14635,.T.);
#14635 = LINE('',#14636,#14637);
#14636 = CARTESIAN_POINT('',(9.6,12.3,0.));
#14637 = VECTOR('',#14638,1.);
#14638 = DIRECTION('',(0.,0.,1.));
#14639 = ORIENTED_EDGE('',*,*,#14212,.T.);
#14640 = ORIENTED_EDGE('',*,*,#14600,.F.);
#14641 = ORIENTED_EDGE('',*,*,#13965,.F.);
#14642 = PLANE('',#14643);
#14643 = AXIS2_PLACEMENT_3D('',#14644,#14645,#14646);
#14644 = CARTESIAN_POINT('',(9.6,12.3,0.));
#14645 = DIRECTION('',(-1.,0.,0.));
#14646 = DIRECTION('',(0.,1.,0.));
#14647 = ADVANCED_FACE('',(#14648),#14659,.T.);
#14648 = FACE_BOUND('',#14649,.T.);
#14649 = EDGE_LOOP('',(#14650,#14651,#14652,#14658));
#14650 = ORIENTED_EDGE('',*,*,#14619,.T.);
#14651 = ORIENTED_EDGE('',*,*,#14229,.T.);
#14652 = ORIENTED_EDGE('',*,*,#14653,.F.);
#14653 = EDGE_CURVE('',#13974,#14221,#14654,.T.);
#14654 = LINE('',#14655,#14656);
#14655 = CARTESIAN_POINT('',(9.3,12.,0.));
#14656 = VECTOR('',#14657,1.);
#14657 = DIRECTION('',(0.,0.,1.));
#14658 = ORIENTED_EDGE('',*,*,#13982,.F.);
#14659 = PLANE('',#14660);
#14660 = AXIS2_PLACEMENT_3D('',#14661,#14662,#14663);
#14661 = CARTESIAN_POINT('',(7.7,12.,0.));
#14662 = DIRECTION('',(0.,1.,0.));
#14663 = DIRECTION('',(1.,0.,0.));
#14664 = ADVANCED_FACE('',(#14665),#14671,.F.);
#14665 = FACE_BOUND('',#14666,.T.);
#14666 = EDGE_LOOP('',(#14667,#14668,#14669,#14670));
#14667 = ORIENTED_EDGE('',*,*,#14653,.T.);
#14668 = ORIENTED_EDGE('',*,*,#14220,.T.);
#14669 = ORIENTED_EDGE('',*,*,#14634,.F.);
#14670 = ORIENTED_EDGE('',*,*,#13973,.F.);
#14671 = CYLINDRICAL_SURFACE('',#14672,0.300000117299);
#14672 = AXIS2_PLACEMENT_3D('',#14673,#14674,#14675);
#14673 = CARTESIAN_POINT('',(9.299999882701,12.300000117299,0.));
#14674 = DIRECTION('',(-0.,-0.,-1.));
#14675 = DIRECTION('',(3.909953734488E-07,-1.,0.));
#14676 = ( GEOMETRIC_REPRESENTATION_CONTEXT(3) 
GLOBAL_UNCERTAINTY_ASSIGNED_CONTEXT((#14680)) 
GLOBAL_UNIT_ASSIGNED_CONTEXT((#14677,#14678,#14679)) 
REPRESENTATION_CONTEXT('Context #1',
  '3D Context with UNIT and UNCERTAINTY') );
#14677 = ( LENGTH_UNIT() NAMED_UNIT(*) SI_UNIT(.MILLI.,.METRE.) );
#14678 = ( NAMED_UNIT(*) PLANE_ANGLE_UNIT() SI_UNIT($,.RADIAN.) );
#14679 = ( NAMED_UNIT(*) SI_UNIT($,.STERADIAN.) SOLID_ANGLE_UNIT() );
#14680 = UNCERTAINTY_MEASURE_WITH_UNIT(LENGTH_MEASURE(1.E-07),#14677,
  'distance_accuracy_value','confusion accuracy');
#14681 = CONTEXT_DEPENDENT_SHAPE_REPRESENTATION(#14682,#14684);
#14682 = ( REPRESENTATION_RELATIONSHIP('','',#13736,#10) 
REPRESENTATION_RELATIONSHIP_WITH_TRANSFORMATION(#14683) 
SHAPE_REPRESENTATION_RELATIONSHIP() );
#14683 = ITEM_DEFINED_TRANSFORMATION('','',#11,#59);
#14684 = PRODUCT_DEFINITION_SHAPE('Placement','Placement of an item',
  #14685);
#14685 = NEXT_ASSEMBLY_USAGE_OCCURRENCE('18','=>[0:1:1:14]','',#5,#13731
  ,$);
#14686 = PRODUCT_RELATED_PRODUCT_CATEGORY('part',$,(#13733));
#14687 = MECHANICAL_DESIGN_GEOMETRIC_PRESENTATION_REPRESENTATION('',(
    #14688,#14696,#14703,#14710,#14717,#14724,#14731,#14738,#14746,
    #14753,#14760,#14767,#14774,#14781,#14789,#14796,#14803,#14810,
    #14817,#14824,#14831,#14838,#14845,#14852,#14859,#14866),#2455);
#14688 = STYLED_ITEM('color',(#14689),#1667);
#14689 = PRESENTATION_STYLE_ASSIGNMENT((#14690));
#14690 = SURFACE_STYLE_USAGE(.BOTH.,#14691);
#14691 = SURFACE_SIDE_STYLE('',(#14692));
#14692 = SURFACE_STYLE_FILL_AREA(#14693);
#14693 = FILL_AREA_STYLE('',(#14694));
#14694 = FILL_AREA_STYLE_COLOUR('',#14695);
#14695 = COLOUR_RGB('',0.823999987314,0.819999987296,0.781000009244);
#14696 = STYLED_ITEM('color',(#14697),#1707);
#14697 = PRESENTATION_STYLE_ASSIGNMENT((#14698));
#14698 = SURFACE_STYLE_USAGE(.BOTH.,#14699);
#14699 = SURFACE_SIDE_STYLE('',(#14700));
#14700 = SURFACE_STYLE_FILL_AREA(#14701);
#14701 = FILL_AREA_STYLE('',(#14702));
#14702 = FILL_AREA_STYLE_COLOUR('',#14695);
#14703 = STYLED_ITEM('color',(#14704),#1790);
#14704 = PRESENTATION_STYLE_ASSIGNMENT((#14705));
#14705 = SURFACE_STYLE_USAGE(.BOTH.,#14706);
#14706 = SURFACE_SIDE_STYLE('',(#14707));
#14707 = SURFACE_STYLE_FILL_AREA(#14708);
#14708 = FILL_AREA_STYLE('',(#14709));
#14709 = FILL_AREA_STYLE_COLOUR('',#14695);
#14710 = STYLED_ITEM('color',(#14711),#1815);
#14711 = PRESENTATION_STYLE_ASSIGNMENT((#14712));
#14712 = SURFACE_STYLE_USAGE(.BOTH.,#14713);
#14713 = SURFACE_SIDE_STYLE('',(#14714));
#14714 = SURFACE_STYLE_FILL_AREA(#14715);
#14715 = FILL_AREA_STYLE('',(#14716));
#14716 = FILL_AREA_STYLE_COLOUR('',#14695);
#14717 = STYLED_ITEM('color',(#14718),#1840);
#14718 = PRESENTATION_STYLE_ASSIGNMENT((#14719));
#14719 = SURFACE_STYLE_USAGE(.BOTH.,#14720);
#14720 = SURFACE_SIDE_STYLE('',(#14721));
#14721 = SURFACE_STYLE_FILL_AREA(#14722);
#14722 = FILL_AREA_STYLE('',(#14723));
#14723 = FILL_AREA_STYLE_COLOUR('',#14695);
#14724 = STYLED_ITEM('color',(#14725),#1907);
#14725 = PRESENTATION_STYLE_ASSIGNMENT((#14726));
#14726 = SURFACE_STYLE_USAGE(.BOTH.,#14727);
#14727 = SURFACE_SIDE_STYLE('',(#14728));
#14728 = SURFACE_STYLE_FILL_AREA(#14729);
#14729 = FILL_AREA_STYLE('',(#14730));
#14730 = FILL_AREA_STYLE_COLOUR('',#14695);
#14731 = STYLED_ITEM('color',(#14732),#1924);
#14732 = PRESENTATION_STYLE_ASSIGNMENT((#14733));
#14733 = SURFACE_STYLE_USAGE(.BOTH.,#14734);
#14734 = SURFACE_SIDE_STYLE('',(#14735));
#14735 = SURFACE_STYLE_FILL_AREA(#14736);
#14736 = FILL_AREA_STYLE('',(#14737));
#14737 = FILL_AREA_STYLE_COLOUR('',#14695);
#14738 = STYLED_ITEM('color',(#14739),#1941);
#14739 = PRESENTATION_STYLE_ASSIGNMENT((#14740));
#14740 = SURFACE_STYLE_USAGE(.BOTH.,#14741);
#14741 = SURFACE_SIDE_STYLE('',(#14742));
#14742 = SURFACE_STYLE_FILL_AREA(#14743);
#14743 = FILL_AREA_STYLE('',(#14744));
#14744 = FILL_AREA_STYLE_COLOUR('',#14745);
#14745 = COLOUR_RGB('',0.894999966383,0.890999961016,0.813000030345);
#14746 = STYLED_ITEM('color',(#14747),#1990);
#14747 = PRESENTATION_STYLE_ASSIGNMENT((#14748));
#14748 = SURFACE_STYLE_USAGE(.BOTH.,#14749);
#14749 = SURFACE_SIDE_STYLE('',(#14750));
#14750 = SURFACE_STYLE_FILL_AREA(#14751);
#14751 = FILL_AREA_STYLE('',(#14752));
#14752 = FILL_AREA_STYLE_COLOUR('',#14695);
#14753 = STYLED_ITEM('color',(#14754),#2007);
#14754 = PRESENTATION_STYLE_ASSIGNMENT((#14755));
#14755 = SURFACE_STYLE_USAGE(.BOTH.,#14756);
#14756 = SURFACE_SIDE_STYLE('',(#14757));
#14757 = SURFACE_STYLE_FILL_AREA(#14758);
#14758 = FILL_AREA_STYLE('',(#14759));
#14759 = FILL_AREA_STYLE_COLOUR('',#14695);
#14760 = STYLED_ITEM('color',(#14761),#2024);
#14761 = PRESENTATION_STYLE_ASSIGNMENT((#14762));
#14762 = SURFACE_STYLE_USAGE(.BOTH.,#14763);
#14763 = SURFACE_SIDE_STYLE('',(#14764));
#14764 = SURFACE_STYLE_FILL_AREA(#14765);
#14765 = FILL_AREA_STYLE('',(#14766));
#14766 = FILL_AREA_STYLE_COLOUR('',#14745);
#14767 = STYLED_ITEM('color',(#14768),#2073);
#14768 = PRESENTATION_STYLE_ASSIGNMENT((#14769));
#14769 = SURFACE_STYLE_USAGE(.BOTH.,#14770);
#14770 = SURFACE_SIDE_STYLE('',(#14771));
#14771 = SURFACE_STYLE_FILL_AREA(#14772);
#14772 = FILL_AREA_STYLE('',(#14773));
#14773 = FILL_AREA_STYLE_COLOUR('',#14745);
#14774 = STYLED_ITEM('color',(#14775),#2090);
#14775 = PRESENTATION_STYLE_ASSIGNMENT((#14776));
#14776 = SURFACE_STYLE_USAGE(.BOTH.,#14777);
#14777 = SURFACE_SIDE_STYLE('',(#14778));
#14778 = SURFACE_STYLE_FILL_AREA(#14779);
#14779 = FILL_AREA_STYLE('',(#14780));
#14780 = FILL_AREA_STYLE_COLOUR('',#14695);
#14781 = STYLED_ITEM('color',(#14782),#2159);
#14782 = PRESENTATION_STYLE_ASSIGNMENT((#14783));
#14783 = SURFACE_STYLE_USAGE(.BOTH.,#14784);
#14784 = SURFACE_SIDE_STYLE('',(#14785));
#14785 = SURFACE_STYLE_FILL_AREA(#14786);
#14786 = FILL_AREA_STYLE('',(#14787));
#14787 = FILL_AREA_STYLE_COLOUR('',#14788);
#14788 = COLOUR_RGB('',8.200000279077E-02,8.600000121357E-02,
  9.399999706163E-02);
#14789 = STYLED_ITEM('color',(#14790),#2190);
#14790 = PRESENTATION_STYLE_ASSIGNMENT((#14791));
#14791 = SURFACE_STYLE_USAGE(.BOTH.,#14792);
#14792 = SURFACE_SIDE_STYLE('',(#14793));
#14793 = SURFACE_STYLE_FILL_AREA(#14794);
#14794 = FILL_AREA_STYLE('',(#14795));
#14795 = FILL_AREA_STYLE_COLOUR('',#14788);
#14796 = STYLED_ITEM('color',(#14797),#2214);
#14797 = PRESENTATION_STYLE_ASSIGNMENT((#14798));
#14798 = SURFACE_STYLE_USAGE(.BOTH.,#14799);
#14799 = SURFACE_SIDE_STYLE('',(#14800));
#14800 = SURFACE_STYLE_FILL_AREA(#14801);
#14801 = FILL_AREA_STYLE('',(#14802));
#14802 = FILL_AREA_STYLE_COLOUR('',#14695);
#14803 = STYLED_ITEM('color',(#14804),#2283);
#14804 = PRESENTATION_STYLE_ASSIGNMENT((#14805));
#14805 = SURFACE_STYLE_USAGE(.BOTH.,#14806);
#14806 = SURFACE_SIDE_STYLE('',(#14807));
#14807 = SURFACE_STYLE_FILL_AREA(#14808);
#14808 = FILL_AREA_STYLE('',(#14809));
#14809 = FILL_AREA_STYLE_COLOUR('',#14788);
#14810 = STYLED_ITEM('color',(#14811),#2307);
#14811 = PRESENTATION_STYLE_ASSIGNMENT((#14812));
#14812 = SURFACE_STYLE_USAGE(.BOTH.,#14813);
#14813 = SURFACE_SIDE_STYLE('',(#14814));
#14814 = SURFACE_STYLE_FILL_AREA(#14815);
#14815 = FILL_AREA_STYLE('',(#14816));
#14816 = FILL_AREA_STYLE_COLOUR('',#14695);
#14817 = STYLED_ITEM('color',(#14818),#2324);
#14818 = PRESENTATION_STYLE_ASSIGNMENT((#14819));
#14819 = SURFACE_STYLE_USAGE(.BOTH.,#14820);
#14820 = SURFACE_SIDE_STYLE('',(#14821));
#14821 = SURFACE_STYLE_FILL_AREA(#14822);
#14822 = FILL_AREA_STYLE('',(#14823));
#14823 = FILL_AREA_STYLE_COLOUR('',#14695);
#14824 = STYLED_ITEM('color',(#14825),#2341);
#14825 = PRESENTATION_STYLE_ASSIGNMENT((#14826));
#14826 = SURFACE_STYLE_USAGE(.BOTH.,#14827);
#14827 = SURFACE_SIDE_STYLE('',(#14828));
#14828 = SURFACE_STYLE_FILL_AREA(#14829);
#14829 = FILL_AREA_STYLE('',(#14830));
#14830 = FILL_AREA_STYLE_COLOUR('',#14695);
#14831 = STYLED_ITEM('color',(#14832),#2358);
#14832 = PRESENTATION_STYLE_ASSIGNMENT((#14833));
#14833 = SURFACE_STYLE_USAGE(.BOTH.,#14834);
#14834 = SURFACE_SIDE_STYLE('',(#14835));
#14835 = SURFACE_STYLE_FILL_AREA(#14836);
#14836 = FILL_AREA_STYLE('',(#14837));
#14837 = FILL_AREA_STYLE_COLOUR('',#14695);
#14838 = STYLED_ITEM('color',(#14839),#2375);
#14839 = PRESENTATION_STYLE_ASSIGNMENT((#14840));
#14840 = SURFACE_STYLE_USAGE(.BOTH.,#14841);
#14841 = SURFACE_SIDE_STYLE('',(#14842));
#14842 = SURFACE_STYLE_FILL_AREA(#14843);
#14843 = FILL_AREA_STYLE('',(#14844));
#14844 = FILL_AREA_STYLE_COLOUR('',#14695);
#14845 = STYLED_ITEM('color',(#14846),#2392);
#14846 = PRESENTATION_STYLE_ASSIGNMENT((#14847));
#14847 = SURFACE_STYLE_USAGE(.BOTH.,#14848);
#14848 = SURFACE_SIDE_STYLE('',(#14849));
#14849 = SURFACE_STYLE_FILL_AREA(#14850);
#14850 = FILL_AREA_STYLE('',(#14851));
#14851 = FILL_AREA_STYLE_COLOUR('',#14695);
#14852 = STYLED_ITEM('color',(#14853),#2409);
#14853 = PRESENTATION_STYLE_ASSIGNMENT((#14854));
#14854 = SURFACE_STYLE_USAGE(.BOTH.,#14855);
#14855 = SURFACE_SIDE_STYLE('',(#14856));
#14856 = SURFACE_STYLE_FILL_AREA(#14857);
#14857 = FILL_AREA_STYLE('',(#14858));
#14858 = FILL_AREA_STYLE_COLOUR('',#14695);
#14859 = STYLED_ITEM('color',(#14860),#2426);
#14860 = PRESENTATION_STYLE_ASSIGNMENT((#14861));
#14861 = SURFACE_STYLE_USAGE(.BOTH.,#14862);
#14862 = SURFACE_SIDE_STYLE('',(#14863));
#14863 = SURFACE_STYLE_FILL_AREA(#14864);
#14864 = FILL_AREA_STYLE('',(#14865));
#14865 = FILL_AREA_STYLE_COLOUR('',#14788);
#14866 = STYLED_ITEM('color',(#14867),#2443);
#14867 = PRESENTATION_STYLE_ASSIGNMENT((#14868));
#14868 = SURFACE_STYLE_USAGE(.BOTH.,#14869);
#14869 = SURFACE_SIDE_STYLE('',(#14870));
#14870 = SURFACE_STYLE_FILL_AREA(#14871);
#14871 = FILL_AREA_STYLE('',(#14872));
#14872 = FILL_AREA_STYLE_COLOUR('',#14788);
#14873 = MECHANICAL_DESIGN_GEOMETRIC_PRESENTATION_REPRESENTATION('',(
    #14874,#14881,#14888,#14895,#14902,#14909,#14917,#14924,#14931,
    #14938,#14945,#14952,#14959,#14966,#14973,#14980,#14987,#14994,
    #15001,#15009,#15016,#15023,#15030,#15037,#15044,#15051,#15058),
  #3217);
#14874 = STYLED_ITEM('color',(#14875),#2499);
#14875 = PRESENTATION_STYLE_ASSIGNMENT((#14876));
#14876 = SURFACE_STYLE_USAGE(.BOTH.,#14877);
#14877 = SURFACE_SIDE_STYLE('',(#14878));
#14878 = SURFACE_STYLE_FILL_AREA(#14879);
#14879 = FILL_AREA_STYLE('',(#14880));
#14880 = FILL_AREA_STYLE_COLOUR('',#14695);
#14881 = STYLED_ITEM('color',(#14882),#2539);
#14882 = PRESENTATION_STYLE_ASSIGNMENT((#14883));
#14883 = SURFACE_STYLE_USAGE(.BOTH.,#14884);
#14884 = SURFACE_SIDE_STYLE('',(#14885));
#14885 = SURFACE_STYLE_FILL_AREA(#14886);
#14886 = FILL_AREA_STYLE('',(#14887));
#14887 = FILL_AREA_STYLE_COLOUR('',#14695);
#14888 = STYLED_ITEM('color',(#14889),#2574);
#14889 = PRESENTATION_STYLE_ASSIGNMENT((#14890));
#14890 = SURFACE_STYLE_USAGE(.BOTH.,#14891);
#14891 = SURFACE_SIDE_STYLE('',(#14892));
#14892 = SURFACE_STYLE_FILL_AREA(#14893);
#14893 = FILL_AREA_STYLE('',(#14894));
#14894 = FILL_AREA_STYLE_COLOUR('',#14695);
#14895 = STYLED_ITEM('color',(#14896),#2598);
#14896 = PRESENTATION_STYLE_ASSIGNMENT((#14897));
#14897 = SURFACE_STYLE_USAGE(.BOTH.,#14898);
#14898 = SURFACE_SIDE_STYLE('',(#14899));
#14899 = SURFACE_STYLE_FILL_AREA(#14900);
#14900 = FILL_AREA_STYLE('',(#14901));
#14901 = FILL_AREA_STYLE_COLOUR('',#14695);
#14902 = STYLED_ITEM('color',(#14903),#2626);
#14903 = PRESENTATION_STYLE_ASSIGNMENT((#14904));
#14904 = SURFACE_STYLE_USAGE(.BOTH.,#14905);
#14905 = SURFACE_SIDE_STYLE('',(#14906));
#14906 = SURFACE_STYLE_FILL_AREA(#14907);
#14907 = FILL_AREA_STYLE('',(#14908));
#14908 = FILL_AREA_STYLE_COLOUR('',#14695);
#14909 = STYLED_ITEM('color',(#14910),#2643);
#14910 = PRESENTATION_STYLE_ASSIGNMENT((#14911));
#14911 = SURFACE_STYLE_USAGE(.BOTH.,#14912);
#14912 = SURFACE_SIDE_STYLE('',(#14913));
#14913 = SURFACE_STYLE_FILL_AREA(#14914);
#14914 = FILL_AREA_STYLE('',(#14915));
#14915 = FILL_AREA_STYLE_COLOUR('',#14916);
#14916 = COLOUR_RGB('',0.147999998088,0.144999993226,0.144999993226);
#14917 = STYLED_ITEM('color',(#14918),#2673);
#14918 = PRESENTATION_STYLE_ASSIGNMENT((#14919));
#14919 = SURFACE_STYLE_USAGE(.BOTH.,#14920);
#14920 = SURFACE_SIDE_STYLE('',(#14921));
#14921 = SURFACE_STYLE_FILL_AREA(#14922);
#14922 = FILL_AREA_STYLE('',(#14923));
#14923 = FILL_AREA_STYLE_COLOUR('',#14916);
#14924 = STYLED_ITEM('color',(#14925),#2711);
#14925 = PRESENTATION_STYLE_ASSIGNMENT((#14926));
#14926 = SURFACE_STYLE_USAGE(.BOTH.,#14927);
#14927 = SURFACE_SIDE_STYLE('',(#14928));
#14928 = SURFACE_STYLE_FILL_AREA(#14929);
#14929 = FILL_AREA_STYLE('',(#14930));
#14930 = FILL_AREA_STYLE_COLOUR('',#14916);
#14931 = STYLED_ITEM('color',(#14932),#2734);
#14932 = PRESENTATION_STYLE_ASSIGNMENT((#14933));
#14933 = SURFACE_STYLE_USAGE(.BOTH.,#14934);
#14934 = SURFACE_SIDE_STYLE('',(#14935));
#14935 = SURFACE_STYLE_FILL_AREA(#14936);
#14936 = FILL_AREA_STYLE('',(#14937));
#14937 = FILL_AREA_STYLE_COLOUR('',#14916);
#14938 = STYLED_ITEM('color',(#14939),#2783);
#14939 = PRESENTATION_STYLE_ASSIGNMENT((#14940));
#14940 = SURFACE_STYLE_USAGE(.BOTH.,#14941);
#14941 = SURFACE_SIDE_STYLE('',(#14942));
#14942 = SURFACE_STYLE_FILL_AREA(#14943);
#14943 = FILL_AREA_STYLE('',(#14944));
#14944 = FILL_AREA_STYLE_COLOUR('',#14916);
#14945 = STYLED_ITEM('color',(#14946),#2806);
#14946 = PRESENTATION_STYLE_ASSIGNMENT((#14947));
#14947 = SURFACE_STYLE_USAGE(.BOTH.,#14948);
#14948 = SURFACE_SIDE_STYLE('',(#14949));
#14949 = SURFACE_STYLE_FILL_AREA(#14950);
#14950 = FILL_AREA_STYLE('',(#14951));
#14951 = FILL_AREA_STYLE_COLOUR('',#14916);
#14952 = STYLED_ITEM('color',(#14953),#2829);
#14953 = PRESENTATION_STYLE_ASSIGNMENT((#14954));
#14954 = SURFACE_STYLE_USAGE(.BOTH.,#14955);
#14955 = SURFACE_SIDE_STYLE('',(#14956));
#14956 = SURFACE_STYLE_FILL_AREA(#14957);
#14957 = FILL_AREA_STYLE('',(#14958));
#14958 = FILL_AREA_STYLE_COLOUR('',#14916);
#14959 = STYLED_ITEM('color',(#14960),#2887);
#14960 = PRESENTATION_STYLE_ASSIGNMENT((#14961));
#14961 = SURFACE_STYLE_USAGE(.BOTH.,#14962);
#14962 = SURFACE_SIDE_STYLE('',(#14963));
#14963 = SURFACE_STYLE_FILL_AREA(#14964);
#14964 = FILL_AREA_STYLE('',(#14965));
#14965 = FILL_AREA_STYLE_COLOUR('',#14916);
#14966 = STYLED_ITEM('color',(#14967),#2910);
#14967 = PRESENTATION_STYLE_ASSIGNMENT((#14968));
#14968 = SURFACE_STYLE_USAGE(.BOTH.,#14969);
#14969 = SURFACE_SIDE_STYLE('',(#14970));
#14970 = SURFACE_STYLE_FILL_AREA(#14971);
#14971 = FILL_AREA_STYLE('',(#14972));
#14972 = FILL_AREA_STYLE_COLOUR('',#14916);
#14973 = STYLED_ITEM('color',(#14974),#2926);
#14974 = PRESENTATION_STYLE_ASSIGNMENT((#14975));
#14975 = SURFACE_STYLE_USAGE(.BOTH.,#14976);
#14976 = SURFACE_SIDE_STYLE('',(#14977));
#14977 = SURFACE_STYLE_FILL_AREA(#14978);
#14978 = FILL_AREA_STYLE('',(#14979));
#14979 = FILL_AREA_STYLE_COLOUR('',#14916);
#14980 = STYLED_ITEM('color',(#14981),#2954);
#14981 = PRESENTATION_STYLE_ASSIGNMENT((#14982));
#14982 = SURFACE_STYLE_USAGE(.BOTH.,#14983);
#14983 = SURFACE_SIDE_STYLE('',(#14984));
#14984 = SURFACE_STYLE_FILL_AREA(#14985);
#14985 = FILL_AREA_STYLE('',(#14986));
#14986 = FILL_AREA_STYLE_COLOUR('',#14695);
#14987 = STYLED_ITEM('color',(#14988),#2985);
#14988 = PRESENTATION_STYLE_ASSIGNMENT((#14989));
#14989 = SURFACE_STYLE_USAGE(.BOTH.,#14990);
#14990 = SURFACE_SIDE_STYLE('',(#14991));
#14991 = SURFACE_STYLE_FILL_AREA(#14992);
#14992 = FILL_AREA_STYLE('',(#14993));
#14993 = FILL_AREA_STYLE_COLOUR('',#14916);
#14994 = STYLED_ITEM('color',(#14995),#3013);
#14995 = PRESENTATION_STYLE_ASSIGNMENT((#14996));
#14996 = SURFACE_STYLE_USAGE(.BOTH.,#14997);
#14997 = SURFACE_SIDE_STYLE('',(#14998));
#14998 = SURFACE_STYLE_FILL_AREA(#14999);
#14999 = FILL_AREA_STYLE('',(#15000));
#15000 = FILL_AREA_STYLE_COLOUR('',#14916);
#15001 = STYLED_ITEM('color',(#15002),#3032);
#15002 = PRESENTATION_STYLE_ASSIGNMENT((#15003));
#15003 = SURFACE_STYLE_USAGE(.BOTH.,#15004);
#15004 = SURFACE_SIDE_STYLE('',(#15005));
#15005 = SURFACE_STYLE_FILL_AREA(#15006);
#15006 = FILL_AREA_STYLE('',(#15007));
#15007 = FILL_AREA_STYLE_COLOUR('',#15008);
#15008 = COLOUR_RGB('',0.690999977303,0.663999984767,0.597999987832);
#15009 = STYLED_ITEM('color',(#15010),#3063);
#15010 = PRESENTATION_STYLE_ASSIGNMENT((#15011));
#15011 = SURFACE_STYLE_USAGE(.BOTH.,#15012);
#15012 = SURFACE_SIDE_STYLE('',(#15013));
#15013 = SURFACE_STYLE_FILL_AREA(#15014);
#15014 = FILL_AREA_STYLE('',(#15015));
#15015 = FILL_AREA_STYLE_COLOUR('',#15008);
#15016 = STYLED_ITEM('color',(#15017),#3087);
#15017 = PRESENTATION_STYLE_ASSIGNMENT((#15018));
#15018 = SURFACE_STYLE_USAGE(.BOTH.,#15019);
#15019 = SURFACE_SIDE_STYLE('',(#15020));
#15020 = SURFACE_STYLE_FILL_AREA(#15021);
#15021 = FILL_AREA_STYLE('',(#15022));
#15022 = FILL_AREA_STYLE_COLOUR('',#15008);
#15023 = STYLED_ITEM('color',(#15024),#3111);
#15024 = PRESENTATION_STYLE_ASSIGNMENT((#15025));
#15025 = SURFACE_STYLE_USAGE(.BOTH.,#15026);
#15026 = SURFACE_SIDE_STYLE('',(#15027));
#15027 = SURFACE_STYLE_FILL_AREA(#15028);
#15028 = FILL_AREA_STYLE('',(#15029));
#15029 = FILL_AREA_STYLE_COLOUR('',#15008);
#15030 = STYLED_ITEM('color',(#15031),#3128);
#15031 = PRESENTATION_STYLE_ASSIGNMENT((#15032));
#15032 = SURFACE_STYLE_USAGE(.BOTH.,#15033);
#15033 = SURFACE_SIDE_STYLE('',(#15034));
#15034 = SURFACE_STYLE_FILL_AREA(#15035);
#15035 = FILL_AREA_STYLE('',(#15036));
#15036 = FILL_AREA_STYLE_COLOUR('',#14695);
#15037 = STYLED_ITEM('color',(#15038),#3152);
#15038 = PRESENTATION_STYLE_ASSIGNMENT((#15039));
#15039 = SURFACE_STYLE_USAGE(.BOTH.,#15040);
#15040 = SURFACE_SIDE_STYLE('',(#15041));
#15041 = SURFACE_STYLE_FILL_AREA(#15042);
#15042 = FILL_AREA_STYLE('',(#15043));
#15043 = FILL_AREA_STYLE_COLOUR('',#14695);
#15044 = STYLED_ITEM('color',(#15045),#3176);
#15045 = PRESENTATION_STYLE_ASSIGNMENT((#15046));
#15046 = SURFACE_STYLE_USAGE(.BOTH.,#15047);
#15047 = SURFACE_SIDE_STYLE('',(#15048));
#15048 = SURFACE_STYLE_FILL_AREA(#15049);
#15049 = FILL_AREA_STYLE('',(#15050));
#15050 = FILL_AREA_STYLE_COLOUR('',#14695);
#15051 = STYLED_ITEM('color',(#15052),#3193);
#15052 = PRESENTATION_STYLE_ASSIGNMENT((#15053));
#15053 = SURFACE_STYLE_USAGE(.BOTH.,#15054);
#15054 = SURFACE_SIDE_STYLE('',(#15055));
#15055 = SURFACE_STYLE_FILL_AREA(#15056);
#15056 = FILL_AREA_STYLE('',(#15057));
#15057 = FILL_AREA_STYLE_COLOUR('',#14695);
#15058 = STYLED_ITEM('color',(#15059),#3205);
#15059 = PRESENTATION_STYLE_ASSIGNMENT((#15060));
#15060 = SURFACE_STYLE_USAGE(.BOTH.,#15061);
#15061 = SURFACE_SIDE_STYLE('',(#15062));
#15062 = SURFACE_STYLE_FILL_AREA(#15063);
#15063 = FILL_AREA_STYLE('',(#15064));
#15064 = FILL_AREA_STYLE_COLOUR('',#15008);
#15065 = MECHANICAL_DESIGN_GEOMETRIC_PRESENTATION_REPRESENTATION('',(
    #15066,#15073,#15080,#15087,#15094,#15101,#15108,#15115,#15122,
    #15129,#15136,#15143,#15150,#15157,#15164,#15171,#15178,#15185,
    #15192,#15199,#15206,#15213,#15220,#15227,#15234,#15241),#10500);
#15066 = STYLED_ITEM('color',(#15067),#9712);
#15067 = PRESENTATION_STYLE_ASSIGNMENT((#15068));
#15068 = SURFACE_STYLE_USAGE(.BOTH.,#15069);
#15069 = SURFACE_SIDE_STYLE('',(#15070));
#15070 = SURFACE_STYLE_FILL_AREA(#15071);
#15071 = FILL_AREA_STYLE('',(#15072));
#15072 = FILL_AREA_STYLE_COLOUR('',#14695);
#15073 = STYLED_ITEM('color',(#15074),#9752);
#15074 = PRESENTATION_STYLE_ASSIGNMENT((#15075));
#15075 = SURFACE_STYLE_USAGE(.BOTH.,#15076);
#15076 = SURFACE_SIDE_STYLE('',(#15077));
#15077 = SURFACE_STYLE_FILL_AREA(#15078);
#15078 = FILL_AREA_STYLE('',(#15079));
#15079 = FILL_AREA_STYLE_COLOUR('',#14695);
#15080 = STYLED_ITEM('color',(#15081),#9835);
#15081 = PRESENTATION_STYLE_ASSIGNMENT((#15082));
#15082 = SURFACE_STYLE_USAGE(.BOTH.,#15083);
#15083 = SURFACE_SIDE_STYLE('',(#15084));
#15084 = SURFACE_STYLE_FILL_AREA(#15085);
#15085 = FILL_AREA_STYLE('',(#15086));
#15086 = FILL_AREA_STYLE_COLOUR('',#14695);
#15087 = STYLED_ITEM('color',(#15088),#9860);
#15088 = PRESENTATION_STYLE_ASSIGNMENT((#15089));
#15089 = SURFACE_STYLE_USAGE(.BOTH.,#15090);
#15090 = SURFACE_SIDE_STYLE('',(#15091));
#15091 = SURFACE_STYLE_FILL_AREA(#15092);
#15092 = FILL_AREA_STYLE('',(#15093));
#15093 = FILL_AREA_STYLE_COLOUR('',#14695);
#15094 = STYLED_ITEM('color',(#15095),#9885);
#15095 = PRESENTATION_STYLE_ASSIGNMENT((#15096));
#15096 = SURFACE_STYLE_USAGE(.BOTH.,#15097);
#15097 = SURFACE_SIDE_STYLE('',(#15098));
#15098 = SURFACE_STYLE_FILL_AREA(#15099);
#15099 = FILL_AREA_STYLE('',(#15100));
#15100 = FILL_AREA_STYLE_COLOUR('',#14695);
#15101 = STYLED_ITEM('color',(#15102),#9952);
#15102 = PRESENTATION_STYLE_ASSIGNMENT((#15103));
#15103 = SURFACE_STYLE_USAGE(.BOTH.,#15104);
#15104 = SURFACE_SIDE_STYLE('',(#15105));
#15105 = SURFACE_STYLE_FILL_AREA(#15106);
#15106 = FILL_AREA_STYLE('',(#15107));
#15107 = FILL_AREA_STYLE_COLOUR('',#14695);
#15108 = STYLED_ITEM('color',(#15109),#9969);
#15109 = PRESENTATION_STYLE_ASSIGNMENT((#15110));
#15110 = SURFACE_STYLE_USAGE(.BOTH.,#15111);
#15111 = SURFACE_SIDE_STYLE('',(#15112));
#15112 = SURFACE_STYLE_FILL_AREA(#15113);
#15113 = FILL_AREA_STYLE('',(#15114));
#15114 = FILL_AREA_STYLE_COLOUR('',#14695);
#15115 = STYLED_ITEM('color',(#15116),#9986);
#15116 = PRESENTATION_STYLE_ASSIGNMENT((#15117));
#15117 = SURFACE_STYLE_USAGE(.BOTH.,#15118);
#15118 = SURFACE_SIDE_STYLE('',(#15119));
#15119 = SURFACE_STYLE_FILL_AREA(#15120);
#15120 = FILL_AREA_STYLE('',(#15121));
#15121 = FILL_AREA_STYLE_COLOUR('',#14745);
#15122 = STYLED_ITEM('color',(#15123),#10035);
#15123 = PRESENTATION_STYLE_ASSIGNMENT((#15124));
#15124 = SURFACE_STYLE_USAGE(.BOTH.,#15125);
#15125 = SURFACE_SIDE_STYLE('',(#15126));
#15126 = SURFACE_STYLE_FILL_AREA(#15127);
#15127 = FILL_AREA_STYLE('',(#15128));
#15128 = FILL_AREA_STYLE_COLOUR('',#14695);
#15129 = STYLED_ITEM('color',(#15130),#10052);
#15130 = PRESENTATION_STYLE_ASSIGNMENT((#15131));
#15131 = SURFACE_STYLE_USAGE(.BOTH.,#15132);
#15132 = SURFACE_SIDE_STYLE('',(#15133));
#15133 = SURFACE_STYLE_FILL_AREA(#15134);
#15134 = FILL_AREA_STYLE('',(#15135));
#15135 = FILL_AREA_STYLE_COLOUR('',#14695);
#15136 = STYLED_ITEM('color',(#15137),#10069);
#15137 = PRESENTATION_STYLE_ASSIGNMENT((#15138));
#15138 = SURFACE_STYLE_USAGE(.BOTH.,#15139);
#15139 = SURFACE_SIDE_STYLE('',(#15140));
#15140 = SURFACE_STYLE_FILL_AREA(#15141);
#15141 = FILL_AREA_STYLE('',(#15142));
#15142 = FILL_AREA_STYLE_COLOUR('',#14745);
#15143 = STYLED_ITEM('color',(#15144),#10118);
#15144 = PRESENTATION_STYLE_ASSIGNMENT((#15145));
#15145 = SURFACE_STYLE_USAGE(.BOTH.,#15146);
#15146 = SURFACE_SIDE_STYLE('',(#15147));
#15147 = SURFACE_STYLE_FILL_AREA(#15148);
#15148 = FILL_AREA_STYLE('',(#15149));
#15149 = FILL_AREA_STYLE_COLOUR('',#14745);
#15150 = STYLED_ITEM('color',(#15151),#10135);
#15151 = PRESENTATION_STYLE_ASSIGNMENT((#15152));
#15152 = SURFACE_STYLE_USAGE(.BOTH.,#15153);
#15153 = SURFACE_SIDE_STYLE('',(#15154));
#15154 = SURFACE_STYLE_FILL_AREA(#15155);
#15155 = FILL_AREA_STYLE('',(#15156));
#15156 = FILL_AREA_STYLE_COLOUR('',#14695);
#15157 = STYLED_ITEM('color',(#15158),#10204);
#15158 = PRESENTATION_STYLE_ASSIGNMENT((#15159));
#15159 = SURFACE_STYLE_USAGE(.BOTH.,#15160);
#15160 = SURFACE_SIDE_STYLE('',(#15161));
#15161 = SURFACE_STYLE_FILL_AREA(#15162);
#15162 = FILL_AREA_STYLE('',(#15163));
#15163 = FILL_AREA_STYLE_COLOUR('',#14788);
#15164 = STYLED_ITEM('color',(#15165),#10235);
#15165 = PRESENTATION_STYLE_ASSIGNMENT((#15166));
#15166 = SURFACE_STYLE_USAGE(.BOTH.,#15167);
#15167 = SURFACE_SIDE_STYLE('',(#15168));
#15168 = SURFACE_STYLE_FILL_AREA(#15169);
#15169 = FILL_AREA_STYLE('',(#15170));
#15170 = FILL_AREA_STYLE_COLOUR('',#14788);
#15171 = STYLED_ITEM('color',(#15172),#10259);
#15172 = PRESENTATION_STYLE_ASSIGNMENT((#15173));
#15173 = SURFACE_STYLE_USAGE(.BOTH.,#15174);
#15174 = SURFACE_SIDE_STYLE('',(#15175));
#15175 = SURFACE_STYLE_FILL_AREA(#15176);
#15176 = FILL_AREA_STYLE('',(#15177));
#15177 = FILL_AREA_STYLE_COLOUR('',#14695);
#15178 = STYLED_ITEM('color',(#15179),#10328);
#15179 = PRESENTATION_STYLE_ASSIGNMENT((#15180));
#15180 = SURFACE_STYLE_USAGE(.BOTH.,#15181);
#15181 = SURFACE_SIDE_STYLE('',(#15182));
#15182 = SURFACE_STYLE_FILL_AREA(#15183);
#15183 = FILL_AREA_STYLE('',(#15184));
#15184 = FILL_AREA_STYLE_COLOUR('',#14788);
#15185 = STYLED_ITEM('color',(#15186),#10352);
#15186 = PRESENTATION_STYLE_ASSIGNMENT((#15187));
#15187 = SURFACE_STYLE_USAGE(.BOTH.,#15188);
#15188 = SURFACE_SIDE_STYLE('',(#15189));
#15189 = SURFACE_STYLE_FILL_AREA(#15190);
#15190 = FILL_AREA_STYLE('',(#15191));
#15191 = FILL_AREA_STYLE_COLOUR('',#14695);
#15192 = STYLED_ITEM('color',(#15193),#10369);
#15193 = PRESENTATION_STYLE_ASSIGNMENT((#15194));
#15194 = SURFACE_STYLE_USAGE(.BOTH.,#15195);
#15195 = SURFACE_SIDE_STYLE('',(#15196));
#15196 = SURFACE_STYLE_FILL_AREA(#15197);
#15197 = FILL_AREA_STYLE('',(#15198));
#15198 = FILL_AREA_STYLE_COLOUR('',#14695);
#15199 = STYLED_ITEM('color',(#15200),#10386);
#15200 = PRESENTATION_STYLE_ASSIGNMENT((#15201));
#15201 = SURFACE_STYLE_USAGE(.BOTH.,#15202);
#15202 = SURFACE_SIDE_STYLE('',(#15203));
#15203 = SURFACE_STYLE_FILL_AREA(#15204);
#15204 = FILL_AREA_STYLE('',(#15205));
#15205 = FILL_AREA_STYLE_COLOUR('',#14695);
#15206 = STYLED_ITEM('color',(#15207),#10403);
#15207 = PRESENTATION_STYLE_ASSIGNMENT((#15208));
#15208 = SURFACE_STYLE_USAGE(.BOTH.,#15209);
#15209 = SURFACE_SIDE_STYLE('',(#15210));
#15210 = SURFACE_STYLE_FILL_AREA(#15211);
#15211 = FILL_AREA_STYLE('',(#15212));
#15212 = FILL_AREA_STYLE_COLOUR('',#14695);
#15213 = STYLED_ITEM('color',(#15214),#10420);
#15214 = PRESENTATION_STYLE_ASSIGNMENT((#15215));
#15215 = SURFACE_STYLE_USAGE(.BOTH.,#15216);
#15216 = SURFACE_SIDE_STYLE('',(#15217));
#15217 = SURFACE_STYLE_FILL_AREA(#15218);
#15218 = FILL_AREA_STYLE('',(#15219));
#15219 = FILL_AREA_STYLE_COLOUR('',#14695);
#15220 = STYLED_ITEM('color',(#15221),#10437);
#15221 = PRESENTATION_STYLE_ASSIGNMENT((#15222));
#15222 = SURFACE_STYLE_USAGE(.BOTH.,#15223);
#15223 = SURFACE_SIDE_STYLE('',(#15224));
#15224 = SURFACE_STYLE_FILL_AREA(#15225);
#15225 = FILL_AREA_STYLE('',(#15226));
#15226 = FILL_AREA_STYLE_COLOUR('',#14695);
#15227 = STYLED_ITEM('color',(#15228),#10454);
#15228 = PRESENTATION_STYLE_ASSIGNMENT((#15229));
#15229 = SURFACE_STYLE_USAGE(.BOTH.,#15230);
#15230 = SURFACE_SIDE_STYLE('',(#15231));
#15231 = SURFACE_STYLE_FILL_AREA(#15232);
#15232 = FILL_AREA_STYLE('',(#15233));
#15233 = FILL_AREA_STYLE_COLOUR('',#14695);
#15234 = STYLED_ITEM('color',(#15235),#10471);
#15235 = PRESENTATION_STYLE_ASSIGNMENT((#15236));
#15236 = SURFACE_STYLE_USAGE(.BOTH.,#15237);
#15237 = SURFACE_SIDE_STYLE('',(#15238));
#15238 = SURFACE_STYLE_FILL_AREA(#15239);
#15239 = FILL_AREA_STYLE('',(#15240));
#15240 = FILL_AREA_STYLE_COLOUR('',#14788);
#15241 = STYLED_ITEM('color',(#15242),#10488);
#15242 = PRESENTATION_STYLE_ASSIGNMENT((#15243));
#15243 = SURFACE_STYLE_USAGE(.BOTH.,#15244);
#15244 = SURFACE_SIDE_STYLE('',(#15245));
#15245 = SURFACE_STYLE_FILL_AREA(#15246);
#15246 = FILL_AREA_STYLE('',(#15247));
#15247 = FILL_AREA_STYLE_COLOUR('',#14788);
#15248 = MECHANICAL_DESIGN_GEOMETRIC_PRESENTATION_REPRESENTATION('',(
    #15249,#15257,#15264,#15271,#15278,#15285,#15292,#15299,#15306,
    #15313,#15320,#15327,#15334,#15341,#15348,#15355,#15363,#15370,
    #15377,#15384,#15391,#15398,#15405,#15412,#15419,#15426,#15433,
    #15440,#15447,#15454,#15461,#15468,#15475,#15482,#15489,#15496,
    #15503,#15510,#15517,#15524,#15531,#15538,#15545,#15552,#15559,
    #15566,#15573,#15580,#15587,#15594,#15601,#15608,#15615,#15622,
    #15629,#15636,#15643,#15650,#15657,#15664,#15671,#15678,#15685,
    #15692,#15699,#15706,#15713,#15720,#15727,#15734,#15741,#15748,
    #15755,#15762,#15769,#15776,#15783,#15790,#15797,#15804,#15811,
    #15818,#15825,#15832,#15839,#15846,#15853,#15860,#15867,#15874,
    #15881,#15888,#15895,#15902,#15909,#15916,#15923,#15930,#15937,
    #15944,#15951,#15958,#15965,#15972,#15979,#15986,#15993,#16000,
    #16007),#13703);
#15249 = STYLED_ITEM('color',(#15250),#10544);
#15250 = PRESENTATION_STYLE_ASSIGNMENT((#15251));
#15251 = SURFACE_STYLE_USAGE(.BOTH.,#15252);
#15252 = SURFACE_SIDE_STYLE('',(#15253));
#15253 = SURFACE_STYLE_FILL_AREA(#15254);
#15254 = FILL_AREA_STYLE('',(#15255));
#15255 = FILL_AREA_STYLE_COLOUR('',#15256);
#15256 = COLOUR_RGB('',0.145098047169,0.14117647753,0.14117647753);
#15257 = STYLED_ITEM('color',(#15258),#10582);
#15258 = PRESENTATION_STYLE_ASSIGNMENT((#15259));
#15259 = SURFACE_STYLE_USAGE(.BOTH.,#15260);
#15260 = SURFACE_SIDE_STYLE('',(#15261));
#15261 = SURFACE_STYLE_FILL_AREA(#15262);
#15262 = FILL_AREA_STYLE('',(#15263));
#15263 = FILL_AREA_STYLE_COLOUR('',#15256);
#15264 = STYLED_ITEM('color',(#15265),#10645);
#15265 = PRESENTATION_STYLE_ASSIGNMENT((#15266));
#15266 = SURFACE_STYLE_USAGE(.BOTH.,#15267);
#15267 = SURFACE_SIDE_STYLE('',(#15268));
#15268 = SURFACE_STYLE_FILL_AREA(#15269);
#15269 = FILL_AREA_STYLE('',(#15270));
#15270 = FILL_AREA_STYLE_COLOUR('',#15256);
#15271 = STYLED_ITEM('color',(#15272),#10668);
#15272 = PRESENTATION_STYLE_ASSIGNMENT((#15273));
#15273 = SURFACE_STYLE_USAGE(.BOTH.,#15274);
#15274 = SURFACE_SIDE_STYLE('',(#15275));
#15275 = SURFACE_STYLE_FILL_AREA(#15276);
#15276 = FILL_AREA_STYLE('',(#15277));
#15277 = FILL_AREA_STYLE_COLOUR('',#15256);
#15278 = STYLED_ITEM('color',(#15279),#10697);
#15279 = PRESENTATION_STYLE_ASSIGNMENT((#15280));
#15280 = SURFACE_STYLE_USAGE(.BOTH.,#15281);
#15281 = SURFACE_SIDE_STYLE('',(#15282));
#15282 = SURFACE_STYLE_FILL_AREA(#15283);
#15283 = FILL_AREA_STYLE('',(#15284));
#15284 = FILL_AREA_STYLE_COLOUR('',#15256);
#15285 = STYLED_ITEM('color',(#15286),#10720);
#15286 = PRESENTATION_STYLE_ASSIGNMENT((#15287));
#15287 = SURFACE_STYLE_USAGE(.BOTH.,#15288);
#15288 = SURFACE_SIDE_STYLE('',(#15289));
#15289 = SURFACE_STYLE_FILL_AREA(#15290);
#15290 = FILL_AREA_STYLE('',(#15291));
#15291 = FILL_AREA_STYLE_COLOUR('',#15256);
#15292 = STYLED_ITEM('color',(#15293),#10775);
#15293 = PRESENTATION_STYLE_ASSIGNMENT((#15294));
#15294 = SURFACE_STYLE_USAGE(.BOTH.,#15295);
#15295 = SURFACE_SIDE_STYLE('',(#15296));
#15296 = SURFACE_STYLE_FILL_AREA(#15297);
#15297 = FILL_AREA_STYLE('',(#15298));
#15298 = FILL_AREA_STYLE_COLOUR('',#15256);
#15299 = STYLED_ITEM('color',(#15300),#10798);
#15300 = PRESENTATION_STYLE_ASSIGNMENT((#15301));
#15301 = SURFACE_STYLE_USAGE(.BOTH.,#15302);
#15302 = SURFACE_SIDE_STYLE('',(#15303));
#15303 = SURFACE_STYLE_FILL_AREA(#15304);
#15304 = FILL_AREA_STYLE('',(#15305));
#15305 = FILL_AREA_STYLE_COLOUR('',#15256);
#15306 = STYLED_ITEM('color',(#15307),#10821);
#15307 = PRESENTATION_STYLE_ASSIGNMENT((#15308));
#15308 = SURFACE_STYLE_USAGE(.BOTH.,#15309);
#15309 = SURFACE_SIDE_STYLE('',(#15310));
#15310 = SURFACE_STYLE_FILL_AREA(#15311);
#15311 = FILL_AREA_STYLE('',(#15312));
#15312 = FILL_AREA_STYLE_COLOUR('',#15256);
#15313 = STYLED_ITEM('color',(#15314),#10844);
#15314 = PRESENTATION_STYLE_ASSIGNMENT((#15315));
#15315 = SURFACE_STYLE_USAGE(.BOTH.,#15316);
#15316 = SURFACE_SIDE_STYLE('',(#15317));
#15317 = SURFACE_STYLE_FILL_AREA(#15318);
#15318 = FILL_AREA_STYLE('',(#15319));
#15319 = FILL_AREA_STYLE_COLOUR('',#15256);
#15320 = STYLED_ITEM('color',(#15321),#10909);
#15321 = PRESENTATION_STYLE_ASSIGNMENT((#15322));
#15322 = SURFACE_STYLE_USAGE(.BOTH.,#15323);
#15323 = SURFACE_SIDE_STYLE('',(#15324));
#15324 = SURFACE_STYLE_FILL_AREA(#15325);
#15325 = FILL_AREA_STYLE('',(#15326));
#15326 = FILL_AREA_STYLE_COLOUR('',#15256);
#15327 = STYLED_ITEM('color',(#15328),#10932);
#15328 = PRESENTATION_STYLE_ASSIGNMENT((#15329));
#15329 = SURFACE_STYLE_USAGE(.BOTH.,#15330);
#15330 = SURFACE_SIDE_STYLE('',(#15331));
#15331 = SURFACE_STYLE_FILL_AREA(#15332);
#15332 = FILL_AREA_STYLE('',(#15333));
#15333 = FILL_AREA_STYLE_COLOUR('',#15256);
#15334 = STYLED_ITEM('color',(#15335),#10961);
#15335 = PRESENTATION_STYLE_ASSIGNMENT((#15336));
#15336 = SURFACE_STYLE_USAGE(.BOTH.,#15337);
#15337 = SURFACE_SIDE_STYLE('',(#15338));
#15338 = SURFACE_STYLE_FILL_AREA(#15339);
#15339 = FILL_AREA_STYLE('',(#15340));
#15340 = FILL_AREA_STYLE_COLOUR('',#15256);
#15341 = STYLED_ITEM('color',(#15342),#10984);
#15342 = PRESENTATION_STYLE_ASSIGNMENT((#15343));
#15343 = SURFACE_STYLE_USAGE(.BOTH.,#15344);
#15344 = SURFACE_SIDE_STYLE('',(#15345));
#15345 = SURFACE_STYLE_FILL_AREA(#15346);
#15346 = FILL_AREA_STYLE('',(#15347));
#15347 = FILL_AREA_STYLE_COLOUR('',#15256);
#15348 = STYLED_ITEM('color',(#15349),#11008);
#15349 = PRESENTATION_STYLE_ASSIGNMENT((#15350));
#15350 = SURFACE_STYLE_USAGE(.BOTH.,#15351);
#15351 = SURFACE_SIDE_STYLE('',(#15352));
#15352 = SURFACE_STYLE_FILL_AREA(#15353);
#15353 = FILL_AREA_STYLE('',(#15354));
#15354 = FILL_AREA_STYLE_COLOUR('',#15256);
#15355 = STYLED_ITEM('color',(#15356),#11038);
#15356 = PRESENTATION_STYLE_ASSIGNMENT((#15357));
#15357 = SURFACE_STYLE_USAGE(.BOTH.,#15358);
#15358 = SURFACE_SIDE_STYLE('',(#15359));
#15359 = SURFACE_STYLE_FILL_AREA(#15360);
#15360 = FILL_AREA_STYLE('',(#15361));
#15361 = FILL_AREA_STYLE_COLOUR('',#15362);
#15362 = COLOUR_RGB('',0.823529417451,0.819607860991,0.780392170416);
#15363 = STYLED_ITEM('color',(#15364),#11069);
#15364 = PRESENTATION_STYLE_ASSIGNMENT((#15365));
#15365 = SURFACE_STYLE_USAGE(.BOTH.,#15366);
#15366 = SURFACE_SIDE_STYLE('',(#15367));
#15367 = SURFACE_STYLE_FILL_AREA(#15368);
#15368 = FILL_AREA_STYLE('',(#15369));
#15369 = FILL_AREA_STYLE_COLOUR('',#15362);
#15370 = STYLED_ITEM('color',(#15371),#11100);
#15371 = PRESENTATION_STYLE_ASSIGNMENT((#15372));
#15372 = SURFACE_STYLE_USAGE(.BOTH.,#15373);
#15373 = SURFACE_SIDE_STYLE('',(#15374));
#15374 = SURFACE_STYLE_FILL_AREA(#15375);
#15375 = FILL_AREA_STYLE('',(#15376));
#15376 = FILL_AREA_STYLE_COLOUR('',#15256);
#15377 = STYLED_ITEM('color',(#15378),#11131);
#15378 = PRESENTATION_STYLE_ASSIGNMENT((#15379));
#15379 = SURFACE_STYLE_USAGE(.BOTH.,#15380);
#15380 = SURFACE_SIDE_STYLE('',(#15381));
#15381 = SURFACE_STYLE_FILL_AREA(#15382);
#15382 = FILL_AREA_STYLE('',(#15383));
#15383 = FILL_AREA_STYLE_COLOUR('',#15256);
#15384 = STYLED_ITEM('color',(#15385),#11154);
#15385 = PRESENTATION_STYLE_ASSIGNMENT((#15386));
#15386 = SURFACE_STYLE_USAGE(.BOTH.,#15387);
#15387 = SURFACE_SIDE_STYLE('',(#15388));
#15388 = SURFACE_STYLE_FILL_AREA(#15389);
#15389 = FILL_AREA_STYLE('',(#15390));
#15390 = FILL_AREA_STYLE_COLOUR('',#15256);
#15391 = STYLED_ITEM('color',(#15392),#11177);
#15392 = PRESENTATION_STYLE_ASSIGNMENT((#15393));
#15393 = SURFACE_STYLE_USAGE(.BOTH.,#15394);
#15394 = SURFACE_SIDE_STYLE('',(#15395));
#15395 = SURFACE_STYLE_FILL_AREA(#15396);
#15396 = FILL_AREA_STYLE('',(#15397));
#15397 = FILL_AREA_STYLE_COLOUR('',#15256);
#15398 = STYLED_ITEM('color',(#15399),#11200);
#15399 = PRESENTATION_STYLE_ASSIGNMENT((#15400));
#15400 = SURFACE_STYLE_USAGE(.BOTH.,#15401);
#15401 = SURFACE_SIDE_STYLE('',(#15402));
#15402 = SURFACE_STYLE_FILL_AREA(#15403);
#15403 = FILL_AREA_STYLE('',(#15404));
#15404 = FILL_AREA_STYLE_COLOUR('',#15256);
#15405 = STYLED_ITEM('color',(#15406),#11224);
#15406 = PRESENTATION_STYLE_ASSIGNMENT((#15407));
#15407 = SURFACE_STYLE_USAGE(.BOTH.,#15408);
#15408 = SURFACE_SIDE_STYLE('',(#15409));
#15409 = SURFACE_STYLE_FILL_AREA(#15410);
#15410 = FILL_AREA_STYLE('',(#15411));
#15411 = FILL_AREA_STYLE_COLOUR('',#15256);
#15412 = STYLED_ITEM('color',(#15413),#11248);
#15413 = PRESENTATION_STYLE_ASSIGNMENT((#15414));
#15414 = SURFACE_STYLE_USAGE(.BOTH.,#15415);
#15415 = SURFACE_SIDE_STYLE('',(#15416));
#15416 = SURFACE_STYLE_FILL_AREA(#15417);
#15417 = FILL_AREA_STYLE('',(#15418));
#15418 = FILL_AREA_STYLE_COLOUR('',#15362);
#15419 = STYLED_ITEM('color',(#15420),#11279);
#15420 = PRESENTATION_STYLE_ASSIGNMENT((#15421));
#15421 = SURFACE_STYLE_USAGE(.BOTH.,#15422);
#15422 = SURFACE_SIDE_STYLE('',(#15423));
#15423 = SURFACE_STYLE_FILL_AREA(#15424);
#15424 = FILL_AREA_STYLE('',(#15425));
#15425 = FILL_AREA_STYLE_COLOUR('',#15362);
#15426 = STYLED_ITEM('color',(#15427),#11310);
#15427 = PRESENTATION_STYLE_ASSIGNMENT((#15428));
#15428 = SURFACE_STYLE_USAGE(.BOTH.,#15429);
#15429 = SURFACE_SIDE_STYLE('',(#15430));
#15430 = SURFACE_STYLE_FILL_AREA(#15431);
#15431 = FILL_AREA_STYLE('',(#15432));
#15432 = FILL_AREA_STYLE_COLOUR('',#15256);
#15433 = STYLED_ITEM('color',(#15434),#11341);
#15434 = PRESENTATION_STYLE_ASSIGNMENT((#15435));
#15435 = SURFACE_STYLE_USAGE(.BOTH.,#15436);
#15436 = SURFACE_SIDE_STYLE('',(#15437));
#15437 = SURFACE_STYLE_FILL_AREA(#15438);
#15438 = FILL_AREA_STYLE('',(#15439));
#15439 = FILL_AREA_STYLE_COLOUR('',#15256);
#15440 = STYLED_ITEM('color',(#15441),#11372);
#15441 = PRESENTATION_STYLE_ASSIGNMENT((#15442));
#15442 = SURFACE_STYLE_USAGE(.BOTH.,#15443);
#15443 = SURFACE_SIDE_STYLE('',(#15444));
#15444 = SURFACE_STYLE_FILL_AREA(#15445);
#15445 = FILL_AREA_STYLE('',(#15446));
#15446 = FILL_AREA_STYLE_COLOUR('',#15362);
#15447 = STYLED_ITEM('color',(#15448),#11403);
#15448 = PRESENTATION_STYLE_ASSIGNMENT((#15449));
#15449 = SURFACE_STYLE_USAGE(.BOTH.,#15450);
#15450 = SURFACE_SIDE_STYLE('',(#15451));
#15451 = SURFACE_STYLE_FILL_AREA(#15452);
#15452 = FILL_AREA_STYLE('',(#15453));
#15453 = FILL_AREA_STYLE_COLOUR('',#15256);
#15454 = STYLED_ITEM('color',(#15455),#11426);
#15455 = PRESENTATION_STYLE_ASSIGNMENT((#15456));
#15456 = SURFACE_STYLE_USAGE(.BOTH.,#15457);
#15457 = SURFACE_SIDE_STYLE('',(#15458));
#15458 = SURFACE_STYLE_FILL_AREA(#15459);
#15459 = FILL_AREA_STYLE('',(#15460));
#15460 = FILL_AREA_STYLE_COLOUR('',#15256);
#15461 = STYLED_ITEM('color',(#15462),#11455);
#15462 = PRESENTATION_STYLE_ASSIGNMENT((#15463));
#15463 = SURFACE_STYLE_USAGE(.BOTH.,#15464);
#15464 = SURFACE_SIDE_STYLE('',(#15465));
#15465 = SURFACE_STYLE_FILL_AREA(#15466);
#15466 = FILL_AREA_STYLE('',(#15467));
#15467 = FILL_AREA_STYLE_COLOUR('',#15256);
#15468 = STYLED_ITEM('color',(#15469),#11478);
#15469 = PRESENTATION_STYLE_ASSIGNMENT((#15470));
#15470 = SURFACE_STYLE_USAGE(.BOTH.,#15471);
#15471 = SURFACE_SIDE_STYLE('',(#15472));
#15472 = SURFACE_STYLE_FILL_AREA(#15473);
#15473 = FILL_AREA_STYLE('',(#15474));
#15474 = FILL_AREA_STYLE_COLOUR('',#15256);
#15475 = STYLED_ITEM('color',(#15476),#11502);
#15476 = PRESENTATION_STYLE_ASSIGNMENT((#15477));
#15477 = SURFACE_STYLE_USAGE(.BOTH.,#15478);
#15478 = SURFACE_SIDE_STYLE('',(#15479));
#15479 = SURFACE_STYLE_FILL_AREA(#15480);
#15480 = FILL_AREA_STYLE('',(#15481));
#15481 = FILL_AREA_STYLE_COLOUR('',#15362);
#15482 = STYLED_ITEM('color',(#15483),#11594);
#15483 = PRESENTATION_STYLE_ASSIGNMENT((#15484));
#15484 = SURFACE_STYLE_USAGE(.BOTH.,#15485);
#15485 = SURFACE_SIDE_STYLE('',(#15486));
#15486 = SURFACE_STYLE_FILL_AREA(#15487);
#15487 = FILL_AREA_STYLE('',(#15488));
#15488 = FILL_AREA_STYLE_COLOUR('',#15362);
#15489 = STYLED_ITEM('color',(#15490),#11686);
#15490 = PRESENTATION_STYLE_ASSIGNMENT((#15491));
#15491 = SURFACE_STYLE_USAGE(.BOTH.,#15492);
#15492 = SURFACE_SIDE_STYLE('',(#15493));
#15493 = SURFACE_STYLE_FILL_AREA(#15494);
#15494 = FILL_AREA_STYLE('',(#15495));
#15495 = FILL_AREA_STYLE_COLOUR('',#15256);
#15496 = STYLED_ITEM('color',(#15497),#11716);
#15497 = PRESENTATION_STYLE_ASSIGNMENT((#15498));
#15498 = SURFACE_STYLE_USAGE(.BOTH.,#15499);
#15499 = SURFACE_SIDE_STYLE('',(#15500));
#15500 = SURFACE_STYLE_FILL_AREA(#15501);
#15501 = FILL_AREA_STYLE('',(#15502));
#15502 = FILL_AREA_STYLE_COLOUR('',#15362);
#15503 = STYLED_ITEM('color',(#15504),#11741);
#15504 = PRESENTATION_STYLE_ASSIGNMENT((#15505));
#15505 = SURFACE_STYLE_USAGE(.BOTH.,#15506);
#15506 = SURFACE_SIDE_STYLE('',(#15507));
#15507 = SURFACE_STYLE_FILL_AREA(#15508);
#15508 = FILL_AREA_STYLE('',(#15509));
#15509 = FILL_AREA_STYLE_COLOUR('',#15362);
#15510 = STYLED_ITEM('color',(#15511),#11825);
#15511 = PRESENTATION_STYLE_ASSIGNMENT((#15512));
#15512 = SURFACE_STYLE_USAGE(.BOTH.,#15513);
#15513 = SURFACE_SIDE_STYLE('',(#15514));
#15514 = SURFACE_STYLE_FILL_AREA(#15515);
#15515 = FILL_AREA_STYLE('',(#15516));
#15516 = FILL_AREA_STYLE_COLOUR('',#15362);
#15517 = STYLED_ITEM('color',(#15518),#11917);
#15518 = PRESENTATION_STYLE_ASSIGNMENT((#15519));
#15519 = SURFACE_STYLE_USAGE(.BOTH.,#15520);
#15520 = SURFACE_SIDE_STYLE('',(#15521));
#15521 = SURFACE_STYLE_FILL_AREA(#15522);
#15522 = FILL_AREA_STYLE('',(#15523));
#15523 = FILL_AREA_STYLE_COLOUR('',#15362);
#15524 = STYLED_ITEM('color',(#15525),#11934);
#15525 = PRESENTATION_STYLE_ASSIGNMENT((#15526));
#15526 = SURFACE_STYLE_USAGE(.BOTH.,#15527);
#15527 = SURFACE_SIDE_STYLE('',(#15528));
#15528 = SURFACE_STYLE_FILL_AREA(#15529);
#15529 = FILL_AREA_STYLE('',(#15530));
#15530 = FILL_AREA_STYLE_COLOUR('',#15256);
#15531 = STYLED_ITEM('color',(#15532),#11965);
#15532 = PRESENTATION_STYLE_ASSIGNMENT((#15533));
#15533 = SURFACE_STYLE_USAGE(.BOTH.,#15534);
#15534 = SURFACE_SIDE_STYLE('',(#15535));
#15535 = SURFACE_STYLE_FILL_AREA(#15536);
#15536 = FILL_AREA_STYLE('',(#15537));
#15537 = FILL_AREA_STYLE_COLOUR('',#15256);
#15538 = STYLED_ITEM('color',(#15539),#11988);
#15539 = PRESENTATION_STYLE_ASSIGNMENT((#15540));
#15540 = SURFACE_STYLE_USAGE(.BOTH.,#15541);
#15541 = SURFACE_SIDE_STYLE('',(#15542));
#15542 = SURFACE_STYLE_FILL_AREA(#15543);
#15543 = FILL_AREA_STYLE('',(#15544));
#15544 = FILL_AREA_STYLE_COLOUR('',#15256);
#15545 = STYLED_ITEM('color',(#15546),#12011);
#15546 = PRESENTATION_STYLE_ASSIGNMENT((#15547));
#15547 = SURFACE_STYLE_USAGE(.BOTH.,#15548);
#15548 = SURFACE_SIDE_STYLE('',(#15549));
#15549 = SURFACE_STYLE_FILL_AREA(#15550);
#15550 = FILL_AREA_STYLE('',(#15551));
#15551 = FILL_AREA_STYLE_COLOUR('',#15256);
#15552 = STYLED_ITEM('color',(#15553),#12034);
#15553 = PRESENTATION_STYLE_ASSIGNMENT((#15554));
#15554 = SURFACE_STYLE_USAGE(.BOTH.,#15555);
#15555 = SURFACE_SIDE_STYLE('',(#15556));
#15556 = SURFACE_STYLE_FILL_AREA(#15557);
#15557 = FILL_AREA_STYLE('',(#15558));
#15558 = FILL_AREA_STYLE_COLOUR('',#15256);
#15559 = STYLED_ITEM('color',(#15560),#12058);
#15560 = PRESENTATION_STYLE_ASSIGNMENT((#15561));
#15561 = SURFACE_STYLE_USAGE(.BOTH.,#15562);
#15562 = SURFACE_SIDE_STYLE('',(#15563));
#15563 = SURFACE_STYLE_FILL_AREA(#15564);
#15564 = FILL_AREA_STYLE('',(#15565));
#15565 = FILL_AREA_STYLE_COLOUR('',#15362);
#15566 = STYLED_ITEM('color',(#15567),#12150);
#15567 = PRESENTATION_STYLE_ASSIGNMENT((#15568));
#15568 = SURFACE_STYLE_USAGE(.BOTH.,#15569);
#15569 = SURFACE_SIDE_STYLE('',(#15570));
#15570 = SURFACE_STYLE_FILL_AREA(#15571);
#15571 = FILL_AREA_STYLE('',(#15572));
#15572 = FILL_AREA_STYLE_COLOUR('',#15362);
#15573 = STYLED_ITEM('color',(#15574),#12242);
#15574 = PRESENTATION_STYLE_ASSIGNMENT((#15575));
#15575 = SURFACE_STYLE_USAGE(.BOTH.,#15576);
#15576 = SURFACE_SIDE_STYLE('',(#15577));
#15577 = SURFACE_STYLE_FILL_AREA(#15578);
#15578 = FILL_AREA_STYLE('',(#15579));
#15579 = FILL_AREA_STYLE_COLOUR('',#15256);
#15580 = STYLED_ITEM('color',(#15581),#12266);
#15581 = PRESENTATION_STYLE_ASSIGNMENT((#15582));
#15582 = SURFACE_STYLE_USAGE(.BOTH.,#15583);
#15583 = SURFACE_SIDE_STYLE('',(#15584));
#15584 = SURFACE_STYLE_FILL_AREA(#15585);
#15585 = FILL_AREA_STYLE('',(#15586));
#15586 = FILL_AREA_STYLE_COLOUR('',#15362);
#15587 = STYLED_ITEM('color',(#15588),#12291);
#15588 = PRESENTATION_STYLE_ASSIGNMENT((#15589));
#15589 = SURFACE_STYLE_USAGE(.BOTH.,#15590);
#15590 = SURFACE_SIDE_STYLE('',(#15591));
#15591 = SURFACE_STYLE_FILL_AREA(#15592);
#15592 = FILL_AREA_STYLE('',(#15593));
#15593 = FILL_AREA_STYLE_COLOUR('',#15362);
#15594 = STYLED_ITEM('color',(#15595),#12375);
#15595 = PRESENTATION_STYLE_ASSIGNMENT((#15596));
#15596 = SURFACE_STYLE_USAGE(.BOTH.,#15597);
#15597 = SURFACE_SIDE_STYLE('',(#15598));
#15598 = SURFACE_STYLE_FILL_AREA(#15599);
#15599 = FILL_AREA_STYLE('',(#15600));
#15600 = FILL_AREA_STYLE_COLOUR('',#15362);
#15601 = STYLED_ITEM('color',(#15602),#12467);
#15602 = PRESENTATION_STYLE_ASSIGNMENT((#15603));
#15603 = SURFACE_STYLE_USAGE(.BOTH.,#15604);
#15604 = SURFACE_SIDE_STYLE('',(#15605));
#15605 = SURFACE_STYLE_FILL_AREA(#15606);
#15606 = FILL_AREA_STYLE('',(#15607));
#15607 = FILL_AREA_STYLE_COLOUR('',#15362);
#15608 = STYLED_ITEM('color',(#15609),#12484);
#15609 = PRESENTATION_STYLE_ASSIGNMENT((#15610));
#15610 = SURFACE_STYLE_USAGE(.BOTH.,#15611);
#15611 = SURFACE_SIDE_STYLE('',(#15612));
#15612 = SURFACE_STYLE_FILL_AREA(#15613);
#15613 = FILL_AREA_STYLE('',(#15614));
#15614 = FILL_AREA_STYLE_COLOUR('',#15256);
#15615 = STYLED_ITEM('color',(#15616),#12515);
#15616 = PRESENTATION_STYLE_ASSIGNMENT((#15617));
#15617 = SURFACE_STYLE_USAGE(.BOTH.,#15618);
#15618 = SURFACE_SIDE_STYLE('',(#15619));
#15619 = SURFACE_STYLE_FILL_AREA(#15620);
#15620 = FILL_AREA_STYLE('',(#15621));
#15621 = FILL_AREA_STYLE_COLOUR('',#15362);
#15622 = STYLED_ITEM('color',(#15623),#12607);
#15623 = PRESENTATION_STYLE_ASSIGNMENT((#15624));
#15624 = SURFACE_STYLE_USAGE(.BOTH.,#15625);
#15625 = SURFACE_SIDE_STYLE('',(#15626));
#15626 = SURFACE_STYLE_FILL_AREA(#15627);
#15627 = FILL_AREA_STYLE('',(#15628));
#15628 = FILL_AREA_STYLE_COLOUR('',#15362);
#15629 = STYLED_ITEM('color',(#15630),#12699);
#15630 = PRESENTATION_STYLE_ASSIGNMENT((#15631));
#15631 = SURFACE_STYLE_USAGE(.BOTH.,#15632);
#15632 = SURFACE_SIDE_STYLE('',(#15633));
#15633 = SURFACE_STYLE_FILL_AREA(#15634);
#15634 = FILL_AREA_STYLE('',(#15635));
#15635 = FILL_AREA_STYLE_COLOUR('',#15256);
#15636 = STYLED_ITEM('color',(#15637),#12730);
#15637 = PRESENTATION_STYLE_ASSIGNMENT((#15638));
#15638 = SURFACE_STYLE_USAGE(.BOTH.,#15639);
#15639 = SURFACE_SIDE_STYLE('',(#15640));
#15640 = SURFACE_STYLE_FILL_AREA(#15641);
#15641 = FILL_AREA_STYLE('',(#15642));
#15642 = FILL_AREA_STYLE_COLOUR('',#15362);
#15643 = STYLED_ITEM('color',(#15644),#12747);
#15644 = PRESENTATION_STYLE_ASSIGNMENT((#15645));
#15645 = SURFACE_STYLE_USAGE(.BOTH.,#15646);
#15646 = SURFACE_SIDE_STYLE('',(#15647));
#15647 = SURFACE_STYLE_FILL_AREA(#15648);
#15648 = FILL_AREA_STYLE('',(#15649));
#15649 = FILL_AREA_STYLE_COLOUR('',#15256);
#15650 = STYLED_ITEM('color',(#15651),#12770);
#15651 = PRESENTATION_STYLE_ASSIGNMENT((#15652));
#15652 = SURFACE_STYLE_USAGE(.BOTH.,#15653);
#15653 = SURFACE_SIDE_STYLE('',(#15654));
#15654 = SURFACE_STYLE_FILL_AREA(#15655);
#15655 = FILL_AREA_STYLE('',(#15656));
#15656 = FILL_AREA_STYLE_COLOUR('',#15256);
#15657 = STYLED_ITEM('color',(#15658),#12826);
#15658 = PRESENTATION_STYLE_ASSIGNMENT((#15659));
#15659 = SURFACE_STYLE_USAGE(.BOTH.,#15660);
#15660 = SURFACE_SIDE_STYLE('',(#15661));
#15661 = SURFACE_STYLE_FILL_AREA(#15662);
#15662 = FILL_AREA_STYLE('',(#15663));
#15663 = FILL_AREA_STYLE_COLOUR('',#15256);
#15664 = STYLED_ITEM('color',(#15665),#12842);
#15665 = PRESENTATION_STYLE_ASSIGNMENT((#15666));
#15666 = SURFACE_STYLE_USAGE(.BOTH.,#15667);
#15667 = SURFACE_SIDE_STYLE('',(#15668));
#15668 = SURFACE_STYLE_FILL_AREA(#15669);
#15669 = FILL_AREA_STYLE('',(#15670));
#15670 = FILL_AREA_STYLE_COLOUR('',#15256);
#15671 = STYLED_ITEM('color',(#15672),#12872);
#15672 = PRESENTATION_STYLE_ASSIGNMENT((#15673));
#15673 = SURFACE_STYLE_USAGE(.BOTH.,#15674);
#15674 = SURFACE_SIDE_STYLE('',(#15675));
#15675 = SURFACE_STYLE_FILL_AREA(#15676);
#15676 = FILL_AREA_STYLE('',(#15677));
#15677 = FILL_AREA_STYLE_COLOUR('',#15362);
#15678 = STYLED_ITEM('color',(#15679),#12891);
#15679 = PRESENTATION_STYLE_ASSIGNMENT((#15680));
#15680 = SURFACE_STYLE_USAGE(.BOTH.,#15681);
#15681 = SURFACE_SIDE_STYLE('',(#15682));
#15682 = SURFACE_STYLE_FILL_AREA(#15683);
#15683 = FILL_AREA_STYLE('',(#15684));
#15684 = FILL_AREA_STYLE_COLOUR('',#15362);
#15685 = STYLED_ITEM('color',(#15686),#12908);
#15686 = PRESENTATION_STYLE_ASSIGNMENT((#15687));
#15687 = SURFACE_STYLE_USAGE(.BOTH.,#15688);
#15688 = SURFACE_SIDE_STYLE('',(#15689));
#15689 = SURFACE_STYLE_FILL_AREA(#15690);
#15690 = FILL_AREA_STYLE('',(#15691));
#15691 = FILL_AREA_STYLE_COLOUR('',#15362);
#15692 = STYLED_ITEM('color',(#15693),#12925);
#15693 = PRESENTATION_STYLE_ASSIGNMENT((#15694));
#15694 = SURFACE_STYLE_USAGE(.BOTH.,#15695);
#15695 = SURFACE_SIDE_STYLE('',(#15696));
#15696 = SURFACE_STYLE_FILL_AREA(#15697);
#15697 = FILL_AREA_STYLE('',(#15698));
#15698 = FILL_AREA_STYLE_COLOUR('',#15362);
#15699 = STYLED_ITEM('color',(#15700),#12942);
#15700 = PRESENTATION_STYLE_ASSIGNMENT((#15701));
#15701 = SURFACE_STYLE_USAGE(.BOTH.,#15702);
#15702 = SURFACE_SIDE_STYLE('',(#15703));
#15703 = SURFACE_STYLE_FILL_AREA(#15704);
#15704 = FILL_AREA_STYLE('',(#15705));
#15705 = FILL_AREA_STYLE_COLOUR('',#15362);
#15706 = STYLED_ITEM('color',(#15707),#12959);
#15707 = PRESENTATION_STYLE_ASSIGNMENT((#15708));
#15708 = SURFACE_STYLE_USAGE(.BOTH.,#15709);
#15709 = SURFACE_SIDE_STYLE('',(#15710));
#15710 = SURFACE_STYLE_FILL_AREA(#15711);
#15711 = FILL_AREA_STYLE('',(#15712));
#15712 = FILL_AREA_STYLE_COLOUR('',#15362);
#15713 = STYLED_ITEM('color',(#15714),#12976);
#15714 = PRESENTATION_STYLE_ASSIGNMENT((#15715));
#15715 = SURFACE_STYLE_USAGE(.BOTH.,#15716);
#15716 = SURFACE_SIDE_STYLE('',(#15717));
#15717 = SURFACE_STYLE_FILL_AREA(#15718);
#15718 = FILL_AREA_STYLE('',(#15719));
#15719 = FILL_AREA_STYLE_COLOUR('',#15362);
#15720 = STYLED_ITEM('color',(#15721),#12993);
#15721 = PRESENTATION_STYLE_ASSIGNMENT((#15722));
#15722 = SURFACE_STYLE_USAGE(.BOTH.,#15723);
#15723 = SURFACE_SIDE_STYLE('',(#15724));
#15724 = SURFACE_STYLE_FILL_AREA(#15725);
#15725 = FILL_AREA_STYLE('',(#15726));
#15726 = FILL_AREA_STYLE_COLOUR('',#15362);
#15727 = STYLED_ITEM('color',(#15728),#13010);
#15728 = PRESENTATION_STYLE_ASSIGNMENT((#15729));
#15729 = SURFACE_STYLE_USAGE(.BOTH.,#15730);
#15730 = SURFACE_SIDE_STYLE('',(#15731));
#15731 = SURFACE_STYLE_FILL_AREA(#15732);
#15732 = FILL_AREA_STYLE('',(#15733));
#15733 = FILL_AREA_STYLE_COLOUR('',#15362);
#15734 = STYLED_ITEM('color',(#15735),#13022);
#15735 = PRESENTATION_STYLE_ASSIGNMENT((#15736));
#15736 = SURFACE_STYLE_USAGE(.BOTH.,#15737);
#15737 = SURFACE_SIDE_STYLE('',(#15738));
#15738 = SURFACE_STYLE_FILL_AREA(#15739);
#15739 = FILL_AREA_STYLE('',(#15740));
#15740 = FILL_AREA_STYLE_COLOUR('',#15362);
#15741 = STYLED_ITEM('color',(#15742),#13041);
#15742 = PRESENTATION_STYLE_ASSIGNMENT((#15743));
#15743 = SURFACE_STYLE_USAGE(.BOTH.,#15744);
#15744 = SURFACE_SIDE_STYLE('',(#15745));
#15745 = SURFACE_STYLE_FILL_AREA(#15746);
#15746 = FILL_AREA_STYLE('',(#15747));
#15747 = FILL_AREA_STYLE_COLOUR('',#15362);
#15748 = STYLED_ITEM('color',(#15749),#13058);
#15749 = PRESENTATION_STYLE_ASSIGNMENT((#15750));
#15750 = SURFACE_STYLE_USAGE(.BOTH.,#15751);
#15751 = SURFACE_SIDE_STYLE('',(#15752));
#15752 = SURFACE_STYLE_FILL_AREA(#15753);
#15753 = FILL_AREA_STYLE('',(#15754));
#15754 = FILL_AREA_STYLE_COLOUR('',#15362);
#15755 = STYLED_ITEM('color',(#15756),#13075);
#15756 = PRESENTATION_STYLE_ASSIGNMENT((#15757));
#15757 = SURFACE_STYLE_USAGE(.BOTH.,#15758);
#15758 = SURFACE_SIDE_STYLE('',(#15759));
#15759 = SURFACE_STYLE_FILL_AREA(#15760);
#15760 = FILL_AREA_STYLE('',(#15761));
#15761 = FILL_AREA_STYLE_COLOUR('',#15362);
#15762 = STYLED_ITEM('color',(#15763),#13092);
#15763 = PRESENTATION_STYLE_ASSIGNMENT((#15764));
#15764 = SURFACE_STYLE_USAGE(.BOTH.,#15765);
#15765 = SURFACE_SIDE_STYLE('',(#15766));
#15766 = SURFACE_STYLE_FILL_AREA(#15767);
#15767 = FILL_AREA_STYLE('',(#15768));
#15768 = FILL_AREA_STYLE_COLOUR('',#15362);
#15769 = STYLED_ITEM('color',(#15770),#13109);
#15770 = PRESENTATION_STYLE_ASSIGNMENT((#15771));
#15771 = SURFACE_STYLE_USAGE(.BOTH.,#15772);
#15772 = SURFACE_SIDE_STYLE('',(#15773));
#15773 = SURFACE_STYLE_FILL_AREA(#15774);
#15774 = FILL_AREA_STYLE('',(#15775));
#15775 = FILL_AREA_STYLE_COLOUR('',#15362);
#15776 = STYLED_ITEM('color',(#15777),#13126);
#15777 = PRESENTATION_STYLE_ASSIGNMENT((#15778));
#15778 = SURFACE_STYLE_USAGE(.BOTH.,#15779);
#15779 = SURFACE_SIDE_STYLE('',(#15780));
#15780 = SURFACE_STYLE_FILL_AREA(#15781);
#15781 = FILL_AREA_STYLE('',(#15782));
#15782 = FILL_AREA_STYLE_COLOUR('',#15362);
#15783 = STYLED_ITEM('color',(#15784),#13143);
#15784 = PRESENTATION_STYLE_ASSIGNMENT((#15785));
#15785 = SURFACE_STYLE_USAGE(.BOTH.,#15786);
#15786 = SURFACE_SIDE_STYLE('',(#15787));
#15787 = SURFACE_STYLE_FILL_AREA(#15788);
#15788 = FILL_AREA_STYLE('',(#15789));
#15789 = FILL_AREA_STYLE_COLOUR('',#15362);
#15790 = STYLED_ITEM('color',(#15791),#13160);
#15791 = PRESENTATION_STYLE_ASSIGNMENT((#15792));
#15792 = SURFACE_STYLE_USAGE(.BOTH.,#15793);
#15793 = SURFACE_SIDE_STYLE('',(#15794));
#15794 = SURFACE_STYLE_FILL_AREA(#15795);
#15795 = FILL_AREA_STYLE('',(#15796));
#15796 = FILL_AREA_STYLE_COLOUR('',#15362);
#15797 = STYLED_ITEM('color',(#15798),#13172);
#15798 = PRESENTATION_STYLE_ASSIGNMENT((#15799));
#15799 = SURFACE_STYLE_USAGE(.BOTH.,#15800);
#15800 = SURFACE_SIDE_STYLE('',(#15801));
#15801 = SURFACE_STYLE_FILL_AREA(#15802);
#15802 = FILL_AREA_STYLE('',(#15803));
#15803 = FILL_AREA_STYLE_COLOUR('',#15256);
#15804 = STYLED_ITEM('color',(#15805),#13188);
#15805 = PRESENTATION_STYLE_ASSIGNMENT((#15806));
#15806 = SURFACE_STYLE_USAGE(.BOTH.,#15807);
#15807 = SURFACE_SIDE_STYLE('',(#15808));
#15808 = SURFACE_STYLE_FILL_AREA(#15809);
#15809 = FILL_AREA_STYLE('',(#15810));
#15810 = FILL_AREA_STYLE_COLOUR('',#15256);
#15811 = STYLED_ITEM('color',(#15812),#13204);
#15812 = PRESENTATION_STYLE_ASSIGNMENT((#15813));
#15813 = SURFACE_STYLE_USAGE(.BOTH.,#15814);
#15814 = SURFACE_SIDE_STYLE('',(#15815));
#15815 = SURFACE_STYLE_FILL_AREA(#15816);
#15816 = FILL_AREA_STYLE('',(#15817));
#15817 = FILL_AREA_STYLE_COLOUR('',#15256);
#15818 = STYLED_ITEM('color',(#15819),#13220);
#15819 = PRESENTATION_STYLE_ASSIGNMENT((#15820));
#15820 = SURFACE_STYLE_USAGE(.BOTH.,#15821);
#15821 = SURFACE_SIDE_STYLE('',(#15822));
#15822 = SURFACE_STYLE_FILL_AREA(#15823);
#15823 = FILL_AREA_STYLE('',(#15824));
#15824 = FILL_AREA_STYLE_COLOUR('',#15256);
#15825 = STYLED_ITEM('color',(#15826),#13253);
#15826 = PRESENTATION_STYLE_ASSIGNMENT((#15827));
#15827 = SURFACE_STYLE_USAGE(.BOTH.,#15828);
#15828 = SURFACE_SIDE_STYLE('',(#15829));
#15829 = SURFACE_STYLE_FILL_AREA(#15830);
#15830 = FILL_AREA_STYLE('',(#15831));
#15831 = FILL_AREA_STYLE_COLOUR('',#15362);
#15832 = STYLED_ITEM('color',(#15833),#13272);
#15833 = PRESENTATION_STYLE_ASSIGNMENT((#15834));
#15834 = SURFACE_STYLE_USAGE(.BOTH.,#15835);
#15835 = SURFACE_SIDE_STYLE('',(#15836));
#15836 = SURFACE_STYLE_FILL_AREA(#15837);
#15837 = FILL_AREA_STYLE('',(#15838));
#15838 = FILL_AREA_STYLE_COLOUR('',#15362);
#15839 = STYLED_ITEM('color',(#15840),#13289);
#15840 = PRESENTATION_STYLE_ASSIGNMENT((#15841));
#15841 = SURFACE_STYLE_USAGE(.BOTH.,#15842);
#15842 = SURFACE_SIDE_STYLE('',(#15843));
#15843 = SURFACE_STYLE_FILL_AREA(#15844);
#15844 = FILL_AREA_STYLE('',(#15845));
#15845 = FILL_AREA_STYLE_COLOUR('',#15362);
#15846 = STYLED_ITEM('color',(#15847),#13306);
#15847 = PRESENTATION_STYLE_ASSIGNMENT((#15848));
#15848 = SURFACE_STYLE_USAGE(.BOTH.,#15849);
#15849 = SURFACE_SIDE_STYLE('',(#15850));
#15850 = SURFACE_STYLE_FILL_AREA(#15851);
#15851 = FILL_AREA_STYLE('',(#15852));
#15852 = FILL_AREA_STYLE_COLOUR('',#15362);
#15853 = STYLED_ITEM('color',(#15854),#13323);
#15854 = PRESENTATION_STYLE_ASSIGNMENT((#15855));
#15855 = SURFACE_STYLE_USAGE(.BOTH.,#15856);
#15856 = SURFACE_SIDE_STYLE('',(#15857));
#15857 = SURFACE_STYLE_FILL_AREA(#15858);
#15858 = FILL_AREA_STYLE('',(#15859));
#15859 = FILL_AREA_STYLE_COLOUR('',#15362);
#15860 = STYLED_ITEM('color',(#15861),#13340);
#15861 = PRESENTATION_STYLE_ASSIGNMENT((#15862));
#15862 = SURFACE_STYLE_USAGE(.BOTH.,#15863);
#15863 = SURFACE_SIDE_STYLE('',(#15864));
#15864 = SURFACE_STYLE_FILL_AREA(#15865);
#15865 = FILL_AREA_STYLE('',(#15866));
#15866 = FILL_AREA_STYLE_COLOUR('',#15362);
#15867 = STYLED_ITEM('color',(#15868),#13357);
#15868 = PRESENTATION_STYLE_ASSIGNMENT((#15869));
#15869 = SURFACE_STYLE_USAGE(.BOTH.,#15870);
#15870 = SURFACE_SIDE_STYLE('',(#15871));
#15871 = SURFACE_STYLE_FILL_AREA(#15872);
#15872 = FILL_AREA_STYLE('',(#15873));
#15873 = FILL_AREA_STYLE_COLOUR('',#15362);
#15874 = STYLED_ITEM('color',(#15875),#13374);
#15875 = PRESENTATION_STYLE_ASSIGNMENT((#15876));
#15876 = SURFACE_STYLE_USAGE(.BOTH.,#15877);
#15877 = SURFACE_SIDE_STYLE('',(#15878));
#15878 = SURFACE_STYLE_FILL_AREA(#15879);
#15879 = FILL_AREA_STYLE('',(#15880));
#15880 = FILL_AREA_STYLE_COLOUR('',#15362);
#15881 = STYLED_ITEM('color',(#15882),#13391);
#15882 = PRESENTATION_STYLE_ASSIGNMENT((#15883));
#15883 = SURFACE_STYLE_USAGE(.BOTH.,#15884);
#15884 = SURFACE_SIDE_STYLE('',(#15885));
#15885 = SURFACE_STYLE_FILL_AREA(#15886);
#15886 = FILL_AREA_STYLE('',(#15887));
#15887 = FILL_AREA_STYLE_COLOUR('',#15362);
#15888 = STYLED_ITEM('color',(#15889),#13403);
#15889 = PRESENTATION_STYLE_ASSIGNMENT((#15890));
#15890 = SURFACE_STYLE_USAGE(.BOTH.,#15891);
#15891 = SURFACE_SIDE_STYLE('',(#15892));
#15892 = SURFACE_STYLE_FILL_AREA(#15893);
#15893 = FILL_AREA_STYLE('',(#15894));
#15894 = FILL_AREA_STYLE_COLOUR('',#15362);
#15895 = STYLED_ITEM('color',(#15896),#13422);
#15896 = PRESENTATION_STYLE_ASSIGNMENT((#15897));
#15897 = SURFACE_STYLE_USAGE(.BOTH.,#15898);
#15898 = SURFACE_SIDE_STYLE('',(#15899));
#15899 = SURFACE_STYLE_FILL_AREA(#15900);
#15900 = FILL_AREA_STYLE('',(#15901));
#15901 = FILL_AREA_STYLE_COLOUR('',#15362);
#15902 = STYLED_ITEM('color',(#15903),#13439);
#15903 = PRESENTATION_STYLE_ASSIGNMENT((#15904));
#15904 = SURFACE_STYLE_USAGE(.BOTH.,#15905);
#15905 = SURFACE_SIDE_STYLE('',(#15906));
#15906 = SURFACE_STYLE_FILL_AREA(#15907);
#15907 = FILL_AREA_STYLE('',(#15908));
#15908 = FILL_AREA_STYLE_COLOUR('',#15362);
#15909 = STYLED_ITEM('color',(#15910),#13456);
#15910 = PRESENTATION_STYLE_ASSIGNMENT((#15911));
#15911 = SURFACE_STYLE_USAGE(.BOTH.,#15912);
#15912 = SURFACE_SIDE_STYLE('',(#15913));
#15913 = SURFACE_STYLE_FILL_AREA(#15914);
#15914 = FILL_AREA_STYLE('',(#15915));
#15915 = FILL_AREA_STYLE_COLOUR('',#15362);
#15916 = STYLED_ITEM('color',(#15917),#13473);
#15917 = PRESENTATION_STYLE_ASSIGNMENT((#15918));
#15918 = SURFACE_STYLE_USAGE(.BOTH.,#15919);
#15919 = SURFACE_SIDE_STYLE('',(#15920));
#15920 = SURFACE_STYLE_FILL_AREA(#15921);
#15921 = FILL_AREA_STYLE('',(#15922));
#15922 = FILL_AREA_STYLE_COLOUR('',#15362);
#15923 = STYLED_ITEM('color',(#15924),#13490);
#15924 = PRESENTATION_STYLE_ASSIGNMENT((#15925));
#15925 = SURFACE_STYLE_USAGE(.BOTH.,#15926);
#15926 = SURFACE_SIDE_STYLE('',(#15927));
#15927 = SURFACE_STYLE_FILL_AREA(#15928);
#15928 = FILL_AREA_STYLE('',(#15929));
#15929 = FILL_AREA_STYLE_COLOUR('',#15362);
#15930 = STYLED_ITEM('color',(#15931),#13507);
#15931 = PRESENTATION_STYLE_ASSIGNMENT((#15932));
#15932 = SURFACE_STYLE_USAGE(.BOTH.,#15933);
#15933 = SURFACE_SIDE_STYLE('',(#15934));
#15934 = SURFACE_STYLE_FILL_AREA(#15935);
#15935 = FILL_AREA_STYLE('',(#15936));
#15936 = FILL_AREA_STYLE_COLOUR('',#15362);
#15937 = STYLED_ITEM('color',(#15938),#13524);
#15938 = PRESENTATION_STYLE_ASSIGNMENT((#15939));
#15939 = SURFACE_STYLE_USAGE(.BOTH.,#15940);
#15940 = SURFACE_SIDE_STYLE('',(#15941));
#15941 = SURFACE_STYLE_FILL_AREA(#15942);
#15942 = FILL_AREA_STYLE('',(#15943));
#15943 = FILL_AREA_STYLE_COLOUR('',#15362);
#15944 = STYLED_ITEM('color',(#15945),#13541);
#15945 = PRESENTATION_STYLE_ASSIGNMENT((#15946));
#15946 = SURFACE_STYLE_USAGE(.BOTH.,#15947);
#15947 = SURFACE_SIDE_STYLE('',(#15948));
#15948 = SURFACE_STYLE_FILL_AREA(#15949);
#15949 = FILL_AREA_STYLE('',(#15950));
#15950 = FILL_AREA_STYLE_COLOUR('',#15362);
#15951 = STYLED_ITEM('color',(#15952),#13553);
#15952 = PRESENTATION_STYLE_ASSIGNMENT((#15953));
#15953 = SURFACE_STYLE_USAGE(.BOTH.,#15954);
#15954 = SURFACE_SIDE_STYLE('',(#15955));
#15955 = SURFACE_STYLE_FILL_AREA(#15956);
#15956 = FILL_AREA_STYLE('',(#15957));
#15957 = FILL_AREA_STYLE_COLOUR('',#15362);
#15958 = STYLED_ITEM('color',(#15959),#13572);
#15959 = PRESENTATION_STYLE_ASSIGNMENT((#15960));
#15960 = SURFACE_STYLE_USAGE(.BOTH.,#15961);
#15961 = SURFACE_SIDE_STYLE('',(#15962));
#15962 = SURFACE_STYLE_FILL_AREA(#15963);
#15963 = FILL_AREA_STYLE('',(#15964));
#15964 = FILL_AREA_STYLE_COLOUR('',#15362);
#15965 = STYLED_ITEM('color',(#15966),#13589);
#15966 = PRESENTATION_STYLE_ASSIGNMENT((#15967));
#15967 = SURFACE_STYLE_USAGE(.BOTH.,#15968);
#15968 = SURFACE_SIDE_STYLE('',(#15969));
#15969 = SURFACE_STYLE_FILL_AREA(#15970);
#15970 = FILL_AREA_STYLE('',(#15971));
#15971 = FILL_AREA_STYLE_COLOUR('',#15362);
#15972 = STYLED_ITEM('color',(#15973),#13606);
#15973 = PRESENTATION_STYLE_ASSIGNMENT((#15974));
#15974 = SURFACE_STYLE_USAGE(.BOTH.,#15975);
#15975 = SURFACE_SIDE_STYLE('',(#15976));
#15976 = SURFACE_STYLE_FILL_AREA(#15977);
#15977 = FILL_AREA_STYLE('',(#15978));
#15978 = FILL_AREA_STYLE_COLOUR('',#15362);
#15979 = STYLED_ITEM('color',(#15980),#13623);
#15980 = PRESENTATION_STYLE_ASSIGNMENT((#15981));
#15981 = SURFACE_STYLE_USAGE(.BOTH.,#15982);
#15982 = SURFACE_SIDE_STYLE('',(#15983));
#15983 = SURFACE_STYLE_FILL_AREA(#15984);
#15984 = FILL_AREA_STYLE('',(#15985));
#15985 = FILL_AREA_STYLE_COLOUR('',#15362);
#15986 = STYLED_ITEM('color',(#15987),#13640);
#15987 = PRESENTATION_STYLE_ASSIGNMENT((#15988));
#15988 = SURFACE_STYLE_USAGE(.BOTH.,#15989);
#15989 = SURFACE_SIDE_STYLE('',(#15990));
#15990 = SURFACE_STYLE_FILL_AREA(#15991);
#15991 = FILL_AREA_STYLE('',(#15992));
#15992 = FILL_AREA_STYLE_COLOUR('',#15362);
#15993 = STYLED_ITEM('color',(#15994),#13657);
#15994 = PRESENTATION_STYLE_ASSIGNMENT((#15995));
#15995 = SURFACE_STYLE_USAGE(.BOTH.,#15996);
#15996 = SURFACE_SIDE_STYLE('',(#15997));
#15997 = SURFACE_STYLE_FILL_AREA(#15998);
#15998 = FILL_AREA_STYLE('',(#15999));
#15999 = FILL_AREA_STYLE_COLOUR('',#15362);
#16000 = STYLED_ITEM('color',(#16001),#13674);
#16001 = PRESENTATION_STYLE_ASSIGNMENT((#16002));
#16002 = SURFACE_STYLE_USAGE(.BOTH.,#16003);
#16003 = SURFACE_SIDE_STYLE('',(#16004));
#16004 = SURFACE_STYLE_FILL_AREA(#16005);
#16005 = FILL_AREA_STYLE('',(#16006));
#16006 = FILL_AREA_STYLE_COLOUR('',#15362);
#16007 = STYLED_ITEM('color',(#16008),#13691);
#16008 = PRESENTATION_STYLE_ASSIGNMENT((#16009));
#16009 = SURFACE_STYLE_USAGE(.BOTH.,#16010);
#16010 = SURFACE_SIDE_STYLE('',(#16011));
#16011 = SURFACE_STYLE_FILL_AREA(#16012);
#16012 = FILL_AREA_STYLE('',(#16013));
#16013 = FILL_AREA_STYLE_COLOUR('',#15362);
#16014 = MECHANICAL_DESIGN_GEOMETRIC_PRESENTATION_REPRESENTATION('',(
    #16015,#16023,#16030,#16037,#16044,#16051,#16058,#16065,#16072,
    #16079,#16086,#16093,#16100,#16107,#16114,#16121,#16128,#16135,
    #16142,#16149,#16156,#16163,#16170,#16177,#16184,#16191,#16198,
    #16205,#16212,#16219,#16226,#16233,#16240,#16247,#16254,#16261,
    #16268,#16275,#16282,#16289,#16296,#16303,#16310,#16317,#16324,
    #16331,#16338,#16345,#16352,#16359,#16366,#16373,#16380,#16387,
    #16394,#16401,#16408,#16415,#16422,#16429,#16436,#16443,#16450,
    #16457,#16464,#16471,#16478,#16485,#16492,#16499,#16506,#16513,
    #16520,#16527,#16534,#16541,#16548,#16555,#16562,#16569,#16576,
    #16583,#16590,#16597,#16604,#16611,#16618,#16625,#16632,#16639,
    #16646,#16653,#16660,#16667,#16674,#16681,#16688,#16695,#16702,
    #16709,#16716,#16723,#16730,#16737,#16744,#16751,#16758,#16765,
    #16772,#16779,#16786,#16793,#16800,#16807,#16814,#16821,#16828,
    #16835,#16842,#16849,#16856,#16863,#16870,#16877,#16884,#16891,
    #16898,#16905,#16912,#16919,#16926,#16933,#16940,#16947,#16954,
    #16961,#16968,#16975,#16982,#16989,#16996,#17003,#17010,#17017,
    #17024,#17031,#17038,#17045,#17052,#17059,#17066,#17073,#17080,
    #17087,#17094,#17101,#17108,#17115,#17122,#17129,#17136,#17143,
    #17150,#17157,#17164,#17171,#17178,#17185,#17192,#17199,#17206,
    #17213,#17220,#17227,#17234,#17241,#17248,#17255,#17262,#17269,
    #17276,#17283,#17290,#17297,#17304,#17311,#17318,#17325,#17332,
    #17339,#17346,#17353,#17360,#17367,#17374,#17381,#17388,#17395,
    #17402,#17409,#17416,#17423,#17430),#9658);
#16015 = STYLED_ITEM('color',(#16016),#3261);
#16016 = PRESENTATION_STYLE_ASSIGNMENT((#16017));
#16017 = SURFACE_STYLE_USAGE(.BOTH.,#16018);
#16018 = SURFACE_SIDE_STYLE('',(#16019));
#16019 = SURFACE_STYLE_FILL_AREA(#16020);
#16020 = FILL_AREA_STYLE('',(#16021));
#16021 = FILL_AREA_STYLE_COLOUR('',#16022);
#16022 = COLOUR_RGB('',0.894117649055,0.890196087049,0.811764731185);
#16023 = STYLED_ITEM('color',(#16024),#3397);
#16024 = PRESENTATION_STYLE_ASSIGNMENT((#16025));
#16025 = SURFACE_STYLE_USAGE(.BOTH.,#16026);
#16026 = SURFACE_SIDE_STYLE('',(#16027));
#16027 = SURFACE_STYLE_FILL_AREA(#16028);
#16028 = FILL_AREA_STYLE('',(#16029));
#16029 = FILL_AREA_STYLE_COLOUR('',#16022);
#16030 = STYLED_ITEM('color',(#16031),#3460);
#16031 = PRESENTATION_STYLE_ASSIGNMENT((#16032));
#16032 = SURFACE_STYLE_USAGE(.BOTH.,#16033);
#16033 = SURFACE_SIDE_STYLE('',(#16034));
#16034 = SURFACE_STYLE_FILL_AREA(#16035);
#16035 = FILL_AREA_STYLE('',(#16036));
#16036 = FILL_AREA_STYLE_COLOUR('',#16022);
#16037 = STYLED_ITEM('color',(#16038),#3500);
#16038 = PRESENTATION_STYLE_ASSIGNMENT((#16039));
#16039 = SURFACE_STYLE_USAGE(.BOTH.,#16040);
#16040 = SURFACE_SIDE_STYLE('',(#16041));
#16041 = SURFACE_STYLE_FILL_AREA(#16042);
#16042 = FILL_AREA_STYLE('',(#16043));
#16043 = FILL_AREA_STYLE_COLOUR('',#16022);
#16044 = STYLED_ITEM('color',(#16045),#3524);
#16045 = PRESENTATION_STYLE_ASSIGNMENT((#16046));
#16046 = SURFACE_STYLE_USAGE(.BOTH.,#16047);
#16047 = SURFACE_SIDE_STYLE('',(#16048));
#16048 = SURFACE_STYLE_FILL_AREA(#16049);
#16049 = FILL_AREA_STYLE('',(#16050));
#16050 = FILL_AREA_STYLE_COLOUR('',#16022);
#16051 = STYLED_ITEM('color',(#16052),#3580);
#16052 = PRESENTATION_STYLE_ASSIGNMENT((#16053));
#16053 = SURFACE_STYLE_USAGE(.BOTH.,#16054);
#16054 = SURFACE_SIDE_STYLE('',(#16055));
#16055 = SURFACE_STYLE_FILL_AREA(#16056);
#16056 = FILL_AREA_STYLE('',(#16057));
#16057 = FILL_AREA_STYLE_COLOUR('',#16022);
#16058 = STYLED_ITEM('color',(#16059),#3604);
#16059 = PRESENTATION_STYLE_ASSIGNMENT((#16060));
#16060 = SURFACE_STYLE_USAGE(.BOTH.,#16061);
#16061 = SURFACE_SIDE_STYLE('',(#16062));
#16062 = SURFACE_STYLE_FILL_AREA(#16063);
#16063 = FILL_AREA_STYLE('',(#16064));
#16064 = FILL_AREA_STYLE_COLOUR('',#16022);
#16065 = STYLED_ITEM('color',(#16066),#4139);
#16066 = PRESENTATION_STYLE_ASSIGNMENT((#16067));
#16067 = SURFACE_STYLE_USAGE(.BOTH.,#16068);
#16068 = SURFACE_SIDE_STYLE('',(#16069));
#16069 = SURFACE_STYLE_FILL_AREA(#16070);
#16070 = FILL_AREA_STYLE('',(#16071));
#16071 = FILL_AREA_STYLE_COLOUR('',#16022);
#16072 = STYLED_ITEM('color',(#16073),#4195);
#16073 = PRESENTATION_STYLE_ASSIGNMENT((#16074));
#16074 = SURFACE_STYLE_USAGE(.BOTH.,#16075);
#16075 = SURFACE_SIDE_STYLE('',(#16076));
#16076 = SURFACE_STYLE_FILL_AREA(#16077);
#16077 = FILL_AREA_STYLE('',(#16078));
#16078 = FILL_AREA_STYLE_COLOUR('',#16022);
#16079 = STYLED_ITEM('color',(#16080),#4219);
#16080 = PRESENTATION_STYLE_ASSIGNMENT((#16081));
#16081 = SURFACE_STYLE_USAGE(.BOTH.,#16082);
#16082 = SURFACE_SIDE_STYLE('',(#16083));
#16083 = SURFACE_STYLE_FILL_AREA(#16084);
#16084 = FILL_AREA_STYLE('',(#16085));
#16085 = FILL_AREA_STYLE_COLOUR('',#16022);
#16086 = STYLED_ITEM('color',(#16087),#4243);
#16087 = PRESENTATION_STYLE_ASSIGNMENT((#16088));
#16088 = SURFACE_STYLE_USAGE(.BOTH.,#16089);
#16089 = SURFACE_SIDE_STYLE('',(#16090));
#16090 = SURFACE_STYLE_FILL_AREA(#16091);
#16091 = FILL_AREA_STYLE('',(#16092));
#16092 = FILL_AREA_STYLE_COLOUR('',#16022);
#16093 = STYLED_ITEM('color',(#16094),#4267);
#16094 = PRESENTATION_STYLE_ASSIGNMENT((#16095));
#16095 = SURFACE_STYLE_USAGE(.BOTH.,#16096);
#16096 = SURFACE_SIDE_STYLE('',(#16097));
#16097 = SURFACE_STYLE_FILL_AREA(#16098);
#16098 = FILL_AREA_STYLE('',(#16099));
#16099 = FILL_AREA_STYLE_COLOUR('',#16022);
#16100 = STYLED_ITEM('color',(#16101),#4291);
#16101 = PRESENTATION_STYLE_ASSIGNMENT((#16102));
#16102 = SURFACE_STYLE_USAGE(.BOTH.,#16103);
#16103 = SURFACE_SIDE_STYLE('',(#16104));
#16104 = SURFACE_STYLE_FILL_AREA(#16105);
#16105 = FILL_AREA_STYLE('',(#16106));
#16106 = FILL_AREA_STYLE_COLOUR('',#16022);
#16107 = STYLED_ITEM('color',(#16108),#4372);
#16108 = PRESENTATION_STYLE_ASSIGNMENT((#16109));
#16109 = SURFACE_STYLE_USAGE(.BOTH.,#16110);
#16110 = SURFACE_SIDE_STYLE('',(#16111));
#16111 = SURFACE_STYLE_FILL_AREA(#16112);
#16112 = FILL_AREA_STYLE('',(#16113));
#16113 = FILL_AREA_STYLE_COLOUR('',#16022);
#16114 = STYLED_ITEM('color',(#16115),#4524);
#16115 = PRESENTATION_STYLE_ASSIGNMENT((#16116));
#16116 = SURFACE_STYLE_USAGE(.BOTH.,#16117);
#16117 = SURFACE_SIDE_STYLE('',(#16118));
#16118 = SURFACE_STYLE_FILL_AREA(#16119);
#16119 = FILL_AREA_STYLE('',(#16120));
#16120 = FILL_AREA_STYLE_COLOUR('',#16022);
#16121 = STYLED_ITEM('color',(#16122),#4548);
#16122 = PRESENTATION_STYLE_ASSIGNMENT((#16123));
#16123 = SURFACE_STYLE_USAGE(.BOTH.,#16124);
#16124 = SURFACE_SIDE_STYLE('',(#16125));
#16125 = SURFACE_STYLE_FILL_AREA(#16126);
#16126 = FILL_AREA_STYLE('',(#16127));
#16127 = FILL_AREA_STYLE_COLOUR('',#16022);
#16128 = STYLED_ITEM('color',(#16129),#4572);
#16129 = PRESENTATION_STYLE_ASSIGNMENT((#16130));
#16130 = SURFACE_STYLE_USAGE(.BOTH.,#16131);
#16131 = SURFACE_SIDE_STYLE('',(#16132));
#16132 = SURFACE_STYLE_FILL_AREA(#16133);
#16133 = FILL_AREA_STYLE('',(#16134));
#16134 = FILL_AREA_STYLE_COLOUR('',#16022);
#16135 = STYLED_ITEM('color',(#16136),#4717);
#16136 = PRESENTATION_STYLE_ASSIGNMENT((#16137));
#16137 = SURFACE_STYLE_USAGE(.BOTH.,#16138);
#16138 = SURFACE_SIDE_STYLE('',(#16139));
#16139 = SURFACE_STYLE_FILL_AREA(#16140);
#16140 = FILL_AREA_STYLE('',(#16141));
#16141 = FILL_AREA_STYLE_COLOUR('',#16022);
#16142 = STYLED_ITEM('color',(#16143),#4805);
#16143 = PRESENTATION_STYLE_ASSIGNMENT((#16144));
#16144 = SURFACE_STYLE_USAGE(.BOTH.,#16145);
#16145 = SURFACE_SIDE_STYLE('',(#16146));
#16146 = SURFACE_STYLE_FILL_AREA(#16147);
#16147 = FILL_AREA_STYLE('',(#16148));
#16148 = FILL_AREA_STYLE_COLOUR('',#16022);
#16149 = STYLED_ITEM('color',(#16150),#4845);
#16150 = PRESENTATION_STYLE_ASSIGNMENT((#16151));
#16151 = SURFACE_STYLE_USAGE(.BOTH.,#16152);
#16152 = SURFACE_SIDE_STYLE('',(#16153));
#16153 = SURFACE_STYLE_FILL_AREA(#16154);
#16154 = FILL_AREA_STYLE('',(#16155));
#16155 = FILL_AREA_STYLE_COLOUR('',#16022);
#16156 = STYLED_ITEM('color',(#16157),#4878);
#16157 = PRESENTATION_STYLE_ASSIGNMENT((#16158));
#16158 = SURFACE_STYLE_USAGE(.BOTH.,#16159);
#16159 = SURFACE_SIDE_STYLE('',(#16160));
#16160 = SURFACE_STYLE_FILL_AREA(#16161);
#16161 = FILL_AREA_STYLE('',(#16162));
#16162 = FILL_AREA_STYLE_COLOUR('',#16022);
#16163 = STYLED_ITEM('color',(#16164),#4911);
#16164 = PRESENTATION_STYLE_ASSIGNMENT((#16165));
#16165 = SURFACE_STYLE_USAGE(.BOTH.,#16166);
#16166 = SURFACE_SIDE_STYLE('',(#16167));
#16167 = SURFACE_STYLE_FILL_AREA(#16168);
#16168 = FILL_AREA_STYLE('',(#16169));
#16169 = FILL_AREA_STYLE_COLOUR('',#15362);
#16170 = STYLED_ITEM('color',(#16171),#4935);
#16171 = PRESENTATION_STYLE_ASSIGNMENT((#16172));
#16172 = SURFACE_STYLE_USAGE(.BOTH.,#16173);
#16173 = SURFACE_SIDE_STYLE('',(#16174));
#16174 = SURFACE_STYLE_FILL_AREA(#16175);
#16175 = FILL_AREA_STYLE('',(#16176));
#16176 = FILL_AREA_STYLE_COLOUR('',#15362);
#16177 = STYLED_ITEM('color',(#16178),#5002);
#16178 = PRESENTATION_STYLE_ASSIGNMENT((#16179));
#16179 = SURFACE_STYLE_USAGE(.BOTH.,#16180);
#16180 = SURFACE_SIDE_STYLE('',(#16181));
#16181 = SURFACE_STYLE_FILL_AREA(#16182);
#16182 = FILL_AREA_STYLE('',(#16183));
#16183 = FILL_AREA_STYLE_COLOUR('',#15362);
#16184 = STYLED_ITEM('color',(#16185),#5026);
#16185 = PRESENTATION_STYLE_ASSIGNMENT((#16186));
#16186 = SURFACE_STYLE_USAGE(.BOTH.,#16187);
#16187 = SURFACE_SIDE_STYLE('',(#16188));
#16188 = SURFACE_STYLE_FILL_AREA(#16189);
#16189 = FILL_AREA_STYLE('',(#16190));
#16190 = FILL_AREA_STYLE_COLOUR('',#16022);
#16191 = STYLED_ITEM('color',(#16192),#5050);
#16192 = PRESENTATION_STYLE_ASSIGNMENT((#16193));
#16193 = SURFACE_STYLE_USAGE(.BOTH.,#16194);
#16194 = SURFACE_SIDE_STYLE('',(#16195));
#16195 = SURFACE_STYLE_FILL_AREA(#16196);
#16196 = FILL_AREA_STYLE('',(#16197));
#16197 = FILL_AREA_STYLE_COLOUR('',#15362);
#16198 = STYLED_ITEM('color',(#16199),#5067);
#16199 = PRESENTATION_STYLE_ASSIGNMENT((#16200));
#16200 = SURFACE_STYLE_USAGE(.BOTH.,#16201);
#16201 = SURFACE_SIDE_STYLE('',(#16202));
#16202 = SURFACE_STYLE_FILL_AREA(#16203);
#16203 = FILL_AREA_STYLE('',(#16204));
#16204 = FILL_AREA_STYLE_COLOUR('',#16022);
#16205 = STYLED_ITEM('color',(#16206),#5091);
#16206 = PRESENTATION_STYLE_ASSIGNMENT((#16207));
#16207 = SURFACE_STYLE_USAGE(.BOTH.,#16208);
#16208 = SURFACE_SIDE_STYLE('',(#16209));
#16209 = SURFACE_STYLE_FILL_AREA(#16210);
#16210 = FILL_AREA_STYLE('',(#16211));
#16211 = FILL_AREA_STYLE_COLOUR('',#15362);
#16212 = STYLED_ITEM('color',(#16213),#5186);
#16213 = PRESENTATION_STYLE_ASSIGNMENT((#16214));
#16214 = SURFACE_STYLE_USAGE(.BOTH.,#16215);
#16215 = SURFACE_SIDE_STYLE('',(#16216));
#16216 = SURFACE_STYLE_FILL_AREA(#16217);
#16217 = FILL_AREA_STYLE('',(#16218));
#16218 = FILL_AREA_STYLE_COLOUR('',#15362);
#16219 = STYLED_ITEM('color',(#16220),#5210);
#16220 = PRESENTATION_STYLE_ASSIGNMENT((#16221));
#16221 = SURFACE_STYLE_USAGE(.BOTH.,#16222);
#16222 = SURFACE_SIDE_STYLE('',(#16223));
#16223 = SURFACE_STYLE_FILL_AREA(#16224);
#16224 = FILL_AREA_STYLE('',(#16225));
#16225 = FILL_AREA_STYLE_COLOUR('',#15362);
#16226 = STYLED_ITEM('color',(#16227),#5235);
#16227 = PRESENTATION_STYLE_ASSIGNMENT((#16228));
#16228 = SURFACE_STYLE_USAGE(.BOTH.,#16229);
#16229 = SURFACE_SIDE_STYLE('',(#16230));
#16230 = SURFACE_STYLE_FILL_AREA(#16231);
#16231 = FILL_AREA_STYLE('',(#16232));
#16232 = FILL_AREA_STYLE_COLOUR('',#15362);
#16233 = STYLED_ITEM('color',(#16234),#5267);
#16234 = PRESENTATION_STYLE_ASSIGNMENT((#16235));
#16235 = SURFACE_STYLE_USAGE(.BOTH.,#16236);
#16236 = SURFACE_SIDE_STYLE('',(#16237));
#16237 = SURFACE_STYLE_FILL_AREA(#16238);
#16238 = FILL_AREA_STYLE('',(#16239));
#16239 = FILL_AREA_STYLE_COLOUR('',#15362);
#16240 = STYLED_ITEM('color',(#16241),#5284);
#16241 = PRESENTATION_STYLE_ASSIGNMENT((#16242));
#16242 = SURFACE_STYLE_USAGE(.BOTH.,#16243);
#16243 = SURFACE_SIDE_STYLE('',(#16244));
#16244 = SURFACE_STYLE_FILL_AREA(#16245);
#16245 = FILL_AREA_STYLE('',(#16246));
#16246 = FILL_AREA_STYLE_COLOUR('',#16022);
#16247 = STYLED_ITEM('color',(#16248),#5306);
#16248 = PRESENTATION_STYLE_ASSIGNMENT((#16249));
#16249 = SURFACE_STYLE_USAGE(.BOTH.,#16250);
#16250 = SURFACE_SIDE_STYLE('',(#16251));
#16251 = SURFACE_STYLE_FILL_AREA(#16252);
#16252 = FILL_AREA_STYLE('',(#16253));
#16253 = FILL_AREA_STYLE_COLOUR('',#16022);
#16254 = STYLED_ITEM('color',(#16255),#5323);
#16255 = PRESENTATION_STYLE_ASSIGNMENT((#16256));
#16256 = SURFACE_STYLE_USAGE(.BOTH.,#16257);
#16257 = SURFACE_SIDE_STYLE('',(#16258));
#16258 = SURFACE_STYLE_FILL_AREA(#16259);
#16259 = FILL_AREA_STYLE('',(#16260));
#16260 = FILL_AREA_STYLE_COLOUR('',#16022);
#16261 = STYLED_ITEM('color',(#16262),#5374);
#16262 = PRESENTATION_STYLE_ASSIGNMENT((#16263));
#16263 = SURFACE_STYLE_USAGE(.BOTH.,#16264);
#16264 = SURFACE_SIDE_STYLE('',(#16265));
#16265 = SURFACE_STYLE_FILL_AREA(#16266);
#16266 = FILL_AREA_STYLE('',(#16267));
#16267 = FILL_AREA_STYLE_COLOUR('',#16022);
#16268 = STYLED_ITEM('color',(#16269),#5386);
#16269 = PRESENTATION_STYLE_ASSIGNMENT((#16270));
#16270 = SURFACE_STYLE_USAGE(.BOTH.,#16271);
#16271 = SURFACE_SIDE_STYLE('',(#16272));
#16272 = SURFACE_STYLE_FILL_AREA(#16273);
#16273 = FILL_AREA_STYLE('',(#16274));
#16274 = FILL_AREA_STYLE_COLOUR('',#16022);
#16275 = STYLED_ITEM('color',(#16276),#5417);
#16276 = PRESENTATION_STYLE_ASSIGNMENT((#16277));
#16277 = SURFACE_STYLE_USAGE(.BOTH.,#16278);
#16278 = SURFACE_SIDE_STYLE('',(#16279));
#16279 = SURFACE_STYLE_FILL_AREA(#16280);
#16280 = FILL_AREA_STYLE('',(#16281));
#16281 = FILL_AREA_STYLE_COLOUR('',#16022);
#16282 = STYLED_ITEM('color',(#16283),#5441);
#16283 = PRESENTATION_STYLE_ASSIGNMENT((#16284));
#16284 = SURFACE_STYLE_USAGE(.BOTH.,#16285);
#16285 = SURFACE_SIDE_STYLE('',(#16286));
#16286 = SURFACE_STYLE_FILL_AREA(#16287);
#16287 = FILL_AREA_STYLE('',(#16288));
#16288 = FILL_AREA_STYLE_COLOUR('',#16022);
#16289 = STYLED_ITEM('color',(#16290),#5465);
#16290 = PRESENTATION_STYLE_ASSIGNMENT((#16291));
#16291 = SURFACE_STYLE_USAGE(.BOTH.,#16292);
#16292 = SURFACE_SIDE_STYLE('',(#16293));
#16293 = SURFACE_STYLE_FILL_AREA(#16294);
#16294 = FILL_AREA_STYLE('',(#16295));
#16295 = FILL_AREA_STYLE_COLOUR('',#16022);
#16296 = STYLED_ITEM('color',(#16297),#5489);
#16297 = PRESENTATION_STYLE_ASSIGNMENT((#16298));
#16298 = SURFACE_STYLE_USAGE(.BOTH.,#16299);
#16299 = SURFACE_SIDE_STYLE('',(#16300));
#16300 = SURFACE_STYLE_FILL_AREA(#16301);
#16301 = FILL_AREA_STYLE('',(#16302));
#16302 = FILL_AREA_STYLE_COLOUR('',#16022);
#16303 = STYLED_ITEM('color',(#16304),#5513);
#16304 = PRESENTATION_STYLE_ASSIGNMENT((#16305));
#16305 = SURFACE_STYLE_USAGE(.BOTH.,#16306);
#16306 = SURFACE_SIDE_STYLE('',(#16307));
#16307 = SURFACE_STYLE_FILL_AREA(#16308);
#16308 = FILL_AREA_STYLE('',(#16309));
#16309 = FILL_AREA_STYLE_COLOUR('',#16022);
#16310 = STYLED_ITEM('color',(#16311),#5537);
#16311 = PRESENTATION_STYLE_ASSIGNMENT((#16312));
#16312 = SURFACE_STYLE_USAGE(.BOTH.,#16313);
#16313 = SURFACE_SIDE_STYLE('',(#16314));
#16314 = SURFACE_STYLE_FILL_AREA(#16315);
#16315 = FILL_AREA_STYLE('',(#16316));
#16316 = FILL_AREA_STYLE_COLOUR('',#16022);
#16317 = STYLED_ITEM('color',(#16318),#5561);
#16318 = PRESENTATION_STYLE_ASSIGNMENT((#16319));
#16319 = SURFACE_STYLE_USAGE(.BOTH.,#16320);
#16320 = SURFACE_SIDE_STYLE('',(#16321));
#16321 = SURFACE_STYLE_FILL_AREA(#16322);
#16322 = FILL_AREA_STYLE('',(#16323));
#16323 = FILL_AREA_STYLE_COLOUR('',#16022);
#16324 = STYLED_ITEM('color',(#16325),#5585);
#16325 = PRESENTATION_STYLE_ASSIGNMENT((#16326));
#16326 = SURFACE_STYLE_USAGE(.BOTH.,#16327);
#16327 = SURFACE_SIDE_STYLE('',(#16328));
#16328 = SURFACE_STYLE_FILL_AREA(#16329);
#16329 = FILL_AREA_STYLE('',(#16330));
#16330 = FILL_AREA_STYLE_COLOUR('',#16022);
#16331 = STYLED_ITEM('color',(#16332),#5609);
#16332 = PRESENTATION_STYLE_ASSIGNMENT((#16333));
#16333 = SURFACE_STYLE_USAGE(.BOTH.,#16334);
#16334 = SURFACE_SIDE_STYLE('',(#16335));
#16335 = SURFACE_STYLE_FILL_AREA(#16336);
#16336 = FILL_AREA_STYLE('',(#16337));
#16337 = FILL_AREA_STYLE_COLOUR('',#16022);
#16338 = STYLED_ITEM('color',(#16339),#5633);
#16339 = PRESENTATION_STYLE_ASSIGNMENT((#16340));
#16340 = SURFACE_STYLE_USAGE(.BOTH.,#16341);
#16341 = SURFACE_SIDE_STYLE('',(#16342));
#16342 = SURFACE_STYLE_FILL_AREA(#16343);
#16343 = FILL_AREA_STYLE('',(#16344));
#16344 = FILL_AREA_STYLE_COLOUR('',#16022);
#16345 = STYLED_ITEM('color',(#16346),#5665);
#16346 = PRESENTATION_STYLE_ASSIGNMENT((#16347));
#16347 = SURFACE_STYLE_USAGE(.BOTH.,#16348);
#16348 = SURFACE_SIDE_STYLE('',(#16349));
#16349 = SURFACE_STYLE_FILL_AREA(#16350);
#16350 = FILL_AREA_STYLE('',(#16351));
#16351 = FILL_AREA_STYLE_COLOUR('',#16022);
#16352 = STYLED_ITEM('color',(#16353),#5689);
#16353 = PRESENTATION_STYLE_ASSIGNMENT((#16354));
#16354 = SURFACE_STYLE_USAGE(.BOTH.,#16355);
#16355 = SURFACE_SIDE_STYLE('',(#16356));
#16356 = SURFACE_STYLE_FILL_AREA(#16357);
#16357 = FILL_AREA_STYLE('',(#16358));
#16358 = FILL_AREA_STYLE_COLOUR('',#16022);
#16359 = STYLED_ITEM('color',(#16360),#5729);
#16360 = PRESENTATION_STYLE_ASSIGNMENT((#16361));
#16361 = SURFACE_STYLE_USAGE(.BOTH.,#16362);
#16362 = SURFACE_SIDE_STYLE('',(#16363));
#16363 = SURFACE_STYLE_FILL_AREA(#16364);
#16364 = FILL_AREA_STYLE('',(#16365));
#16365 = FILL_AREA_STYLE_COLOUR('',#16022);
#16366 = STYLED_ITEM('color',(#16367),#5761);
#16367 = PRESENTATION_STYLE_ASSIGNMENT((#16368));
#16368 = SURFACE_STYLE_USAGE(.BOTH.,#16369);
#16369 = SURFACE_SIDE_STYLE('',(#16370));
#16370 = SURFACE_STYLE_FILL_AREA(#16371);
#16371 = FILL_AREA_STYLE('',(#16372));
#16372 = FILL_AREA_STYLE_COLOUR('',#16022);
#16373 = STYLED_ITEM('color',(#16374),#5785);
#16374 = PRESENTATION_STYLE_ASSIGNMENT((#16375));
#16375 = SURFACE_STYLE_USAGE(.BOTH.,#16376);
#16376 = SURFACE_SIDE_STYLE('',(#16377));
#16377 = SURFACE_STYLE_FILL_AREA(#16378);
#16378 = FILL_AREA_STYLE('',(#16379));
#16379 = FILL_AREA_STYLE_COLOUR('',#16022);
#16380 = STYLED_ITEM('color',(#16381),#5825);
#16381 = PRESENTATION_STYLE_ASSIGNMENT((#16382));
#16382 = SURFACE_STYLE_USAGE(.BOTH.,#16383);
#16383 = SURFACE_SIDE_STYLE('',(#16384));
#16384 = SURFACE_STYLE_FILL_AREA(#16385);
#16385 = FILL_AREA_STYLE('',(#16386));
#16386 = FILL_AREA_STYLE_COLOUR('',#16022);
#16387 = STYLED_ITEM('color',(#16388),#5865);
#16388 = PRESENTATION_STYLE_ASSIGNMENT((#16389));
#16389 = SURFACE_STYLE_USAGE(.BOTH.,#16390);
#16390 = SURFACE_SIDE_STYLE('',(#16391));
#16391 = SURFACE_STYLE_FILL_AREA(#16392);
#16392 = FILL_AREA_STYLE('',(#16393));
#16393 = FILL_AREA_STYLE_COLOUR('',#16022);
#16394 = STYLED_ITEM('color',(#16395),#5889);
#16395 = PRESENTATION_STYLE_ASSIGNMENT((#16396));
#16396 = SURFACE_STYLE_USAGE(.BOTH.,#16397);
#16397 = SURFACE_SIDE_STYLE('',(#16398));
#16398 = SURFACE_STYLE_FILL_AREA(#16399);
#16399 = FILL_AREA_STYLE('',(#16400));
#16400 = FILL_AREA_STYLE_COLOUR('',#16022);
#16401 = STYLED_ITEM('color',(#16402),#5921);
#16402 = PRESENTATION_STYLE_ASSIGNMENT((#16403));
#16403 = SURFACE_STYLE_USAGE(.BOTH.,#16404);
#16404 = SURFACE_SIDE_STYLE('',(#16405));
#16405 = SURFACE_STYLE_FILL_AREA(#16406);
#16406 = FILL_AREA_STYLE('',(#16407));
#16407 = FILL_AREA_STYLE_COLOUR('',#16022);
#16408 = STYLED_ITEM('color',(#16409),#5961);
#16409 = PRESENTATION_STYLE_ASSIGNMENT((#16410));
#16410 = SURFACE_STYLE_USAGE(.BOTH.,#16411);
#16411 = SURFACE_SIDE_STYLE('',(#16412));
#16412 = SURFACE_STYLE_FILL_AREA(#16413);
#16413 = FILL_AREA_STYLE('',(#16414));
#16414 = FILL_AREA_STYLE_COLOUR('',#16022);
#16415 = STYLED_ITEM('color',(#16416),#5985);
#16416 = PRESENTATION_STYLE_ASSIGNMENT((#16417));
#16417 = SURFACE_STYLE_USAGE(.BOTH.,#16418);
#16418 = SURFACE_SIDE_STYLE('',(#16419));
#16419 = SURFACE_STYLE_FILL_AREA(#16420);
#16420 = FILL_AREA_STYLE('',(#16421));
#16421 = FILL_AREA_STYLE_COLOUR('',#16022);
#16422 = STYLED_ITEM('color',(#16423),#6017);
#16423 = PRESENTATION_STYLE_ASSIGNMENT((#16424));
#16424 = SURFACE_STYLE_USAGE(.BOTH.,#16425);
#16425 = SURFACE_SIDE_STYLE('',(#16426));
#16426 = SURFACE_STYLE_FILL_AREA(#16427);
#16427 = FILL_AREA_STYLE('',(#16428));
#16428 = FILL_AREA_STYLE_COLOUR('',#16022);
#16429 = STYLED_ITEM('color',(#16430),#6041);
#16430 = PRESENTATION_STYLE_ASSIGNMENT((#16431));
#16431 = SURFACE_STYLE_USAGE(.BOTH.,#16432);
#16432 = SURFACE_SIDE_STYLE('',(#16433));
#16433 = SURFACE_STYLE_FILL_AREA(#16434);
#16434 = FILL_AREA_STYLE('',(#16435));
#16435 = FILL_AREA_STYLE_COLOUR('',#16022);
#16436 = STYLED_ITEM('color',(#16437),#6065);
#16437 = PRESENTATION_STYLE_ASSIGNMENT((#16438));
#16438 = SURFACE_STYLE_USAGE(.BOTH.,#16439);
#16439 = SURFACE_SIDE_STYLE('',(#16440));
#16440 = SURFACE_STYLE_FILL_AREA(#16441);
#16441 = FILL_AREA_STYLE('',(#16442));
#16442 = FILL_AREA_STYLE_COLOUR('',#16022);
#16443 = STYLED_ITEM('color',(#16444),#6089);
#16444 = PRESENTATION_STYLE_ASSIGNMENT((#16445));
#16445 = SURFACE_STYLE_USAGE(.BOTH.,#16446);
#16446 = SURFACE_SIDE_STYLE('',(#16447));
#16447 = SURFACE_STYLE_FILL_AREA(#16448);
#16448 = FILL_AREA_STYLE('',(#16449));
#16449 = FILL_AREA_STYLE_COLOUR('',#16022);
#16450 = STYLED_ITEM('color',(#16451),#6113);
#16451 = PRESENTATION_STYLE_ASSIGNMENT((#16452));
#16452 = SURFACE_STYLE_USAGE(.BOTH.,#16453);
#16453 = SURFACE_SIDE_STYLE('',(#16454));
#16454 = SURFACE_STYLE_FILL_AREA(#16455);
#16455 = FILL_AREA_STYLE('',(#16456));
#16456 = FILL_AREA_STYLE_COLOUR('',#16022);
#16457 = STYLED_ITEM('color',(#16458),#6145);
#16458 = PRESENTATION_STYLE_ASSIGNMENT((#16459));
#16459 = SURFACE_STYLE_USAGE(.BOTH.,#16460);
#16460 = SURFACE_SIDE_STYLE('',(#16461));
#16461 = SURFACE_STYLE_FILL_AREA(#16462);
#16462 = FILL_AREA_STYLE('',(#16463));
#16463 = FILL_AREA_STYLE_COLOUR('',#16022);
#16464 = STYLED_ITEM('color',(#16465),#6169);
#16465 = PRESENTATION_STYLE_ASSIGNMENT((#16466));
#16466 = SURFACE_STYLE_USAGE(.BOTH.,#16467);
#16467 = SURFACE_SIDE_STYLE('',(#16468));
#16468 = SURFACE_STYLE_FILL_AREA(#16469);
#16469 = FILL_AREA_STYLE('',(#16470));
#16470 = FILL_AREA_STYLE_COLOUR('',#16022);
#16471 = STYLED_ITEM('color',(#16472),#6209);
#16472 = PRESENTATION_STYLE_ASSIGNMENT((#16473));
#16473 = SURFACE_STYLE_USAGE(.BOTH.,#16474);
#16474 = SURFACE_SIDE_STYLE('',(#16475));
#16475 = SURFACE_STYLE_FILL_AREA(#16476);
#16476 = FILL_AREA_STYLE('',(#16477));
#16477 = FILL_AREA_STYLE_COLOUR('',#16022);
#16478 = STYLED_ITEM('color',(#16479),#6241);
#16479 = PRESENTATION_STYLE_ASSIGNMENT((#16480));
#16480 = SURFACE_STYLE_USAGE(.BOTH.,#16481);
#16481 = SURFACE_SIDE_STYLE('',(#16482));
#16482 = SURFACE_STYLE_FILL_AREA(#16483);
#16483 = FILL_AREA_STYLE('',(#16484));
#16484 = FILL_AREA_STYLE_COLOUR('',#16022);
#16485 = STYLED_ITEM('color',(#16486),#6265);
#16486 = PRESENTATION_STYLE_ASSIGNMENT((#16487));
#16487 = SURFACE_STYLE_USAGE(.BOTH.,#16488);
#16488 = SURFACE_SIDE_STYLE('',(#16489));
#16489 = SURFACE_STYLE_FILL_AREA(#16490);
#16490 = FILL_AREA_STYLE('',(#16491));
#16491 = FILL_AREA_STYLE_COLOUR('',#16022);
#16492 = STYLED_ITEM('color',(#16493),#6305);
#16493 = PRESENTATION_STYLE_ASSIGNMENT((#16494));
#16494 = SURFACE_STYLE_USAGE(.BOTH.,#16495);
#16495 = SURFACE_SIDE_STYLE('',(#16496));
#16496 = SURFACE_STYLE_FILL_AREA(#16497);
#16497 = FILL_AREA_STYLE('',(#16498));
#16498 = FILL_AREA_STYLE_COLOUR('',#16022);
#16499 = STYLED_ITEM('color',(#16500),#6345);
#16500 = PRESENTATION_STYLE_ASSIGNMENT((#16501));
#16501 = SURFACE_STYLE_USAGE(.BOTH.,#16502);
#16502 = SURFACE_SIDE_STYLE('',(#16503));
#16503 = SURFACE_STYLE_FILL_AREA(#16504);
#16504 = FILL_AREA_STYLE('',(#16505));
#16505 = FILL_AREA_STYLE_COLOUR('',#16022);
#16506 = STYLED_ITEM('color',(#16507),#6369);
#16507 = PRESENTATION_STYLE_ASSIGNMENT((#16508));
#16508 = SURFACE_STYLE_USAGE(.BOTH.,#16509);
#16509 = SURFACE_SIDE_STYLE('',(#16510));
#16510 = SURFACE_STYLE_FILL_AREA(#16511);
#16511 = FILL_AREA_STYLE('',(#16512));
#16512 = FILL_AREA_STYLE_COLOUR('',#16022);
#16513 = STYLED_ITEM('color',(#16514),#6401);
#16514 = PRESENTATION_STYLE_ASSIGNMENT((#16515));
#16515 = SURFACE_STYLE_USAGE(.BOTH.,#16516);
#16516 = SURFACE_SIDE_STYLE('',(#16517));
#16517 = SURFACE_STYLE_FILL_AREA(#16518);
#16518 = FILL_AREA_STYLE('',(#16519));
#16519 = FILL_AREA_STYLE_COLOUR('',#16022);
#16520 = STYLED_ITEM('color',(#16521),#6441);
#16521 = PRESENTATION_STYLE_ASSIGNMENT((#16522));
#16522 = SURFACE_STYLE_USAGE(.BOTH.,#16523);
#16523 = SURFACE_SIDE_STYLE('',(#16524));
#16524 = SURFACE_STYLE_FILL_AREA(#16525);
#16525 = FILL_AREA_STYLE('',(#16526));
#16526 = FILL_AREA_STYLE_COLOUR('',#16022);
#16527 = STYLED_ITEM('color',(#16528),#6465);
#16528 = PRESENTATION_STYLE_ASSIGNMENT((#16529));
#16529 = SURFACE_STYLE_USAGE(.BOTH.,#16530);
#16530 = SURFACE_SIDE_STYLE('',(#16531));
#16531 = SURFACE_STYLE_FILL_AREA(#16532);
#16532 = FILL_AREA_STYLE('',(#16533));
#16533 = FILL_AREA_STYLE_COLOUR('',#16022);
#16534 = STYLED_ITEM('color',(#16535),#6497);
#16535 = PRESENTATION_STYLE_ASSIGNMENT((#16536));
#16536 = SURFACE_STYLE_USAGE(.BOTH.,#16537);
#16537 = SURFACE_SIDE_STYLE('',(#16538));
#16538 = SURFACE_STYLE_FILL_AREA(#16539);
#16539 = FILL_AREA_STYLE('',(#16540));
#16540 = FILL_AREA_STYLE_COLOUR('',#16022);
#16541 = STYLED_ITEM('color',(#16542),#6521);
#16542 = PRESENTATION_STYLE_ASSIGNMENT((#16543));
#16543 = SURFACE_STYLE_USAGE(.BOTH.,#16544);
#16544 = SURFACE_SIDE_STYLE('',(#16545));
#16545 = SURFACE_STYLE_FILL_AREA(#16546);
#16546 = FILL_AREA_STYLE('',(#16547));
#16547 = FILL_AREA_STYLE_COLOUR('',#16022);
#16548 = STYLED_ITEM('color',(#16549),#6538);
#16549 = PRESENTATION_STYLE_ASSIGNMENT((#16550));
#16550 = SURFACE_STYLE_USAGE(.BOTH.,#16551);
#16551 = SURFACE_SIDE_STYLE('',(#16552));
#16552 = SURFACE_STYLE_FILL_AREA(#16553);
#16553 = FILL_AREA_STYLE('',(#16554));
#16554 = FILL_AREA_STYLE_COLOUR('',#16022);
#16555 = STYLED_ITEM('color',(#16556),#6569);
#16556 = PRESENTATION_STYLE_ASSIGNMENT((#16557));
#16557 = SURFACE_STYLE_USAGE(.BOTH.,#16558);
#16558 = SURFACE_SIDE_STYLE('',(#16559));
#16559 = SURFACE_STYLE_FILL_AREA(#16560);
#16560 = FILL_AREA_STYLE('',(#16561));
#16561 = FILL_AREA_STYLE_COLOUR('',#16022);
#16562 = STYLED_ITEM('color',(#16563),#6593);
#16563 = PRESENTATION_STYLE_ASSIGNMENT((#16564));
#16564 = SURFACE_STYLE_USAGE(.BOTH.,#16565);
#16565 = SURFACE_SIDE_STYLE('',(#16566));
#16566 = SURFACE_STYLE_FILL_AREA(#16567);
#16567 = FILL_AREA_STYLE('',(#16568));
#16568 = FILL_AREA_STYLE_COLOUR('',#16022);
#16569 = STYLED_ITEM('color',(#16570),#6617);
#16570 = PRESENTATION_STYLE_ASSIGNMENT((#16571));
#16571 = SURFACE_STYLE_USAGE(.BOTH.,#16572);
#16572 = SURFACE_SIDE_STYLE('',(#16573));
#16573 = SURFACE_STYLE_FILL_AREA(#16574);
#16574 = FILL_AREA_STYLE('',(#16575));
#16575 = FILL_AREA_STYLE_COLOUR('',#16022);
#16576 = STYLED_ITEM('color',(#16577),#6634);
#16577 = PRESENTATION_STYLE_ASSIGNMENT((#16578));
#16578 = SURFACE_STYLE_USAGE(.BOTH.,#16579);
#16579 = SURFACE_SIDE_STYLE('',(#16580));
#16580 = SURFACE_STYLE_FILL_AREA(#16581);
#16581 = FILL_AREA_STYLE('',(#16582));
#16582 = FILL_AREA_STYLE_COLOUR('',#16022);
#16583 = STYLED_ITEM('color',(#16584),#6665);
#16584 = PRESENTATION_STYLE_ASSIGNMENT((#16585));
#16585 = SURFACE_STYLE_USAGE(.BOTH.,#16586);
#16586 = SURFACE_SIDE_STYLE('',(#16587));
#16587 = SURFACE_STYLE_FILL_AREA(#16588);
#16588 = FILL_AREA_STYLE('',(#16589));
#16589 = FILL_AREA_STYLE_COLOUR('',#16022);
#16590 = STYLED_ITEM('color',(#16591),#6689);
#16591 = PRESENTATION_STYLE_ASSIGNMENT((#16592));
#16592 = SURFACE_STYLE_USAGE(.BOTH.,#16593);
#16593 = SURFACE_SIDE_STYLE('',(#16594));
#16594 = SURFACE_STYLE_FILL_AREA(#16595);
#16595 = FILL_AREA_STYLE('',(#16596));
#16596 = FILL_AREA_STYLE_COLOUR('',#16022);
#16597 = STYLED_ITEM('color',(#16598),#6713);
#16598 = PRESENTATION_STYLE_ASSIGNMENT((#16599));
#16599 = SURFACE_STYLE_USAGE(.BOTH.,#16600);
#16600 = SURFACE_SIDE_STYLE('',(#16601));
#16601 = SURFACE_STYLE_FILL_AREA(#16602);
#16602 = FILL_AREA_STYLE('',(#16603));
#16603 = FILL_AREA_STYLE_COLOUR('',#16022);
#16604 = STYLED_ITEM('color',(#16605),#6730);
#16605 = PRESENTATION_STYLE_ASSIGNMENT((#16606));
#16606 = SURFACE_STYLE_USAGE(.BOTH.,#16607);
#16607 = SURFACE_SIDE_STYLE('',(#16608));
#16608 = SURFACE_STYLE_FILL_AREA(#16609);
#16609 = FILL_AREA_STYLE('',(#16610));
#16610 = FILL_AREA_STYLE_COLOUR('',#16022);
#16611 = STYLED_ITEM('color',(#16612),#6770);
#16612 = PRESENTATION_STYLE_ASSIGNMENT((#16613));
#16613 = SURFACE_STYLE_USAGE(.BOTH.,#16614);
#16614 = SURFACE_SIDE_STYLE('',(#16615));
#16615 = SURFACE_STYLE_FILL_AREA(#16616);
#16616 = FILL_AREA_STYLE('',(#16617));
#16617 = FILL_AREA_STYLE_COLOUR('',#16022);
#16618 = STYLED_ITEM('color',(#16619),#6787);
#16619 = PRESENTATION_STYLE_ASSIGNMENT((#16620));
#16620 = SURFACE_STYLE_USAGE(.BOTH.,#16621);
#16621 = SURFACE_SIDE_STYLE('',(#16622));
#16622 = SURFACE_STYLE_FILL_AREA(#16623);
#16623 = FILL_AREA_STYLE('',(#16624));
#16624 = FILL_AREA_STYLE_COLOUR('',#16022);
#16625 = STYLED_ITEM('color',(#16626),#6801);
#16626 = PRESENTATION_STYLE_ASSIGNMENT((#16627));
#16627 = SURFACE_STYLE_USAGE(.BOTH.,#16628);
#16628 = SURFACE_SIDE_STYLE('',(#16629));
#16629 = SURFACE_STYLE_FILL_AREA(#16630);
#16630 = FILL_AREA_STYLE('',(#16631));
#16631 = FILL_AREA_STYLE_COLOUR('',#16022);
#16632 = STYLED_ITEM('color',(#16633),#6818);
#16633 = PRESENTATION_STYLE_ASSIGNMENT((#16634));
#16634 = SURFACE_STYLE_USAGE(.BOTH.,#16635);
#16635 = SURFACE_SIDE_STYLE('',(#16636));
#16636 = SURFACE_STYLE_FILL_AREA(#16637);
#16637 = FILL_AREA_STYLE('',(#16638));
#16638 = FILL_AREA_STYLE_COLOUR('',#15362);
#16639 = STYLED_ITEM('color',(#16640),#6876);
#16640 = PRESENTATION_STYLE_ASSIGNMENT((#16641));
#16641 = SURFACE_STYLE_USAGE(.BOTH.,#16642);
#16642 = SURFACE_SIDE_STYLE('',(#16643));
#16643 = SURFACE_STYLE_FILL_AREA(#16644);
#16644 = FILL_AREA_STYLE('',(#16645));
#16645 = FILL_AREA_STYLE_COLOUR('',#15362);
#16646 = STYLED_ITEM('color',(#16647),#6900);
#16647 = PRESENTATION_STYLE_ASSIGNMENT((#16648));
#16648 = SURFACE_STYLE_USAGE(.BOTH.,#16649);
#16649 = SURFACE_SIDE_STYLE('',(#16650));
#16650 = SURFACE_STYLE_FILL_AREA(#16651);
#16651 = FILL_AREA_STYLE('',(#16652));
#16652 = FILL_AREA_STYLE_COLOUR('',#15362);
#16653 = STYLED_ITEM('color',(#16654),#6963);
#16654 = PRESENTATION_STYLE_ASSIGNMENT((#16655));
#16655 = SURFACE_STYLE_USAGE(.BOTH.,#16656);
#16656 = SURFACE_SIDE_STYLE('',(#16657));
#16657 = SURFACE_STYLE_FILL_AREA(#16658);
#16658 = FILL_AREA_STYLE('',(#16659));
#16659 = FILL_AREA_STYLE_COLOUR('',#16022);
#16660 = STYLED_ITEM('color',(#16661),#6987);
#16661 = PRESENTATION_STYLE_ASSIGNMENT((#16662));
#16662 = SURFACE_STYLE_USAGE(.BOTH.,#16663);
#16663 = SURFACE_SIDE_STYLE('',(#16664));
#16664 = SURFACE_STYLE_FILL_AREA(#16665);
#16665 = FILL_AREA_STYLE('',(#16666));
#16666 = FILL_AREA_STYLE_COLOUR('',#15362);
#16667 = STYLED_ITEM('color',(#16668),#7050);
#16668 = PRESENTATION_STYLE_ASSIGNMENT((#16669));
#16669 = SURFACE_STYLE_USAGE(.BOTH.,#16670);
#16670 = SURFACE_SIDE_STYLE('',(#16671));
#16671 = SURFACE_STYLE_FILL_AREA(#16672);
#16672 = FILL_AREA_STYLE('',(#16673));
#16673 = FILL_AREA_STYLE_COLOUR('',#15362);
#16674 = STYLED_ITEM('color',(#16675),#7074);
#16675 = PRESENTATION_STYLE_ASSIGNMENT((#16676));
#16676 = SURFACE_STYLE_USAGE(.BOTH.,#16677);
#16677 = SURFACE_SIDE_STYLE('',(#16678));
#16678 = SURFACE_STYLE_FILL_AREA(#16679);
#16679 = FILL_AREA_STYLE('',(#16680));
#16680 = FILL_AREA_STYLE_COLOUR('',#15362);
#16681 = STYLED_ITEM('color',(#16682),#7137);
#16682 = PRESENTATION_STYLE_ASSIGNMENT((#16683));
#16683 = SURFACE_STYLE_USAGE(.BOTH.,#16684);
#16684 = SURFACE_SIDE_STYLE('',(#16685));
#16685 = SURFACE_STYLE_FILL_AREA(#16686);
#16686 = FILL_AREA_STYLE('',(#16687));
#16687 = FILL_AREA_STYLE_COLOUR('',#16022);
#16688 = STYLED_ITEM('color',(#16689),#7161);
#16689 = PRESENTATION_STYLE_ASSIGNMENT((#16690));
#16690 = SURFACE_STYLE_USAGE(.BOTH.,#16691);
#16691 = SURFACE_SIDE_STYLE('',(#16692));
#16692 = SURFACE_STYLE_FILL_AREA(#16693);
#16693 = FILL_AREA_STYLE('',(#16694));
#16694 = FILL_AREA_STYLE_COLOUR('',#15362);
#16695 = STYLED_ITEM('color',(#16696),#7224);
#16696 = PRESENTATION_STYLE_ASSIGNMENT((#16697));
#16697 = SURFACE_STYLE_USAGE(.BOTH.,#16698);
#16698 = SURFACE_SIDE_STYLE('',(#16699));
#16699 = SURFACE_STYLE_FILL_AREA(#16700);
#16700 = FILL_AREA_STYLE('',(#16701));
#16701 = FILL_AREA_STYLE_COLOUR('',#15362);
#16702 = STYLED_ITEM('color',(#16703),#7248);
#16703 = PRESENTATION_STYLE_ASSIGNMENT((#16704));
#16704 = SURFACE_STYLE_USAGE(.BOTH.,#16705);
#16705 = SURFACE_SIDE_STYLE('',(#16706));
#16706 = SURFACE_STYLE_FILL_AREA(#16707);
#16707 = FILL_AREA_STYLE('',(#16708));
#16708 = FILL_AREA_STYLE_COLOUR('',#15362);
#16709 = STYLED_ITEM('color',(#16710),#7311);
#16710 = PRESENTATION_STYLE_ASSIGNMENT((#16711));
#16711 = SURFACE_STYLE_USAGE(.BOTH.,#16712);
#16712 = SURFACE_SIDE_STYLE('',(#16713));
#16713 = SURFACE_STYLE_FILL_AREA(#16714);
#16714 = FILL_AREA_STYLE('',(#16715));
#16715 = FILL_AREA_STYLE_COLOUR('',#16022);
#16716 = STYLED_ITEM('color',(#16717),#7335);
#16717 = PRESENTATION_STYLE_ASSIGNMENT((#16718));
#16718 = SURFACE_STYLE_USAGE(.BOTH.,#16719);
#16719 = SURFACE_SIDE_STYLE('',(#16720));
#16720 = SURFACE_STYLE_FILL_AREA(#16721);
#16721 = FILL_AREA_STYLE('',(#16722));
#16722 = FILL_AREA_STYLE_COLOUR('',#15362);
#16723 = STYLED_ITEM('color',(#16724),#7398);
#16724 = PRESENTATION_STYLE_ASSIGNMENT((#16725));
#16725 = SURFACE_STYLE_USAGE(.BOTH.,#16726);
#16726 = SURFACE_SIDE_STYLE('',(#16727));
#16727 = SURFACE_STYLE_FILL_AREA(#16728);
#16728 = FILL_AREA_STYLE('',(#16729));
#16729 = FILL_AREA_STYLE_COLOUR('',#15362);
#16730 = STYLED_ITEM('color',(#16731),#7422);
#16731 = PRESENTATION_STYLE_ASSIGNMENT((#16732));
#16732 = SURFACE_STYLE_USAGE(.BOTH.,#16733);
#16733 = SURFACE_SIDE_STYLE('',(#16734));
#16734 = SURFACE_STYLE_FILL_AREA(#16735);
#16735 = FILL_AREA_STYLE('',(#16736));
#16736 = FILL_AREA_STYLE_COLOUR('',#15362);
#16737 = STYLED_ITEM('color',(#16738),#7485);
#16738 = PRESENTATION_STYLE_ASSIGNMENT((#16739));
#16739 = SURFACE_STYLE_USAGE(.BOTH.,#16740);
#16740 = SURFACE_SIDE_STYLE('',(#16741));
#16741 = SURFACE_STYLE_FILL_AREA(#16742);
#16742 = FILL_AREA_STYLE('',(#16743));
#16743 = FILL_AREA_STYLE_COLOUR('',#16022);
#16744 = STYLED_ITEM('color',(#16745),#7502);
#16745 = PRESENTATION_STYLE_ASSIGNMENT((#16746));
#16746 = SURFACE_STYLE_USAGE(.BOTH.,#16747);
#16747 = SURFACE_SIDE_STYLE('',(#16748));
#16748 = SURFACE_STYLE_FILL_AREA(#16749);
#16749 = FILL_AREA_STYLE('',(#16750));
#16750 = FILL_AREA_STYLE_COLOUR('',#16022);
#16751 = STYLED_ITEM('color',(#16752),#7514);
#16752 = PRESENTATION_STYLE_ASSIGNMENT((#16753));
#16753 = SURFACE_STYLE_USAGE(.BOTH.,#16754);
#16754 = SURFACE_SIDE_STYLE('',(#16755));
#16755 = SURFACE_STYLE_FILL_AREA(#16756);
#16756 = FILL_AREA_STYLE('',(#16757));
#16757 = FILL_AREA_STYLE_COLOUR('',#15362);
#16758 = STYLED_ITEM('color',(#16759),#7531);
#16759 = PRESENTATION_STYLE_ASSIGNMENT((#16760));
#16760 = SURFACE_STYLE_USAGE(.BOTH.,#16761);
#16761 = SURFACE_SIDE_STYLE('',(#16762));
#16762 = SURFACE_STYLE_FILL_AREA(#16763);
#16763 = FILL_AREA_STYLE('',(#16764));
#16764 = FILL_AREA_STYLE_COLOUR('',#16022);
#16765 = STYLED_ITEM('color',(#16766),#7543);
#16766 = PRESENTATION_STYLE_ASSIGNMENT((#16767));
#16767 = SURFACE_STYLE_USAGE(.BOTH.,#16768);
#16768 = SURFACE_SIDE_STYLE('',(#16769));
#16769 = SURFACE_STYLE_FILL_AREA(#16770);
#16770 = FILL_AREA_STYLE('',(#16771));
#16771 = FILL_AREA_STYLE_COLOUR('',#15362);
#16772 = STYLED_ITEM('color',(#16773),#7560);
#16773 = PRESENTATION_STYLE_ASSIGNMENT((#16774));
#16774 = SURFACE_STYLE_USAGE(.BOTH.,#16775);
#16775 = SURFACE_SIDE_STYLE('',(#16776));
#16776 = SURFACE_STYLE_FILL_AREA(#16777);
#16777 = FILL_AREA_STYLE('',(#16778));
#16778 = FILL_AREA_STYLE_COLOUR('',#16022);
#16779 = STYLED_ITEM('color',(#16780),#7572);
#16780 = PRESENTATION_STYLE_ASSIGNMENT((#16781));
#16781 = SURFACE_STYLE_USAGE(.BOTH.,#16782);
#16782 = SURFACE_SIDE_STYLE('',(#16783));
#16783 = SURFACE_STYLE_FILL_AREA(#16784);
#16784 = FILL_AREA_STYLE('',(#16785));
#16785 = FILL_AREA_STYLE_COLOUR('',#15362);
#16786 = STYLED_ITEM('color',(#16787),#7589);
#16787 = PRESENTATION_STYLE_ASSIGNMENT((#16788));
#16788 = SURFACE_STYLE_USAGE(.BOTH.,#16789);
#16789 = SURFACE_SIDE_STYLE('',(#16790));
#16790 = SURFACE_STYLE_FILL_AREA(#16791);
#16791 = FILL_AREA_STYLE('',(#16792));
#16792 = FILL_AREA_STYLE_COLOUR('',#16022);
#16793 = STYLED_ITEM('color',(#16794),#7601);
#16794 = PRESENTATION_STYLE_ASSIGNMENT((#16795));
#16795 = SURFACE_STYLE_USAGE(.BOTH.,#16796);
#16796 = SURFACE_SIDE_STYLE('',(#16797));
#16797 = SURFACE_STYLE_FILL_AREA(#16798);
#16798 = FILL_AREA_STYLE('',(#16799));
#16799 = FILL_AREA_STYLE_COLOUR('',#15362);
#16800 = STYLED_ITEM('color',(#16801),#7618);
#16801 = PRESENTATION_STYLE_ASSIGNMENT((#16802));
#16802 = SURFACE_STYLE_USAGE(.BOTH.,#16803);
#16803 = SURFACE_SIDE_STYLE('',(#16804));
#16804 = SURFACE_STYLE_FILL_AREA(#16805);
#16805 = FILL_AREA_STYLE('',(#16806));
#16806 = FILL_AREA_STYLE_COLOUR('',#16022);
#16807 = STYLED_ITEM('color',(#16808),#7635);
#16808 = PRESENTATION_STYLE_ASSIGNMENT((#16809));
#16809 = SURFACE_STYLE_USAGE(.BOTH.,#16810);
#16810 = SURFACE_SIDE_STYLE('',(#16811));
#16811 = SURFACE_STYLE_FILL_AREA(#16812);
#16812 = FILL_AREA_STYLE('',(#16813));
#16813 = FILL_AREA_STYLE_COLOUR('',#16022);
#16814 = STYLED_ITEM('color',(#16815),#7670);
#16815 = PRESENTATION_STYLE_ASSIGNMENT((#16816));
#16816 = SURFACE_STYLE_USAGE(.BOTH.,#16817);
#16817 = SURFACE_SIDE_STYLE('',(#16818));
#16818 = SURFACE_STYLE_FILL_AREA(#16819);
#16819 = FILL_AREA_STYLE('',(#16820));
#16820 = FILL_AREA_STYLE_COLOUR('',#16022);
#16821 = STYLED_ITEM('color',(#16822),#7687);
#16822 = PRESENTATION_STYLE_ASSIGNMENT((#16823));
#16823 = SURFACE_STYLE_USAGE(.BOTH.,#16824);
#16824 = SURFACE_SIDE_STYLE('',(#16825));
#16825 = SURFACE_STYLE_FILL_AREA(#16826);
#16826 = FILL_AREA_STYLE('',(#16827));
#16827 = FILL_AREA_STYLE_COLOUR('',#16022);
#16828 = STYLED_ITEM('color',(#16829),#7699);
#16829 = PRESENTATION_STYLE_ASSIGNMENT((#16830));
#16830 = SURFACE_STYLE_USAGE(.BOTH.,#16831);
#16831 = SURFACE_SIDE_STYLE('',(#16832));
#16832 = SURFACE_STYLE_FILL_AREA(#16833);
#16833 = FILL_AREA_STYLE('',(#16834));
#16834 = FILL_AREA_STYLE_COLOUR('',#15362);
#16835 = STYLED_ITEM('color',(#16836),#7716);
#16836 = PRESENTATION_STYLE_ASSIGNMENT((#16837));
#16837 = SURFACE_STYLE_USAGE(.BOTH.,#16838);
#16838 = SURFACE_SIDE_STYLE('',(#16839));
#16839 = SURFACE_STYLE_FILL_AREA(#16840);
#16840 = FILL_AREA_STYLE('',(#16841));
#16841 = FILL_AREA_STYLE_COLOUR('',#15362);
#16842 = STYLED_ITEM('color',(#16843),#7733);
#16843 = PRESENTATION_STYLE_ASSIGNMENT((#16844));
#16844 = SURFACE_STYLE_USAGE(.BOTH.,#16845);
#16845 = SURFACE_SIDE_STYLE('',(#16846));
#16846 = SURFACE_STYLE_FILL_AREA(#16847);
#16847 = FILL_AREA_STYLE('',(#16848));
#16848 = FILL_AREA_STYLE_COLOUR('',#15362);
#16849 = STYLED_ITEM('color',(#16850),#7751);
#16850 = PRESENTATION_STYLE_ASSIGNMENT((#16851));
#16851 = SURFACE_STYLE_USAGE(.BOTH.,#16852);
#16852 = SURFACE_SIDE_STYLE('',(#16853));
#16853 = SURFACE_STYLE_FILL_AREA(#16854);
#16854 = FILL_AREA_STYLE('',(#16855));
#16855 = FILL_AREA_STYLE_COLOUR('',#15362);
#16856 = STYLED_ITEM('color',(#16857),#7768);
#16857 = PRESENTATION_STYLE_ASSIGNMENT((#16858));
#16858 = SURFACE_STYLE_USAGE(.BOTH.,#16859);
#16859 = SURFACE_SIDE_STYLE('',(#16860));
#16860 = SURFACE_STYLE_FILL_AREA(#16861);
#16861 = FILL_AREA_STYLE('',(#16862));
#16862 = FILL_AREA_STYLE_COLOUR('',#15362);
#16863 = STYLED_ITEM('color',(#16864),#7786);
#16864 = PRESENTATION_STYLE_ASSIGNMENT((#16865));
#16865 = SURFACE_STYLE_USAGE(.BOTH.,#16866);
#16866 = SURFACE_SIDE_STYLE('',(#16867));
#16867 = SURFACE_STYLE_FILL_AREA(#16868);
#16868 = FILL_AREA_STYLE('',(#16869));
#16869 = FILL_AREA_STYLE_COLOUR('',#15362);
#16870 = STYLED_ITEM('color',(#16871),#7798);
#16871 = PRESENTATION_STYLE_ASSIGNMENT((#16872));
#16872 = SURFACE_STYLE_USAGE(.BOTH.,#16873);
#16873 = SURFACE_SIDE_STYLE('',(#16874));
#16874 = SURFACE_STYLE_FILL_AREA(#16875);
#16875 = FILL_AREA_STYLE('',(#16876));
#16876 = FILL_AREA_STYLE_COLOUR('',#15362);
#16877 = STYLED_ITEM('color',(#16878),#7810);
#16878 = PRESENTATION_STYLE_ASSIGNMENT((#16879));
#16879 = SURFACE_STYLE_USAGE(.BOTH.,#16880);
#16880 = SURFACE_SIDE_STYLE('',(#16881));
#16881 = SURFACE_STYLE_FILL_AREA(#16882);
#16882 = FILL_AREA_STYLE('',(#16883));
#16883 = FILL_AREA_STYLE_COLOUR('',#15362);
#16884 = STYLED_ITEM('color',(#16885),#7834);
#16885 = PRESENTATION_STYLE_ASSIGNMENT((#16886));
#16886 = SURFACE_STYLE_USAGE(.BOTH.,#16887);
#16887 = SURFACE_SIDE_STYLE('',(#16888));
#16888 = SURFACE_STYLE_FILL_AREA(#16889);
#16889 = FILL_AREA_STYLE('',(#16890));
#16890 = FILL_AREA_STYLE_COLOUR('',#15362);
#16891 = STYLED_ITEM('color',(#16892),#7858);
#16892 = PRESENTATION_STYLE_ASSIGNMENT((#16893));
#16893 = SURFACE_STYLE_USAGE(.BOTH.,#16894);
#16894 = SURFACE_SIDE_STYLE('',(#16895));
#16895 = SURFACE_STYLE_FILL_AREA(#16896);
#16896 = FILL_AREA_STYLE('',(#16897));
#16897 = FILL_AREA_STYLE_COLOUR('',#15362);
#16898 = STYLED_ITEM('color',(#16899),#7875);
#16899 = PRESENTATION_STYLE_ASSIGNMENT((#16900));
#16900 = SURFACE_STYLE_USAGE(.BOTH.,#16901);
#16901 = SURFACE_SIDE_STYLE('',(#16902));
#16902 = SURFACE_STYLE_FILL_AREA(#16903);
#16903 = FILL_AREA_STYLE('',(#16904));
#16904 = FILL_AREA_STYLE_COLOUR('',#15362);
#16905 = STYLED_ITEM('color',(#16906),#7887);
#16906 = PRESENTATION_STYLE_ASSIGNMENT((#16907));
#16907 = SURFACE_STYLE_USAGE(.BOTH.,#16908);
#16908 = SURFACE_SIDE_STYLE('',(#16909));
#16909 = SURFACE_STYLE_FILL_AREA(#16910);
#16910 = FILL_AREA_STYLE('',(#16911));
#16911 = FILL_AREA_STYLE_COLOUR('',#16022);
#16912 = STYLED_ITEM('color',(#16913),#7910);
#16913 = PRESENTATION_STYLE_ASSIGNMENT((#16914));
#16914 = SURFACE_STYLE_USAGE(.BOTH.,#16915);
#16915 = SURFACE_SIDE_STYLE('',(#16916));
#16916 = SURFACE_STYLE_FILL_AREA(#16917);
#16917 = FILL_AREA_STYLE('',(#16918));
#16918 = FILL_AREA_STYLE_COLOUR('',#16022);
#16919 = STYLED_ITEM('color',(#16920),#7934);
#16920 = PRESENTATION_STYLE_ASSIGNMENT((#16921));
#16921 = SURFACE_STYLE_USAGE(.BOTH.,#16922);
#16922 = SURFACE_SIDE_STYLE('',(#16923));
#16923 = SURFACE_STYLE_FILL_AREA(#16924);
#16924 = FILL_AREA_STYLE('',(#16925));
#16925 = FILL_AREA_STYLE_COLOUR('',#16022);
#16926 = STYLED_ITEM('color',(#16927),#7950);
#16927 = PRESENTATION_STYLE_ASSIGNMENT((#16928));
#16928 = SURFACE_STYLE_USAGE(.BOTH.,#16929);
#16929 = SURFACE_SIDE_STYLE('',(#16930));
#16930 = SURFACE_STYLE_FILL_AREA(#16931);
#16931 = FILL_AREA_STYLE('',(#16932));
#16932 = FILL_AREA_STYLE_COLOUR('',#16022);
#16933 = STYLED_ITEM('color',(#16934),#7962);
#16934 = PRESENTATION_STYLE_ASSIGNMENT((#16935));
#16935 = SURFACE_STYLE_USAGE(.BOTH.,#16936);
#16936 = SURFACE_SIDE_STYLE('',(#16937));
#16937 = SURFACE_STYLE_FILL_AREA(#16938);
#16938 = FILL_AREA_STYLE('',(#16939));
#16939 = FILL_AREA_STYLE_COLOUR('',#16022);
#16940 = STYLED_ITEM('color',(#16941),#8222);
#16941 = PRESENTATION_STYLE_ASSIGNMENT((#16942));
#16942 = SURFACE_STYLE_USAGE(.BOTH.,#16943);
#16943 = SURFACE_SIDE_STYLE('',(#16944));
#16944 = SURFACE_STYLE_FILL_AREA(#16945);
#16945 = FILL_AREA_STYLE('',(#16946));
#16946 = FILL_AREA_STYLE_COLOUR('',#15362);
#16947 = STYLED_ITEM('color',(#16948),#8254);
#16948 = PRESENTATION_STYLE_ASSIGNMENT((#16949));
#16949 = SURFACE_STYLE_USAGE(.BOTH.,#16950);
#16950 = SURFACE_SIDE_STYLE('',(#16951));
#16951 = SURFACE_STYLE_FILL_AREA(#16952);
#16952 = FILL_AREA_STYLE('',(#16953));
#16953 = FILL_AREA_STYLE_COLOUR('',#16022);
#16954 = STYLED_ITEM('color',(#16955),#8271);
#16955 = PRESENTATION_STYLE_ASSIGNMENT((#16956));
#16956 = SURFACE_STYLE_USAGE(.BOTH.,#16957);
#16957 = SURFACE_SIDE_STYLE('',(#16958));
#16958 = SURFACE_STYLE_FILL_AREA(#16959);
#16959 = FILL_AREA_STYLE('',(#16960));
#16960 = FILL_AREA_STYLE_COLOUR('',#15362);
#16961 = STYLED_ITEM('color',(#16962),#8288);
#16962 = PRESENTATION_STYLE_ASSIGNMENT((#16963));
#16963 = SURFACE_STYLE_USAGE(.BOTH.,#16964);
#16964 = SURFACE_SIDE_STYLE('',(#16965));
#16965 = SURFACE_STYLE_FILL_AREA(#16966);
#16966 = FILL_AREA_STYLE('',(#16967));
#16967 = FILL_AREA_STYLE_COLOUR('',#15362);
#16968 = STYLED_ITEM('color',(#16969),#8314);
#16969 = PRESENTATION_STYLE_ASSIGNMENT((#16970));
#16970 = SURFACE_STYLE_USAGE(.BOTH.,#16971);
#16971 = SURFACE_SIDE_STYLE('',(#16972));
#16972 = SURFACE_STYLE_FILL_AREA(#16973);
#16973 = FILL_AREA_STYLE('',(#16974));
#16974 = FILL_AREA_STYLE_COLOUR('',#15362);
#16975 = STYLED_ITEM('color',(#16976),#8346);
#16976 = PRESENTATION_STYLE_ASSIGNMENT((#16977));
#16977 = SURFACE_STYLE_USAGE(.BOTH.,#16978);
#16978 = SURFACE_SIDE_STYLE('',(#16979));
#16979 = SURFACE_STYLE_FILL_AREA(#16980);
#16980 = FILL_AREA_STYLE('',(#16981));
#16981 = FILL_AREA_STYLE_COLOUR('',#15362);
#16982 = STYLED_ITEM('color',(#16983),#8377);
#16983 = PRESENTATION_STYLE_ASSIGNMENT((#16984));
#16984 = SURFACE_STYLE_USAGE(.BOTH.,#16985);
#16985 = SURFACE_SIDE_STYLE('',(#16986));
#16986 = SURFACE_STYLE_FILL_AREA(#16987);
#16987 = FILL_AREA_STYLE('',(#16988));
#16988 = FILL_AREA_STYLE_COLOUR('',#15362);
#16989 = STYLED_ITEM('color',(#16990),#8394);
#16990 = PRESENTATION_STYLE_ASSIGNMENT((#16991));
#16991 = SURFACE_STYLE_USAGE(.BOTH.,#16992);
#16992 = SURFACE_SIDE_STYLE('',(#16993));
#16993 = SURFACE_STYLE_FILL_AREA(#16994);
#16994 = FILL_AREA_STYLE('',(#16995));
#16995 = FILL_AREA_STYLE_COLOUR('',#16022);
#16996 = STYLED_ITEM('color',(#16997),#8406);
#16997 = PRESENTATION_STYLE_ASSIGNMENT((#16998));
#16998 = SURFACE_STYLE_USAGE(.BOTH.,#16999);
#16999 = SURFACE_SIDE_STYLE('',(#17000));
#17000 = SURFACE_STYLE_FILL_AREA(#17001);
#17001 = FILL_AREA_STYLE('',(#17002));
#17002 = FILL_AREA_STYLE_COLOUR('',#15362);
#17003 = STYLED_ITEM('color',(#17004),#8431);
#17004 = PRESENTATION_STYLE_ASSIGNMENT((#17005));
#17005 = SURFACE_STYLE_USAGE(.BOTH.,#17006);
#17006 = SURFACE_SIDE_STYLE('',(#17007));
#17007 = SURFACE_STYLE_FILL_AREA(#17008);
#17008 = FILL_AREA_STYLE('',(#17009));
#17009 = FILL_AREA_STYLE_COLOUR('',#15362);
#17010 = STYLED_ITEM('color',(#17011),#8456);
#17011 = PRESENTATION_STYLE_ASSIGNMENT((#17012));
#17012 = SURFACE_STYLE_USAGE(.BOTH.,#17013);
#17013 = SURFACE_SIDE_STYLE('',(#17014));
#17014 = SURFACE_STYLE_FILL_AREA(#17015);
#17015 = FILL_AREA_STYLE('',(#17016));
#17016 = FILL_AREA_STYLE_COLOUR('',#15362);
#17017 = STYLED_ITEM('color',(#17018),#8488);
#17018 = PRESENTATION_STYLE_ASSIGNMENT((#17019));
#17019 = SURFACE_STYLE_USAGE(.BOTH.,#17020);
#17020 = SURFACE_SIDE_STYLE('',(#17021));
#17021 = SURFACE_STYLE_FILL_AREA(#17022);
#17022 = FILL_AREA_STYLE('',(#17023));
#17023 = FILL_AREA_STYLE_COLOUR('',#16022);
#17024 = STYLED_ITEM('color',(#17025),#8505);
#17025 = PRESENTATION_STYLE_ASSIGNMENT((#17026));
#17026 = SURFACE_STYLE_USAGE(.BOTH.,#17027);
#17027 = SURFACE_SIDE_STYLE('',(#17028));
#17028 = SURFACE_STYLE_FILL_AREA(#17029);
#17029 = FILL_AREA_STYLE('',(#17030));
#17030 = FILL_AREA_STYLE_COLOUR('',#15362);
#17031 = STYLED_ITEM('color',(#17032),#8522);
#17032 = PRESENTATION_STYLE_ASSIGNMENT((#17033));
#17033 = SURFACE_STYLE_USAGE(.BOTH.,#17034);
#17034 = SURFACE_SIDE_STYLE('',(#17035));
#17035 = SURFACE_STYLE_FILL_AREA(#17036);
#17036 = FILL_AREA_STYLE('',(#17037));
#17037 = FILL_AREA_STYLE_COLOUR('',#15362);
#17038 = STYLED_ITEM('color',(#17039),#8548);
#17039 = PRESENTATION_STYLE_ASSIGNMENT((#17040));
#17040 = SURFACE_STYLE_USAGE(.BOTH.,#17041);
#17041 = SURFACE_SIDE_STYLE('',(#17042));
#17042 = SURFACE_STYLE_FILL_AREA(#17043);
#17043 = FILL_AREA_STYLE('',(#17044));
#17044 = FILL_AREA_STYLE_COLOUR('',#15362);
#17045 = STYLED_ITEM('color',(#17046),#8580);
#17046 = PRESENTATION_STYLE_ASSIGNMENT((#17047));
#17047 = SURFACE_STYLE_USAGE(.BOTH.,#17048);
#17048 = SURFACE_SIDE_STYLE('',(#17049));
#17049 = SURFACE_STYLE_FILL_AREA(#17050);
#17050 = FILL_AREA_STYLE('',(#17051));
#17051 = FILL_AREA_STYLE_COLOUR('',#15362);
#17052 = STYLED_ITEM('color',(#17053),#8611);
#17053 = PRESENTATION_STYLE_ASSIGNMENT((#17054));
#17054 = SURFACE_STYLE_USAGE(.BOTH.,#17055);
#17055 = SURFACE_SIDE_STYLE('',(#17056));
#17056 = SURFACE_STYLE_FILL_AREA(#17057);
#17057 = FILL_AREA_STYLE('',(#17058));
#17058 = FILL_AREA_STYLE_COLOUR('',#15362);
#17059 = STYLED_ITEM('color',(#17060),#8628);
#17060 = PRESENTATION_STYLE_ASSIGNMENT((#17061));
#17061 = SURFACE_STYLE_USAGE(.BOTH.,#17062);
#17062 = SURFACE_SIDE_STYLE('',(#17063));
#17063 = SURFACE_STYLE_FILL_AREA(#17064);
#17064 = FILL_AREA_STYLE('',(#17065));
#17065 = FILL_AREA_STYLE_COLOUR('',#16022);
#17066 = STYLED_ITEM('color',(#17067),#8640);
#17067 = PRESENTATION_STYLE_ASSIGNMENT((#17068));
#17068 = SURFACE_STYLE_USAGE(.BOTH.,#17069);
#17069 = SURFACE_SIDE_STYLE('',(#17070));
#17070 = SURFACE_STYLE_FILL_AREA(#17071);
#17071 = FILL_AREA_STYLE('',(#17072));
#17072 = FILL_AREA_STYLE_COLOUR('',#15362);
#17073 = STYLED_ITEM('color',(#17074),#8665);
#17074 = PRESENTATION_STYLE_ASSIGNMENT((#17075));
#17075 = SURFACE_STYLE_USAGE(.BOTH.,#17076);
#17076 = SURFACE_SIDE_STYLE('',(#17077));
#17077 = SURFACE_STYLE_FILL_AREA(#17078);
#17078 = FILL_AREA_STYLE('',(#17079));
#17079 = FILL_AREA_STYLE_COLOUR('',#15362);
#17080 = STYLED_ITEM('color',(#17081),#8690);
#17081 = PRESENTATION_STYLE_ASSIGNMENT((#17082));
#17082 = SURFACE_STYLE_USAGE(.BOTH.,#17083);
#17083 = SURFACE_SIDE_STYLE('',(#17084));
#17084 = SURFACE_STYLE_FILL_AREA(#17085);
#17085 = FILL_AREA_STYLE('',(#17086));
#17086 = FILL_AREA_STYLE_COLOUR('',#16022);
#17087 = STYLED_ITEM('color',(#17088),#8702);
#17088 = PRESENTATION_STYLE_ASSIGNMENT((#17089));
#17089 = SURFACE_STYLE_USAGE(.BOTH.,#17090);
#17090 = SURFACE_SIDE_STYLE('',(#17091));
#17091 = SURFACE_STYLE_FILL_AREA(#17092);
#17092 = FILL_AREA_STYLE('',(#17093));
#17093 = FILL_AREA_STYLE_COLOUR('',#16022);
#17094 = STYLED_ITEM('color',(#17095),#8714);
#17095 = PRESENTATION_STYLE_ASSIGNMENT((#17096));
#17096 = SURFACE_STYLE_USAGE(.BOTH.,#17097);
#17097 = SURFACE_SIDE_STYLE('',(#17098));
#17098 = SURFACE_STYLE_FILL_AREA(#17099);
#17099 = FILL_AREA_STYLE('',(#17100));
#17100 = FILL_AREA_STYLE_COLOUR('',#15362);
#17101 = STYLED_ITEM('color',(#17102),#8731);
#17102 = PRESENTATION_STYLE_ASSIGNMENT((#17103));
#17103 = SURFACE_STYLE_USAGE(.BOTH.,#17104);
#17104 = SURFACE_SIDE_STYLE('',(#17105));
#17105 = SURFACE_STYLE_FILL_AREA(#17106);
#17106 = FILL_AREA_STYLE('',(#17107));
#17107 = FILL_AREA_STYLE_COLOUR('',#15362);
#17108 = STYLED_ITEM('color',(#17109),#8748);
#17109 = PRESENTATION_STYLE_ASSIGNMENT((#17110));
#17110 = SURFACE_STYLE_USAGE(.BOTH.,#17111);
#17111 = SURFACE_SIDE_STYLE('',(#17112));
#17112 = SURFACE_STYLE_FILL_AREA(#17113);
#17113 = FILL_AREA_STYLE('',(#17114));
#17114 = FILL_AREA_STYLE_COLOUR('',#15362);
#17115 = STYLED_ITEM('color',(#17116),#8765);
#17116 = PRESENTATION_STYLE_ASSIGNMENT((#17117));
#17117 = SURFACE_STYLE_USAGE(.BOTH.,#17118);
#17118 = SURFACE_SIDE_STYLE('',(#17119));
#17119 = SURFACE_STYLE_FILL_AREA(#17120);
#17120 = FILL_AREA_STYLE('',(#17121));
#17121 = FILL_AREA_STYLE_COLOUR('',#15362);
#17122 = STYLED_ITEM('color',(#17123),#8777);
#17123 = PRESENTATION_STYLE_ASSIGNMENT((#17124));
#17124 = SURFACE_STYLE_USAGE(.BOTH.,#17125);
#17125 = SURFACE_SIDE_STYLE('',(#17126));
#17126 = SURFACE_STYLE_FILL_AREA(#17127);
#17127 = FILL_AREA_STYLE('',(#17128));
#17128 = FILL_AREA_STYLE_COLOUR('',#15362);
#17129 = STYLED_ITEM('color',(#17130),#8794);
#17130 = PRESENTATION_STYLE_ASSIGNMENT((#17131));
#17131 = SURFACE_STYLE_USAGE(.BOTH.,#17132);
#17132 = SURFACE_SIDE_STYLE('',(#17133));
#17133 = SURFACE_STYLE_FILL_AREA(#17134);
#17134 = FILL_AREA_STYLE('',(#17135));
#17135 = FILL_AREA_STYLE_COLOUR('',#15362);
#17136 = STYLED_ITEM('color',(#17137),#8811);
#17137 = PRESENTATION_STYLE_ASSIGNMENT((#17138));
#17138 = SURFACE_STYLE_USAGE(.BOTH.,#17139);
#17139 = SURFACE_SIDE_STYLE('',(#17140));
#17140 = SURFACE_STYLE_FILL_AREA(#17141);
#17141 = FILL_AREA_STYLE('',(#17142));
#17142 = FILL_AREA_STYLE_COLOUR('',#15362);
#17143 = STYLED_ITEM('color',(#17144),#8828);
#17144 = PRESENTATION_STYLE_ASSIGNMENT((#17145));
#17145 = SURFACE_STYLE_USAGE(.BOTH.,#17146);
#17146 = SURFACE_SIDE_STYLE('',(#17147));
#17147 = SURFACE_STYLE_FILL_AREA(#17148);
#17148 = FILL_AREA_STYLE('',(#17149));
#17149 = FILL_AREA_STYLE_COLOUR('',#15362);
#17150 = STYLED_ITEM('color',(#17151),#8840);
#17151 = PRESENTATION_STYLE_ASSIGNMENT((#17152));
#17152 = SURFACE_STYLE_USAGE(.BOTH.,#17153);
#17153 = SURFACE_SIDE_STYLE('',(#17154));
#17154 = SURFACE_STYLE_FILL_AREA(#17155);
#17155 = FILL_AREA_STYLE('',(#17156));
#17156 = FILL_AREA_STYLE_COLOUR('',#15362);
#17157 = STYLED_ITEM('color',(#17158),#8857);
#17158 = PRESENTATION_STYLE_ASSIGNMENT((#17159));
#17159 = SURFACE_STYLE_USAGE(.BOTH.,#17160);
#17160 = SURFACE_SIDE_STYLE('',(#17161));
#17161 = SURFACE_STYLE_FILL_AREA(#17162);
#17162 = FILL_AREA_STYLE('',(#17163));
#17163 = FILL_AREA_STYLE_COLOUR('',#15362);
#17164 = STYLED_ITEM('color',(#17165),#8874);
#17165 = PRESENTATION_STYLE_ASSIGNMENT((#17166));
#17166 = SURFACE_STYLE_USAGE(.BOTH.,#17167);
#17167 = SURFACE_SIDE_STYLE('',(#17168));
#17168 = SURFACE_STYLE_FILL_AREA(#17169);
#17169 = FILL_AREA_STYLE('',(#17170));
#17170 = FILL_AREA_STYLE_COLOUR('',#15362);
#17171 = STYLED_ITEM('color',(#17172),#8891);
#17172 = PRESENTATION_STYLE_ASSIGNMENT((#17173));
#17173 = SURFACE_STYLE_USAGE(.BOTH.,#17174);
#17174 = SURFACE_SIDE_STYLE('',(#17175));
#17175 = SURFACE_STYLE_FILL_AREA(#17176);
#17176 = FILL_AREA_STYLE('',(#17177));
#17177 = FILL_AREA_STYLE_COLOUR('',#15362);
#17178 = STYLED_ITEM('color',(#17179),#8903);
#17179 = PRESENTATION_STYLE_ASSIGNMENT((#17180));
#17180 = SURFACE_STYLE_USAGE(.BOTH.,#17181);
#17181 = SURFACE_SIDE_STYLE('',(#17182));
#17182 = SURFACE_STYLE_FILL_AREA(#17183);
#17183 = FILL_AREA_STYLE('',(#17184));
#17184 = FILL_AREA_STYLE_COLOUR('',#15362);
#17185 = STYLED_ITEM('color',(#17186),#8920);
#17186 = PRESENTATION_STYLE_ASSIGNMENT((#17187));
#17187 = SURFACE_STYLE_USAGE(.BOTH.,#17188);
#17188 = SURFACE_SIDE_STYLE('',(#17189));
#17189 = SURFACE_STYLE_FILL_AREA(#17190);
#17190 = FILL_AREA_STYLE('',(#17191));
#17191 = FILL_AREA_STYLE_COLOUR('',#15362);
#17192 = STYLED_ITEM('color',(#17193),#8937);
#17193 = PRESENTATION_STYLE_ASSIGNMENT((#17194));
#17194 = SURFACE_STYLE_USAGE(.BOTH.,#17195);
#17195 = SURFACE_SIDE_STYLE('',(#17196));
#17196 = SURFACE_STYLE_FILL_AREA(#17197);
#17197 = FILL_AREA_STYLE('',(#17198));
#17198 = FILL_AREA_STYLE_COLOUR('',#15362);
#17199 = STYLED_ITEM('color',(#17200),#8954);
#17200 = PRESENTATION_STYLE_ASSIGNMENT((#17201));
#17201 = SURFACE_STYLE_USAGE(.BOTH.,#17202);
#17202 = SURFACE_SIDE_STYLE('',(#17203));
#17203 = SURFACE_STYLE_FILL_AREA(#17204);
#17204 = FILL_AREA_STYLE('',(#17205));
#17205 = FILL_AREA_STYLE_COLOUR('',#15362);
#17206 = STYLED_ITEM('color',(#17207),#8966);
#17207 = PRESENTATION_STYLE_ASSIGNMENT((#17208));
#17208 = SURFACE_STYLE_USAGE(.BOTH.,#17209);
#17209 = SURFACE_SIDE_STYLE('',(#17210));
#17210 = SURFACE_STYLE_FILL_AREA(#17211);
#17211 = FILL_AREA_STYLE('',(#17212));
#17212 = FILL_AREA_STYLE_COLOUR('',#16022);
#17213 = STYLED_ITEM('color',(#17214),#8978);
#17214 = PRESENTATION_STYLE_ASSIGNMENT((#17215));
#17215 = SURFACE_STYLE_USAGE(.BOTH.,#17216);
#17216 = SURFACE_SIDE_STYLE('',(#17217));
#17217 = SURFACE_STYLE_FILL_AREA(#17218);
#17218 = FILL_AREA_STYLE('',(#17219));
#17219 = FILL_AREA_STYLE_COLOUR('',#15362);
#17220 = STYLED_ITEM('color',(#17221),#8995);
#17221 = PRESENTATION_STYLE_ASSIGNMENT((#17222));
#17222 = SURFACE_STYLE_USAGE(.BOTH.,#17223);
#17223 = SURFACE_SIDE_STYLE('',(#17224));
#17224 = SURFACE_STYLE_FILL_AREA(#17225);
#17225 = FILL_AREA_STYLE('',(#17226));
#17226 = FILL_AREA_STYLE_COLOUR('',#15362);
#17227 = STYLED_ITEM('color',(#17228),#9012);
#17228 = PRESENTATION_STYLE_ASSIGNMENT((#17229));
#17229 = SURFACE_STYLE_USAGE(.BOTH.,#17230);
#17230 = SURFACE_SIDE_STYLE('',(#17231));
#17231 = SURFACE_STYLE_FILL_AREA(#17232);
#17232 = FILL_AREA_STYLE('',(#17233));
#17233 = FILL_AREA_STYLE_COLOUR('',#15362);
#17234 = STYLED_ITEM('color',(#17235),#9029);
#17235 = PRESENTATION_STYLE_ASSIGNMENT((#17236));
#17236 = SURFACE_STYLE_USAGE(.BOTH.,#17237);
#17237 = SURFACE_SIDE_STYLE('',(#17238));
#17238 = SURFACE_STYLE_FILL_AREA(#17239);
#17239 = FILL_AREA_STYLE('',(#17240));
#17240 = FILL_AREA_STYLE_COLOUR('',#15362);
#17241 = STYLED_ITEM('color',(#17242),#9046);
#17242 = PRESENTATION_STYLE_ASSIGNMENT((#17243));
#17243 = SURFACE_STYLE_USAGE(.BOTH.,#17244);
#17244 = SURFACE_SIDE_STYLE('',(#17245));
#17245 = SURFACE_STYLE_FILL_AREA(#17246);
#17246 = FILL_AREA_STYLE('',(#17247));
#17247 = FILL_AREA_STYLE_COLOUR('',#15362);
#17248 = STYLED_ITEM('color',(#17249),#9085);
#17249 = PRESENTATION_STYLE_ASSIGNMENT((#17250));
#17250 = SURFACE_STYLE_USAGE(.BOTH.,#17251);
#17251 = SURFACE_SIDE_STYLE('',(#17252));
#17252 = SURFACE_STYLE_FILL_AREA(#17253);
#17253 = FILL_AREA_STYLE('',(#17254));
#17254 = FILL_AREA_STYLE_COLOUR('',#15362);
#17255 = STYLED_ITEM('color',(#17256),#9109);
#17256 = PRESENTATION_STYLE_ASSIGNMENT((#17257));
#17257 = SURFACE_STYLE_USAGE(.BOTH.,#17258);
#17258 = SURFACE_SIDE_STYLE('',(#17259));
#17259 = SURFACE_STYLE_FILL_AREA(#17260);
#17260 = FILL_AREA_STYLE('',(#17261));
#17261 = FILL_AREA_STYLE_COLOUR('',#15362);
#17262 = STYLED_ITEM('color',(#17263),#9141);
#17263 = PRESENTATION_STYLE_ASSIGNMENT((#17264));
#17264 = SURFACE_STYLE_USAGE(.BOTH.,#17265);
#17265 = SURFACE_SIDE_STYLE('',(#17266));
#17266 = SURFACE_STYLE_FILL_AREA(#17267);
#17267 = FILL_AREA_STYLE('',(#17268));
#17268 = FILL_AREA_STYLE_COLOUR('',#15362);
#17269 = STYLED_ITEM('color',(#17270),#9158);
#17270 = PRESENTATION_STYLE_ASSIGNMENT((#17271));
#17271 = SURFACE_STYLE_USAGE(.BOTH.,#17272);
#17272 = SURFACE_SIDE_STYLE('',(#17273));
#17273 = SURFACE_STYLE_FILL_AREA(#17274);
#17274 = FILL_AREA_STYLE('',(#17275));
#17275 = FILL_AREA_STYLE_COLOUR('',#15362);
#17276 = STYLED_ITEM('color',(#17277),#9197);
#17277 = PRESENTATION_STYLE_ASSIGNMENT((#17278));
#17278 = SURFACE_STYLE_USAGE(.BOTH.,#17279);
#17279 = SURFACE_SIDE_STYLE('',(#17280));
#17280 = SURFACE_STYLE_FILL_AREA(#17281);
#17281 = FILL_AREA_STYLE('',(#17282));
#17282 = FILL_AREA_STYLE_COLOUR('',#15362);
#17283 = STYLED_ITEM('color',(#17284),#9221);
#17284 = PRESENTATION_STYLE_ASSIGNMENT((#17285));
#17285 = SURFACE_STYLE_USAGE(.BOTH.,#17286);
#17286 = SURFACE_SIDE_STYLE('',(#17287));
#17287 = SURFACE_STYLE_FILL_AREA(#17288);
#17288 = FILL_AREA_STYLE('',(#17289));
#17289 = FILL_AREA_STYLE_COLOUR('',#15362);
#17290 = STYLED_ITEM('color',(#17291),#9253);
#17291 = PRESENTATION_STYLE_ASSIGNMENT((#17292));
#17292 = SURFACE_STYLE_USAGE(.BOTH.,#17293);
#17293 = SURFACE_SIDE_STYLE('',(#17294));
#17294 = SURFACE_STYLE_FILL_AREA(#17295);
#17295 = FILL_AREA_STYLE('',(#17296));
#17296 = FILL_AREA_STYLE_COLOUR('',#15362);
#17297 = STYLED_ITEM('color',(#17298),#9270);
#17298 = PRESENTATION_STYLE_ASSIGNMENT((#17299));
#17299 = SURFACE_STYLE_USAGE(.BOTH.,#17300);
#17300 = SURFACE_SIDE_STYLE('',(#17301));
#17301 = SURFACE_STYLE_FILL_AREA(#17302);
#17302 = FILL_AREA_STYLE('',(#17303));
#17303 = FILL_AREA_STYLE_COLOUR('',#15362);
#17304 = STYLED_ITEM('color',(#17305),#9309);
#17305 = PRESENTATION_STYLE_ASSIGNMENT((#17306));
#17306 = SURFACE_STYLE_USAGE(.BOTH.,#17307);
#17307 = SURFACE_SIDE_STYLE('',(#17308));
#17308 = SURFACE_STYLE_FILL_AREA(#17309);
#17309 = FILL_AREA_STYLE('',(#17310));
#17310 = FILL_AREA_STYLE_COLOUR('',#15362);
#17311 = STYLED_ITEM('color',(#17312),#9333);
#17312 = PRESENTATION_STYLE_ASSIGNMENT((#17313));
#17313 = SURFACE_STYLE_USAGE(.BOTH.,#17314);
#17314 = SURFACE_SIDE_STYLE('',(#17315));
#17315 = SURFACE_STYLE_FILL_AREA(#17316);
#17316 = FILL_AREA_STYLE('',(#17317));
#17317 = FILL_AREA_STYLE_COLOUR('',#15362);
#17318 = STYLED_ITEM('color',(#17319),#9365);
#17319 = PRESENTATION_STYLE_ASSIGNMENT((#17320));
#17320 = SURFACE_STYLE_USAGE(.BOTH.,#17321);
#17321 = SURFACE_SIDE_STYLE('',(#17322));
#17322 = SURFACE_STYLE_FILL_AREA(#17323);
#17323 = FILL_AREA_STYLE('',(#17324));
#17324 = FILL_AREA_STYLE_COLOUR('',#15362);
#17325 = STYLED_ITEM('color',(#17326),#9382);
#17326 = PRESENTATION_STYLE_ASSIGNMENT((#17327));
#17327 = SURFACE_STYLE_USAGE(.BOTH.,#17328);
#17328 = SURFACE_SIDE_STYLE('',(#17329));
#17329 = SURFACE_STYLE_FILL_AREA(#17330);
#17330 = FILL_AREA_STYLE('',(#17331));
#17331 = FILL_AREA_STYLE_COLOUR('',#15362);
#17332 = STYLED_ITEM('color',(#17333),#9413);
#17333 = PRESENTATION_STYLE_ASSIGNMENT((#17334));
#17334 = SURFACE_STYLE_USAGE(.BOTH.,#17335);
#17335 = SURFACE_SIDE_STYLE('',(#17336));
#17336 = SURFACE_STYLE_FILL_AREA(#17337);
#17337 = FILL_AREA_STYLE('',(#17338));
#17338 = FILL_AREA_STYLE_COLOUR('',#15362);
#17339 = STYLED_ITEM('color',(#17340),#9445);
#17340 = PRESENTATION_STYLE_ASSIGNMENT((#17341));
#17341 = SURFACE_STYLE_USAGE(.BOTH.,#17342);
#17342 = SURFACE_SIDE_STYLE('',(#17343));
#17343 = SURFACE_STYLE_FILL_AREA(#17344);
#17344 = FILL_AREA_STYLE('',(#17345));
#17345 = FILL_AREA_STYLE_COLOUR('',#15362);
#17346 = STYLED_ITEM('color',(#17347),#9469);
#17347 = PRESENTATION_STYLE_ASSIGNMENT((#17348));
#17348 = SURFACE_STYLE_USAGE(.BOTH.,#17349);
#17349 = SURFACE_SIDE_STYLE('',(#17350));
#17350 = SURFACE_STYLE_FILL_AREA(#17351);
#17351 = FILL_AREA_STYLE('',(#17352));
#17352 = FILL_AREA_STYLE_COLOUR('',#15362);
#17353 = STYLED_ITEM('color',(#17354),#9494);
#17354 = PRESENTATION_STYLE_ASSIGNMENT((#17355));
#17355 = SURFACE_STYLE_USAGE(.BOTH.,#17356);
#17356 = SURFACE_SIDE_STYLE('',(#17357));
#17357 = SURFACE_STYLE_FILL_AREA(#17358);
#17358 = FILL_AREA_STYLE('',(#17359));
#17359 = FILL_AREA_STYLE_COLOUR('',#15362);
#17360 = STYLED_ITEM('color',(#17361),#9506);
#17361 = PRESENTATION_STYLE_ASSIGNMENT((#17362));
#17362 = SURFACE_STYLE_USAGE(.BOTH.,#17363);
#17363 = SURFACE_SIDE_STYLE('',(#17364));
#17364 = SURFACE_STYLE_FILL_AREA(#17365);
#17365 = FILL_AREA_STYLE('',(#17366));
#17366 = FILL_AREA_STYLE_COLOUR('',#15362);
#17367 = STYLED_ITEM('color',(#17368),#9518);
#17368 = PRESENTATION_STYLE_ASSIGNMENT((#17369));
#17369 = SURFACE_STYLE_USAGE(.BOTH.,#17370);
#17370 = SURFACE_SIDE_STYLE('',(#17371));
#17371 = SURFACE_STYLE_FILL_AREA(#17372);
#17372 = FILL_AREA_STYLE('',(#17373));
#17373 = FILL_AREA_STYLE_COLOUR('',#15362);
#17374 = STYLED_ITEM('color',(#17375),#9530);
#17375 = PRESENTATION_STYLE_ASSIGNMENT((#17376));
#17376 = SURFACE_STYLE_USAGE(.BOTH.,#17377);
#17377 = SURFACE_SIDE_STYLE('',(#17378));
#17378 = SURFACE_STYLE_FILL_AREA(#17379);
#17379 = FILL_AREA_STYLE('',(#17380));
#17380 = FILL_AREA_STYLE_COLOUR('',#15362);
#17381 = STYLED_ITEM('color',(#17382),#9542);
#17382 = PRESENTATION_STYLE_ASSIGNMENT((#17383));
#17383 = SURFACE_STYLE_USAGE(.BOTH.,#17384);
#17384 = SURFACE_SIDE_STYLE('',(#17385));
#17385 = SURFACE_STYLE_FILL_AREA(#17386);
#17386 = FILL_AREA_STYLE('',(#17387));
#17387 = FILL_AREA_STYLE_COLOUR('',#15362);
#17388 = STYLED_ITEM('color',(#17389),#9559);
#17389 = PRESENTATION_STYLE_ASSIGNMENT((#17390));
#17390 = SURFACE_STYLE_USAGE(.BOTH.,#17391);
#17391 = SURFACE_SIDE_STYLE('',(#17392));
#17392 = SURFACE_STYLE_FILL_AREA(#17393);
#17393 = FILL_AREA_STYLE('',(#17394));
#17394 = FILL_AREA_STYLE_COLOUR('',#15362);
#17395 = STYLED_ITEM('color',(#17396),#9571);
#17396 = PRESENTATION_STYLE_ASSIGNMENT((#17397));
#17397 = SURFACE_STYLE_USAGE(.BOTH.,#17398);
#17398 = SURFACE_SIDE_STYLE('',(#17399));
#17399 = SURFACE_STYLE_FILL_AREA(#17400);
#17400 = FILL_AREA_STYLE('',(#17401));
#17401 = FILL_AREA_STYLE_COLOUR('',#15362);
#17402 = STYLED_ITEM('color',(#17403),#9588);
#17403 = PRESENTATION_STYLE_ASSIGNMENT((#17404));
#17404 = SURFACE_STYLE_USAGE(.BOTH.,#17405);
#17405 = SURFACE_SIDE_STYLE('',(#17406));
#17406 = SURFACE_STYLE_FILL_AREA(#17407);
#17407 = FILL_AREA_STYLE('',(#17408));
#17408 = FILL_AREA_STYLE_COLOUR('',#15362);
#17409 = STYLED_ITEM('color',(#17410),#9600);
#17410 = PRESENTATION_STYLE_ASSIGNMENT((#17411));
#17411 = SURFACE_STYLE_USAGE(.BOTH.,#17412);
#17412 = SURFACE_SIDE_STYLE('',(#17413));
#17413 = SURFACE_STYLE_FILL_AREA(#17414);
#17414 = FILL_AREA_STYLE('',(#17415));
#17415 = FILL_AREA_STYLE_COLOUR('',#15362);
#17416 = STYLED_ITEM('color',(#17417),#9617);
#17417 = PRESENTATION_STYLE_ASSIGNMENT((#17418));
#17418 = SURFACE_STYLE_USAGE(.BOTH.,#17419);
#17419 = SURFACE_SIDE_STYLE('',(#17420));
#17420 = SURFACE_STYLE_FILL_AREA(#17421);
#17421 = FILL_AREA_STYLE('',(#17422));
#17422 = FILL_AREA_STYLE_COLOUR('',#15362);
#17423 = STYLED_ITEM('color',(#17424),#9629);
#17424 = PRESENTATION_STYLE_ASSIGNMENT((#17425));
#17425 = SURFACE_STYLE_USAGE(.BOTH.,#17426);
#17426 = SURFACE_SIDE_STYLE('',(#17427));
#17427 = SURFACE_STYLE_FILL_AREA(#17428);
#17428 = FILL_AREA_STYLE('',(#17429));
#17429 = FILL_AREA_STYLE_COLOUR('',#15362);
#17430 = STYLED_ITEM('color',(#17431),#9646);
#17431 = PRESENTATION_STYLE_ASSIGNMENT((#17432));
#17432 = SURFACE_STYLE_USAGE(.BOTH.,#17433);
#17433 = SURFACE_SIDE_STYLE('',(#17434));
#17434 = SURFACE_STYLE_FILL_AREA(#17435);
#17435 = FILL_AREA_STYLE('',(#17436));
#17436 = FILL_AREA_STYLE_COLOUR('',#15362);
#17437 = MECHANICAL_DESIGN_GEOMETRIC_PRESENTATION_REPRESENTATION('',(
    #17438),#14676);
#17438 = STYLED_ITEM('color',(#17439),#13737);
#17439 = PRESENTATION_STYLE_ASSIGNMENT((#17440));
#17440 = SURFACE_STYLE_USAGE(.BOTH.,#17441);
#17441 = SURFACE_SIDE_STYLE('',(#17442));
#17442 = SURFACE_STYLE_FILL_AREA(#17443);
#17443 = FILL_AREA_STYLE('',(#17444));
#17444 = FILL_AREA_STYLE_COLOUR('',#17445);
#17445 = COLOUR_RGB('',0.313304153717,0.484529207832,0.410020903123);
#17446 = MECHANICAL_DESIGN_GEOMETRIC_PRESENTATION_REPRESENTATION('',(
    #17447,#17454,#17461,#17468,#17475,#17482,#17489,#17496,#17504,
    #17511,#17518,#17525,#17532,#17539,#17546,#17553,#17560,#17567,
    #17574,#17581,#17588,#17595,#17602,#17609,#17616,#17623,#17630,
    #17637,#17644,#17651,#17658,#17665,#17672,#17679,#17686,#17693,
    #17701,#17708,#17715,#17722,#17729,#17736,#17743,#17750,#17757,
    #17764,#17771,#17778,#17785,#17792),#1623);
#17447 = STYLED_ITEM('color',(#17448),#102);
#17448 = PRESENTATION_STYLE_ASSIGNMENT((#17449));
#17449 = SURFACE_STYLE_USAGE(.BOTH.,#17450);
#17450 = SURFACE_SIDE_STYLE('',(#17451));
#17451 = SURFACE_STYLE_FILL_AREA(#17452);
#17452 = FILL_AREA_STYLE('',(#17453));
#17453 = FILL_AREA_STYLE_COLOUR('',#14745);
#17454 = STYLED_ITEM('color',(#17455),#142);
#17455 = PRESENTATION_STYLE_ASSIGNMENT((#17456));
#17456 = SURFACE_STYLE_USAGE(.BOTH.,#17457);
#17457 = SURFACE_SIDE_STYLE('',(#17458));
#17458 = SURFACE_STYLE_FILL_AREA(#17459);
#17459 = FILL_AREA_STYLE('',(#17460));
#17460 = FILL_AREA_STYLE_COLOUR('',#14745);
#17461 = STYLED_ITEM('color',(#17462),#189);
#17462 = PRESENTATION_STYLE_ASSIGNMENT((#17463));
#17463 = SURFACE_STYLE_USAGE(.BOTH.,#17464);
#17464 = SURFACE_SIDE_STYLE('',(#17465));
#17465 = SURFACE_STYLE_FILL_AREA(#17466);
#17466 = FILL_AREA_STYLE('',(#17467));
#17467 = FILL_AREA_STYLE_COLOUR('',#14745);
#17468 = STYLED_ITEM('color',(#17469),#268);
#17469 = PRESENTATION_STYLE_ASSIGNMENT((#17470));
#17470 = SURFACE_STYLE_USAGE(.BOTH.,#17471);
#17471 = SURFACE_SIDE_STYLE('',(#17472));
#17472 = SURFACE_STYLE_FILL_AREA(#17473);
#17473 = FILL_AREA_STYLE('',(#17474));
#17474 = FILL_AREA_STYLE_COLOUR('',#14745);
#17475 = STYLED_ITEM('color',(#17476),#292);
#17476 = PRESENTATION_STYLE_ASSIGNMENT((#17477));
#17477 = SURFACE_STYLE_USAGE(.BOTH.,#17478);
#17478 = SURFACE_SIDE_STYLE('',(#17479));
#17479 = SURFACE_STYLE_FILL_AREA(#17480);
#17480 = FILL_AREA_STYLE('',(#17481));
#17481 = FILL_AREA_STYLE_COLOUR('',#14745);
#17482 = STYLED_ITEM('color',(#17483),#332);
#17483 = PRESENTATION_STYLE_ASSIGNMENT((#17484));
#17484 = SURFACE_STYLE_USAGE(.BOTH.,#17485);
#17485 = SURFACE_SIDE_STYLE('',(#17486));
#17486 = SURFACE_STYLE_FILL_AREA(#17487);
#17487 = FILL_AREA_STYLE('',(#17488));
#17488 = FILL_AREA_STYLE_COLOUR('',#14745);
#17489 = STYLED_ITEM('color',(#17490),#363);
#17490 = PRESENTATION_STYLE_ASSIGNMENT((#17491));
#17491 = SURFACE_STYLE_USAGE(.BOTH.,#17492);
#17492 = SURFACE_SIDE_STYLE('',(#17493));
#17493 = SURFACE_STYLE_FILL_AREA(#17494);
#17494 = FILL_AREA_STYLE('',(#17495));
#17495 = FILL_AREA_STYLE_COLOUR('',#14745);
#17496 = STYLED_ITEM('color',(#17497),#380);
#17497 = PRESENTATION_STYLE_ASSIGNMENT((#17498));
#17498 = SURFACE_STYLE_USAGE(.BOTH.,#17499);
#17499 = SURFACE_SIDE_STYLE('',(#17500));
#17500 = SURFACE_STYLE_FILL_AREA(#17501);
#17501 = FILL_AREA_STYLE('',(#17502));
#17502 = FILL_AREA_STYLE_COLOUR('',#17503);
#17503 = COLOUR_RGB('',0.859000020776,0.737999965183,0.495999988746);
#17504 = STYLED_ITEM('color',(#17505),#413);
#17505 = PRESENTATION_STYLE_ASSIGNMENT((#17506));
#17506 = SURFACE_STYLE_USAGE(.BOTH.,#17507);
#17507 = SURFACE_SIDE_STYLE('',(#17508));
#17508 = SURFACE_STYLE_FILL_AREA(#17509);
#17509 = FILL_AREA_STYLE('',(#17510));
#17510 = FILL_AREA_STYLE_COLOUR('',#14745);
#17511 = STYLED_ITEM('color',(#17512),#437);
#17512 = PRESENTATION_STYLE_ASSIGNMENT((#17513));
#17513 = SURFACE_STYLE_USAGE(.BOTH.,#17514);
#17514 = SURFACE_SIDE_STYLE('',(#17515));
#17515 = SURFACE_STYLE_FILL_AREA(#17516);
#17516 = FILL_AREA_STYLE('',(#17517));
#17517 = FILL_AREA_STYLE_COLOUR('',#17503);
#17518 = STYLED_ITEM('color',(#17519),#504);
#17519 = PRESENTATION_STYLE_ASSIGNMENT((#17520));
#17520 = SURFACE_STYLE_USAGE(.BOTH.,#17521);
#17521 = SURFACE_SIDE_STYLE('',(#17522));
#17522 = SURFACE_STYLE_FILL_AREA(#17523);
#17523 = FILL_AREA_STYLE('',(#17524));
#17524 = FILL_AREA_STYLE_COLOUR('',#14745);
#17525 = STYLED_ITEM('color',(#17526),#625);
#17526 = PRESENTATION_STYLE_ASSIGNMENT((#17527));
#17527 = SURFACE_STYLE_USAGE(.BOTH.,#17528);
#17528 = SURFACE_SIDE_STYLE('',(#17529));
#17529 = SURFACE_STYLE_FILL_AREA(#17530);
#17530 = FILL_AREA_STYLE('',(#17531));
#17531 = FILL_AREA_STYLE_COLOUR('',#17503);
#17532 = STYLED_ITEM('color',(#17533),#692);
#17533 = PRESENTATION_STYLE_ASSIGNMENT((#17534));
#17534 = SURFACE_STYLE_USAGE(.BOTH.,#17535);
#17535 = SURFACE_SIDE_STYLE('',(#17536));
#17536 = SURFACE_STYLE_FILL_AREA(#17537);
#17537 = FILL_AREA_STYLE('',(#17538));
#17538 = FILL_AREA_STYLE_COLOUR('',#14745);
#17539 = STYLED_ITEM('color',(#17540),#716);
#17540 = PRESENTATION_STYLE_ASSIGNMENT((#17541));
#17541 = SURFACE_STYLE_USAGE(.BOTH.,#17542);
#17542 = SURFACE_SIDE_STYLE('',(#17543));
#17543 = SURFACE_STYLE_FILL_AREA(#17544);
#17544 = FILL_AREA_STYLE('',(#17545));
#17545 = FILL_AREA_STYLE_COLOUR('',#14745);
#17546 = STYLED_ITEM('color',(#17547),#747);
#17547 = PRESENTATION_STYLE_ASSIGNMENT((#17548));
#17548 = SURFACE_STYLE_USAGE(.BOTH.,#17549);
#17549 = SURFACE_SIDE_STYLE('',(#17550));
#17550 = SURFACE_STYLE_FILL_AREA(#17551);
#17551 = FILL_AREA_STYLE('',(#17552));
#17552 = FILL_AREA_STYLE_COLOUR('',#17503);
#17553 = STYLED_ITEM('color',(#17554),#780);
#17554 = PRESENTATION_STYLE_ASSIGNMENT((#17555));
#17555 = SURFACE_STYLE_USAGE(.BOTH.,#17556);
#17556 = SURFACE_SIDE_STYLE('',(#17557));
#17557 = SURFACE_STYLE_FILL_AREA(#17558);
#17558 = FILL_AREA_STYLE('',(#17559));
#17559 = FILL_AREA_STYLE_COLOUR('',#14745);
#17560 = STYLED_ITEM('color',(#17561),#836);
#17561 = PRESENTATION_STYLE_ASSIGNMENT((#17562));
#17562 = SURFACE_STYLE_USAGE(.BOTH.,#17563);
#17563 = SURFACE_SIDE_STYLE('',(#17564));
#17564 = SURFACE_STYLE_FILL_AREA(#17565);
#17565 = FILL_AREA_STYLE('',(#17566));
#17566 = FILL_AREA_STYLE_COLOUR('',#17503);
#17567 = STYLED_ITEM('color',(#17568),#860);
#17568 = PRESENTATION_STYLE_ASSIGNMENT((#17569));
#17569 = SURFACE_STYLE_USAGE(.BOTH.,#17570);
#17570 = SURFACE_SIDE_STYLE('',(#17571));
#17571 = SURFACE_STYLE_FILL_AREA(#17572);
#17572 = FILL_AREA_STYLE('',(#17573));
#17573 = FILL_AREA_STYLE_COLOUR('',#17503);
#17574 = STYLED_ITEM('color',(#17575),#884);
#17575 = PRESENTATION_STYLE_ASSIGNMENT((#17576));
#17576 = SURFACE_STYLE_USAGE(.BOTH.,#17577);
#17577 = SURFACE_SIDE_STYLE('',(#17578));
#17578 = SURFACE_STYLE_FILL_AREA(#17579);
#17579 = FILL_AREA_STYLE('',(#17580));
#17580 = FILL_AREA_STYLE_COLOUR('',#17503);
#17581 = STYLED_ITEM('color',(#17582),#908);
#17582 = PRESENTATION_STYLE_ASSIGNMENT((#17583));
#17583 = SURFACE_STYLE_USAGE(.BOTH.,#17584);
#17584 = SURFACE_SIDE_STYLE('',(#17585));
#17585 = SURFACE_STYLE_FILL_AREA(#17586);
#17586 = FILL_AREA_STYLE('',(#17587));
#17587 = FILL_AREA_STYLE_COLOUR('',#17503);
#17588 = STYLED_ITEM('color',(#17589),#941);
#17589 = PRESENTATION_STYLE_ASSIGNMENT((#17590));
#17590 = SURFACE_STYLE_USAGE(.BOTH.,#17591);
#17591 = SURFACE_SIDE_STYLE('',(#17592));
#17592 = SURFACE_STYLE_FILL_AREA(#17593);
#17593 = FILL_AREA_STYLE('',(#17594));
#17594 = FILL_AREA_STYLE_COLOUR('',#17503);
#17595 = STYLED_ITEM('color',(#17596),#953);
#17596 = PRESENTATION_STYLE_ASSIGNMENT((#17597));
#17597 = SURFACE_STYLE_USAGE(.BOTH.,#17598);
#17598 = SURFACE_SIDE_STYLE('',(#17599));
#17599 = SURFACE_STYLE_FILL_AREA(#17600);
#17600 = FILL_AREA_STYLE('',(#17601));
#17601 = FILL_AREA_STYLE_COLOUR('',#17503);
#17602 = STYLED_ITEM('color',(#17603),#1016);
#17603 = PRESENTATION_STYLE_ASSIGNMENT((#17604));
#17604 = SURFACE_STYLE_USAGE(.BOTH.,#17605);
#17605 = SURFACE_SIDE_STYLE('',(#17606));
#17606 = SURFACE_STYLE_FILL_AREA(#17607);
#17607 = FILL_AREA_STYLE('',(#17608));
#17608 = FILL_AREA_STYLE_COLOUR('',#17503);
#17609 = STYLED_ITEM('color',(#17610),#1041);
#17610 = PRESENTATION_STYLE_ASSIGNMENT((#17611));
#17611 = SURFACE_STYLE_USAGE(.BOTH.,#17612);
#17612 = SURFACE_SIDE_STYLE('',(#17613));
#17613 = SURFACE_STYLE_FILL_AREA(#17614);
#17614 = FILL_AREA_STYLE('',(#17615));
#17615 = FILL_AREA_STYLE_COLOUR('',#17503);
#17616 = STYLED_ITEM('color',(#17617),#1058);
#17617 = PRESENTATION_STYLE_ASSIGNMENT((#17618));
#17618 = SURFACE_STYLE_USAGE(.BOTH.,#17619);
#17619 = SURFACE_SIDE_STYLE('',(#17620));
#17620 = SURFACE_STYLE_FILL_AREA(#17621);
#17621 = FILL_AREA_STYLE('',(#17622));
#17622 = FILL_AREA_STYLE_COLOUR('',#17503);
#17623 = STYLED_ITEM('color',(#17624),#1082);
#17624 = PRESENTATION_STYLE_ASSIGNMENT((#17625));
#17625 = SURFACE_STYLE_USAGE(.BOTH.,#17626);
#17626 = SURFACE_SIDE_STYLE('',(#17627));
#17627 = SURFACE_STYLE_FILL_AREA(#17628);
#17628 = FILL_AREA_STYLE('',(#17629));
#17629 = FILL_AREA_STYLE_COLOUR('',#17503);
#17630 = STYLED_ITEM('color',(#17631),#1100);
#17631 = PRESENTATION_STYLE_ASSIGNMENT((#17632));
#17632 = SURFACE_STYLE_USAGE(.BOTH.,#17633);
#17633 = SURFACE_SIDE_STYLE('',(#17634));
#17634 = SURFACE_STYLE_FILL_AREA(#17635);
#17635 = FILL_AREA_STYLE('',(#17636));
#17636 = FILL_AREA_STYLE_COLOUR('',#17503);
#17637 = STYLED_ITEM('color',(#17638),#1118);
#17638 = PRESENTATION_STYLE_ASSIGNMENT((#17639));
#17639 = SURFACE_STYLE_USAGE(.BOTH.,#17640);
#17640 = SURFACE_SIDE_STYLE('',(#17641));
#17641 = SURFACE_STYLE_FILL_AREA(#17642);
#17642 = FILL_AREA_STYLE('',(#17643));
#17643 = FILL_AREA_STYLE_COLOUR('',#17503);
#17644 = STYLED_ITEM('color',(#17645),#1136);
#17645 = PRESENTATION_STYLE_ASSIGNMENT((#17646));
#17646 = SURFACE_STYLE_USAGE(.BOTH.,#17647);
#17647 = SURFACE_SIDE_STYLE('',(#17648));
#17648 = SURFACE_STYLE_FILL_AREA(#17649);
#17649 = FILL_AREA_STYLE('',(#17650));
#17650 = FILL_AREA_STYLE_COLOUR('',#17503);
#17651 = STYLED_ITEM('color',(#17652),#1153);
#17652 = PRESENTATION_STYLE_ASSIGNMENT((#17653));
#17653 = SURFACE_STYLE_USAGE(.BOTH.,#17654);
#17654 = SURFACE_SIDE_STYLE('',(#17655));
#17655 = SURFACE_STYLE_FILL_AREA(#17656);
#17656 = FILL_AREA_STYLE('',(#17657));
#17657 = FILL_AREA_STYLE_COLOUR('',#17503);
#17658 = STYLED_ITEM('color',(#17659),#1170);
#17659 = PRESENTATION_STYLE_ASSIGNMENT((#17660));
#17660 = SURFACE_STYLE_USAGE(.BOTH.,#17661);
#17661 = SURFACE_SIDE_STYLE('',(#17662));
#17662 = SURFACE_STYLE_FILL_AREA(#17663);
#17663 = FILL_AREA_STYLE('',(#17664));
#17664 = FILL_AREA_STYLE_COLOUR('',#17503);
#17665 = STYLED_ITEM('color',(#17666),#1201);
#17666 = PRESENTATION_STYLE_ASSIGNMENT((#17667));
#17667 = SURFACE_STYLE_USAGE(.BOTH.,#17668);
#17668 = SURFACE_SIDE_STYLE('',(#17669));
#17669 = SURFACE_STYLE_FILL_AREA(#17670);
#17670 = FILL_AREA_STYLE('',(#17671));
#17671 = FILL_AREA_STYLE_COLOUR('',#17503);
#17672 = STYLED_ITEM('color',(#17673),#1226);
#17673 = PRESENTATION_STYLE_ASSIGNMENT((#17674));
#17674 = SURFACE_STYLE_USAGE(.BOTH.,#17675);
#17675 = SURFACE_SIDE_STYLE('',(#17676));
#17676 = SURFACE_STYLE_FILL_AREA(#17677);
#17677 = FILL_AREA_STYLE('',(#17678));
#17678 = FILL_AREA_STYLE_COLOUR('',#17503);
#17679 = STYLED_ITEM('color',(#17680),#1251);
#17680 = PRESENTATION_STYLE_ASSIGNMENT((#17681));
#17681 = SURFACE_STYLE_USAGE(.BOTH.,#17682);
#17682 = SURFACE_SIDE_STYLE('',(#17683));
#17683 = SURFACE_STYLE_FILL_AREA(#17684);
#17684 = FILL_AREA_STYLE('',(#17685));
#17685 = FILL_AREA_STYLE_COLOUR('',#17503);
#17686 = STYLED_ITEM('color',(#17687),#1275);
#17687 = PRESENTATION_STYLE_ASSIGNMENT((#17688));
#17688 = SURFACE_STYLE_USAGE(.BOTH.,#17689);
#17689 = SURFACE_SIDE_STYLE('',(#17690));
#17690 = SURFACE_STYLE_FILL_AREA(#17691);
#17691 = FILL_AREA_STYLE('',(#17692));
#17692 = FILL_AREA_STYLE_COLOUR('',#17503);
#17693 = STYLED_ITEM('color',(#17694),#1292);
#17694 = PRESENTATION_STYLE_ASSIGNMENT((#17695));
#17695 = SURFACE_STYLE_USAGE(.BOTH.,#17696);
#17696 = SURFACE_SIDE_STYLE('',(#17697));
#17697 = SURFACE_STYLE_FILL_AREA(#17698);
#17698 = FILL_AREA_STYLE('',(#17699));
#17699 = FILL_AREA_STYLE_COLOUR('',#17700);
#17700 = COLOUR_RGB('',0.340000006699,0.68000001254,0.444999988852);
#17701 = STYLED_ITEM('color',(#17702),#1323);
#17702 = PRESENTATION_STYLE_ASSIGNMENT((#17703));
#17703 = SURFACE_STYLE_USAGE(.BOTH.,#17704);
#17704 = SURFACE_SIDE_STYLE('',(#17705));
#17705 = SURFACE_STYLE_FILL_AREA(#17706);
#17706 = FILL_AREA_STYLE('',(#17707));
#17707 = FILL_AREA_STYLE_COLOUR('',#17700);
#17708 = STYLED_ITEM('color',(#17709),#1347);
#17709 = PRESENTATION_STYLE_ASSIGNMENT((#17710));
#17710 = SURFACE_STYLE_USAGE(.BOTH.,#17711);
#17711 = SURFACE_SIDE_STYLE('',(#17712));
#17712 = SURFACE_STYLE_FILL_AREA(#17713);
#17713 = FILL_AREA_STYLE('',(#17714));
#17714 = FILL_AREA_STYLE_COLOUR('',#17700);
#17715 = STYLED_ITEM('color',(#17716),#1364);
#17716 = PRESENTATION_STYLE_ASSIGNMENT((#17717));
#17717 = SURFACE_STYLE_USAGE(.BOTH.,#17718);
#17718 = SURFACE_SIDE_STYLE('',(#17719));
#17719 = SURFACE_STYLE_FILL_AREA(#17720);
#17720 = FILL_AREA_STYLE('',(#17721));
#17721 = FILL_AREA_STYLE_COLOUR('',#17503);
#17722 = STYLED_ITEM('color',(#17723),#1392);
#17723 = PRESENTATION_STYLE_ASSIGNMENT((#17724));
#17724 = SURFACE_STYLE_USAGE(.BOTH.,#17725);
#17725 = SURFACE_SIDE_STYLE('',(#17726));
#17726 = SURFACE_STYLE_FILL_AREA(#17727);
#17727 = FILL_AREA_STYLE('',(#17728));
#17728 = FILL_AREA_STYLE_COLOUR('',#17503);
#17729 = STYLED_ITEM('color',(#17730),#1417);
#17730 = PRESENTATION_STYLE_ASSIGNMENT((#17731));
#17731 = SURFACE_STYLE_USAGE(.BOTH.,#17732);
#17732 = SURFACE_SIDE_STYLE('',(#17733));
#17733 = SURFACE_STYLE_FILL_AREA(#17734);
#17734 = FILL_AREA_STYLE('',(#17735));
#17735 = FILL_AREA_STYLE_COLOUR('',#17503);
#17736 = STYLED_ITEM('color',(#17737),#1441);
#17737 = PRESENTATION_STYLE_ASSIGNMENT((#17738));
#17738 = SURFACE_STYLE_USAGE(.BOTH.,#17739);
#17739 = SURFACE_SIDE_STYLE('',(#17740));
#17740 = SURFACE_STYLE_FILL_AREA(#17741);
#17741 = FILL_AREA_STYLE('',(#17742));
#17742 = FILL_AREA_STYLE_COLOUR('',#17503);
#17743 = STYLED_ITEM('color',(#17744),#1466);
#17744 = PRESENTATION_STYLE_ASSIGNMENT((#17745));
#17745 = SURFACE_STYLE_USAGE(.BOTH.,#17746);
#17746 = SURFACE_SIDE_STYLE('',(#17747));
#17747 = SURFACE_STYLE_FILL_AREA(#17748);
#17748 = FILL_AREA_STYLE('',(#17749));
#17749 = FILL_AREA_STYLE_COLOUR('',#17503);
#17750 = STYLED_ITEM('color',(#17751),#1513);
#17751 = PRESENTATION_STYLE_ASSIGNMENT((#17752));
#17752 = SURFACE_STYLE_USAGE(.BOTH.,#17753);
#17753 = SURFACE_SIDE_STYLE('',(#17754));
#17754 = SURFACE_STYLE_FILL_AREA(#17755);
#17755 = FILL_AREA_STYLE('',(#17756));
#17756 = FILL_AREA_STYLE_COLOUR('',#17503);
#17757 = STYLED_ITEM('color',(#17758),#1530);
#17758 = PRESENTATION_STYLE_ASSIGNMENT((#17759));
#17759 = SURFACE_STYLE_USAGE(.BOTH.,#17760);
#17760 = SURFACE_SIDE_STYLE('',(#17761));
#17761 = SURFACE_STYLE_FILL_AREA(#17762);
#17762 = FILL_AREA_STYLE('',(#17763));
#17763 = FILL_AREA_STYLE_COLOUR('',#17503);
#17764 = STYLED_ITEM('color',(#17765),#1542);
#17765 = PRESENTATION_STYLE_ASSIGNMENT((#17766));
#17766 = SURFACE_STYLE_USAGE(.BOTH.,#17767);
#17767 = SURFACE_SIDE_STYLE('',(#17768));
#17768 = SURFACE_STYLE_FILL_AREA(#17769);
#17769 = FILL_AREA_STYLE('',(#17770));
#17770 = FILL_AREA_STYLE_COLOUR('',#17503);
#17771 = STYLED_ITEM('color',(#17772),#1564);
#17772 = PRESENTATION_STYLE_ASSIGNMENT((#17773));
#17773 = SURFACE_STYLE_USAGE(.BOTH.,#17774);
#17774 = SURFACE_SIDE_STYLE('',(#17775));
#17775 = SURFACE_STYLE_FILL_AREA(#17776);
#17776 = FILL_AREA_STYLE('',(#17777));
#17777 = FILL_AREA_STYLE_COLOUR('',#17503);
#17778 = STYLED_ITEM('color',(#17779),#1576);
#17779 = PRESENTATION_STYLE_ASSIGNMENT((#17780));
#17780 = SURFACE_STYLE_USAGE(.BOTH.,#17781);
#17781 = SURFACE_SIDE_STYLE('',(#17782));
#17782 = SURFACE_STYLE_FILL_AREA(#17783);
#17783 = FILL_AREA_STYLE('',(#17784));
#17784 = FILL_AREA_STYLE_COLOUR('',#17503);
#17785 = STYLED_ITEM('color',(#17786),#1594);
#17786 = PRESENTATION_STYLE_ASSIGNMENT((#17787));
#17787 = SURFACE_STYLE_USAGE(.BOTH.,#17788);
#17788 = SURFACE_SIDE_STYLE('',(#17789));
#17789 = SURFACE_STYLE_FILL_AREA(#17790);
#17790 = FILL_AREA_STYLE('',(#17791));
#17791 = FILL_AREA_STYLE_COLOUR('',#17503);
#17792 = STYLED_ITEM('color',(#17793),#1612);
#17793 = PRESENTATION_STYLE_ASSIGNMENT((#17794));
#17794 = SURFACE_STYLE_USAGE(.BOTH.,#17795);
#17795 = SURFACE_SIDE_STYLE('',(#17796));
#17796 = SURFACE_STYLE_FILL_AREA(#17797);
#17797 = FILL_AREA_STYLE('',(#17798));
#17798 = FILL_AREA_STYLE_COLOUR('',#17700);
ENDSEC;
END-ISO-10303-21;
